1774016642873122,1,0,ANON_5G_CON_IMSI_A0_03695121b312ec5340c3764e0c2be76bb096154a68194f20b8864f50aabb2434839016a7b5f20f4ee223036c2244
1774016959664238,1,0,ANON_5G_CON_IMSI_A0_039e3af8d12336aeb059dae239f46ce1eaf7232631c8f708411b3299dc0317017a8ef63e4281cebd5480760f1204
1774016969904211,2,0,ANON_5G_CON_IMSI_A0_039e3af8d12336aeb059dae239f46ce1eaf7232631c8f708411b3299dc0317017a8ef63e4281cebd5480760f1204
1774017614882521,1,0,ANON_5G_CON_IMSI_A0_03b3adf52764637f25b08a0ab00f64a246d4fa566341cc9b61326bdc2170635c40c74b91697137b983c0eaad8dcf
1774017625082353,2,0,ANON_5G_CON_IMSI_A0_03b3adf52764637f25b08a0ab00f64a246d4fa566341cc9b61326bdc2170635c40c74b91697137b983c0eaad8dcf
1774017920628784,1,0,ANON_5G_CON_IMSI_A0_03b773764e7ed0c40621f472fef7cb10d0322f6bfcadc2b12f963b3e916a47b0c7eb0a6add4b1c7e0998c6501b4b
1774017930828731,2,0,ANON_5G_CON_IMSI_A0_03b773764e7ed0c40621f472fef7cb10d0322f6bfcadc2b12f963b3e916a47b0c7eb0a6add4b1c7e0998c6501b4b
1774017941028710,3,0,ANON_5G_CON_IMSI_A0_03b773764e7ed0c40621f472fef7cb10d0322f6bfcadc2b12f963b3e916a47b0c7eb0a6add4b1c7e0998c6501b4b
1774017951233727,4,0,ANON_5G_CON_IMSI_A0_03b773764e7ed0c40621f472fef7cb10d0322f6bfcadc2b12f963b3e916a47b0c7eb0a6add4b1c7e0998c6501b4b
1774019239825267,1,0,ANON_5G_CON_IMSI_A0_039e52be533c76dae1db1f3398fc6f8ad3240df2961c3eda4f9363396106eb16fde02e2370962dc435f5bb77db41
1774019250005226,2,0,ANON_5G_CON_IMSI_A0_039e52be533c76dae1db1f3398fc6f8ad3240df2961c3eda4f9363396106eb16fde02e2370962dc435f5bb77db41
1774019260185270,3,0,ANON_5G_CON_IMSI_A0_039e52be533c76dae1db1f3398fc6f8ad3240df2961c3eda4f9363396106eb16fde02e2370962dc435f5bb77db41
1774019270400199,4,0,ANON_5G_CON_IMSI_A0_039e52be533c76dae1db1f3398fc6f8ad3240df2961c3eda4f9363396106eb16fde02e2370962dc435f5bb77db41
1774020891635593,1,0,ANON_5G_CON_IMSI_A0_03afa45e4edb6d524e5584cdaec00dd4e7d1f16e0b4b92e12464fa52eb5f8f89cafa5b3dcdc1155cfee3746aab3f
1774020901835621,2,0,ANON_5G_CON_IMSI_A0_03afa45e4edb6d524e5584cdaec00dd4e7d1f16e0b4b92e12464fa52eb5f8f89cafa5b3dcdc1155cfee3746aab3f
1774020912035566,3,0,ANON_5G_CON_IMSI_A0_03afa45e4edb6d524e5584cdaec00dd4e7d1f16e0b4b92e12464fa52eb5f8f89cafa5b3dcdc1155cfee3746aab3f
1774021566316414,1,0,ANON_5G_CON_IMSI_A0_03ef904a1f46506f7ffa29dfdf651e70e42877c468ec765a2fec22f9f63712e4e9658af421c1ec22ca97ef351234
1774021576516473,2,0,ANON_5G_CON_IMSI_A0_03ef904a1f46506f7ffa29dfdf651e70e42877c468ec765a2fec22f9f63712e4e9658af421c1ec22ca97ef351234
1774021903503816,1,0,ANON_5G_CON_IMSI_A0_03131ec4e6008ae08a7056c5a4db3a513f1ade8d2a7e53b8f55fe77a2c19cf2712b9f4581283f234e55657a17db0
1774023533890127,1,0,ANON_5G_CON_IMSI_A0_03b3842718e0f0d0cda73c47b05d9695fc6b309e1016d109d0902dc8574ea1a08a53cb4c92bd13e1a4685fece71c
1774023544090123,2,0,ANON_5G_CON_IMSI_A0_03b3842718e0f0d0cda73c47b05d9695fc6b309e1016d109d0902dc8574ea1a08a53cb4c92bd13e1a4685fece71c
1774024184135137,1,0,ANON_5G_CON_IMSI_A0_039b1e1fcaa44c1442f916f38fc5d0bceb8775b998efca997e82020921877f6fa734ff029d4180d2d5d475b09790
1774024194375096,2,0,ANON_5G_CON_IMSI_A0_039b1e1fcaa44c1442f916f38fc5d0bceb8775b998efca997e82020921877f6fa734ff029d4180d2d5d475b09790
1774024204555052,3,0,ANON_5G_CON_IMSI_A0_039b1e1fcaa44c1442f916f38fc5d0bceb8775b998efca997e82020921877f6fa734ff029d4180d2d5d475b09790
1774024854094804,1,0,ANON_5G_CON_IMSI_A0_03510f460347be5d51fed0777c8deb8ba1e59f96ee923fcbb89524972652f0fa2e6c567780ccba750bb7596b23be
1774024864294694,2,0,ANON_5G_CON_IMSI_A0_03510f460347be5d51fed0777c8deb8ba1e59f96ee923fcbb89524972652f0fa2e6c567780ccba750bb7596b23be
1774025159834593,1,0,ANON_5G_CON_IMSI_A0_03556af4c7a5bb79145f6d072c87f5ffadfbeb9c65f94c0838c5ec9c26304b7d5a1a238439d7ae7dd9628cce4b03
1774025170034616,2,0,ANON_5G_CON_IMSI_A0_03556af4c7a5bb79145f6d072c87f5ffadfbeb9c65f94c0838c5ec9c26304b7d5a1a238439d7ae7dd9628cce4b03
1774025180234623,3,0,ANON_5G_CON_IMSI_A0_03556af4c7a5bb79145f6d072c87f5ffadfbeb9c65f94c0838c5ec9c26304b7d5a1a238439d7ae7dd9628cce4b03
1774025190439551,4,0,ANON_5G_CON_IMSI_A0_03556af4c7a5bb79145f6d072c87f5ffadfbeb9c65f94c0838c5ec9c26304b7d5a1a238439d7ae7dd9628cce4b03
1774026142178173,1,0,ANON_5G_CON_IMSI_A0_03752b2c2aba0078c375bdb94e052ff0d0105149125e5c916bf14a6433a76454cb3b09c0a30398f56406a03750a5
1774026152388242,2,0,ANON_5G_CON_IMSI_A0_03752b2c2aba0078c375bdb94e052ff0d0105149125e5c916bf14a6433a76454cb3b09c0a30398f56406a03750a5
1774026162568150,3,0,ANON_5G_CON_IMSI_A0_03752b2c2aba0078c375bdb94e052ff0d0105149125e5c916bf14a6433a76454cb3b09c0a30398f56406a03750a5
1774026172773076,4,0,ANON_5G_CON_IMSI_A0_03752b2c2aba0078c375bdb94e052ff0d0105149125e5c916bf14a6433a76454cb3b09c0a30398f56406a03750a5
1774027162024151,1,0,ANON_5G_CON_IMSI_A0_03f09937c2ff94e7f9ab05b81b001f5f9d5ca2036ee66a5de1bee6ce83aa48dede1c98121cd5d7056cb25e4ba7ec
1774027466861230,1,0,ANON_5G_CON_IMSI_A0_03e84fa62481cb87404baa2843b6a2fa51520dc9667071f56a433aa081f7f5db1c268884e8422b5f9989bc9cd442
1774027477071257,2,0,ANON_5G_CON_IMSI_A0_03e84fa62481cb87404baa2843b6a2fa51520dc9667071f56a433aa081f7f5db1c268884e8422b5f9989bc9cd442
1774027487271234,3,0,ANON_5G_CON_IMSI_A0_03e84fa62481cb87404baa2843b6a2fa51520dc9667071f56a433aa081f7f5db1c268884e8422b5f9989bc9cd442
1774028138057983,1,0,ANON_5G_CON_IMSI_A0_03ecdfcc18ab5e0afb3d634b209c9d1b84a90d58afba75f6de85b58b5f06b76ed8385da7b5fa19a28d51d6daa6fe
1774028148308053,2,0,ANON_5G_CON_IMSI_A0_03ecdfcc18ab5e0afb3d634b209c9d1b84a90d58afba75f6de85b58b5f06b76ed8385da7b5fa19a28d51d6daa6fe
1774029125354227,1,0,ANON_5G_CON_IMSI_A0_0341243d9d987ea023142db12742fdc01099e8b1b908eeaa66389d8f51b2f268a816e4bbaf0c60318f9d92b157b6
1774029135534170,2,0,ANON_5G_CON_IMSI_A0_0341243d9d987ea023142db12742fdc01099e8b1b908eeaa66389d8f51b2f268a816e4bbaf0c60318f9d92b157b6
1774029432007524,1,0,ANON_5G_CON_IMSI_A0_03b27819cd9a164d69d45376cc664aca2c1f4b8b7f664586893248960f75d2291a642ac6480961a7507f6787efde
1774029442207472,2,0,ANON_5G_CON_IMSI_A0_03b27819cd9a164d69d45376cc664aca2c1f4b8b7f664586893248960f75d2291a642ac6480961a7507f6787efde
1774029452387447,3,0,ANON_5G_CON_IMSI_A0_03b27819cd9a164d69d45376cc664aca2c1f4b8b7f664586893248960f75d2291a642ac6480961a7507f6787efde
1774029462592464,4,0,ANON_5G_CON_IMSI_A0_03b27819cd9a164d69d45376cc664aca2c1f4b8b7f664586893248960f75d2291a642ac6480961a7507f6787efde
1774030768843707,1,0,ANON_5G_CON_IMSI_A0_03e4a71057a648896a4fb306a6ea58edd56b1be27a54c6379f93db471d10b44a27fe3a5ec4a9da2648b19abf3f89
1774030779053648,2,0,ANON_5G_CON_IMSI_A0_03e4a71057a648896a4fb306a6ea58edd56b1be27a54c6379f93db471d10b44a27fe3a5ec4a9da2648b19abf3f89
1774031072542018,1,0,ANON_5G_CON_IMSI_A0_038b7a4ea559f8e4e5a561e29b9e1109aa6a14a5984bee71cd1d51ac41a8f259f28c9ac29f56852af3b4ebd5f3b7
1774031082722065,2,0,ANON_5G_CON_IMSI_A0_038b7a4ea559f8e4e5a561e29b9e1109aa6a14a5984bee71cd1d51ac41a8f259f28c9ac29f56852af3b4ebd5f3b7
1774031092922048,3,0,ANON_5G_CON_IMSI_A0_038b7a4ea559f8e4e5a561e29b9e1109aa6a14a5984bee71cd1d51ac41a8f259f28c9ac29f56852af3b4ebd5f3b7
1774031103107081,4,0,ANON_5G_CON_IMSI_A0_038b7a4ea559f8e4e5a561e29b9e1109aa6a14a5984bee71cd1d51ac41a8f259f28c9ac29f56852af3b4ebd5f3b7
1774032062574730,1,0,ANON_5G_CON_IMSI_A0_0354b6a82093a38b6b84fe1f4c8c6164ff977144c0b294d5579cc4c4c2fb0c241600ac4732f2ae68bace4c8eb4a7
1774032072774544,2,0,ANON_5G_CON_IMSI_A0_0354b6a82093a38b6b84fe1f4c8c6164ff977144c0b294d5579cc4c4c2fb0c241600ac4732f2ae68bace4c8eb4a7
1774032082994609,3,0,ANON_5G_CON_IMSI_A0_0354b6a82093a38b6b84fe1f4c8c6164ff977144c0b294d5579cc4c4c2fb0c241600ac4732f2ae68bace4c8eb4a7
1774032093199596,4,0,ANON_5G_CON_IMSI_A0_0354b6a82093a38b6b84fe1f4c8c6164ff977144c0b294d5579cc4c4c2fb0c241600ac4732f2ae68bace4c8eb4a7
1774033042531772,1,0,ANON_5G_CON_IMSI_A0_03d805eb80b6d0ac6163bd5622eba43d032710a20445965658f5cc19b89bd917784d205e2102d027543d1089a593
1774033052751797,2,0,ANON_5G_CON_IMSI_A0_03d805eb80b6d0ac6163bd5622eba43d032710a20445965658f5cc19b89bd917784d205e2102d027543d1089a593
1774033062991740,3,0,ANON_5G_CON_IMSI_A0_03d805eb80b6d0ac6163bd5622eba43d032710a20445965658f5cc19b89bd917784d205e2102d027543d1089a593
1774033073216776,4,0,ANON_5G_CON_IMSI_A0_03d805eb80b6d0ac6163bd5622eba43d032710a20445965658f5cc19b89bd917784d205e2102d027543d1089a593
1774035361126159,1,0,ANON_5G_CON_IMSI_A0_030008f6f00028f4e96ab1510c5b0d701272e280d482292b3d633ba76845795db96076ed89bd78dfbf17c2fb6706
1774035371326178,2,0,ANON_5G_CON_IMSI_A0_030008f6f00028f4e96ab1510c5b0d701272e280d482292b3d633ba76845795db96076ed89bd78dfbf17c2fb6706
1774035381526148,3,0,ANON_5G_CON_IMSI_A0_030008f6f00028f4e96ab1510c5b0d701272e280d482292b3d633ba76845795db96076ed89bd78dfbf17c2fb6706
1774035665757785,1,0,ANON_5G_CON_IMSI_A0_033420919694ef17ca98a605c36e3ade1c8ea21a88af940589f404351b2c64c4db5c4c3b26f3b673b9f47ad72bd4
1774035675957807,2,0,ANON_5G_CON_IMSI_A0_033420919694ef17ca98a605c36e3ade1c8ea21a88af940589f404351b2c64c4db5c4c3b26f3b673b9f47ad72bd4
1774035686157746,3,0,ANON_5G_CON_IMSI_A0_033420919694ef17ca98a605c36e3ade1c8ea21a88af940589f404351b2c64c4db5c4c3b26f3b673b9f47ad72bd4
1774035696362765,4,0,ANON_5G_CON_IMSI_A0_033420919694ef17ca98a605c36e3ade1c8ea21a88af940589f404351b2c64c4db5c4c3b26f3b673b9f47ad72bd4
1774035706582677,5,0,ANON_5G_CON_IMSI_A0_033420919694ef17ca98a605c36e3ade1c8ea21a88af940589f404351b2c64c4db5c4c3b26f3b673b9f47ad72bd4
1774037019896236,1,0,ANON_5G_CON_IMSI_A0_03793b67ad795a72400e0488c62c1b1b9a92c55750b01f7ba48610cd036a44ddb5951e7ac8e0d7236a3a9e9019c6
1774037651555104,1,0,ANON_5G_CON_IMSI_A0_0367fca027f15bd695ba7051f499038fe2f90d0c3b45f47482c952cae30600ec98041ef185b9750f9660142be9d5
1774037661755062,2,0,ANON_5G_CON_IMSI_A0_0367fca027f15bd695ba7051f499038fe2f90d0c3b45f47482c952cae30600ec98041ef185b9750f9660142be9d5
1774037671935105,3,0,ANON_5G_CON_IMSI_A0_0367fca027f15bd695ba7051f499038fe2f90d0c3b45f47482c952cae30600ec98041ef185b9750f9660142be9d5
1774037682130092,4,0,ANON_5G_CON_IMSI_A0_0367fca027f15bd695ba7051f499038fe2f90d0c3b45f47482c952cae30600ec98041ef185b9750f9660142be9d5
1774038562237609,1,0,ANON_5G_CON_IMSI_A0_0322890f2621be585f4fd2fae85e966bb1e07f9940bd4c25729519231a6129f8b1599d4c167a8e987800109cda1c
1774038572437565,2,0,ANON_5G_CON_IMSI_A0_0322890f2621be585f4fd2fae85e966bb1e07f9940bd4c25729519231a6129f8b1599d4c167a8e987800109cda1c
1774038582637536,3,0,ANON_5G_CON_IMSI_A0_0322890f2621be585f4fd2fae85e966bb1e07f9940bd4c25729519231a6129f8b1599d4c167a8e987800109cda1c
1774038592842634,4,0,ANON_5G_CON_IMSI_A0_0322890f2621be585f4fd2fae85e966bb1e07f9940bd4c25729519231a6129f8b1599d4c167a8e987800109cda1c
1774038603042558,5,0,ANON_5G_CON_IMSI_A0_0322890f2621be585f4fd2fae85e966bb1e07f9940bd4c25729519231a6129f8b1599d4c167a8e987800109cda1c
1774039917268749,1,0,ANON_5G_CON_IMSI_A0_034dbafb7861b88fd65d6a8ff31bbaa861588e12e68eea4a68f4d7b1834bc08574603a2fe7af3cbb12d7872f2878
1774040531957835,1,0,ANON_5G_CON_IMSI_A0_03387a45f2607a4453869e5262cf8b01d94d6c92abf87cd7ea8f39e8410cf2a06239f6893be671bfb5201214c8d8
1774040542157868,2,0,ANON_5G_CON_IMSI_A0_03387a45f2607a4453869e5262cf8b01d94d6c92abf87cd7ea8f39e8410cf2a06239f6893be671bfb5201214c8d8
1774040552347776,3,0,ANON_5G_CON_IMSI_A0_03387a45f2607a4453869e5262cf8b01d94d6c92abf87cd7ea8f39e8410cf2a06239f6893be671bfb5201214c8d8
1774040562542799,4,0,ANON_5G_CON_IMSI_A0_03387a45f2607a4453869e5262cf8b01d94d6c92abf87cd7ea8f39e8410cf2a06239f6893be671bfb5201214c8d8
1774040572722796,5,0,ANON_5G_CON_IMSI_A0_03387a45f2607a4453869e5262cf8b01d94d6c92abf87cd7ea8f39e8410cf2a06239f6893be671bfb5201214c8d8
1774041565798639,1,0,ANON_5G_CON_IMSI_A0_03b6eaaafec9e2575349305c951b9156fbc7596a042ca306f310a79a38adabe5436685bdb5713126ec4892dc674d
1774041870128170,1,0,ANON_5G_CON_IMSI_A0_03b8465960ee9c1687fa34e660b785748cbad02200820cdfa64e718b08257f272044766a17cb581a58328cb32340
1774041880328014,2,0,ANON_5G_CON_IMSI_A0_03b8465960ee9c1687fa34e660b785748cbad02200820cdfa64e718b08257f272044766a17cb581a58328cb32340
1774041890508024,3,0,ANON_5G_CON_IMSI_A0_03b8465960ee9c1687fa34e660b785748cbad02200820cdfa64e718b08257f272044766a17cb581a58328cb32340
1774042209153347,1,0,ANON_5G_CON_IMSI_A0_036f5165847c8e519ef2acd5e7914f0964ef93766a455c6a65ff86c3b0af490f94e6fe75d88b4f54e59c7b107d7b
1774042219333406,2,0,ANON_5G_CON_IMSI_A0_036f5165847c8e519ef2acd5e7914f0964ef93766a455c6a65ff86c3b0af490f94e6fe75d88b4f54e59c7b107d7b
1774042516896589,1,0,ANON_5G_CON_IMSI_A0_03332f33f31cc3eeabe9912b10bcf520a7d2fac319578f96a4a741fd26f6e87e839db6c18208c1a4ad3296a36b4f
1774042527096651,2,0,ANON_5G_CON_IMSI_A0_03332f33f31cc3eeabe9912b10bcf520a7d2fac319578f96a4a741fd26f6e87e839db6c18208c1a4ad3296a36b4f
1774042537296583,3,0,ANON_5G_CON_IMSI_A0_03332f33f31cc3eeabe9912b10bcf520a7d2fac319578f96a4a741fd26f6e87e839db6c18208c1a4ad3296a36b4f
1774042547501597,4,0,ANON_5G_CON_IMSI_A0_03332f33f31cc3eeabe9912b10bcf520a7d2fac319578f96a4a741fd26f6e87e839db6c18208c1a4ad3296a36b4f
1774043499483283,1,0,ANON_5G_CON_IMSI_A0_0312a4361f4ca7a22ca18a54cd8b7f4a5d98a022e6a1b651f4e57fbbb5998cffc9860ca053a1f6e859c49c992857
1774043509663271,2,0,ANON_5G_CON_IMSI_A0_0312a4361f4ca7a22ca18a54cd8b7f4a5d98a022e6a1b651f4e57fbbb5998cffc9860ca053a1f6e859c49c992857
1774043519843346,3,0,ANON_5G_CON_IMSI_A0_0312a4361f4ca7a22ca18a54cd8b7f4a5d98a022e6a1b651f4e57fbbb5998cffc9860ca053a1f6e859c49c992857
1774043530028231,4,0,ANON_5G_CON_IMSI_A0_0312a4361f4ca7a22ca18a54cd8b7f4a5d98a022e6a1b651f4e57fbbb5998cffc9860ca053a1f6e859c49c992857
1774043540248263,5,0,ANON_5G_CON_IMSI_A0_0312a4361f4ca7a22ca18a54cd8b7f4a5d98a022e6a1b651f4e57fbbb5998cffc9860ca053a1f6e859c49c992857
1774044818929332,1,0,ANON_5G_CON_IMSI_A0_0303f4fe91e35f27822b8d958b9f24346b02710ee5d7f4ec810b71e1d8e684df2a4ef3af22165f8f634114c14c28
1774044829129293,2,0,ANON_5G_CON_IMSI_A0_0303f4fe91e35f27822b8d958b9f24346b02710ee5d7f4ec810b71e1d8e684df2a4ef3af22165f8f634114c14c28
1774044839329304,3,0,ANON_5G_CON_IMSI_A0_0303f4fe91e35f27822b8d958b9f24346b02710ee5d7f4ec810b71e1d8e684df2a4ef3af22165f8f634114c14c28
1774044849534248,4,0,ANON_5G_CON_IMSI_A0_0303f4fe91e35f27822b8d958b9f24346b02710ee5d7f4ec810b71e1d8e684df2a4ef3af22165f8f634114c14c28
1774045824780006,1,0,ANON_5G_CON_IMSI_A0_0358b5beeb0f3124747ca09832bcbdf93c19bb127b22ef8e6021e1c54478b36f4c9323588fd82ac54054617b3b7c
1774045834980019,2,0,ANON_5G_CON_IMSI_A0_0358b5beeb0f3124747ca09832bcbdf93c19bb127b22ef8e6021e1c54478b36f4c9323588fd82ac54054617b3b7c
1774046141446301,1,0,ANON_5G_CON_IMSI_A0_03243326015069980c133f4988f67d4913181d9c35c6d35c551c8d1c4bc28abc7805d85d005a6f01ce5abd65cd67
1774046151666248,2,0,ANON_5G_CON_IMSI_A0_03243326015069980c133f4988f67d4913181d9c35c6d35c551c8d1c4bc28abc7805d85d005a6f01ce5abd65cd67
1774046161886254,3,0,ANON_5G_CON_IMSI_A0_03243326015069980c133f4988f67d4913181d9c35c6d35c551c8d1c4bc28abc7805d85d005a6f01ce5abd65cd67
1774046807055324,1,0,ANON_5G_CON_IMSI_A0_0350828ae41649c19863af1475ff0b5e3145457bbba0559514104e8c19eb82ff512b7dfd51829031209581d28423
1774046817255314,2,0,ANON_5G_CON_IMSI_A0_0350828ae41649c19863af1475ff0b5e3145457bbba0559514104e8c19eb82ff512b7dfd51829031209581d28423
1774046827465422,3,0,ANON_5G_CON_IMSI_A0_0350828ae41649c19863af1475ff0b5e3145457bbba0559514104e8c19eb82ff512b7dfd51829031209581d28423
1774047145126225,1,0,ANON_5G_CON_IMSI_A0_0304472cca1b41dfe3254e30c906752fec823b9e194bb29c28be88574a5f0aab6df2932f26367915f75112822034
1774047155326222,2,0,ANON_5G_CON_IMSI_A0_0304472cca1b41dfe3254e30c906752fec823b9e194bb29c28be88574a5f0aab6df2932f26367915f75112822034
1774047772436262,1,0,ANON_5G_CON_IMSI_A0_03b1026eeababcc289386c451df606fda18035fd6950ecd418c4a1753fc04ebbcf7c265b65c94a9256b93ec59860
1774047782636138,2,0,ANON_5G_CON_IMSI_A0_03b1026eeababcc289386c451df606fda18035fd6950ecd418c4a1753fc04ebbcf7c265b65c94a9256b93ec59860
1774047792816229,3,0,ANON_5G_CON_IMSI_A0_03b1026eeababcc289386c451df606fda18035fd6950ecd418c4a1753fc04ebbcf7c265b65c94a9256b93ec59860
1774047803031251,4,0,ANON_5G_CON_IMSI_A0_03b1026eeababcc289386c451df606fda18035fd6950ecd418c4a1753fc04ebbcf7c265b65c94a9256b93ec59860
1774047813241179,5,0,ANON_5G_CON_IMSI_A0_03b1026eeababcc289386c451df606fda18035fd6950ecd418c4a1753fc04ebbcf7c265b65c94a9256b93ec59860
1774049407619795,1,0,ANON_5G_CON_IMSI_A0_03c5f1126da14dc142e1b199857bdd79f3728225848303fa5c2169525e27354057079f26faddd23c48a600fb52f1
1774049417819788,2,0,ANON_5G_CON_IMSI_A0_03c5f1126da14dc142e1b199857bdd79f3728225848303fa5c2169525e27354057079f26faddd23c48a600fb52f1
1774049428019738,3,0,ANON_5G_CON_IMSI_A0_03c5f1126da14dc142e1b199857bdd79f3728225848303fa5c2169525e27354057079f26faddd23c48a600fb52f1
1774049438224630,4,0,ANON_5G_CON_IMSI_A0_03c5f1126da14dc142e1b199857bdd79f3728225848303fa5c2169525e27354057079f26faddd23c48a600fb52f1
1774049448444807,5,0,ANON_5G_CON_IMSI_A0_03c5f1126da14dc142e1b199857bdd79f3728225848303fa5c2169525e27354057079f26faddd23c48a600fb52f1
1774050742357042,1,0,ANON_5G_CON_IMSI_A0_0371b92af02f8d50091dc241ba6aae25c55c3b64a659ccde0f357145809dcb9e125a863ceb5df43f7feac3901d3f
1774050752537044,2,0,ANON_5G_CON_IMSI_A0_0371b92af02f8d50091dc241ba6aae25c55c3b64a659ccde0f357145809dcb9e125a863ceb5df43f7feac3901d3f
1774050762737091,3,0,ANON_5G_CON_IMSI_A0_0371b92af02f8d50091dc241ba6aae25c55c3b64a659ccde0f357145809dcb9e125a863ceb5df43f7feac3901d3f
1774051055986199,1,0,ANON_5G_CON_IMSI_A0_0389aeb156a8ec1cc176b9f6a95e69beabfe851f8b8fcc664cad3b8ea3b6184842234f866fa4c48a8e33d1e6b78e
1774051066206140,2,0,ANON_5G_CON_IMSI_A0_0389aeb156a8ec1cc176b9f6a95e69beabfe851f8b8fcc664cad3b8ea3b6184842234f866fa4c48a8e33d1e6b78e
1774051076426164,3,0,ANON_5G_CON_IMSI_A0_0389aeb156a8ec1cc176b9f6a95e69beabfe851f8b8fcc664cad3b8ea3b6184842234f866fa4c48a8e33d1e6b78e
1774051086631122,4,0,ANON_5G_CON_IMSI_A0_0389aeb156a8ec1cc176b9f6a95e69beabfe851f8b8fcc664cad3b8ea3b6184842234f866fa4c48a8e33d1e6b78e
1774051096851245,5,0,ANON_5G_CON_IMSI_A0_0389aeb156a8ec1cc176b9f6a95e69beabfe851f8b8fcc664cad3b8ea3b6184842234f866fa4c48a8e33d1e6b78e
1774052366368833,1,0,ANON_5G_CON_IMSI_A0_03995ccd891e158c44b822a290dbc9cd3ed817ca24a6eaca9a51e8c560ed02f901a4d8042cd51d66ab45714e3b90
1774052376568862,2,0,ANON_5G_CON_IMSI_A0_03995ccd891e158c44b822a290dbc9cd3ed817ca24a6eaca9a51e8c560ed02f901a4d8042cd51d66ab45714e3b90
1774052386748871,3,0,ANON_5G_CON_IMSI_A0_03995ccd891e158c44b822a290dbc9cd3ed817ca24a6eaca9a51e8c560ed02f901a4d8042cd51d66ab45714e3b90
1774052396953745,4,0,ANON_5G_CON_IMSI_A0_03995ccd891e158c44b822a290dbc9cd3ed817ca24a6eaca9a51e8c560ed02f901a4d8042cd51d66ab45714e3b90
1774052407153873,5,0,ANON_5G_CON_IMSI_A0_03995ccd891e158c44b822a290dbc9cd3ed817ca24a6eaca9a51e8c560ed02f901a4d8042cd51d66ab45714e3b90
1774053396068858,1,0,ANON_5G_CON_IMSI_A0_0307ee2708557b9d0fb9bb82e607f2b7ccbf99ded513f2b802dc9c619798b06ac7801ff00a9c9859d73da4f6827b
1774053703758460,1,0,ANON_5G_CON_IMSI_A0_0326ca7e1ef81662e8e21823feb88aeec040cb9d4ef3c78d5fab6e7ecd727cf792cd2c19423c361780ee4d168b99
1774053713938471,2,0,ANON_5G_CON_IMSI_A0_0326ca7e1ef81662e8e21823feb88aeec040cb9d4ef3c78d5fab6e7ecd727cf792cd2c19423c361780ee4d168b99
1774053724138427,3,0,ANON_5G_CON_IMSI_A0_0326ca7e1ef81662e8e21823feb88aeec040cb9d4ef3c78d5fab6e7ecd727cf792cd2c19423c361780ee4d168b99
1774054364672846,1,0,ANON_5G_CON_IMSI_A0_03b8dc64335fe586de9e266cc0f5fe55fa5c86aaec086394799574a9c69e24f7bbd04c25fe382a28070f4889827b
1774054374852803,2,0,ANON_5G_CON_IMSI_A0_03b8dc64335fe586de9e266cc0f5fe55fa5c86aaec086394799574a9c69e24f7bbd04c25fe382a28070f4889827b
1774054385052845,3,0,ANON_5G_CON_IMSI_A0_03b8dc64335fe586de9e266cc0f5fe55fa5c86aaec086394799574a9c69e24f7bbd04c25fe382a28070f4889827b
1774054666884280,1,0,ANON_5G_CON_IMSI_A0_03bac84473173819886e00fecd6e43ca92b5ba2efd66457deb965cfb4612e72223efda18949b3816c8db49e0e6cb
1774054677084229,2,0,ANON_5G_CON_IMSI_A0_03bac84473173819886e00fecd6e43ca92b5ba2efd66457deb965cfb4612e72223efda18949b3816c8db49e0e6cb
1774054687284155,3,0,ANON_5G_CON_IMSI_A0_03bac84473173819886e00fecd6e43ca92b5ba2efd66457deb965cfb4612e72223efda18949b3816c8db49e0e6cb
1774054697489200,4,0,ANON_5G_CON_IMSI_A0_03bac84473173819886e00fecd6e43ca92b5ba2efd66457deb965cfb4612e72223efda18949b3816c8db49e0e6cb
1774054707709135,5,0,ANON_5G_CON_IMSI_A0_03bac84473173819886e00fecd6e43ca92b5ba2efd66457deb965cfb4612e72223efda18949b3816c8db49e0e6cb
1774055698704416,1,0,ANON_5G_CON_IMSI_A0_03ef8595c6183451a897e7c10148bf18e91aab1300e3ae0c985a4fd6352e43e04d221ec1bf6bfe43ebdbd6bf2709
1774056001338746,1,0,ANON_5G_CON_IMSI_A0_03deab7ffd2db310c754b483c3bb95f8af2d4ca30dc393d6cf0444ad89d43bc05face08252dfe8f0f04741aaa781
1774056011538759,2,0,ANON_5G_CON_IMSI_A0_03deab7ffd2db310c754b483c3bb95f8af2d4ca30dc393d6cf0444ad89d43bc05face08252dfe8f0f04741aaa781
1774056021738788,3,0,ANON_5G_CON_IMSI_A0_03deab7ffd2db310c754b483c3bb95f8af2d4ca30dc393d6cf0444ad89d43bc05face08252dfe8f0f04741aaa781
1774056031943859,4,0,ANON_5G_CON_IMSI_A0_03deab7ffd2db310c754b483c3bb95f8af2d4ca30dc393d6cf0444ad89d43bc05face08252dfe8f0f04741aaa781
1774056968815244,1,0,ANON_5G_CON_IMSI_A0_0305deb12d17821d325add771defc6ec34f1aa7a66dc49b3b3699b166c5bb1130c8e47b53bb3a1ff39b9e829b804
1774056979015116,2,0,ANON_5G_CON_IMSI_A0_0305deb12d17821d325add771defc6ec34f1aa7a66dc49b3b3699b166c5bb1130c8e47b53bb3a1ff39b9e829b804
1774056989195209,3,0,ANON_5G_CON_IMSI_A0_0305deb12d17821d325add771defc6ec34f1aa7a66dc49b3b3699b166c5bb1130c8e47b53bb3a1ff39b9e829b804
1774056999380227,4,0,ANON_5G_CON_IMSI_A0_0305deb12d17821d325add771defc6ec34f1aa7a66dc49b3b3699b166c5bb1130c8e47b53bb3a1ff39b9e829b804
1774057009580137,5,0,ANON_5G_CON_IMSI_A0_0305deb12d17821d325add771defc6ec34f1aa7a66dc49b3b3699b166c5bb1130c8e47b53bb3a1ff39b9e829b804
1774058002250966,1,0,ANON_5G_CON_IMSI_A0_0338d492f5bb41d2b40a078329ad801591caa1bf880c1f2498f13f8c6392574509a64c0d4b0a91d7c59ef24e983d
1774058968644412,1,0,ANON_5G_CON_IMSI_A0_039d71f3c01e2b7b17b9c22df27fb5b935b03bb2520510d63131e1f1fb5bb756072ae50bd5ceadf2ce8b17b8a44f
1774058978844390,2,0,ANON_5G_CON_IMSI_A0_039d71f3c01e2b7b17b9c22df27fb5b935b03bb2520510d63131e1f1fb5bb756072ae50bd5ceadf2ce8b17b8a44f
1774058989024412,3,0,ANON_5G_CON_IMSI_A0_039d71f3c01e2b7b17b9c22df27fb5b935b03bb2520510d63131e1f1fb5bb756072ae50bd5ceadf2ce8b17b8a44f
1774059273044813,1,0,ANON_5G_CON_IMSI_A0_03ea1c59f74338f7e4f2ee1d16e33aebd6eaeb3bf49d42308543d52c1bb3f678a81502765a649f8a5af784b89686
1774059283264834,2,0,ANON_5G_CON_IMSI_A0_03ea1c59f74338f7e4f2ee1d16e33aebd6eaeb3bf49d42308543d52c1bb3f678a81502765a649f8a5af784b89686
1774059293444725,3,0,ANON_5G_CON_IMSI_A0_03ea1c59f74338f7e4f2ee1d16e33aebd6eaeb3bf49d42308543d52c1bb3f678a81502765a649f8a5af784b89686
1774059303629883,4,0,ANON_5G_CON_IMSI_A0_03ea1c59f74338f7e4f2ee1d16e33aebd6eaeb3bf49d42308543d52c1bb3f678a81502765a649f8a5af784b89686
1774059313849897,5,0,ANON_5G_CON_IMSI_A0_03ea1c59f74338f7e4f2ee1d16e33aebd6eaeb3bf49d42308543d52c1bb3f678a81502765a649f8a5af784b89686
1774060257983630,1,0,ANON_5G_CON_IMSI_A0_035a0c7dbadf29d8b73a75154ed19c9f7f736c9003fcc972a84bda516360b0d73677b564b835b114eb5b22556393
1774060268183602,2,0,ANON_5G_CON_IMSI_A0_035a0c7dbadf29d8b73a75154ed19c9f7f736c9003fcc972a84bda516360b0d73677b564b835b114eb5b22556393
1774060278363514,3,0,ANON_5G_CON_IMSI_A0_035a0c7dbadf29d8b73a75154ed19c9f7f736c9003fcc972a84bda516360b0d73677b564b835b114eb5b22556393
1774060288568497,4,0,ANON_5G_CON_IMSI_A0_035a0c7dbadf29d8b73a75154ed19c9f7f736c9003fcc972a84bda516360b0d73677b564b835b114eb5b22556393
1774060298768567,5,0,ANON_5G_CON_IMSI_A0_035a0c7dbadf29d8b73a75154ed19c9f7f736c9003fcc972a84bda516360b0d73677b564b835b114eb5b22556393
1774061286597538,1,0,ANON_5G_CON_IMSI_A0_03de7728bcfbb184c9408a3dca07d52e7aa7322dd11184e59c5b393f55c6de7fb62791ee3685e3d7eccd04bb1f34
1774061587176136,1,0,ANON_5G_CON_IMSI_A0_031f42c21ddd033d1e0e3e99f0767ec7a9864d5747df2128735ddf6b0a9be264aa78334094028f084da86a053db2
1774061597376080,2,0,ANON_5G_CON_IMSI_A0_031f42c21ddd033d1e0e3e99f0767ec7a9864d5747df2128735ddf6b0a9be264aa78334094028f084da86a053db2
1774061607576029,3,0,ANON_5G_CON_IMSI_A0_031f42c21ddd033d1e0e3e99f0767ec7a9864d5747df2128735ddf6b0a9be264aa78334094028f084da86a053db2
1774061617761069,4,0,ANON_5G_CON_IMSI_A0_031f42c21ddd033d1e0e3e99f0767ec7a9864d5747df2128735ddf6b0a9be264aa78334094028f084da86a053db2
1774062555384400,1,0,ANON_5G_CON_IMSI_A0_03ab794a7169ca56c339e569b6e79564558cb2e2ea8ae8684f45abb41819141be1e42ef366e8732967e5d8d87912
1774062565584399,2,0,ANON_5G_CON_IMSI_A0_03ab794a7169ca56c339e569b6e79564558cb2e2ea8ae8684f45abb41819141be1e42ef366e8732967e5d8d87912
1774062575784382,3,0,ANON_5G_CON_IMSI_A0_03ab794a7169ca56c339e569b6e79564558cb2e2ea8ae8684f45abb41819141be1e42ef366e8732967e5d8d87912
1774062585989379,4,0,ANON_5G_CON_IMSI_A0_03ab794a7169ca56c339e569b6e79564558cb2e2ea8ae8684f45abb41819141be1e42ef366e8732967e5d8d87912
1774062596209269,5,0,ANON_5G_CON_IMSI_A0_03ab794a7169ca56c339e569b6e79564558cb2e2ea8ae8684f45abb41819141be1e42ef366e8732967e5d8d87912
1774063542691348,1,0,ANON_5G_CON_IMSI_A0_031b121a44ee371894fae85ad0f5f0c61c07b241b654035509a60cd44586d76d284bcb344fa8176ff3980670e61b
1774063552891277,2,0,ANON_5G_CON_IMSI_A0_031b121a44ee371894fae85ad0f5f0c61c07b241b654035509a60cd44586d76d284bcb344fa8176ff3980670e61b
1774063563091334,3,0,ANON_5G_CON_IMSI_A0_031b121a44ee371894fae85ad0f5f0c61c07b241b654035509a60cd44586d76d284bcb344fa8176ff3980670e61b
1774063573316272,4,0,ANON_5G_CON_IMSI_A0_031b121a44ee371894fae85ad0f5f0c61c07b241b654035509a60cd44586d76d284bcb344fa8176ff3980670e61b
1774063583536251,5,0,ANON_5G_CON_IMSI_A0_031b121a44ee371894fae85ad0f5f0c61c07b241b654035509a60cd44586d76d284bcb344fa8176ff3980670e61b
1774064570566784,1,0,ANON_5G_CON_IMSI_A0_03105955da665a5321b8b53bef680a142e492c912caad59233e133a6c2ded7e3d72b67b12413257ce28c6bdf1a4b
1774064872839374,1,0,ANON_5G_CON_IMSI_A0_031e00332abeb8b7be4115f1cdce6e52c4df63f8e1faae7ea5497bed09eb834c9aa0beed8e0d4e6b1843141af852
1774064883019361,2,0,ANON_5G_CON_IMSI_A0_031e00332abeb8b7be4115f1cdce6e52c4df63f8e1faae7ea5497bed09eb834c9aa0beed8e0d4e6b1843141af852
1774064893219355,3,0,ANON_5G_CON_IMSI_A0_031e00332abeb8b7be4115f1cdce6e52c4df63f8e1faae7ea5497bed09eb834c9aa0beed8e0d4e6b1843141af852
1774064903424382,4,0,ANON_5G_CON_IMSI_A0_031e00332abeb8b7be4115f1cdce6e52c4df63f8e1faae7ea5497bed09eb834c9aa0beed8e0d4e6b1843141af852
1774065847907464,1,0,ANON_5G_CON_IMSI_A0_03046b2aa16bb04867627dd7111908a603471efa8738b0d77f7abd852e002eee8e0f2fc5861b36893a8f413de73f
1774065858107439,2,0,ANON_5G_CON_IMSI_A0_03046b2aa16bb04867627dd7111908a603471efa8738b0d77f7abd852e002eee8e0f2fc5861b36893a8f413de73f
1774065868287466,3,0,ANON_5G_CON_IMSI_A0_03046b2aa16bb04867627dd7111908a603471efa8738b0d77f7abd852e002eee8e0f2fc5861b36893a8f413de73f
1774065878472403,4,0,ANON_5G_CON_IMSI_A0_03046b2aa16bb04867627dd7111908a603471efa8738b0d77f7abd852e002eee8e0f2fc5861b36893a8f413de73f
1774065888672443,5,0,ANON_5G_CON_IMSI_A0_03046b2aa16bb04867627dd7111908a603471efa8738b0d77f7abd852e002eee8e0f2fc5861b36893a8f413de73f
1774067176974865,1,0,ANON_5G_CON_IMSI_A0_03e91292b3e53f82cc63f38367fcd891939a12d6dbaa2613878807ee2a5604bafe029cda8c136a65c7471a952f2b
1774067187174871,2,0,ANON_5G_CON_IMSI_A0_03e91292b3e53f82cc63f38367fcd891939a12d6dbaa2613878807ee2a5604bafe029cda8c136a65c7471a952f2b
1774067197374818,3,0,ANON_5G_CON_IMSI_A0_03e91292b3e53f82cc63f38367fcd891939a12d6dbaa2613878807ee2a5604bafe029cda8c136a65c7471a952f2b
1774067849957302,1,0,ANON_5G_CON_IMSI_A0_03c6388efa4578dd17436170fca991c1e038c58e045bd637b2f7ef43fc45a3639e0873f4da5af996e3ae1ec75c80
1774067860157297,2,0,ANON_5G_CON_IMSI_A0_03c6388efa4578dd17436170fca991c1e038c58e045bd637b2f7ef43fc45a3639e0873f4da5af996e3ae1ec75c80
1774068145305621,1,0,ANON_5G_CON_IMSI_A0_03f193d94917a9970c3b11ced9bbf323dd09a3c4db8c18e20e864b1bf629d17b8de373af4a8c7e771f9f098363b2
1774068155505609,2,0,ANON_5G_CON_IMSI_A0_03f193d94917a9970c3b11ced9bbf323dd09a3c4db8c18e20e864b1bf629d17b8de373af4a8c7e771f9f098363b2
1774068165705601,3,0,ANON_5G_CON_IMSI_A0_03f193d94917a9970c3b11ced9bbf323dd09a3c4db8c18e20e864b1bf629d17b8de373af4a8c7e771f9f098363b2
1774068175910633,4,0,ANON_5G_CON_IMSI_A0_03f193d94917a9970c3b11ced9bbf323dd09a3c4db8c18e20e864b1bf629d17b8de373af4a8c7e771f9f098363b2
1774068186110589,5,0,ANON_5G_CON_IMSI_A0_03f193d94917a9970c3b11ced9bbf323dd09a3c4db8c18e20e864b1bf629d17b8de373af4a8c7e771f9f098363b2
1774069479606047,1,0,ANON_5G_CON_IMSI_A0_03120a8335bd075f2009b47ba8de836d6de66a95ce00ecebca1639ffc9501b041a737c5cab191c63157a985b8366
1774069489806032,2,0,ANON_5G_CON_IMSI_A0_03120a8335bd075f2009b47ba8de836d6de66a95ce00ecebca1639ffc9501b041a737c5cab191c63157a985b8366
1774069500006019,3,0,ANON_5G_CON_IMSI_A0_03120a8335bd075f2009b47ba8de836d6de66a95ce00ecebca1639ffc9501b041a737c5cab191c63157a985b8366
1774070145274403,1,0,ANON_5G_CON_IMSI_A0_03a57042556b9a59b00450799ca928db8e392c56423b4bb4454283674bd2d4ea5b851588d53e933e312f37037dcc
1774070155474218,2,0,ANON_5G_CON_IMSI_A0_03a57042556b9a59b00450799ca928db8e392c56423b4bb4454283674bd2d4ea5b851588d53e933e312f37037dcc
1774070447807172,1,0,ANON_5G_CON_IMSI_A0_03d46481d0ac390106d89f12ecd614d45183191226583b68e752b1108b9da8091d2401e704bbf38ab7c644055793
1774070458007170,2,0,ANON_5G_CON_IMSI_A0_03d46481d0ac390106d89f12ecd614d45183191226583b68e752b1108b9da8091d2401e704bbf38ab7c644055793
1774070468187147,3,0,ANON_5G_CON_IMSI_A0_03d46481d0ac390106d89f12ecd614d45183191226583b68e752b1108b9da8091d2401e704bbf38ab7c644055793
1774070478372192,4,0,ANON_5G_CON_IMSI_A0_03d46481d0ac390106d89f12ecd614d45183191226583b68e752b1108b9da8091d2401e704bbf38ab7c644055793
1774070488572221,5,0,ANON_5G_CON_IMSI_A0_03d46481d0ac390106d89f12ecd614d45183191226583b68e752b1108b9da8091d2401e704bbf38ab7c644055793
1774071476136321,1,0,ANON_5G_CON_IMSI_A0_038d878c052cc60a1452a76abbdce3a49a9ae74fcdda18decfce71f0fd286c9bf4f119151340b20c29d7cddd9d21
1774071791116636,1,0,ANON_5G_CON_IMSI_A0_0357f47e85a0173e9ffd4c97d5f1e71950afee192ef2448046f8572a5794990ba3d41a331b757bb7272a2d822dde
1774071801316499,2,0,ANON_5G_CON_IMSI_A0_0357f47e85a0173e9ffd4c97d5f1e71950afee192ef2448046f8572a5794990ba3d41a331b757bb7272a2d822dde
1774072444622073,1,0,ANON_5G_CON_IMSI_A0_03f9585c0cf3124b6a0a8a8409251ecac5145030ca5e70a8ccd306ba2de66536ed34713375434cf911003e00327a
1774072454822091,2,0,ANON_5G_CON_IMSI_A0_03f9585c0cf3124b6a0a8a8409251ecac5145030ca5e70a8ccd306ba2de66536ed34713375434cf911003e00327a
1774072465022209,3,0,ANON_5G_CON_IMSI_A0_03f9585c0cf3124b6a0a8a8409251ecac5145030ca5e70a8ccd306ba2de66536ed34713375434cf911003e00327a
1774072748494080,1,0,ANON_5G_CON_IMSI_A0_0302d55143f10a6df8004253120626130a7bfe12c955b9dd36e0f10b89d62c5c6c5b7fb354209b7cfdb3b5d1a210
1774072758714101,2,0,ANON_5G_CON_IMSI_A0_0302d55143f10a6df8004253120626130a7bfe12c955b9dd36e0f10b89d62c5c6c5b7fb354209b7cfdb3b5d1a210
1774072768894140,3,0,ANON_5G_CON_IMSI_A0_0302d55143f10a6df8004253120626130a7bfe12c955b9dd36e0f10b89d62c5c6c5b7fb354209b7cfdb3b5d1a210
1774072779079161,4,0,ANON_5G_CON_IMSI_A0_0302d55143f10a6df8004253120626130a7bfe12c955b9dd36e0f10b89d62c5c6c5b7fb354209b7cfdb3b5d1a210
1774072789279144,5,0,ANON_5G_CON_IMSI_A0_0302d55143f10a6df8004253120626130a7bfe12c955b9dd36e0f10b89d62c5c6c5b7fb354209b7cfdb3b5d1a210
1774073734012598,1,0,ANON_5G_CON_IMSI_A0_0385f57aefd66dbe7b39adb23eeb16319ded9f9181ac442e3ec22c20171a6ce5266cfcc7cafda9432906015ab8a8
1774073744212529,2,0,ANON_5G_CON_IMSI_A0_0385f57aefd66dbe7b39adb23eeb16319ded9f9181ac442e3ec22c20171a6ce5266cfcc7cafda9432906015ab8a8
1774073754392586,3,0,ANON_5G_CON_IMSI_A0_0385f57aefd66dbe7b39adb23eeb16319ded9f9181ac442e3ec22c20171a6ce5266cfcc7cafda9432906015ab8a8
1774073764577523,4,0,ANON_5G_CON_IMSI_A0_0385f57aefd66dbe7b39adb23eeb16319ded9f9181ac442e3ec22c20171a6ce5266cfcc7cafda9432906015ab8a8
1774073774777497,5,0,ANON_5G_CON_IMSI_A0_0385f57aefd66dbe7b39adb23eeb16319ded9f9181ac442e3ec22c20171a6ce5266cfcc7cafda9432906015ab8a8
1774074758956720,1,0,ANON_5G_CON_IMSI_A0_039e2ba9879563af2a4c4d24ccdc0220c174f533cd26e04ae95b10ec50f93a43cdea7c1983561c502c8fa510be16
1774076074073196,1,0,ANON_5G_CON_IMSI_A0_03fcdfaccbf7703b8d650cb87fd153ec495fa722423f0f2308ba516c42601d92c7ca8773cf7b866a24f58c2d0b57
1774077031263802,1,0,ANON_5G_CON_IMSI_A0_03229948de38e7fd85140a07a02c1358430d59e6e8a98928c7214f6fe0de68f334550e8f6a0117e4efed4b9880a7
1774077041443729,2,0,ANON_5G_CON_IMSI_A0_03229948de38e7fd85140a07a02c1358430d59e6e8a98928c7214f6fe0de68f334550e8f6a0117e4efed4b9880a7
1774077051643758,3,0,ANON_5G_CON_IMSI_A0_03229948de38e7fd85140a07a02c1358430d59e6e8a98928c7214f6fe0de68f334550e8f6a0117e4efed4b9880a7
1774077061848663,4,0,ANON_5G_CON_IMSI_A0_03229948de38e7fd85140a07a02c1358430d59e6e8a98928c7214f6fe0de68f334550e8f6a0117e4efed4b9880a7
1774078361415826,1,0,ANON_5G_CON_IMSI_A0_0380d45c2b25edf654650c81d45ce43daee57fce96302f0e5e830f9f9841df30c8fe425f0eb221fde12dd6c4f818
1774078371595761,2,0,ANON_5G_CON_IMSI_A0_0380d45c2b25edf654650c81d45ce43daee57fce96302f0e5e830f9f9841df30c8fe425f0eb221fde12dd6c4f818
1774078381775788,3,0,ANON_5G_CON_IMSI_A0_0380d45c2b25edf654650c81d45ce43daee57fce96302f0e5e830f9f9841df30c8fe425f0eb221fde12dd6c4f818
1774078663233831,1,0,ANON_5G_CON_IMSI_A0_03c5eefcb591312146439956f0a7d03e5c7c28278ba62360fbd6250056b7c848871d0f8891b780f6d4016a570b3e
1774078673433827,2,0,ANON_5G_CON_IMSI_A0_03c5eefcb591312146439956f0a7d03e5c7c28278ba62360fbd6250056b7c848871d0f8891b780f6d4016a570b3e
1774078683633832,3,0,ANON_5G_CON_IMSI_A0_03c5eefcb591312146439956f0a7d03e5c7c28278ba62360fbd6250056b7c848871d0f8891b780f6d4016a570b3e
1774078693818785,4,0,ANON_5G_CON_IMSI_A0_03c5eefcb591312146439956f0a7d03e5c7c28278ba62360fbd6250056b7c848871d0f8891b780f6d4016a570b3e
1774078704018819,5,0,ANON_5G_CON_IMSI_A0_03c5eefcb591312146439956f0a7d03e5c7c28278ba62360fbd6250056b7c848871d0f8891b780f6d4016a570b3e
1774081636700197,1,0,ANON_5G_CON_IMSI_A0_03bafa411cfb4caf7326abe61b67d25b465dc44633327e21a79c067141d5d1f1202205e2ac792555864525c35036
1774081646880160,2,0,ANON_5G_CON_IMSI_A0_03bafa411cfb4caf7326abe61b67d25b465dc44633327e21a79c067141d5d1f1202205e2ac792555864525c35036
1774081657080070,3,0,ANON_5G_CON_IMSI_A0_03bafa411cfb4caf7326abe61b67d25b465dc44633327e21a79c067141d5d1f1202205e2ac792555864525c35036
1774081667265047,4,0,ANON_5G_CON_IMSI_A0_03bafa411cfb4caf7326abe61b67d25b465dc44633327e21a79c067141d5d1f1202205e2ac792555864525c35036
1774083274515114,1,0,ANON_5G_CON_IMSI_A0_032a7656fffc6862de2afac46196d91cc560aa7fdeb739b277efb432364503ca27d3e45580a7742097646b804492
1774083284715080,2,0,ANON_5G_CON_IMSI_A0_032a7656fffc6862de2afac46196d91cc560aa7fdeb739b277efb432364503ca27d3e45580a7742097646b804492
1774083294895111,3,0,ANON_5G_CON_IMSI_A0_032a7656fffc6862de2afac46196d91cc560aa7fdeb739b277efb432364503ca27d3e45580a7742097646b804492
1774083305100253,4,0,ANON_5G_CON_IMSI_A0_032a7656fffc6862de2afac46196d91cc560aa7fdeb739b277efb432364503ca27d3e45580a7742097646b804492
1774084580171102,1,0,ANON_5G_CON_IMSI_A0_03f7d7b6cc593f90a231909b195bc889227f65c1bbc32d28e4fe7fca496b2cf945f19d1a1417a908246f02f90126
1774084590351075,2,0,ANON_5G_CON_IMSI_A0_03f7d7b6cc593f90a231909b195bc889227f65c1bbc32d28e4fe7fca496b2cf945f19d1a1417a908246f02f90126
1774084600531128,3,0,ANON_5G_CON_IMSI_A0_03f7d7b6cc593f90a231909b195bc889227f65c1bbc32d28e4fe7fca496b2cf945f19d1a1417a908246f02f90126
1774084610736048,4,0,ANON_5G_CON_IMSI_A0_03f7d7b6cc593f90a231909b195bc889227f65c1bbc32d28e4fe7fca496b2cf945f19d1a1417a908246f02f90126
1774084620956094,5,0,ANON_5G_CON_IMSI_A0_03f7d7b6cc593f90a231909b195bc889227f65c1bbc32d28e4fe7fca496b2cf945f19d1a1417a908246f02f90126
1774085612445806,1,0,ANON_5G_CON_IMSI_A0_03486a7ea5cff3990f1a7f0c3e24a72f093f9d3e71829447d6f397293675c4e08cb1bebcea602119c620ce8beda4
1774085907976856,1,0,ANON_5G_CON_IMSI_A0_03d7281baec4307c6787d5e9d698c55ffcca75227721fc0273716c6c295e74eecb47c3fa9c833b90c88c6cdd617b
1774085918180595,2,0,ANON_5G_CON_IMSI_A0_03d7281baec4307c6787d5e9d698c55ffcca75227721fc0273716c6c295e74eecb47c3fa9c833b90c88c6cdd617b
1774085928380593,3,0,ANON_5G_CON_IMSI_A0_03d7281baec4307c6787d5e9d698c55ffcca75227721fc0273716c6c295e74eecb47c3fa9c833b90c88c6cdd617b
1774085938585537,4,0,ANON_5G_CON_IMSI_A0_03d7281baec4307c6787d5e9d698c55ffcca75227721fc0273716c6c295e74eecb47c3fa9c833b90c88c6cdd617b
1774086884548672,1,0,ANON_5G_CON_IMSI_A0_03b0bc36a02cbb835b483135af9c0c47857a16917a830c5a39838cedc346ed9a6578e77d45ddcc821660b9a86f4e
1774086894768723,2,0,ANON_5G_CON_IMSI_A0_03b0bc36a02cbb835b483135af9c0c47857a16917a830c5a39838cedc346ed9a6578e77d45ddcc821660b9a86f4e
1774086904968698,3,0,ANON_5G_CON_IMSI_A0_03b0bc36a02cbb835b483135af9c0c47857a16917a830c5a39838cedc346ed9a6578e77d45ddcc821660b9a86f4e
1774086915173703,4,0,ANON_5G_CON_IMSI_A0_03b0bc36a02cbb835b483135af9c0c47857a16917a830c5a39838cedc346ed9a6578e77d45ddcc821660b9a86f4e
1774086925373728,5,0,ANON_5G_CON_IMSI_A0_03b0bc36a02cbb835b483135af9c0c47857a16917a830c5a39838cedc346ed9a6578e77d45ddcc821660b9a86f4e
1774089861069692,1,0,ANON_5G_CON_IMSI_A0_0313f9f185f0b5369471da13b7896569dfb1c835d1107f1417ab90aaa43da7c01fb4dfa0c8dbf0ec6083cf1f6f82
1774089871269693,2,0,ANON_5G_CON_IMSI_A0_0313f9f185f0b5369471da13b7896569dfb1c835d1107f1417ab90aaa43da7c01fb4dfa0c8dbf0ec6083cf1f6f82
1774089881469722,3,0,ANON_5G_CON_IMSI_A0_0313f9f185f0b5369471da13b7896569dfb1c835d1107f1417ab90aaa43da7c01fb4dfa0c8dbf0ec6083cf1f6f82
1774090836159536,1,0,ANON_5G_CON_IMSI_A0_0310c8b8751c00d2cd701760054de8202c5c3f0b0cdc649a2450b26c3e5beb4e9ddc4b5d1236b7813f1fa3b56b20
1774090846359498,2,0,ANON_5G_CON_IMSI_A0_0310c8b8751c00d2cd701760054de8202c5c3f0b0cdc649a2450b26c3e5beb4e9ddc4b5d1236b7813f1fa3b56b20
1774090856559515,3,0,ANON_5G_CON_IMSI_A0_0310c8b8751c00d2cd701760054de8202c5c3f0b0cdc649a2450b26c3e5beb4e9ddc4b5d1236b7813f1fa3b56b20
1774090866744466,4,0,ANON_5G_CON_IMSI_A0_0310c8b8751c00d2cd701760054de8202c5c3f0b0cdc649a2450b26c3e5beb4e9ddc4b5d1236b7813f1fa3b56b20
1774091812080198,1,0,ANON_5G_CON_IMSI_A0_0320020498ef8fcfdc3facedce2711b9cefad24c4d387c044b3c3c6799e70737b7815d6e41f4212fed5c36a19c4a
1774091822300126,2,0,ANON_5G_CON_IMSI_A0_0320020498ef8fcfdc3facedce2711b9cefad24c4d387c044b3c3c6799e70737b7815d6e41f4212fed5c36a19c4a
1774091832480177,3,0,ANON_5G_CON_IMSI_A0_0320020498ef8fcfdc3facedce2711b9cefad24c4d387c044b3c3c6799e70737b7815d6e41f4212fed5c36a19c4a
1774091842685142,4,0,ANON_5G_CON_IMSI_A0_0320020498ef8fcfdc3facedce2711b9cefad24c4d387c044b3c3c6799e70737b7815d6e41f4212fed5c36a19c4a
1774091852885103,5,0,ANON_5G_CON_IMSI_A0_0320020498ef8fcfdc3facedce2711b9cefad24c4d387c044b3c3c6799e70737b7815d6e41f4212fed5c36a19c4a
1774092807748616,1,0,ANON_5G_CON_IMSI_A0_03548a36ef46e3d8c76ea7113ea4468a64c191adf103768bd89a2db48e0e40bf62b35f4a1d556784f7c23ddf1c60
1774092817928475,2,0,ANON_5G_CON_IMSI_A0_03548a36ef46e3d8c76ea7113ea4468a64c191adf103768bd89a2db48e0e40bf62b35f4a1d556784f7c23ddf1c60
1774092828128513,3,0,ANON_5G_CON_IMSI_A0_03548a36ef46e3d8c76ea7113ea4468a64c191adf103768bd89a2db48e0e40bf62b35f4a1d556784f7c23ddf1c60
1774092838313547,4,0,ANON_5G_CON_IMSI_A0_03548a36ef46e3d8c76ea7113ea4468a64c191adf103768bd89a2db48e0e40bf62b35f4a1d556784f7c23ddf1c60
1774094140948529,1,0,ANON_5G_CON_IMSI_A0_03b3d3524d1c799cc746aedef3b668feb5b331b2ea7a60c60226a078fdae39f3df2065f944df3835b3cb35f79b09
1774094151148506,2,0,ANON_5G_CON_IMSI_A0_03b3d3524d1c799cc746aedef3b668feb5b331b2ea7a60c60226a078fdae39f3df2065f944df3835b3cb35f79b09
1774094161348458,3,0,ANON_5G_CON_IMSI_A0_03b3d3524d1c799cc746aedef3b668feb5b331b2ea7a60c60226a078fdae39f3df2065f944df3835b3cb35f79b09
1774094444855109,1,0,ANON_5G_CON_IMSI_A0_035d262917f64be079128c27cb68a973d2be380edfe94b2835b6684a101be09e37e66b911f9c327ce1cce9cb5442
1774094455055103,2,0,ANON_5G_CON_IMSI_A0_035d262917f64be079128c27cb68a973d2be380edfe94b2835b6684a101be09e37e66b911f9c327ce1cce9cb5442
1774094465265182,3,0,ANON_5G_CON_IMSI_A0_035d262917f64be079128c27cb68a973d2be380edfe94b2835b6684a101be09e37e66b911f9c327ce1cce9cb5442
1774094475480174,4,0,ANON_5G_CON_IMSI_A0_035d262917f64be079128c27cb68a973d2be380edfe94b2835b6684a101be09e37e66b911f9c327ce1cce9cb5442
1774094485680144,5,0,ANON_5G_CON_IMSI_A0_035d262917f64be079128c27cb68a973d2be380edfe94b2835b6684a101be09e37e66b911f9c327ce1cce9cb5442
1774095767914655,1,0,ANON_5G_CON_IMSI_A0_03ee788953fdac3e77749ffc26e71410a0b8c1f2fae02f81118fc61eebaa9a5fef32ce316bcadada6391d120ad96
1774095778114596,2,0,ANON_5G_CON_IMSI_A0_03ee788953fdac3e77749ffc26e71410a0b8c1f2fae02f81118fc61eebaa9a5fef32ce316bcadada6391d120ad96
1774095788314495,3,0,ANON_5G_CON_IMSI_A0_03ee788953fdac3e77749ffc26e71410a0b8c1f2fae02f81118fc61eebaa9a5fef32ce316bcadada6391d120ad96
1774095798519578,4,0,ANON_5G_CON_IMSI_A0_03ee788953fdac3e77749ffc26e71410a0b8c1f2fae02f81118fc61eebaa9a5fef32ce316bcadada6391d120ad96
1774097104498222,1,0,ANON_5G_CON_IMSI_A0_033fbc846c4e845dda93ae36185b986b6a325013cbecea4be265cc57bf68c36c67b810950fbe3c393ddc551efb1a
1774097114698303,2,0,ANON_5G_CON_IMSI_A0_033fbc846c4e845dda93ae36185b986b6a325013cbecea4be265cc57bf68c36c67b810950fbe3c393ddc551efb1a
1774097775898336,1,0,ANON_5G_CON_IMSI_A0_0315768c09c3ef93c515ab818c05979a1586606d9bc94d48038ade9d36235f48a51f716f444e8e42985a029fba1b
1774098077145825,1,0,ANON_5G_CON_IMSI_A0_0363baa5953f0a5095c24913a58d538cfe6b3710113e2e00c1e039281715b2d54e2296cb6af2be5b14a6736fbc76
1774098087365850,2,0,ANON_5G_CON_IMSI_A0_0363baa5953f0a5095c24913a58d538cfe6b3710113e2e00c1e039281715b2d54e2296cb6af2be5b14a6736fbc76
1774098097585848,3,0,ANON_5G_CON_IMSI_A0_0363baa5953f0a5095c24913a58d538cfe6b3710113e2e00c1e039281715b2d54e2296cb6af2be5b14a6736fbc76
1774098413100335,1,0,ANON_5G_CON_IMSI_A0_03b0ef07576bc3983acb054755b2f26c99f341035f1d6a9b552c25036abaf9029b81876972afc221290f3c24a6b2
1774098423280416,2,0,ANON_5G_CON_IMSI_A0_03b0ef07576bc3983acb054755b2f26c99f341035f1d6a9b552c25036abaf9029b81876972afc221290f3c24a6b2
1774098433460287,3,0,ANON_5G_CON_IMSI_A0_03b0ef07576bc3983acb054755b2f26c99f341035f1d6a9b552c25036abaf9029b81876972afc221290f3c24a6b2
1774099371396956,1,0,ANON_5G_CON_IMSI_A0_036809f240666a5bf8835732907aff44dbc5f76d007e8e7a29ed67cf41d3da5e5a3dcbb7b51ee23fc6c70123faa2
1774099381576987,2,0,ANON_5G_CON_IMSI_A0_036809f240666a5bf8835732907aff44dbc5f76d007e8e7a29ed67cf41d3da5e5a3dcbb7b51ee23fc6c70123faa2
1774099391776912,3,0,ANON_5G_CON_IMSI_A0_036809f240666a5bf8835732907aff44dbc5f76d007e8e7a29ed67cf41d3da5e5a3dcbb7b51ee23fc6c70123faa2
1774099401962034,4,0,ANON_5G_CON_IMSI_A0_036809f240666a5bf8835732907aff44dbc5f76d007e8e7a29ed67cf41d3da5e5a3dcbb7b51ee23fc6c70123faa2
1774099412201969,5,0,ANON_5G_CON_IMSI_A0_036809f240666a5bf8835732907aff44dbc5f76d007e8e7a29ed67cf41d3da5e5a3dcbb7b51ee23fc6c70123faa2
1774100713984532,1,0,ANON_5G_CON_IMSI_A0_03519e4b73cbf53ac8f1699a662efb5828286c3ff6d49b0e54baf3c0c5820fd69f1c68a8b74aa5cbbcec7cadbc35
1774100724184504,2,0,ANON_5G_CON_IMSI_A0_03519e4b73cbf53ac8f1699a662efb5828286c3ff6d49b0e54baf3c0c5820fd69f1c68a8b74aa5cbbcec7cadbc35
1774100734404438,3,0,ANON_5G_CON_IMSI_A0_03519e4b73cbf53ac8f1699a662efb5828286c3ff6d49b0e54baf3c0c5820fd69f1c68a8b74aa5cbbcec7cadbc35
1774101694127611,1,0,ANON_5G_CON_IMSI_A0_037959d7c2870162cb28cb94c6b28dffdfef440aac37ed13df67d4a23994e0b8b8baffa1761571b63f0ae1a75893
1774101704327646,2,0,ANON_5G_CON_IMSI_A0_037959d7c2870162cb28cb94c6b28dffdfef440aac37ed13df67d4a23994e0b8b8baffa1761571b63f0ae1a75893
1774101714547699,3,0,ANON_5G_CON_IMSI_A0_037959d7c2870162cb28cb94c6b28dffdfef440aac37ed13df67d4a23994e0b8b8baffa1761571b63f0ae1a75893
1774102358046301,1,0,ANON_5G_CON_IMSI_A0_03004bfd419811a6025c7c7089959103ff4b733eb82904508d5e6bc573bc1a8cf0ced0d8daec34b66cdf5b9f9145
1774102368256278,2,0,ANON_5G_CON_IMSI_A0_03004bfd419811a6025c7c7089959103ff4b733eb82904508d5e6bc573bc1a8cf0ced0d8daec34b66cdf5b9f9145
1774102378446221,3,0,ANON_5G_CON_IMSI_A0_03004bfd419811a6025c7c7089959103ff4b733eb82904508d5e6bc573bc1a8cf0ced0d8daec34b66cdf5b9f9145
1774102659703639,1,0,ANON_5G_CON_IMSI_A0_03ed3a20bb7fe22e58109b169eebd17863491702c9eb40e6ff8f5cfa48f218812c4286f459d5d341fea587e6f9df
1774102669903636,2,0,ANON_5G_CON_IMSI_A0_03ed3a20bb7fe22e58109b169eebd17863491702c9eb40e6ff8f5cfa48f218812c4286f459d5d341fea587e6f9df
1774102680113597,3,0,ANON_5G_CON_IMSI_A0_03ed3a20bb7fe22e58109b169eebd17863491702c9eb40e6ff8f5cfa48f218812c4286f459d5d341fea587e6f9df
1774102690308624,4,0,ANON_5G_CON_IMSI_A0_03ed3a20bb7fe22e58109b169eebd17863491702c9eb40e6ff8f5cfa48f218812c4286f459d5d341fea587e6f9df
1774102700528627,5,0,ANON_5G_CON_IMSI_A0_03ed3a20bb7fe22e58109b169eebd17863491702c9eb40e6ff8f5cfa48f218812c4286f459d5d341fea587e6f9df
1774104958820175,1,0,ANON_5G_CON_IMSI_A0_035836956acc1737a4f05d5db17ac60fd40c16906f2bf69731e7e7d5a0ffc115fcc40bdab6eeaf9de34bc2948857
1774104969030087,2,0,ANON_5G_CON_IMSI_A0_035836956acc1737a4f05d5db17ac60fd40c16906f2bf69731e7e7d5a0ffc115fcc40bdab6eeaf9de34bc2948857
1774104979210120,3,0,ANON_5G_CON_IMSI_A0_035836956acc1737a4f05d5db17ac60fd40c16906f2bf69731e7e7d5a0ffc115fcc40bdab6eeaf9de34bc2948857
1774104989415137,4,0,ANON_5G_CON_IMSI_A0_035836956acc1737a4f05d5db17ac60fd40c16906f2bf69731e7e7d5a0ffc115fcc40bdab6eeaf9de34bc2948857
1774104999635158,5,0,ANON_5G_CON_IMSI_A0_035836956acc1737a4f05d5db17ac60fd40c16906f2bf69731e7e7d5a0ffc115fcc40bdab6eeaf9de34bc2948857
1774106961137832,1,0,ANON_5G_CON_IMSI_A0_03157b234dfe2ee456134582451b42a85d667c81f3c8e6a2117b07f2447269748354b8523bb2907f604f4958cca2
1774106971337870,2,0,ANON_5G_CON_IMSI_A0_03157b234dfe2ee456134582451b42a85d667c81f3c8e6a2117b07f2447269748354b8523bb2907f604f4958cca2
1774107602804073,1,0,ANON_5G_CON_IMSI_A0_03c8f75443654b7eef0a0ae1f6b716ce3e3eb8fe3960fc5e38eaa97d63a37824975c7b211bea8a64d208ccdf7b10
1774107612984056,2,0,ANON_5G_CON_IMSI_A0_03c8f75443654b7eef0a0ae1f6b716ce3e3eb8fe3960fc5e38eaa97d63a37824975c7b211bea8a64d208ccdf7b10
1774107623203845,3,0,ANON_5G_CON_IMSI_A0_03c8f75443654b7eef0a0ae1f6b716ce3e3eb8fe3960fc5e38eaa97d63a37824975c7b211bea8a64d208ccdf7b10
1774107633388925,4,0,ANON_5G_CON_IMSI_A0_03c8f75443654b7eef0a0ae1f6b716ce3e3eb8fe3960fc5e38eaa97d63a37824975c7b211bea8a64d208ccdf7b10
1774108580351853,1,0,ANON_5G_CON_IMSI_A0_03affd95850bf804b66b7f391268f5d0a3927014db838a7265c282128b1f22e18c8f08f36596ff35e08f44682401
1774108590551715,2,0,ANON_5G_CON_IMSI_A0_03affd95850bf804b66b7f391268f5d0a3927014db838a7265c282128b1f22e18c8f08f36596ff35e08f44682401
1774108600751837,3,0,ANON_5G_CON_IMSI_A0_03affd95850bf804b66b7f391268f5d0a3927014db838a7265c282128b1f22e18c8f08f36596ff35e08f44682401
1774108610956811,4,0,ANON_5G_CON_IMSI_A0_03affd95850bf804b66b7f391268f5d0a3927014db838a7265c282128b1f22e18c8f08f36596ff35e08f44682401
1774108621156870,5,0,ANON_5G_CON_IMSI_A0_03affd95850bf804b66b7f391268f5d0a3927014db838a7265c282128b1f22e18c8f08f36596ff35e08f44682401
1774109531164163,1,0,ANON_5G_CON_IMSI_A0_035f7cc4b4609ac8f2d3a8b816b5b9886bfba3c5ca3f589368f263fde07ec89366c6418866560c6587233d011121
1774109541344201,2,0,ANON_5G_CON_IMSI_A0_035f7cc4b4609ac8f2d3a8b816b5b9886bfba3c5ca3f589368f263fde07ec89366c6418866560c6587233d011121
1774110508147706,1,0,ANON_5G_CON_IMSI_A0_031b4dd9f533b314a4c3f5a4c9aed822afb16d4b4d3712ad12e2468add40cf1e0c32dea7a34f830559b37866e768
1774110518347800,2,0,ANON_5G_CON_IMSI_A0_031b4dd9f533b314a4c3f5a4c9aed822afb16d4b4d3712ad12e2468add40cf1e0c32dea7a34f830559b37866e768
1774110528557718,3,0,ANON_5G_CON_IMSI_A0_031b4dd9f533b314a4c3f5a4c9aed822afb16d4b4d3712ad12e2468add40cf1e0c32dea7a34f830559b37866e768
1774110816373105,1,0,ANON_5G_CON_IMSI_A0_0346ec4014feda45eee6526c155f466ad61243e354348ae3640ef20a77e217543800214218dc19f250dcdc2f74e7
1774110826563139,2,0,ANON_5G_CON_IMSI_A0_0346ec4014feda45eee6526c155f466ad61243e354348ae3640ef20a77e217543800214218dc19f250dcdc2f74e7
1774110836783077,3,0,ANON_5G_CON_IMSI_A0_0346ec4014feda45eee6526c155f466ad61243e354348ae3640ef20a77e217543800214218dc19f250dcdc2f74e7
1774110846997966,4,0,ANON_5G_CON_IMSI_A0_0346ec4014feda45eee6526c155f466ad61243e354348ae3640ef20a77e217543800214218dc19f250dcdc2f74e7
1774110857198053,5,0,ANON_5G_CON_IMSI_A0_0346ec4014feda45eee6526c155f466ad61243e354348ae3640ef20a77e217543800214218dc19f250dcdc2f74e7
1774111824940123,1,0,ANON_5G_CON_IMSI_A0_0347f9fbb4dec7eba7c4cf0cce1d8ac883b1bf75bd552b47f3650e686238fef78e6ba4c021b0aad3be429a2f88be
1774111835140025,2,0,ANON_5G_CON_IMSI_A0_0347f9fbb4dec7eba7c4cf0cce1d8ac883b1bf75bd552b47f3650e686238fef78e6ba4c021b0aad3be429a2f88be
1774111845340090,3,0,ANON_5G_CON_IMSI_A0_0347f9fbb4dec7eba7c4cf0cce1d8ac883b1bf75bd552b47f3650e686238fef78e6ba4c021b0aad3be429a2f88be
1774112791605342,1,0,ANON_5G_CON_IMSI_A0_03081ba4b717f370d771c4627a056bab0a0c5bd44dc27437e3fb9271d7887bbe45e5ef704bda40fc4d96f577a530
1774112801805218,2,0,ANON_5G_CON_IMSI_A0_03081ba4b717f370d771c4627a056bab0a0c5bd44dc27437e3fb9271d7887bbe45e5ef704bda40fc4d96f577a530
1774112811995193,3,0,ANON_5G_CON_IMSI_A0_03081ba4b717f370d771c4627a056bab0a0c5bd44dc27437e3fb9271d7887bbe45e5ef704bda40fc4d96f577a530
1774112822210248,4,0,ANON_5G_CON_IMSI_A0_03081ba4b717f370d771c4627a056bab0a0c5bd44dc27437e3fb9271d7887bbe45e5ef704bda40fc4d96f577a530
1774112832410329,5,0,ANON_5G_CON_IMSI_A0_03081ba4b717f370d771c4627a056bab0a0c5bd44dc27437e3fb9271d7887bbe45e5ef704bda40fc4d96f577a530
1774114137777751,1,0,ANON_5G_CON_IMSI_A0_03848aa4a591a3de2530c6f6a501b493593f19e8098524e8ec7bfdf6600c50218f09d762b87612cc5d1184aae608
1774114147997687,2,0,ANON_5G_CON_IMSI_A0_03848aa4a591a3de2530c6f6a501b493593f19e8098524e8ec7bfdf6600c50218f09d762b87612cc5d1184aae608
1774114442399233,1,0,ANON_5G_CON_IMSI_A0_033db1de60474cec5486acef4d31d89cafab4ea2ece7168d434b4480c216c75ae81662a89690b8d1fee85f2f3ffa
1774114452639216,2,0,ANON_5G_CON_IMSI_A0_033db1de60474cec5486acef4d31d89cafab4ea2ece7168d434b4480c216c75ae81662a89690b8d1fee85f2f3ffa
1774114462839309,3,0,ANON_5G_CON_IMSI_A0_033db1de60474cec5486acef4d31d89cafab4ea2ece7168d434b4480c216c75ae81662a89690b8d1fee85f2f3ffa
1774114473044278,4,0,ANON_5G_CON_IMSI_A0_033db1de60474cec5486acef4d31d89cafab4ea2ece7168d434b4480c216c75ae81662a89690b8d1fee85f2f3ffa
1774115757812741,1,0,ANON_5G_CON_IMSI_A0_03caf2066c20fe4e328c5f68c9fc1b46694067b551996d89b7ba4a09a19cb24084702c0e83783eefeb7df2ed7d78
1774115768012732,2,0,ANON_5G_CON_IMSI_A0_03caf2066c20fe4e328c5f68c9fc1b46694067b551996d89b7ba4a09a19cb24084702c0e83783eefeb7df2ed7d78
1774115778212735,3,0,ANON_5G_CON_IMSI_A0_03caf2066c20fe4e328c5f68c9fc1b46694067b551996d89b7ba4a09a19cb24084702c0e83783eefeb7df2ed7d78
1774115788417734,4,0,ANON_5G_CON_IMSI_A0_03caf2066c20fe4e328c5f68c9fc1b46694067b551996d89b7ba4a09a19cb24084702c0e83783eefeb7df2ed7d78
1774116758263827,1,0,ANON_5G_CON_IMSI_A0_037799a9a6a21e4708629d7a575a2df72836f8318120cbdd0cd46369e4189e0d44e261cfbe939d2f31b5a647d60b
1774116768463894,2,0,ANON_5G_CON_IMSI_A0_037799a9a6a21e4708629d7a575a2df72836f8318120cbdd0cd46369e4189e0d44e261cfbe939d2f31b5a647d60b
1774116778663887,3,0,ANON_5G_CON_IMSI_A0_037799a9a6a21e4708629d7a575a2df72836f8318120cbdd0cd46369e4189e0d44e261cfbe939d2f31b5a647d60b
1774117394096782,1,0,ANON_5G_CON_IMSI_A0_03932e0bd51d06fb41993c7e12a9210bb046dd88663f87dc1b62dd49fdcd4c25d509719c8bcdade48511122823c3
1774117404276734,2,0,ANON_5G_CON_IMSI_A0_03932e0bd51d06fb41993c7e12a9210bb046dd88663f87dc1b62dd49fdcd4c25d509719c8bcdade48511122823c3
1774117414456834,3,0,ANON_5G_CON_IMSI_A0_03932e0bd51d06fb41993c7e12a9210bb046dd88663f87dc1b62dd49fdcd4c25d509719c8bcdade48511122823c3
1774117424661720,4,0,ANON_5G_CON_IMSI_A0_03932e0bd51d06fb41993c7e12a9210bb046dd88663f87dc1b62dd49fdcd4c25d509719c8bcdade48511122823c3
1774117434881857,5,0,ANON_5G_CON_IMSI_A0_03932e0bd51d06fb41993c7e12a9210bb046dd88663f87dc1b62dd49fdcd4c25d509719c8bcdade48511122823c3
1774118423791781,1,0,ANON_5G_CON_IMSI_A0_031d8277f374515a9ca82e7701efb32aece9cd5bb5277dccddb1bee392cdbd0acf8af29b0ff2b79a9ce7c72f4f1c
1774118670046263,1,0,ANON_5G_CON_IMSI_A0_032d394ba61fadc96e7379498c767cccd083980ffb0080b86510e6d2e8fbe63bf102480758c4a9bd4d87c5c07b3b
1774118680246268,2,0,ANON_5G_CON_IMSI_A0_032d394ba61fadc96e7379498c767cccd083980ffb0080b86510e6d2e8fbe63bf102480758c4a9bd4d87c5c07b3b
1774118690446260,3,0,ANON_5G_CON_IMSI_A0_032d394ba61fadc96e7379498c767cccd083980ffb0080b86510e6d2e8fbe63bf102480758c4a9bd4d87c5c07b3b
1774119340287046,1,0,ANON_5G_CON_IMSI_A0_03a32c4b25c4c8d65cf9a4bc485117c691da70260be097fb6274becf04769ab1b6c4676d9e9a212cbda0c056b7c4
1774119350506930,2,0,ANON_5G_CON_IMSI_A0_03a32c4b25c4c8d65cf9a4bc485117c691da70260be097fb6274becf04769ab1b6c4676d9e9a212cbda0c056b7c4
1774119650862483,1,0,ANON_5G_CON_IMSI_A0_03e218bce41d9641f8a85219b24f362a435da8ee4dd35fb02b615d29cee5d8fd99a45c778e122d02d92a7d938fd0
1774119661062558,2,0,ANON_5G_CON_IMSI_A0_03e218bce41d9641f8a85219b24f362a435da8ee4dd35fb02b615d29cee5d8fd99a45c778e122d02d92a7d938fd0
1774119671272471,3,0,ANON_5G_CON_IMSI_A0_03e218bce41d9641f8a85219b24f362a435da8ee4dd35fb02b615d29cee5d8fd99a45c778e122d02d92a7d938fd0
1774119681467485,4,0,ANON_5G_CON_IMSI_A0_03e218bce41d9641f8a85219b24f362a435da8ee4dd35fb02b615d29cee5d8fd99a45c778e122d02d92a7d938fd0
1774120626620478,1,0,ANON_5G_CON_IMSI_A0_03a7050a1ec7c148826ebc40404da096f6131126e655976a9e2df97af52c4635e269a4c93301caea8723a990d3b7
1774120636840556,2,0,ANON_5G_CON_IMSI_A0_03a7050a1ec7c148826ebc40404da096f6131126e655976a9e2df97af52c4635e269a4c93301caea8723a990d3b7
1774120647040483,3,0,ANON_5G_CON_IMSI_A0_03a7050a1ec7c148826ebc40404da096f6131126e655976a9e2df97af52c4635e269a4c93301caea8723a990d3b7
1774120657245475,4,0,ANON_5G_CON_IMSI_A0_03a7050a1ec7c148826ebc40404da096f6131126e655976a9e2df97af52c4635e269a4c93301caea8723a990d3b7
1774120667465536,5,0,ANON_5G_CON_IMSI_A0_03a7050a1ec7c148826ebc40404da096f6131126e655976a9e2df97af52c4635e269a4c93301caea8723a990d3b7
1774121951700854,1,0,ANON_5G_CON_IMSI_A0_03db9770dffd7863982bf0157d5b497579fa277f14e2628b5eb95e7933772e2deee48affe2ddf47adb0e5b232ee6
1774121961900810,2,0,ANON_5G_CON_IMSI_A0_03db9770dffd7863982bf0157d5b497579fa277f14e2628b5eb95e7933772e2deee48affe2ddf47adb0e5b232ee6
1774121972080754,3,0,ANON_5G_CON_IMSI_A0_03db9770dffd7863982bf0157d5b497579fa277f14e2628b5eb95e7933772e2deee48affe2ddf47adb0e5b232ee6
1774121982285817,4,0,ANON_5G_CON_IMSI_A0_03db9770dffd7863982bf0157d5b497579fa277f14e2628b5eb95e7933772e2deee48affe2ddf47adb0e5b232ee6
1774122639045595,1,0,ANON_5G_CON_IMSI_A0_03332edba804401e6e3a9a6e8342322e664c1ed68359d95be4cd2d1884ab00a17f7a607bd041e226623d89d7ef66
1774122927211253,1,0,ANON_5G_CON_IMSI_A0_0313905ae207687b5ce0bcbe580d36cb23470288b45f533205402b9e60af6cd64e0171b67a54d7e368f6e1f938a7
1774122937411231,2,0,ANON_5G_CON_IMSI_A0_0313905ae207687b5ce0bcbe580d36cb23470288b45f533205402b9e60af6cd64e0171b67a54d7e368f6e1f938a7
1774122947591283,3,0,ANON_5G_CON_IMSI_A0_0313905ae207687b5ce0bcbe580d36cb23470288b45f533205402b9e60af6cd64e0171b67a54d7e368f6e1f938a7
1774122957796177,4,0,ANON_5G_CON_IMSI_A0_0313905ae207687b5ce0bcbe580d36cb23470288b45f533205402b9e60af6cd64e0171b67a54d7e368f6e1f938a7
1774122967996088,5,0,ANON_5G_CON_IMSI_A0_0313905ae207687b5ce0bcbe580d36cb23470288b45f533205402b9e60af6cd64e0171b67a54d7e368f6e1f938a7
1774124267027295,1,0,ANON_5G_CON_IMSI_A0_039ef36625841ac60e7ed475d89cc59e3072cac959137c482109a28e9bd8afb146c1344e509eda6c95cf60fa7219
1774124277227227,2,0,ANON_5G_CON_IMSI_A0_039ef36625841ac60e7ed475d89cc59e3072cac959137c482109a28e9bd8afb146c1344e509eda6c95cf60fa7219
1774124287427336,3,0,ANON_5G_CON_IMSI_A0_039ef36625841ac60e7ed475d89cc59e3072cac959137c482109a28e9bd8afb146c1344e509eda6c95cf60fa7219
1774124572912419,1,0,ANON_5G_CON_IMSI_A0_03acb730a958d32d309116fe7237dca4b702d2e3f40ffcc97ae1a5f06e800f99e4bfca3e7d6e9e247d5acdd351b5
1774124583112544,2,0,ANON_5G_CON_IMSI_A0_03acb730a958d32d309116fe7237dca4b702d2e3f40ffcc97ae1a5f06e800f99e4bfca3e7d6e9e247d5acdd351b5
1774124593312466,3,0,ANON_5G_CON_IMSI_A0_03acb730a958d32d309116fe7237dca4b702d2e3f40ffcc97ae1a5f06e800f99e4bfca3e7d6e9e247d5acdd351b5
1774124603517464,4,0,ANON_5G_CON_IMSI_A0_03acb730a958d32d309116fe7237dca4b702d2e3f40ffcc97ae1a5f06e800f99e4bfca3e7d6e9e247d5acdd351b5
1774124613737477,5,0,ANON_5G_CON_IMSI_A0_03acb730a958d32d309116fe7237dca4b702d2e3f40ffcc97ae1a5f06e800f99e4bfca3e7d6e9e247d5acdd351b5
1774125564984474,1,0,ANON_5G_CON_IMSI_A0_034d60a93f2045f3b2a55f56d60a91c0a37acd7a1193b889bd4782750fbb99455ffc4d70d1e75e72dadc431f8eec
1774125575184452,2,0,ANON_5G_CON_IMSI_A0_034d60a93f2045f3b2a55f56d60a91c0a37acd7a1193b889bd4782750fbb99455ffc4d70d1e75e72dadc431f8eec
1774125585384336,3,0,ANON_5G_CON_IMSI_A0_034d60a93f2045f3b2a55f56d60a91c0a37acd7a1193b889bd4782750fbb99455ffc4d70d1e75e72dadc431f8eec
1774125595589398,4,0,ANON_5G_CON_IMSI_A0_034d60a93f2045f3b2a55f56d60a91c0a37acd7a1193b889bd4782750fbb99455ffc4d70d1e75e72dadc431f8eec
1774126240884942,1,0,ANON_5G_CON_IMSI_A0_02de5da59c83a23f3f2c1184d21da2d3cc41e4918922cab34cde3666f4e9260de5c6a4a8fdebf8c8399ee9282673
1774127205736345,1,0,ANON_5G_CON_IMSI_A0_030ef3dcd2184d048d417c7ddab181895db11c856e6b1eabc3dae75bc5bc3197e4ebd6eb2e716112414da6a3b107
1774127215936433,2,0,ANON_5G_CON_IMSI_A0_030ef3dcd2184d048d417c7ddab181895db11c856e6b1eabc3dae75bc5bc3197e4ebd6eb2e716112414da6a3b107
1774127226116275,3,0,ANON_5G_CON_IMSI_A0_030ef3dcd2184d048d417c7ddab181895db11c856e6b1eabc3dae75bc5bc3197e4ebd6eb2e716112414da6a3b107
1774127236321296,4,0,ANON_5G_CON_IMSI_A0_030ef3dcd2184d048d417c7ddab181895db11c856e6b1eabc3dae75bc5bc3197e4ebd6eb2e716112414da6a3b107
1774127246541361,5,0,ANON_5G_CON_IMSI_A0_030ef3dcd2184d048d417c7ddab181895db11c856e6b1eabc3dae75bc5bc3197e4ebd6eb2e716112414da6a3b107
1774127540883439,1,0,ANON_5G_CON_IMSI_A0_03545e5dd192bc5c75ba0ecf055680dadb179f0311d0233e7b6394c66e7bee977e5692dd6c3046a8be9c7ec06ab6
1774127552873376,2,0,ANON_5G_CON_IMSI_A0_03545e5dd192bc5c75ba0ecf055680dadb179f0311d0233e7b6394c66e7bee977e5692dd6c3046a8be9c7ec06ab6
1774127564893369,3,0,ANON_5G_CON_IMSI_A0_03545e5dd192bc5c75ba0ecf055680dadb179f0311d0233e7b6394c66e7bee977e5692dd6c3046a8be9c7ec06ab6
1774128199941505,1,0,ANON_5G_CON_IMSI_A0_030962a541d4fcd031278d8494fa492fd6794f1f03ee4360e39e6f0dae574cac06b7d905720dd0445853ca76e5ad
1774128210141527,2,0,ANON_5G_CON_IMSI_A0_030962a541d4fcd031278d8494fa492fd6794f1f03ee4360e39e6f0dae574cac06b7d905720dd0445853ca76e5ad
1774128220321506,3,0,ANON_5G_CON_IMSI_A0_030962a541d4fcd031278d8494fa492fd6794f1f03ee4360e39e6f0dae574cac06b7d905720dd0445853ca76e5ad
1774128230506426,4,0,ANON_5G_CON_IMSI_A0_030962a541d4fcd031278d8494fa492fd6794f1f03ee4360e39e6f0dae574cac06b7d905720dd0445853ca76e5ad
1774129526756845,1,0,ANON_5G_CON_IMSI_A0_0378f59c1a5d27f9eee7030d94952b16cbe9a341f1d36c9342d1c00b25713f55d163efe856a75a739ee119f69923
1774129536956849,2,0,ANON_5G_CON_IMSI_A0_0378f59c1a5d27f9eee7030d94952b16cbe9a341f1d36c9342d1c00b25713f55d163efe856a75a739ee119f69923
1774129547156843,3,0,ANON_5G_CON_IMSI_A0_0378f59c1a5d27f9eee7030d94952b16cbe9a341f1d36c9342d1c00b25713f55d163efe856a75a739ee119f69923
1774130200319210,1,0,ANON_5G_CON_IMSI_A0_03337bc518cf7121159e0526ee16b27c2bf0ac656983cd92fb12d98f851389a115da333076ef34b842dfde2d5d6d
1774130506457925,1,0,ANON_5G_CON_IMSI_A0_0379a588804062928ba19d6a19407b8ea26dc6ee5d17020e346ea11d97ff852af7486af4ffe650817a1072c80413
1774130516657798,2,0,ANON_5G_CON_IMSI_A0_0379a588804062928ba19d6a19407b8ea26dc6ee5d17020e346ea11d97ff852af7486af4ffe650817a1072c80413
1774130526857720,3,0,ANON_5G_CON_IMSI_A0_0379a588804062928ba19d6a19407b8ea26dc6ee5d17020e346ea11d97ff852af7486af4ffe650817a1072c80413
1774130815874799,1,0,ANON_5G_CON_IMSI_A0_036e2cbefe8604ea131b9fb505f0ebed96c0dd84515fa90a3148feca539131d08f2d507076fbcceb3543b57c8558
1774130826074716,2,0,ANON_5G_CON_IMSI_A0_036e2cbefe8604ea131b9fb505f0ebed96c0dd84515fa90a3148feca539131d08f2d507076fbcceb3543b57c8558
1774130836254658,3,0,ANON_5G_CON_IMSI_A0_036e2cbefe8604ea131b9fb505f0ebed96c0dd84515fa90a3148feca539131d08f2d507076fbcceb3543b57c8558
1774130846459647,4,0,ANON_5G_CON_IMSI_A0_036e2cbefe8604ea131b9fb505f0ebed96c0dd84515fa90a3148feca539131d08f2d507076fbcceb3543b57c8558
1774130856659514,5,0,ANON_5G_CON_IMSI_A0_036e2cbefe8604ea131b9fb505f0ebed96c0dd84515fa90a3148feca539131d08f2d507076fbcceb3543b57c8558
1774132158588328,1,0,ANON_5G_CON_IMSI_A0_03aef5badc44602da75ea9e8493574b6dce6376f7168b9d8e91c01daef97180a893373deae65de645f2e0c00531e
1774132168768314,2,0,ANON_5G_CON_IMSI_A0_03aef5badc44602da75ea9e8493574b6dce6376f7168b9d8e91c01daef97180a893373deae65de645f2e0c00531e
1774132178948217,3,0,ANON_5G_CON_IMSI_A0_03aef5badc44602da75ea9e8493574b6dce6376f7168b9d8e91c01daef97180a893373deae65de645f2e0c00531e
1774132465434854,1,0,ANON_5G_CON_IMSI_A0_03a802c497d96d9f6b99bc442c5fc9c3c17985e93a8173f94e52a2b443b32f72c0c75a9606b15fb0ebd1363f5f64
1774132475614830,2,0,ANON_5G_CON_IMSI_A0_03a802c497d96d9f6b99bc442c5fc9c3c17985e93a8173f94e52a2b443b32f72c0c75a9606b15fb0ebd1363f5f64
1774132485814816,3,0,ANON_5G_CON_IMSI_A0_03a802c497d96d9f6b99bc442c5fc9c3c17985e93a8173f94e52a2b443b32f72c0c75a9606b15fb0ebd1363f5f64
1774132495999902,4,0,ANON_5G_CON_IMSI_A0_03a802c497d96d9f6b99bc442c5fc9c3c17985e93a8173f94e52a2b443b32f72c0c75a9606b15fb0ebd1363f5f64
1774132506199855,5,0,ANON_5G_CON_IMSI_A0_03a802c497d96d9f6b99bc442c5fc9c3c17985e93a8173f94e52a2b443b32f72c0c75a9606b15fb0ebd1363f5f64
1774133445212025,1,0,ANON_5G_CON_IMSI_A0_03e04cf4a9cfad65ec4f69a75684ff30b0d3d1703ed2dc6b53ef7f73c1c8035b24c36eb76974f977ef65e14fbf54
1774133455411979,2,0,ANON_5G_CON_IMSI_A0_03e04cf4a9cfad65ec4f69a75684ff30b0d3d1703ed2dc6b53ef7f73c1c8035b24c36eb76974f977ef65e14fbf54
1774133465611914,3,0,ANON_5G_CON_IMSI_A0_03e04cf4a9cfad65ec4f69a75684ff30b0d3d1703ed2dc6b53ef7f73c1c8035b24c36eb76974f977ef65e14fbf54
1774133475816972,4,0,ANON_5G_CON_IMSI_A0_03e04cf4a9cfad65ec4f69a75684ff30b0d3d1703ed2dc6b53ef7f73c1c8035b24c36eb76974f977ef65e14fbf54
1774133486036955,5,0,ANON_5G_CON_IMSI_A0_03e04cf4a9cfad65ec4f69a75684ff30b0d3d1703ed2dc6b53ef7f73c1c8035b24c36eb76974f977ef65e14fbf54
1774134781688398,1,0,ANON_5G_CON_IMSI_A0_034f209b27237e787aa5c8712504a40d48da75c1daf28c856cb477f57e7c53ef3ba50a2f2297df7515a84e561315
1774134791888315,2,0,ANON_5G_CON_IMSI_A0_034f209b27237e787aa5c8712504a40d48da75c1daf28c856cb477f57e7c53ef3ba50a2f2297df7515a84e561315
1774134802068425,3,0,ANON_5G_CON_IMSI_A0_034f209b27237e787aa5c8712504a40d48da75c1daf28c856cb477f57e7c53ef3ba50a2f2297df7515a84e561315
1774135453197234,1,0,ANON_5G_CON_IMSI_A0_03cfd734f714a152daaf236f44f685882d12856081da94c15a298482de275945266c1cd6c98c423bc165d1762e88
1774135463397213,2,0,ANON_5G_CON_IMSI_A0_03cfd734f714a152daaf236f44f685882d12856081da94c15a298482de275945266c1cd6c98c423bc165d1762e88
1774135757130236,1,0,ANON_5G_CON_IMSI_A0_0352c94a7e7a18b0633671c820174daede17a976df0ce1d56b695c728b6b955e7224d7197fb3d7e7670d44a8edee
1774135767310197,2,0,ANON_5G_CON_IMSI_A0_0352c94a7e7a18b0633671c820174daede17a976df0ce1d56b695c728b6b955e7224d7197fb3d7e7670d44a8edee
1774135777510145,3,0,ANON_5G_CON_IMSI_A0_0352c94a7e7a18b0633671c820174daede17a976df0ce1d56b695c728b6b955e7224d7197fb3d7e7670d44a8edee
1774135787715194,4,0,ANON_5G_CON_IMSI_A0_0352c94a7e7a18b0633671c820174daede17a976df0ce1d56b695c728b6b955e7224d7197fb3d7e7670d44a8edee
1774137095286746,1,0,ANON_5G_CON_IMSI_A0_03efdf1fd12f1f1213bed9bc30a74f2f7daa975f5d4a1fa58563a61fcec701b5104d31df6b815f75f8fef423507b
1774137105486723,2,0,ANON_5G_CON_IMSI_A0_03efdf1fd12f1f1213bed9bc30a74f2f7daa975f5d4a1fa58563a61fcec701b5104d31df6b815f75f8fef423507b
1774137397236095,1,0,ANON_5G_CON_IMSI_A0_038753717869a9bfeb9e8be636a8a73c356b4e5485207b44da3b294876f400e28bbe1185c6d087a643cf1a45d234
1774137407416028,2,0,ANON_5G_CON_IMSI_A0_038753717869a9bfeb9e8be636a8a73c356b4e5485207b44da3b294876f400e28bbe1185c6d087a643cf1a45d234
1774137417595988,3,0,ANON_5G_CON_IMSI_A0_038753717869a9bfeb9e8be636a8a73c356b4e5485207b44da3b294876f400e28bbe1185c6d087a643cf1a45d234
1774137427800985,4,0,ANON_5G_CON_IMSI_A0_038753717869a9bfeb9e8be636a8a73c356b4e5485207b44da3b294876f400e28bbe1185c6d087a643cf1a45d234
1774137438021056,5,0,ANON_5G_CON_IMSI_A0_038753717869a9bfeb9e8be636a8a73c356b4e5485207b44da3b294876f400e28bbe1185c6d087a643cf1a45d234
1774138744476305,1,0,ANON_5G_CON_IMSI_A0_036a4bd68420aa2b490f35e574dd19808bb3f3ea98a11acb0a9e7d90c5b1a3a728446bb5e9ce58529093ae0d38ad
1774139038509027,1,0,ANON_5G_CON_IMSI_A0_0390bea8ac7d80a979a1c122b5753632849fb62c986be41150f89bd757f55497cf6e3a8d5f167b20b89d64815e77
1774139048709036,2,0,ANON_5G_CON_IMSI_A0_0390bea8ac7d80a979a1c122b5753632849fb62c986be41150f89bd757f55497cf6e3a8d5f167b20b89d64815e77
1774139058889082,3,0,ANON_5G_CON_IMSI_A0_0390bea8ac7d80a979a1c122b5753632849fb62c986be41150f89bd757f55497cf6e3a8d5f167b20b89d64815e77
1774139069114019,4,0,ANON_5G_CON_IMSI_A0_0390bea8ac7d80a979a1c122b5753632849fb62c986be41150f89bd757f55497cf6e3a8d5f167b20b89d64815e77
1774139079334045,5,0,ANON_5G_CON_IMSI_A0_0390bea8ac7d80a979a1c122b5753632849fb62c986be41150f89bd757f55497cf6e3a8d5f167b20b89d64815e77
1774140043175751,1,0,ANON_5G_CON_IMSI_A0_031f38aca9cc902dc02eb72891df2c94c01de9e36c5a8578fcef0b6956443114fe128dd25cb0af70468ff25325f5
1774140053375796,2,0,ANON_5G_CON_IMSI_A0_031f38aca9cc902dc02eb72891df2c94c01de9e36c5a8578fcef0b6956443114fe128dd25cb0af70468ff25325f5
1774140063575723,3,0,ANON_5G_CON_IMSI_A0_031f38aca9cc902dc02eb72891df2c94c01de9e36c5a8578fcef0b6956443114fe128dd25cb0af70468ff25325f5
1774140706461705,1,0,ANON_5G_CON_IMSI_A0_0324d481a15d02e86a74071cb9c08a6ebabb87af4249712539ac2a1b5088d8a24950d5d3140f67e9228cdca9179d
1774140716641676,2,0,ANON_5G_CON_IMSI_A0_0324d481a15d02e86a74071cb9c08a6ebabb87af4249712539ac2a1b5088d8a24950d5d3140f67e9228cdca9179d
1774140726841625,3,0,ANON_5G_CON_IMSI_A0_0324d481a15d02e86a74071cb9c08a6ebabb87af4249712539ac2a1b5088d8a24950d5d3140f67e9228cdca9179d
1774141010050631,1,0,ANON_5G_CON_IMSI_A0_03c8d834a7d709096f54c95d1fac81d399e75f42625756ca9bf872a07389e93c567764ac208e9ac776faa6b67aac
1774141020250607,2,0,ANON_5G_CON_IMSI_A0_03c8d834a7d709096f54c95d1fac81d399e75f42625756ca9bf872a07389e93c567764ac208e9ac776faa6b67aac
1774141030430627,3,0,ANON_5G_CON_IMSI_A0_03c8d834a7d709096f54c95d1fac81d399e75f42625756ca9bf872a07389e93c567764ac208e9ac776faa6b67aac
1774141040615675,4,0,ANON_5G_CON_IMSI_A0_03c8d834a7d709096f54c95d1fac81d399e75f42625756ca9bf872a07389e93c567764ac208e9ac776faa6b67aac
1774141050815644,5,0,ANON_5G_CON_IMSI_A0_03c8d834a7d709096f54c95d1fac81d399e75f42625756ca9bf872a07389e93c567764ac208e9ac776faa6b67aac
1774142345692600,1,0,ANON_5G_CON_IMSI_A0_0342c9ec726f39ed5a13399b6486ffeda225e774f91dc01c3d878df49cfe27a8ab63c4e9f2533d91ec559269954b
1774142355872545,2,0,ANON_5G_CON_IMSI_A0_0342c9ec726f39ed5a13399b6486ffeda225e774f91dc01c3d878df49cfe27a8ab63c4e9f2533d91ec559269954b
1774142366052565,3,0,ANON_5G_CON_IMSI_A0_0342c9ec726f39ed5a13399b6486ffeda225e774f91dc01c3d878df49cfe27a8ab63c4e9f2533d91ec559269954b
1774142648995836,1,0,ANON_5G_CON_IMSI_A0_03edd9a297aa8016516e614121102c30a1eb1855da3e948c4f89bdc262072bce725ce0abc1a9c3e1b2b312f9d32e
1774142659175811,2,0,ANON_5G_CON_IMSI_A0_03edd9a297aa8016516e614121102c30a1eb1855da3e948c4f89bdc262072bce725ce0abc1a9c3e1b2b312f9d32e
1774142669375866,3,0,ANON_5G_CON_IMSI_A0_03edd9a297aa8016516e614121102c30a1eb1855da3e948c4f89bdc262072bce725ce0abc1a9c3e1b2b312f9d32e
1774142679560983,4,0,ANON_5G_CON_IMSI_A0_03edd9a297aa8016516e614121102c30a1eb1855da3e948c4f89bdc262072bce725ce0abc1a9c3e1b2b312f9d32e
1774142689760978,5,0,ANON_5G_CON_IMSI_A0_03edd9a297aa8016516e614121102c30a1eb1855da3e948c4f89bdc262072bce725ce0abc1a9c3e1b2b312f9d32e
1774143680797452,1,0,ANON_5G_CON_IMSI_A0_03d714f6332fe42750f1d61de0159f13874e0c5f602129e39eccbf5a49d88dff5eead634ca14ee92735abdbfe2a0
1774143983763059,1,0,ANON_5G_CON_IMSI_A0_0364514de806f8ed258dac09fd64eccd550ff2178c67fdfc39ded73a8b49cac261c613e23b4c1c6f19953f0d297c
1774143993963065,2,0,ANON_5G_CON_IMSI_A0_0364514de806f8ed258dac09fd64eccd550ff2178c67fdfc39ded73a8b49cac261c613e23b4c1c6f19953f0d297c
1774144004143109,3,0,ANON_5G_CON_IMSI_A0_0364514de806f8ed258dac09fd64eccd550ff2178c67fdfc39ded73a8b49cac261c613e23b4c1c6f19953f0d297c
1774144014328069,4,0,ANON_5G_CON_IMSI_A0_0364514de806f8ed258dac09fd64eccd550ff2178c67fdfc39ded73a8b49cac261c613e23b4c1c6f19953f0d297c
1774144966898790,1,0,ANON_5G_CON_IMSI_A0_03fe34a3315aff9dccdef452c5d0cfdf5a08553cc1ec97868d56f63e45a7fc7b353387d2962040f2d8d45d5b879e
1774144977098693,2,0,ANON_5G_CON_IMSI_A0_03fe34a3315aff9dccdef452c5d0cfdf5a08553cc1ec97868d56f63e45a7fc7b353387d2962040f2d8d45d5b879e
1774144987298617,3,0,ANON_5G_CON_IMSI_A0_03fe34a3315aff9dccdef452c5d0cfdf5a08553cc1ec97868d56f63e45a7fc7b353387d2962040f2d8d45d5b879e
1774144997483582,4,0,ANON_5G_CON_IMSI_A0_03fe34a3315aff9dccdef452c5d0cfdf5a08553cc1ec97868d56f63e45a7fc7b353387d2962040f2d8d45d5b879e
1774146298489043,1,0,ANON_5G_CON_IMSI_A0_03c3960333a402b76f2f570b7965e350b48c49e1ba1e32d396750784888a12ee8157e8b25f19d78b1707ced5d743
1774146308669015,2,0,ANON_5G_CON_IMSI_A0_03c3960333a402b76f2f570b7965e350b48c49e1ba1e32d396750784888a12ee8157e8b25f19d78b1707ced5d743
1774146601157316,1,0,ANON_5G_CON_IMSI_A0_03ecf7e174debe4c2a4ca1fefca593c766f0ea0bb508127c7f8afcdbbd2d30847dbf6588c2b9a7c2bc8ff4b22fce
1774146611337366,2,0,ANON_5G_CON_IMSI_A0_03ecf7e174debe4c2a4ca1fefca593c766f0ea0bb508127c7f8afcdbbd2d30847dbf6588c2b9a7c2bc8ff4b22fce
1774146621517350,3,0,ANON_5G_CON_IMSI_A0_03ecf7e174debe4c2a4ca1fefca593c766f0ea0bb508127c7f8afcdbbd2d30847dbf6588c2b9a7c2bc8ff4b22fce
1774146631722427,4,0,ANON_5G_CON_IMSI_A0_03ecf7e174debe4c2a4ca1fefca593c766f0ea0bb508127c7f8afcdbbd2d30847dbf6588c2b9a7c2bc8ff4b22fce
1774146641942333,5,0,ANON_5G_CON_IMSI_A0_03ecf7e174debe4c2a4ca1fefca593c766f0ea0bb508127c7f8afcdbbd2d30847dbf6588c2b9a7c2bc8ff4b22fce
1774147935765897,1,0,ANON_5G_CON_IMSI_A0_03a8eb67b3a07a6d8c32b886978ffe0751520647616b6e9c67ae962746584e12edb71bc520724c53fa07c91554e2
1774147945965789,2,0,ANON_5G_CON_IMSI_A0_03a8eb67b3a07a6d8c32b886978ffe0751520647616b6e9c67ae962746584e12edb71bc520724c53fa07c91554e2
1774147956145803,3,0,ANON_5G_CON_IMSI_A0_03a8eb67b3a07a6d8c32b886978ffe0751520647616b6e9c67ae962746584e12edb71bc520724c53fa07c91554e2
1774148238891710,1,0,ANON_5G_CON_IMSI_A0_0395133d3bcbfe448c406c4ead611bedd15eee6d7a0cf0667ba4627a046df376a0c7dfde7b6b93ad88b80ec9e07e
1774148249091675,2,0,ANON_5G_CON_IMSI_A0_0395133d3bcbfe448c406c4ead611bedd15eee6d7a0cf0667ba4627a046df376a0c7dfde7b6b93ad88b80ec9e07e
1774148259291639,3,0,ANON_5G_CON_IMSI_A0_0395133d3bcbfe448c406c4ead611bedd15eee6d7a0cf0667ba4627a046df376a0c7dfde7b6b93ad88b80ec9e07e
1774148269496813,4,0,ANON_5G_CON_IMSI_A0_0395133d3bcbfe448c406c4ead611bedd15eee6d7a0cf0667ba4627a046df376a0c7dfde7b6b93ad88b80ec9e07e
1774148279696755,5,0,ANON_5G_CON_IMSI_A0_0395133d3bcbfe448c406c4ead611bedd15eee6d7a0cf0667ba4627a046df376a0c7dfde7b6b93ad88b80ec9e07e
1774149229719551,1,0,ANON_5G_CON_IMSI_A0_03f80ddd84c9691fb2bc10add59880fa317caf9ef0cf4858b6e433391ae8cc5f0f5000d823497644560a60e95363
1774149239919343,2,0,ANON_5G_CON_IMSI_A0_03f80ddd84c9691fb2bc10add59880fa317caf9ef0cf4858b6e433391ae8cc5f0f5000d823497644560a60e95363
1774149250119461,3,0,ANON_5G_CON_IMSI_A0_03f80ddd84c9691fb2bc10add59880fa317caf9ef0cf4858b6e433391ae8cc5f0f5000d823497644560a60e95363
1774149260324379,4,0,ANON_5G_CON_IMSI_A0_03f80ddd84c9691fb2bc10add59880fa317caf9ef0cf4858b6e433391ae8cc5f0f5000d823497644560a60e95363
1774149270524330,5,0,ANON_5G_CON_IMSI_A0_03f80ddd84c9691fb2bc10add59880fa317caf9ef0cf4858b6e433391ae8cc5f0f5000d823497644560a60e95363
1774150257308167,1,0,ANON_5G_CON_IMSI_A0_03ea0816eac8f0f6874e67e4c71b1b39b120639a494fe575dfecae97daa021f8433383bd9ac0de1438071f526621
1774150570065472,1,0,ANON_5G_CON_IMSI_A0_03670ea9d336550ff96d29eacbf71cc666f747993f33c380d0a7031e95a43d4c865cd736ec20cfeb0e9b983371e4
1774150580245409,2,0,ANON_5G_CON_IMSI_A0_03670ea9d336550ff96d29eacbf71cc666f747993f33c380d0a7031e95a43d4c865cd736ec20cfeb0e9b983371e4
1774151208782291,1,0,ANON_5G_CON_IMSI_A0_03ffc8b0a52ad5e838dc884b5fbce0098e1d7764856a3a3cb275c59d9001379b7cbeccc95e81615b488af464421c
1774151218962354,2,0,ANON_5G_CON_IMSI_A0_03ffc8b0a52ad5e838dc884b5fbce0098e1d7764856a3a3cb275c59d9001379b7cbeccc95e81615b488af464421c
1774151229142287,3,0,ANON_5G_CON_IMSI_A0_03ffc8b0a52ad5e838dc884b5fbce0098e1d7764856a3a3cb275c59d9001379b7cbeccc95e81615b488af464421c
1774151239347371,4,0,ANON_5G_CON_IMSI_A0_03ffc8b0a52ad5e838dc884b5fbce0098e1d7764856a3a3cb275c59d9001379b7cbeccc95e81615b488af464421c
1774152541622126,1,0,ANON_5G_CON_IMSI_A0_03a9a1ed115a1805809a5c47372416f720aede2d766c6fb18bf7b201abcd3ca88d9a998bb17874eca96690058024
1774152551842028,2,0,ANON_5G_CON_IMSI_A0_03a9a1ed115a1805809a5c47372416f720aede2d766c6fb18bf7b201abcd3ca88d9a998bb17874eca96690058024
1774152562021901,3,0,ANON_5G_CON_IMSI_A0_03a9a1ed115a1805809a5c47372416f720aede2d766c6fb18bf7b201abcd3ca88d9a998bb17874eca96690058024
1774152844359309,1,0,ANON_5G_CON_IMSI_A0_0386cc6ce766d377d21e6ddcb33e9deb97590b199ef05ff13b4efbc957ebb785eeb57ca3fc672648b64a9abdb178
1774152854539247,2,0,ANON_5G_CON_IMSI_A0_0386cc6ce766d377d21e6ddcb33e9deb97590b199ef05ff13b4efbc957ebb785eeb57ca3fc672648b64a9abdb178
1774152864719226,3,0,ANON_5G_CON_IMSI_A0_0386cc6ce766d377d21e6ddcb33e9deb97590b199ef05ff13b4efbc957ebb785eeb57ca3fc672648b64a9abdb178
1774152874924207,4,0,ANON_5G_CON_IMSI_A0_0386cc6ce766d377d21e6ddcb33e9deb97590b199ef05ff13b4efbc957ebb785eeb57ca3fc672648b64a9abdb178
1774152885144214,5,0,ANON_5G_CON_IMSI_A0_0386cc6ce766d377d21e6ddcb33e9deb97590b199ef05ff13b4efbc957ebb785eeb57ca3fc672648b64a9abdb178
1774153853134595,1,0,ANON_5G_CON_IMSI_A0_03c2c7f0f467ec7f57e3bf79b2de6dfc2cc147e6a3fb23c8fe9faf8eb7a79903776a24da08d1c409e0d2119420df
1774153863314631,2,0,ANON_5G_CON_IMSI_A0_03c2c7f0f467ec7f57e3bf79b2de6dfc2cc147e6a3fb23c8fe9faf8eb7a79903776a24da08d1c409e0d2119420df
1774153873494550,3,0,ANON_5G_CON_IMSI_A0_03c2c7f0f467ec7f57e3bf79b2de6dfc2cc147e6a3fb23c8fe9faf8eb7a79903776a24da08d1c409e0d2119420df
1774154511664369,1,0,ANON_5G_CON_IMSI_A0_0393bc3ebfdcbceaddcd72340f486cd4174eb1bd9a1a3c0f6332301410d0bb83365e8d7b024290faf1f0badfd15e
1774154521864310,2,0,ANON_5G_CON_IMSI_A0_0393bc3ebfdcbceaddcd72340f486cd4174eb1bd9a1a3c0f6332301410d0bb83365e8d7b024290faf1f0badfd15e
1774154532064316,3,0,ANON_5G_CON_IMSI_A0_0393bc3ebfdcbceaddcd72340f486cd4174eb1bd9a1a3c0f6332301410d0bb83365e8d7b024290faf1f0badfd15e
1774154814680277,1,0,ANON_5G_CON_IMSI_A0_03c5b344d857c5fdd89ecb4b4d6b7532cf517add4c72422da840a5183d1547a35fe0eabfdf768527f19fe4da6dc7
1774154824880224,2,0,ANON_5G_CON_IMSI_A0_03c5b344d857c5fdd89ecb4b4d6b7532cf517add4c72422da840a5183d1547a35fe0eabfdf768527f19fe4da6dc7
1774154835060272,3,0,ANON_5G_CON_IMSI_A0_03c5b344d857c5fdd89ecb4b4d6b7532cf517add4c72422da840a5183d1547a35fe0eabfdf768527f19fe4da6dc7
1774154845245255,4,0,ANON_5G_CON_IMSI_A0_03c5b344d857c5fdd89ecb4b4d6b7532cf517add4c72422da840a5183d1547a35fe0eabfdf768527f19fe4da6dc7
1774154855445253,5,0,ANON_5G_CON_IMSI_A0_03c5b344d857c5fdd89ecb4b4d6b7532cf517add4c72422da840a5183d1547a35fe0eabfdf768527f19fe4da6dc7
1774155766970848,1,0,ANON_5G_CON_IMSI_A0_03af4906553f42e86e2870805d414a946c0791025068daec69956c3d584b08b8d8cdbe031a4350209a539b78632d
1774155777190834,2,0,ANON_5G_CON_IMSI_A0_03af4906553f42e86e2870805d414a946c0791025068daec69956c3d584b08b8d8cdbe031a4350209a539b78632d
1774155787370800,3,0,ANON_5G_CON_IMSI_A0_03af4906553f42e86e2870805d414a946c0791025068daec69956c3d584b08b8d8cdbe031a4350209a539b78632d
1774156076160345,1,0,ANON_5G_CON_IMSI_A0_03a6d81a93d14f7f87a7ca43f8a37fc32f9945dd241c7ee5190b463fa1277b42d479e5043cf004157b370dae7dc0
1774156086340403,2,0,ANON_5G_CON_IMSI_A0_03a6d81a93d14f7f87a7ca43f8a37fc32f9945dd241c7ee5190b463fa1277b42d479e5043cf004157b370dae7dc0
1774156096520410,3,0,ANON_5G_CON_IMSI_A0_03a6d81a93d14f7f87a7ca43f8a37fc32f9945dd241c7ee5190b463fa1277b42d479e5043cf004157b370dae7dc0
1774156106725389,4,0,ANON_5G_CON_IMSI_A0_03a6d81a93d14f7f87a7ca43f8a37fc32f9945dd241c7ee5190b463fa1277b42d479e5043cf004157b370dae7dc0
1774156116925335,5,0,ANON_5G_CON_IMSI_A0_03a6d81a93d14f7f87a7ca43f8a37fc32f9945dd241c7ee5190b463fa1277b42d479e5043cf004157b370dae7dc0
1774157103899388,1,0,ANON_5G_CON_IMSI_A0_0397d66a75361ce526a7a279e4f538be05a77a334404d7d8e3513fa4714af7f7bea2ec14bd2ba700a5c02502578c
1774157406662876,1,0,ANON_5G_CON_IMSI_A0_0337bc4d854d008bf4b747b70efbd02fb64a33e9c718527e4361d49539b8bba888f55f14a65431a7ceb5ded0c308
1774157416842856,2,0,ANON_5G_CON_IMSI_A0_0337bc4d854d008bf4b747b70efbd02fb64a33e9c718527e4361d49539b8bba888f55f14a65431a7ceb5ded0c308
1774157427022746,3,0,ANON_5G_CON_IMSI_A0_0337bc4d854d008bf4b747b70efbd02fb64a33e9c718527e4361d49539b8bba888f55f14a65431a7ceb5ded0c308
1774157437207774,4,0,ANON_5G_CON_IMSI_A0_0337bc4d854d008bf4b747b70efbd02fb64a33e9c718527e4361d49539b8bba888f55f14a65431a7ceb5ded0c308
1774158315118411,1,0,ANON_5G_CON_IMSI_A0_031ae2ec750653155b5959080a481a25434c099702094335f39eaa03e7f66186796bf7b394c6a5e7c8074cb53868
1774158325298362,2,0,ANON_5G_CON_IMSI_A0_031ae2ec750653155b5959080a481a25434c099702094335f39eaa03e7f66186796bf7b394c6a5e7c8074cb53868
1774158335498393,3,0,ANON_5G_CON_IMSI_A0_031ae2ec750653155b5959080a481a25434c099702094335f39eaa03e7f66186796bf7b394c6a5e7c8074cb53868
1774158345683279,4,0,ANON_5G_CON_IMSI_A0_031ae2ec750653155b5959080a481a25434c099702094335f39eaa03e7f66186796bf7b394c6a5e7c8074cb53868
1774158355883324,5,0,ANON_5G_CON_IMSI_A0_031ae2ec750653155b5959080a481a25434c099702094335f39eaa03e7f66186796bf7b394c6a5e7c8074cb53868
1774159346790423,1,0,ANON_5G_CON_IMSI_A0_038f6921416e329af712f68f4614cc3bfa47564297458d6cb558459f0c3f931a071814351a96b1b8414c93034bd1
1774159649681088,1,0,ANON_5G_CON_IMSI_A0_03f1b5dc2d4e1ff9e27fe1dd91e3cc3762a2ad3064276b7a9b3f602d75a9126d93ea684a0a7a8a9446ed484f3106
1774159659861050,2,0,ANON_5G_CON_IMSI_A0_03f1b5dc2d4e1ff9e27fe1dd91e3cc3762a2ad3064276b7a9b3f602d75a9126d93ea684a0a7a8a9446ed484f3106
1774159670041153,3,0,ANON_5G_CON_IMSI_A0_03f1b5dc2d4e1ff9e27fe1dd91e3cc3762a2ad3064276b7a9b3f602d75a9126d93ea684a0a7a8a9446ed484f3106
1774159958900152,1,0,ANON_5G_CON_IMSI_A0_032e0e4e9827405d829bfe425b12f224a7cd5840354b3a70c715fde3a0f1252b56e4ac0bab4a221c0c981d218022
1774159969080238,2,0,ANON_5G_CON_IMSI_A0_032e0e4e9827405d829bfe425b12f224a7cd5840354b3a70c715fde3a0f1252b56e4ac0bab4a221c0c981d218022
1774159979260208,3,0,ANON_5G_CON_IMSI_A0_032e0e4e9827405d829bfe425b12f224a7cd5840354b3a70c715fde3a0f1252b56e4ac0bab4a221c0c981d218022
1774159989465123,4,0,ANON_5G_CON_IMSI_A0_032e0e4e9827405d829bfe425b12f224a7cd5840354b3a70c715fde3a0f1252b56e4ac0bab4a221c0c981d218022
1774159999665100,5,0,ANON_5G_CON_IMSI_A0_032e0e4e9827405d829bfe425b12f224a7cd5840354b3a70c715fde3a0f1252b56e4ac0bab4a221c0c981d218022
1774160987395491,1,0,ANON_5G_CON_IMSI_A0_03127668196b94923bbebb64259415159c187587e35b87b2a1a78806109ce06bfc935a9853b91d47dd07dd02fa8c
1774161623513424,1,0,ANON_5G_CON_IMSI_A0_03b7b4b827478810157cb7a1dd6b472959366decb1cf3d13933450a2f34ec4a81a34ff306b79c0093b96c87fd321
1774161633693204,2,0,ANON_5G_CON_IMSI_A0_03b7b4b827478810157cb7a1dd6b472959366decb1cf3d13933450a2f34ec4a81a34ff306b79c0093b96c87fd321
1774161643893223,3,0,ANON_5G_CON_IMSI_A0_03b7b4b827478810157cb7a1dd6b472959366decb1cf3d13933450a2f34ec4a81a34ff306b79c0093b96c87fd321
1774162286489416,1,0,ANON_5G_CON_IMSI_A0_03b362eba8b07e381b211c5ca52afce751d3c3429e7c51837fd93dfebf9fa254ecceab07593615735221adea098a
1774162296689256,2,0,ANON_5G_CON_IMSI_A0_03b362eba8b07e381b211c5ca52afce751d3c3429e7c51837fd93dfebf9fa254ecceab07593615735221adea098a
1774162306889212,3,0,ANON_5G_CON_IMSI_A0_03b362eba8b07e381b211c5ca52afce751d3c3429e7c51837fd93dfebf9fa254ecceab07593615735221adea098a
1774162621797263,1,0,ANON_5G_CON_IMSI_A0_0317f07e7545ab4369980aa9382cbef864e125eb3e305502310b7449919fffbb2c1f5c8ee87bee24643fa3f5a9ed
1774162631997251,2,0,ANON_5G_CON_IMSI_A0_0317f07e7545ab4369980aa9382cbef864e125eb3e305502310b7449919fffbb2c1f5c8ee87bee24643fa3f5a9ed
1774163272489498,1,0,ANON_5G_CON_IMSI_A0_039844b66af212bff8167ba8ea3e52bc759fd85e85883656afd5b530d85be6bc95fbcce88e93e8e06c9238da5458
1774163282669411,2,0,ANON_5G_CON_IMSI_A0_039844b66af212bff8167ba8ea3e52bc759fd85e85883656afd5b530d85be6bc95fbcce88e93e8e06c9238da5458
1774163292849439,3,0,ANON_5G_CON_IMSI_A0_039844b66af212bff8167ba8ea3e52bc759fd85e85883656afd5b530d85be6bc95fbcce88e93e8e06c9238da5458
1774163575827505,1,0,ANON_5G_CON_IMSI_A0_03b5de6a85a263a15b0b4429efd7aa92e9eff3f96c35eb3e8a1e20ee452c7ecad7c115ece122e05a1005fe4b7269
1774163586007471,2,0,ANON_5G_CON_IMSI_A0_03b5de6a85a263a15b0b4429efd7aa92e9eff3f96c35eb3e8a1e20ee452c7ecad7c115ece122e05a1005fe4b7269
1774163596207565,3,0,ANON_5G_CON_IMSI_A0_03b5de6a85a263a15b0b4429efd7aa92e9eff3f96c35eb3e8a1e20ee452c7ecad7c115ece122e05a1005fe4b7269
1774163606412567,4,0,ANON_5G_CON_IMSI_A0_03b5de6a85a263a15b0b4429efd7aa92e9eff3f96c35eb3e8a1e20ee452c7ecad7c115ece122e05a1005fe4b7269
1774163616592556,5,0,ANON_5G_CON_IMSI_A0_03b5de6a85a263a15b0b4429efd7aa92e9eff3f96c35eb3e8a1e20ee452c7ecad7c115ece122e05a1005fe4b7269
1774164607193830,1,0,ANON_5G_CON_IMSI_A0_035e44c68abf92fae07f48a8ece3360df47810ff1a18649c6daa977f5091d6a2be8d1870a93163946c7dc1e011a5
1774164910822090,1,0,ANON_5G_CON_IMSI_A0_032b25c99855bae20dce5b14a7285e52b29263daa8ed6ea2035daadb2789ba1b175cd1c8470a7478c4aff7e7ec4a
1774164921022069,2,0,ANON_5G_CON_IMSI_A0_032b25c99855bae20dce5b14a7285e52b29263daa8ed6ea2035daadb2789ba1b175cd1c8470a7478c4aff7e7ec4a
1774164931202091,3,0,ANON_5G_CON_IMSI_A0_032b25c99855bae20dce5b14a7285e52b29263daa8ed6ea2035daadb2789ba1b175cd1c8470a7478c4aff7e7ec4a
1774165581596183,1,0,ANON_5G_CON_IMSI_A0_038c2e088b609227032f70296210855e9e5f1b4f81ec4d00e034c533a9f06149156eb84369051a4e25e22f3be1e8
1774165591776149,2,0,ANON_5G_CON_IMSI_A0_038c2e088b609227032f70296210855e9e5f1b4f81ec4d00e034c533a9f06149156eb84369051a4e25e22f3be1e8
1774165880511405,1,0,ANON_5G_CON_IMSI_A0_03920783a4fb7152b54f129b0cdf7fce7125ae74b07e945d563f4e78f0a049c9eb8eae013bad05063edb46da7dd8
1774165890711344,2,0,ANON_5G_CON_IMSI_A0_03920783a4fb7152b54f129b0cdf7fce7125ae74b07e945d563f4e78f0a049c9eb8eae013bad05063edb46da7dd8
1774165900911339,3,0,ANON_5G_CON_IMSI_A0_03920783a4fb7152b54f129b0cdf7fce7125ae74b07e945d563f4e78f0a049c9eb8eae013bad05063edb46da7dd8
1774165911096327,4,0,ANON_5G_CON_IMSI_A0_03920783a4fb7152b54f129b0cdf7fce7125ae74b07e945d563f4e78f0a049c9eb8eae013bad05063edb46da7dd8
1774165921316351,5,0,ANON_5G_CON_IMSI_A0_03920783a4fb7152b54f129b0cdf7fce7125ae74b07e945d563f4e78f0a049c9eb8eae013bad05063edb46da7dd8
1774167217267131,1,0,ANON_5G_CON_IMSI_A0_03ab9161a3244a9a80564846f4155000b98dd80c5cd6237390b396ac787010e2c03321d8935fc5696c1be1e50764
1774167227447191,2,0,ANON_5G_CON_IMSI_A0_03ab9161a3244a9a80564846f4155000b98dd80c5cd6237390b396ac787010e2c03321d8935fc5696c1be1e50764
1774167237647202,3,0,ANON_5G_CON_IMSI_A0_03ab9161a3244a9a80564846f4155000b98dd80c5cd6237390b396ac787010e2c03321d8935fc5696c1be1e50764
1774167522274810,1,0,ANON_5G_CON_IMSI_A0_03030a87c4909cd26d327fcac75fa3f99198abea330c7c5e0b06f6266431d191626d717b7f0a9bbfa39cf6efbd11
1774167532474911,2,0,ANON_5G_CON_IMSI_A0_03030a87c4909cd26d327fcac75fa3f99198abea330c7c5e0b06f6266431d191626d717b7f0a9bbfa39cf6efbd11
1774167542654783,3,0,ANON_5G_CON_IMSI_A0_03030a87c4909cd26d327fcac75fa3f99198abea330c7c5e0b06f6266431d191626d717b7f0a9bbfa39cf6efbd11
1774167552859793,4,0,ANON_5G_CON_IMSI_A0_03030a87c4909cd26d327fcac75fa3f99198abea330c7c5e0b06f6266431d191626d717b7f0a9bbfa39cf6efbd11
1774167563059801,5,0,ANON_5G_CON_IMSI_A0_03030a87c4909cd26d327fcac75fa3f99198abea330c7c5e0b06f6266431d191626d717b7f0a9bbfa39cf6efbd11
1774168552065333,1,0,ANON_5G_CON_IMSI_A0_03c55768f81c582c47b93959b8da529a410e1b7cf7f37d8a0d200de65e3b0a52ef9157001bf4b76e3f4d3a6b9d27
1774168856054650,1,0,ANON_5G_CON_IMSI_A0_03be7801cb3a6e93ed4036b4034e252f5f5b85e08d65c7e70f8d92f38c92ed701ae28a77ce572d92e1f45c7f446f
1774168866254583,2,0,ANON_5G_CON_IMSI_A0_03be7801cb3a6e93ed4036b4034e252f5f5b85e08d65c7e70f8d92f38c92ed701ae28a77ce572d92e1f45c7f446f
1774168876454462,3,0,ANON_5G_CON_IMSI_A0_03be7801cb3a6e93ed4036b4034e252f5f5b85e08d65c7e70f8d92f38c92ed701ae28a77ce572d92e1f45c7f446f
1774169524599835,1,0,ANON_5G_CON_IMSI_A0_03451a0d1983acc972cdb64b434f93d6005748ec44a8f4ae53491d7de684fab84fd16deca87e16986e5e18f41cd9
1774169534799754,2,0,ANON_5G_CON_IMSI_A0_03451a0d1983acc972cdb64b434f93d6005748ec44a8f4ae53491d7de684fab84fd16deca87e16986e5e18f41cd9
1774169830132390,1,0,ANON_5G_CON_IMSI_A0_03436b861a7202d1c705da012c7cca91b0661f0dbd0c483fbecf4f40030534e628fb7e659271289a8cae9c913dff
1774169840332384,2,0,ANON_5G_CON_IMSI_A0_03436b861a7202d1c705da012c7cca91b0661f0dbd0c483fbecf4f40030534e628fb7e659271289a8cae9c913dff
1774169850552346,3,0,ANON_5G_CON_IMSI_A0_03436b861a7202d1c705da012c7cca91b0661f0dbd0c483fbecf4f40030534e628fb7e659271289a8cae9c913dff
1774169860757437,4,0,ANON_5G_CON_IMSI_A0_03436b861a7202d1c705da012c7cca91b0661f0dbd0c483fbecf4f40030534e628fb7e659271289a8cae9c913dff
1774171183707082,1,0,ANON_5G_CON_IMSI_A0_03ce495a8a411bc1a14a65ca96bacfa63b551445c77d5edee21a53f7f8e27987e62f1d2c74a823269f64e7975c1c
1774171474545836,1,0,ANON_5G_CON_IMSI_A0_03dbb4de6850859569488fb607408a3ee2221d3ec23e5cc958d8838150201ed56513d3730483fcfe40f5e23c1494
1774171484745794,2,0,ANON_5G_CON_IMSI_A0_03dbb4de6850859569488fb607408a3ee2221d3ec23e5cc958d8838150201ed56513d3730483fcfe40f5e23c1494
1774171494925914,3,0,ANON_5G_CON_IMSI_A0_03dbb4de6850859569488fb607408a3ee2221d3ec23e5cc958d8838150201ed56513d3730483fcfe40f5e23c1494
1774171505130818,4,0,ANON_5G_CON_IMSI_A0_03dbb4de6850859569488fb607408a3ee2221d3ec23e5cc958d8838150201ed56513d3730483fcfe40f5e23c1494
1774172814372658,1,0,ANON_5G_CON_IMSI_A0_03a641c87cfc8f97b61584320db867ce8890a7bd93b550c2474fded9c6f735a474d94f025e0b32482820eeaa939f
1774172824592514,2,0,ANON_5G_CON_IMSI_A0_03a641c87cfc8f97b61584320db867ce8890a7bd93b550c2474fded9c6f735a474d94f025e0b32482820eeaa939f
1774173118577207,1,0,ANON_5G_CON_IMSI_A0_03a32b29625bf4abbb5374695b9916f0aa3470a38521158c9b0bf331dc9b59bfc1b64fad08558090746bfba97789
1774173128777168,2,0,ANON_5G_CON_IMSI_A0_03a32b29625bf4abbb5374695b9916f0aa3470a38521158c9b0bf331dc9b59bfc1b64fad08558090746bfba97789
1774173138957173,3,0,ANON_5G_CON_IMSI_A0_03a32b29625bf4abbb5374695b9916f0aa3470a38521158c9b0bf331dc9b59bfc1b64fad08558090746bfba97789
1774173149172240,4,0,ANON_5G_CON_IMSI_A0_03a32b29625bf4abbb5374695b9916f0aa3470a38521158c9b0bf331dc9b59bfc1b64fad08558090746bfba97789
1774174408977331,1,0,ANON_5G_CON_IMSI_A0_03b95320d24de7edac8124c454d7d53ad60d50fadf4531c972e37dc816fcaeb5c1664c83191acba2be6b7fd84ec4
1774174419157302,2,0,ANON_5G_CON_IMSI_A0_03b95320d24de7edac8124c454d7d53ad60d50fadf4531c972e37dc816fcaeb5c1664c83191acba2be6b7fd84ec4
1774174713968075,1,0,ANON_5G_CON_IMSI_A0_0382f40562db82652a75d1336fe287ec57563c957a1962d5d7f900949158cee5ac30c409d63ca612931c195b4284
1774174724187890,2,0,ANON_5G_CON_IMSI_A0_0382f40562db82652a75d1336fe287ec57563c957a1962d5d7f900949158cee5ac30c409d63ca612931c195b4284
1774174734387928,3,0,ANON_5G_CON_IMSI_A0_0382f40562db82652a75d1336fe287ec57563c957a1962d5d7f900949158cee5ac30c409d63ca612931c195b4284
1774174744593068,4,0,ANON_5G_CON_IMSI_A0_0382f40562db82652a75d1336fe287ec57563c957a1962d5d7f900949158cee5ac30c409d63ca612931c195b4284
1774176024861262,1,0,ANON_5G_CON_IMSI_A0_0395a264b17de201180e1fb56dbbab94169550c29b79fc8e5a64d8081f79ed5adb9d84587157c526c76fea5c5e6f
1774176035061229,2,0,ANON_5G_CON_IMSI_A0_0395a264b17de201180e1fb56dbbab94169550c29b79fc8e5a64d8081f79ed5adb9d84587157c526c76fea5c5e6f
1774176045261316,3,0,ANON_5G_CON_IMSI_A0_0395a264b17de201180e1fb56dbbab94169550c29b79fc8e5a64d8081f79ed5adb9d84587157c526c76fea5c5e6f
1774176055446357,4,0,ANON_5G_CON_IMSI_A0_0395a264b17de201180e1fb56dbbab94169550c29b79fc8e5a64d8081f79ed5adb9d84587157c526c76fea5c5e6f
1774179304886276,1,0,ANON_5G_CON_IMSI_A0_034c3a8c37bb8699b844f70e4f8ba8e23911333ac86ab1703763ef08afe374011555fb3f34aad05a592afd413c08
1774179315076183,2,0,ANON_5G_CON_IMSI_A0_034c3a8c37bb8699b844f70e4f8ba8e23911333ac86ab1703763ef08afe374011555fb3f34aad05a592afd413c08
1774179325286195,3,0,ANON_5G_CON_IMSI_A0_034c3a8c37bb8699b844f70e4f8ba8e23911333ac86ab1703763ef08afe374011555fb3f34aad05a592afd413c08
1774179335491245,4,0,ANON_5G_CON_IMSI_A0_034c3a8c37bb8699b844f70e4f8ba8e23911333ac86ab1703763ef08afe374011555fb3f34aad05a592afd413c08
1774179345701238,5,0,ANON_5G_CON_IMSI_A0_034c3a8c37bb8699b844f70e4f8ba8e23911333ac86ab1703763ef08afe374011555fb3f34aad05a592afd413c08
1774180305807121,1,0,ANON_5G_CON_IMSI_A0_03f2a4bc95c9d43032671160b8a0ff21dd487bb69d47fc117775d304ca3bd6691f654ece7f542e6202cd15a387a6
1774180316027083,2,0,ANON_5G_CON_IMSI_A0_03f2a4bc95c9d43032671160b8a0ff21dd487bb69d47fc117775d304ca3bd6691f654ece7f542e6202cd15a387a6
1774180326247118,3,0,ANON_5G_CON_IMSI_A0_03f2a4bc95c9d43032671160b8a0ff21dd487bb69d47fc117775d304ca3bd6691f654ece7f542e6202cd15a387a6
1774180978684605,1,0,ANON_5G_CON_IMSI_A0_034e949a9e5c909f325176be8eed955d8fe09dd014a39c7c1c995e125e8855b302fa0146d3c94c34648db3d0be1e
1774180988864610,2,0,ANON_5G_CON_IMSI_A0_034e949a9e5c909f325176be8eed955d8fe09dd014a39c7c1c995e125e8855b302fa0146d3c94c34648db3d0be1e
1774181285437882,1,0,ANON_5G_CON_IMSI_A0_03a7a49383475aefd4804d847a66a632a30153cb72beff34b1a40907655a4759cd5e1c3064f7e985e3e3f0eb8770
1774181295617888,2,0,ANON_5G_CON_IMSI_A0_03a7a49383475aefd4804d847a66a632a30153cb72beff34b1a40907655a4759cd5e1c3064f7e985e3e3f0eb8770
1774181305797897,3,0,ANON_5G_CON_IMSI_A0_03a7a49383475aefd4804d847a66a632a30153cb72beff34b1a40907655a4759cd5e1c3064f7e985e3e3f0eb8770
1774181316022840,4,0,ANON_5G_CON_IMSI_A0_03a7a49383475aefd4804d847a66a632a30153cb72beff34b1a40907655a4759cd5e1c3064f7e985e3e3f0eb8770
1774182633795917,1,0,ANON_5G_CON_IMSI_A0_03e3b793af95633a3ce0f5fa462d9ab841eadb1bab9f9fca382a6a80456d5a80db0f5483e13335e7ed5dfa3d7271
1774182957971339,1,0,ANON_5G_CON_IMSI_A0_0377591ad7ae906aaea20ea91a4bcacbbe679a8d7d509a773acaa093cac37897938660a22c144b0ac1c8932a9dc9
1774183262113331,1,0,ANON_5G_CON_IMSI_A0_03c6375dd563525729dd437cd6986408d4b47b14f91c931aca17bfbe737a9bddfd7d43c5eb7bb31dbadbbb2cc4c4
1774183272313372,2,0,ANON_5G_CON_IMSI_A0_03c6375dd563525729dd437cd6986408d4b47b14f91c931aca17bfbe737a9bddfd7d43c5eb7bb31dbadbbb2cc4c4
1774183282433306,3,0,ANON_5G_CON_IMSI_A0_03c6375dd563525729dd437cd6986408d4b47b14f91c931aca17bfbe737a9bddfd7d43c5eb7bb31dbadbbb2cc4c4
1774183292598280,4,0,ANON_5G_CON_IMSI_A0_03c6375dd563525729dd437cd6986408d4b47b14f91c931aca17bfbe737a9bddfd7d43c5eb7bb31dbadbbb2cc4c4
1774183611465444,1,0,ANON_5G_CON_IMSI_A0_0393cc75177862ba7b2cd4bd07bb7eb447931e148a2b787d0ef773e35caf5d2292946fb8dc4134383f4b8725c153
1774183621665415,2,0,ANON_5G_CON_IMSI_A0_0393cc75177862ba7b2cd4bd07bb7eb447931e148a2b787d0ef773e35caf5d2292946fb8dc4134383f4b8725c153
1774183918726799,1,0,ANON_5G_CON_IMSI_A0_0378f446fe1d49c373635055c83f587eefaa65d5588e8183227f3a4d7901a9b9cf3d77ce64dda8580411ccf79059
1774183928906766,2,0,ANON_5G_CON_IMSI_A0_0378f446fe1d49c373635055c83f587eefaa65d5588e8183227f3a4d7901a9b9cf3d77ce64dda8580411ccf79059
1774183939026758,3,0,ANON_5G_CON_IMSI_A0_0378f446fe1d49c373635055c83f587eefaa65d5588e8183227f3a4d7901a9b9cf3d77ce64dda8580411ccf79059
1774183949191813,4,0,ANON_5G_CON_IMSI_A0_0378f446fe1d49c373635055c83f587eefaa65d5588e8183227f3a4d7901a9b9cf3d77ce64dda8580411ccf79059
1774184895148720,1,0,ANON_5G_CON_IMSI_A0_039219655a104928575f763dfada0b0023a92877ad8b34e9ad4395c16690bb8d5b2a56490fabc9f431bf3e0b5ea5
1774184905368713,2,0,ANON_5G_CON_IMSI_A0_039219655a104928575f763dfada0b0023a92877ad8b34e9ad4395c16690bb8d5b2a56490fabc9f431bf3e0b5ea5
1774184915568829,3,0,ANON_5G_CON_IMSI_A0_039219655a104928575f763dfada0b0023a92877ad8b34e9ad4395c16690bb8d5b2a56490fabc9f431bf3e0b5ea5
1774184925773783,4,0,ANON_5G_CON_IMSI_A0_039219655a104928575f763dfada0b0023a92877ad8b34e9ad4395c16690bb8d5b2a56490fabc9f431bf3e0b5ea5
1774184935973680,5,0,ANON_5G_CON_IMSI_A0_039219655a104928575f763dfada0b0023a92877ad8b34e9ad4395c16690bb8d5b2a56490fabc9f431bf3e0b5ea5
1774186538030171,1,0,ANON_5G_CON_IMSI_A0_0365abee87579a2f440a952630db0fcb205d1f1e885258269910acc62a9a37048e326458c50fb756ecd8daa2d18d
1774186548230138,2,0,ANON_5G_CON_IMSI_A0_0365abee87579a2f440a952630db0fcb205d1f1e885258269910acc62a9a37048e326458c50fb756ecd8daa2d18d
1774186558410138,3,0,ANON_5G_CON_IMSI_A0_0365abee87579a2f440a952630db0fcb205d1f1e885258269910acc62a9a37048e326458c50fb756ecd8daa2d18d
1774186568615046,4,0,ANON_5G_CON_IMSI_A0_0365abee87579a2f440a952630db0fcb205d1f1e885258269910acc62a9a37048e326458c50fb756ecd8daa2d18d
1774186578815112,5,0,ANON_5G_CON_IMSI_A0_0365abee87579a2f440a952630db0fcb205d1f1e885258269910acc62a9a37048e326458c50fb756ecd8daa2d18d
1774187516050297,1,0,ANON_5G_CON_IMSI_A0_0355214c18575fb51a8758b7a79822a2e443427d142581c9f0a372c9badc78a5803c879b5b40b1823c92339c0ecc
1774187526250306,2,0,ANON_5G_CON_IMSI_A0_0355214c18575fb51a8758b7a79822a2e443427d142581c9f0a372c9badc78a5803c879b5b40b1823c92339c0ecc
1774187536440356,3,0,ANON_5G_CON_IMSI_A0_0355214c18575fb51a8758b7a79822a2e443427d142581c9f0a372c9badc78a5803c879b5b40b1823c92339c0ecc
1774187546645304,4,0,ANON_5G_CON_IMSI_A0_0355214c18575fb51a8758b7a79822a2e443427d142581c9f0a372c9badc78a5803c879b5b40b1823c92339c0ecc
1774187556835194,5,0,ANON_5G_CON_IMSI_A0_0355214c18575fb51a8758b7a79822a2e443427d142581c9f0a372c9badc78a5803c879b5b40b1823c92339c0ecc
1774188542120776,1,0,ANON_5G_CON_IMSI_A0_03d9b44b567b9ed05c11c39f465d0b7a61fd7c04bcab0c666df479ce6ff98819bd74a8ef8db9509d134e7bd5e6c9
1774188552320784,2,0,ANON_5G_CON_IMSI_A0_03d9b44b567b9ed05c11c39f465d0b7a61fd7c04bcab0c666df479ce6ff98819bd74a8ef8db9509d134e7bd5e6c9
1774188845278866,1,0,ANON_5G_CON_IMSI_A0_03e9229fb88b0d2541ef77fcdbdca676051ebc858f44dd34868089a0b885e1194684e7578c7c776092404b4b5027
1774188855498698,2,0,ANON_5G_CON_IMSI_A0_03e9229fb88b0d2541ef77fcdbdca676051ebc858f44dd34868089a0b885e1194684e7578c7c776092404b4b5027
1774188865698785,3,0,ANON_5G_CON_IMSI_A0_03e9229fb88b0d2541ef77fcdbdca676051ebc858f44dd34868089a0b885e1194684e7578c7c776092404b4b5027
1774188875903669,4,0,ANON_5G_CON_IMSI_A0_03e9229fb88b0d2541ef77fcdbdca676051ebc858f44dd34868089a0b885e1194684e7578c7c776092404b4b5027
1774189832371994,1,0,ANON_5G_CON_IMSI_A0_03b8d55b4e9291c01bbd83e591b5b0ecb6bad925c6b86dcbc32d136d32e8895dcb4b31d0732e00e3fd5456175f1f
1774189842572056,2,0,ANON_5G_CON_IMSI_A0_03b8d55b4e9291c01bbd83e591b5b0ecb6bad925c6b86dcbc32d136d32e8895dcb4b31d0732e00e3fd5456175f1f
1774189852771961,3,0,ANON_5G_CON_IMSI_A0_03b8d55b4e9291c01bbd83e591b5b0ecb6bad925c6b86dcbc32d136d32e8895dcb4b31d0732e00e3fd5456175f1f
1774189862976917,4,0,ANON_5G_CON_IMSI_A0_03b8d55b4e9291c01bbd83e591b5b0ecb6bad925c6b86dcbc32d136d32e8895dcb4b31d0732e00e3fd5456175f1f
1774190834985571,1,0,ANON_5G_CON_IMSI_A0_038d156788e0a56823742dac25f1a9f897a0c3f7dbb4425a089ee45af6bb944250a4716fe7fdf1d64338601be10a
1774190845185537,2,0,ANON_5G_CON_IMSI_A0_038d156788e0a56823742dac25f1a9f897a0c3f7dbb4425a089ee45af6bb944250a4716fe7fdf1d64338601be10a
1774191459887863,1,0,ANON_5G_CON_IMSI_A0_03aaa56e2e028733e1d367ddcd681aeb320c78d487c95f7d0f7febee0fa2926716ff86c3fcff6e88f19317dd65ee
1774191469997820,2,0,ANON_5G_CON_IMSI_A0_03aaa56e2e028733e1d367ddcd681aeb320c78d487c95f7d0f7febee0fa2926716ff86c3fcff6e88f19317dd65ee
1774191480117930,3,0,ANON_5G_CON_IMSI_A0_03aaa56e2e028733e1d367ddcd681aeb320c78d487c95f7d0f7febee0fa2926716ff86c3fcff6e88f19317dd65ee
1774191490242888,4,0,ANON_5G_CON_IMSI_A0_03aaa56e2e028733e1d367ddcd681aeb320c78d487c95f7d0f7febee0fa2926716ff86c3fcff6e88f19317dd65ee
1774191500362956,5,0,ANON_5G_CON_IMSI_A0_03aaa56e2e028733e1d367ddcd681aeb320c78d487c95f7d0f7febee0fa2926716ff86c3fcff6e88f19317dd65ee
1774191502002892,6,0,ANON_5G_CON_IMSI_A0_03b33ac8422c075538fc3cc4bf0ebb0832a0cafecf2a1bd03f02085673510b8545ea0c9b6c520b62b036cc263c1d
1774191512217847,7,0,ANON_5G_CON_IMSI_A0_03b33ac8422c075538fc3cc4bf0ebb0832a0cafecf2a1bd03f02085673510b8545ea0c9b6c520b62b036cc263c1d
1774191808650908,1,0,ANON_5G_CON_IMSI_A0_03feec887c4e5691b0706881fd3171ad30709ef25f2e1bb938e68fe29f8421730829cbaaea003ee919c0bb9d0e7f
1774191818830846,2,0,ANON_5G_CON_IMSI_A0_03feec887c4e5691b0706881fd3171ad30709ef25f2e1bb938e68fe29f8421730829cbaaea003ee919c0bb9d0e7f
1774191829010997,3,0,ANON_5G_CON_IMSI_A0_03feec887c4e5691b0706881fd3171ad30709ef25f2e1bb938e68fe29f8421730829cbaaea003ee919c0bb9d0e7f
1774191839196013,4,0,ANON_5G_CON_IMSI_A0_03feec887c4e5691b0706881fd3171ad30709ef25f2e1bb938e68fe29f8421730829cbaaea003ee919c0bb9d0e7f
1774193142381803,1,0,ANON_5G_CON_IMSI_A0_0310c49e3c24be507d831490a3fbc38e69f806bdfa74d4449c7291a4230c81d8dd64f6583883780bd04878aa830c
1774193145501803,2,0,ANON_5G_CON_IMSI_A0_03620d6ba6e5e20a9169ab48f19c1e96f138be6806c9e52ec14844af3eda3cf4ab93f522032f4301be547d6d4669
1774193152581814,3,0,ANON_5G_CON_IMSI_A0_0310c49e3c24be507d831490a3fbc38e69f806bdfa74d4449c7291a4230c81d8dd64f6583883780bd04878aa830c
1774193155686861,4,0,ANON_5G_CON_IMSI_A0_03620d6ba6e5e20a9169ab48f19c1e96f138be6806c9e52ec14844af3eda3cf4ab93f522032f4301be547d6d4669
1774193450286453,1,0,ANON_5G_CON_IMSI_A0_0371d44d195aba4aceaedd73979c7e28c17e974e18300a71fbb791aeb2591d76e4e9b015274ecc8be612b149f458
1774193460466406,2,0,ANON_5G_CON_IMSI_A0_0371d44d195aba4aceaedd73979c7e28c17e974e18300a71fbb791aeb2591d76e4e9b015274ecc8be612b149f458
1774193470666430,3,0,ANON_5G_CON_IMSI_A0_0371d44d195aba4aceaedd73979c7e28c17e974e18300a71fbb791aeb2591d76e4e9b015274ecc8be612b149f458
1774193480871381,4,0,ANON_5G_CON_IMSI_A0_0371d44d195aba4aceaedd73979c7e28c17e974e18300a71fbb791aeb2591d76e4e9b015274ecc8be612b149f458
1774194420434344,1,0,ANON_5G_CON_IMSI_A0_034dda7bd07ef898d518e6fb6a5697e0322b4ed119ad45e3b8e8d475f97814a5a45b3442fbc0319f059de2e07673
1774194430654269,2,0,ANON_5G_CON_IMSI_A0_034dda7bd07ef898d518e6fb6a5697e0322b4ed119ad45e3b8e8d475f97814a5a45b3442fbc0319f059de2e07673
1774194440894342,3,0,ANON_5G_CON_IMSI_A0_034dda7bd07ef898d518e6fb6a5697e0322b4ed119ad45e3b8e8d475f97814a5a45b3442fbc0319f059de2e07673
1774194451099304,4,0,ANON_5G_CON_IMSI_A0_034dda7bd07ef898d518e6fb6a5697e0322b4ed119ad45e3b8e8d475f97814a5a45b3442fbc0319f059de2e07673
1774194461319297,5,0,ANON_5G_CON_IMSI_A0_034dda7bd07ef898d518e6fb6a5697e0322b4ed119ad45e3b8e8d475f97814a5a45b3442fbc0319f059de2e07673
1774195449141693,1,0,ANON_5G_CON_IMSI_A0_03ceec5c3a15388f6d0ac09d42ce94fdf557045d6fecfd52a1a88c16d94d40f57025929ea9474facf900cca10bfd
1774196429834957,1,0,ANON_5G_CON_IMSI_A0_03ffb3e3653e9b4ea67e6d8f9370643ef1f171ce4e170e3b882fd0bc768a8c3d78a3997622496afd1494411c633e
1774196440044958,2,0,ANON_5G_CON_IMSI_A0_03ffb3e3653e9b4ea67e6d8f9370643ef1f171ce4e170e3b882fd0bc768a8c3d78a3997622496afd1494411c633e
1774196761742609,1,0,ANON_5G_CON_IMSI_A0_03b12233faab28cc0af5440cb4dacb7469c2e2f3306d74179bbc3e0ddc3ad72f571b6c911ef0a99c11b5106f12ae
1774196771942613,2,0,ANON_5G_CON_IMSI_A0_03b12233faab28cc0af5440cb4dacb7469c2e2f3306d74179bbc3e0ddc3ad72f571b6c911ef0a99c11b5106f12ae
1774197406473512,1,0,ANON_5G_CON_IMSI_A0_0335715f210e5986de67f08c27e6c21ed2a813cce0ab5cbf636d96535c006c59de3cc668fcc4a44ff91fa2ffd9be
1774197416673529,2,0,ANON_5G_CON_IMSI_A0_0335715f210e5986de67f08c27e6c21ed2a813cce0ab5cbf636d96535c006c59de3cc668fcc4a44ff91fa2ffd9be
1774197426853510,3,0,ANON_5G_CON_IMSI_A0_0335715f210e5986de67f08c27e6c21ed2a813cce0ab5cbf636d96535c006c59de3cc668fcc4a44ff91fa2ffd9be
1774197711345352,1,0,ANON_5G_CON_IMSI_A0_0368c4342d44353db09578768d57dcd7b6e7885906ce6563c023afe966808211b02afaa22da21905656185ec86e0
1774197721535277,2,0,ANON_5G_CON_IMSI_A0_0368c4342d44353db09578768d57dcd7b6e7885906ce6563c023afe966808211b02afaa22da21905656185ec86e0
1774197731715220,3,0,ANON_5G_CON_IMSI_A0_0368c4342d44353db09578768d57dcd7b6e7885906ce6563c023afe966808211b02afaa22da21905656185ec86e0
1774197741920259,4,0,ANON_5G_CON_IMSI_A0_0368c4342d44353db09578768d57dcd7b6e7885906ce6563c023afe966808211b02afaa22da21905656185ec86e0
1774197752120159,5,0,ANON_5G_CON_IMSI_A0_0368c4342d44353db09578768d57dcd7b6e7885906ce6563c023afe966808211b02afaa22da21905656185ec86e0
1774199053715274,1,0,ANON_5G_CON_IMSI_A0_03f4838ba1dfff50c9d74789fe0c58b963b8e691169c4db80ea11f0f697f7bd7dbdc47b1af4f50ac5673f12dca8e
1774199063935272,2,0,ANON_5G_CON_IMSI_A0_03f4838ba1dfff50c9d74789fe0c58b963b8e691169c4db80ea11f0f697f7bd7dbdc47b1af4f50ac5673f12dca8e
1774199359509847,1,0,ANON_5G_CON_IMSI_A0_0367d09149bdf84b42c302e005a7df70d4adbbf2115b970d0ed7c47571eaa53b9a682bdeec3f6db6e2ce7724e245
1774199369709780,2,0,ANON_5G_CON_IMSI_A0_0367d09149bdf84b42c302e005a7df70d4adbbf2115b970d0ed7c47571eaa53b9a682bdeec3f6db6e2ce7724e245
1774199379889707,3,0,ANON_5G_CON_IMSI_A0_0367d09149bdf84b42c302e005a7df70d4adbbf2115b970d0ed7c47571eaa53b9a682bdeec3f6db6e2ce7724e245
1774199390124830,4,0,ANON_5G_CON_IMSI_A0_0367d09149bdf84b42c302e005a7df70d4adbbf2115b970d0ed7c47571eaa53b9a682bdeec3f6db6e2ce7724e245
1774199400314793,5,0,ANON_5G_CON_IMSI_A0_0367d09149bdf84b42c302e005a7df70d4adbbf2115b970d0ed7c47571eaa53b9a682bdeec3f6db6e2ce7724e245
1774200355954882,1,0,ANON_5G_CON_IMSI_A0_03b3cd47ff0ebcb1761097ed4da14dc5d2431fc5f0dff64d4affb0c1c6909ab47b4c14e78aa79402cae801f13c56
1774200366174952,2,0,ANON_5G_CON_IMSI_A0_03b3cd47ff0ebcb1761097ed4da14dc5d2431fc5f0dff64d4affb0c1c6909ab47b4c14e78aa79402cae801f13c56
1774200376384961,3,0,ANON_5G_CON_IMSI_A0_03b3cd47ff0ebcb1761097ed4da14dc5d2431fc5f0dff64d4affb0c1c6909ab47b4c14e78aa79402cae801f13c56
1774200386589904,4,0,ANON_5G_CON_IMSI_A0_03b3cd47ff0ebcb1761097ed4da14dc5d2431fc5f0dff64d4affb0c1c6909ab47b4c14e78aa79402cae801f13c56
1774201338168912,1,0,ANON_5G_CON_IMSI_A0_0378ed4303861da7b388570fb841267f95b00253cae7ef94ca28aaf61067a4bdeda7c93653fb07fb75e16d35d4a8
1774201348368944,2,0,ANON_5G_CON_IMSI_A0_0378ed4303861da7b388570fb841267f95b00253cae7ef94ca28aaf61067a4bdeda7c93653fb07fb75e16d35d4a8
1774201358568915,3,0,ANON_5G_CON_IMSI_A0_0378ed4303861da7b388570fb841267f95b00253cae7ef94ca28aaf61067a4bdeda7c93653fb07fb75e16d35d4a8
1774201368754001,4,0,ANON_5G_CON_IMSI_A0_0378ed4303861da7b388570fb841267f95b00253cae7ef94ca28aaf61067a4bdeda7c93653fb07fb75e16d35d4a8
1774202312470253,1,0,ANON_5G_CON_IMSI_A0_037225ef59428352c21a0189aab3dad4225d6dafeb17e4d1866098dfdc22f910a7c0b7594f9ad151996810de5f41
1774202322670285,2,0,ANON_5G_CON_IMSI_A0_037225ef59428352c21a0189aab3dad4225d6dafeb17e4d1866098dfdc22f910a7c0b7594f9ad151996810de5f41
1774202332850288,3,0,ANON_5G_CON_IMSI_A0_037225ef59428352c21a0189aab3dad4225d6dafeb17e4d1866098dfdc22f910a7c0b7594f9ad151996810de5f41
1774202343055265,4,0,ANON_5G_CON_IMSI_A0_037225ef59428352c21a0189aab3dad4225d6dafeb17e4d1866098dfdc22f910a7c0b7594f9ad151996810de5f41
1774202353235296,5,0,ANON_5G_CON_IMSI_A0_037225ef59428352c21a0189aab3dad4225d6dafeb17e4d1866098dfdc22f910a7c0b7594f9ad151996810de5f41
1774203329022308,1,0,ANON_5G_CON_IMSI_A0_034c680c1fc331786c1119b4cf65ceb69f61a43595bdc33e024bd742e2b87099c683a941bd4c7941a592f7b4ec3f
1774203339202303,2,0,ANON_5G_CON_IMSI_A0_034c680c1fc331786c1119b4cf65ceb69f61a43595bdc33e024bd742e2b87099c683a941bd4c7941a592f7b4ec3f
1774203980279737,1,0,ANON_5G_CON_IMSI_A0_03009a4daa1253831cf5e9ae1a30a2601241d64e6930aca61e7d58e861daeb41149529f424da98d737e55b3b7406
1774203990479762,2,0,ANON_5G_CON_IMSI_A0_03009a4daa1253831cf5e9ae1a30a2601241d64e6930aca61e7d58e861daeb41149529f424da98d737e55b3b7406
1774204000679820,3,0,ANON_5G_CON_IMSI_A0_03009a4daa1253831cf5e9ae1a30a2601241d64e6930aca61e7d58e861daeb41149529f424da98d737e55b3b7406
1774204283278759,1,0,ANON_5G_CON_IMSI_A0_037f8624309155910c3f3f4f6f9e7826895b8ad2abb8057da95e57eaccd199770e99f030aec33be158b162808155
1774204293458692,2,0,ANON_5G_CON_IMSI_A0_037f8624309155910c3f3f4f6f9e7826895b8ad2abb8057da95e57eaccd199770e99f030aec33be158b162808155
1774204303638600,3,0,ANON_5G_CON_IMSI_A0_037f8624309155910c3f3f4f6f9e7826895b8ad2abb8057da95e57eaccd199770e99f030aec33be158b162808155
1774204313823623,4,0,ANON_5G_CON_IMSI_A0_037f8624309155910c3f3f4f6f9e7826895b8ad2abb8057da95e57eaccd199770e99f030aec33be158b162808155
1774204324043557,5,0,ANON_5G_CON_IMSI_A0_037f8624309155910c3f3f4f6f9e7826895b8ad2abb8057da95e57eaccd199770e99f030aec33be158b162808155
1774205274747567,1,0,ANON_5G_CON_IMSI_A0_0381a9f7f961c41e4c63fc7c98575e167651fa0405e8873c5c0598e0329a802b891d9bde28bbe81a0653685707a4
1774205284927645,2,0,ANON_5G_CON_IMSI_A0_0381a9f7f961c41e4c63fc7c98575e167651fa0405e8873c5c0598e0329a802b891d9bde28bbe81a0653685707a4
1774205295107494,3,0,ANON_5G_CON_IMSI_A0_0381a9f7f961c41e4c63fc7c98575e167651fa0405e8873c5c0598e0329a802b891d9bde28bbe81a0653685707a4
1774205305312582,4,0,ANON_5G_CON_IMSI_A0_0381a9f7f961c41e4c63fc7c98575e167651fa0405e8873c5c0598e0329a802b891d9bde28bbe81a0653685707a4
1774205315522570,5,0,ANON_5G_CON_IMSI_A0_0381a9f7f961c41e4c63fc7c98575e167651fa0405e8873c5c0598e0329a802b891d9bde28bbe81a0653685707a4
1774206611186137,1,0,ANON_5G_CON_IMSI_A0_03a9268bdf78bedfc92d29498451e963ceb256d3a9cb524aecdfa06acded5aff17564cef8ca60e0fb1a2a2196e37
1774206621386078,2,0,ANON_5G_CON_IMSI_A0_03a9268bdf78bedfc92d29498451e963ceb256d3a9cb524aecdfa06acded5aff17564cef8ca60e0fb1a2a2196e37
1774206631566101,3,0,ANON_5G_CON_IMSI_A0_03a9268bdf78bedfc92d29498451e963ceb256d3a9cb524aecdfa06acded5aff17564cef8ca60e0fb1a2a2196e37
1774207251598162,1,0,ANON_5G_CON_IMSI_A0_03a1a60f04616a414fc122924fca1d51aa6b3109d5322ccf3e04908b76827902a87a461ee0cfa7c5e44650bab7bf
1774207261788105,2,0,ANON_5G_CON_IMSI_A0_03a1a60f04616a414fc122924fca1d51aa6b3109d5322ccf3e04908b76827902a87a461ee0cfa7c5e44650bab7bf
1774207271978147,3,0,ANON_5G_CON_IMSI_A0_03a1a60f04616a414fc122924fca1d51aa6b3109d5322ccf3e04908b76827902a87a461ee0cfa7c5e44650bab7bf
1774207282183114,4,0,ANON_5G_CON_IMSI_A0_03a1a60f04616a414fc122924fca1d51aa6b3109d5322ccf3e04908b76827902a87a461ee0cfa7c5e44650bab7bf
1774208242088480,1,0,ANON_5G_CON_IMSI_A0_0334cfa7b36ed5eaf5ceb1f6950ff8ea626082429ff82ce2db9bc05c2e0ed59aa67d7129c3834eb84666ab0f44d3
1774208252298478,2,0,ANON_5G_CON_IMSI_A0_0334cfa7b36ed5eaf5ceb1f6950ff8ea626082429ff82ce2db9bc05c2e0ed59aa67d7129c3834eb84666ab0f44d3
1774208262508421,3,0,ANON_5G_CON_IMSI_A0_0334cfa7b36ed5eaf5ceb1f6950ff8ea626082429ff82ce2db9bc05c2e0ed59aa67d7129c3834eb84666ab0f44d3
1774208272723473,4,0,ANON_5G_CON_IMSI_A0_0334cfa7b36ed5eaf5ceb1f6950ff8ea626082429ff82ce2db9bc05c2e0ed59aa67d7129c3834eb84666ab0f44d3
1774209213512935,1,0,ANON_5G_CON_IMSI_A0_03f5be0f1f45ae4cad01d5fcea25cb868c5df8336c1e2bd905b9b8eea2b745c12d483ac8affa79b83a5775445716
1774209223712927,2,0,ANON_5G_CON_IMSI_A0_03f5be0f1f45ae4cad01d5fcea25cb868c5df8336c1e2bd905b9b8eea2b745c12d483ac8affa79b83a5775445716
1774209233912994,3,0,ANON_5G_CON_IMSI_A0_03f5be0f1f45ae4cad01d5fcea25cb868c5df8336c1e2bd905b9b8eea2b745c12d483ac8affa79b83a5775445716
1774209244137962,4,0,ANON_5G_CON_IMSI_A0_03f5be0f1f45ae4cad01d5fcea25cb868c5df8336c1e2bd905b9b8eea2b745c12d483ac8affa79b83a5775445716
1774209254367883,5,0,ANON_5G_CON_IMSI_A0_03f5be0f1f45ae4cad01d5fcea25cb868c5df8336c1e2bd905b9b8eea2b745c12d483ac8affa79b83a5775445716
1774210244098125,1,0,ANON_5G_CON_IMSI_A0_03b09b67d05f3d3c11bd2d7b7b9ba5bfda101caa6418d7e02641d60192bc5adb440d5814b860f5cba13bcc26eadb
1774211216977659,1,0,ANON_5G_CON_IMSI_A0_030a8fdc34fe2631429a60e358120db4a0774126afa2949165d3d14bebbc521ef1eb51a9e97c5dee069c124abc2c
1774211227177639,2,0,ANON_5G_CON_IMSI_A0_030a8fdc34fe2631429a60e358120db4a0774126afa2949165d3d14bebbc521ef1eb51a9e97c5dee069c124abc2c
1774211520672121,1,0,ANON_5G_CON_IMSI_A0_03b053a97bcc80276b2c34d1c090f69a73e73166bfe6f41f4ed76b7f6ea304b8d264cef8f764cce9a8f1a770c98f
1774211530871941,2,0,ANON_5G_CON_IMSI_A0_03b053a97bcc80276b2c34d1c090f69a73e73166bfe6f41f4ed76b7f6ea304b8d264cef8f764cce9a8f1a770c98f
1774211541071993,3,0,ANON_5G_CON_IMSI_A0_03b053a97bcc80276b2c34d1c090f69a73e73166bfe6f41f4ed76b7f6ea304b8d264cef8f764cce9a8f1a770c98f
1774211551277014,4,0,ANON_5G_CON_IMSI_A0_03b053a97bcc80276b2c34d1c090f69a73e73166bfe6f41f4ed76b7f6ea304b8d264cef8f764cce9a8f1a770c98f
1774211561457089,5,0,ANON_5G_CON_IMSI_A0_03b053a97bcc80276b2c34d1c090f69a73e73166bfe6f41f4ed76b7f6ea304b8d264cef8f764cce9a8f1a770c98f
1774212511219153,1,0,ANON_5G_CON_IMSI_A0_02752aff3ef753e79b7bf5e18ee440fd541d83b8f90013e950f69c169a12d308cbd5d7e8e664a19254c78696507e
1774212521999096,2,0,ANON_5G_CON_IMSI_A0_03c803352cf58e50df0287dada921d1e3f22a0a741696178e621bb43a9146bf4ea357df3177a5a733030e22ae44a
1774212532204659,4,0,ANON_5G_CON_IMSI_A0_03c803352cf58e50df0287dada921d1e3f22a0a741696178e621bb43a9146bf4ea357df3177a5a733030e22ae44a
1774212532364920,3,0,ANON_5G_CON_IMSI_A0_02752aff3ef753e79b7bf5e18ee440fd541d83b8f90013e950f69c169a12d308cbd5d7e8e664a19254c78696507e
1774212542404160,5,0,ANON_5G_CON_IMSI_A0_03c803352cf58e50df0287dada921d1e3f22a0a741696178e621bb43a9146bf4ea357df3177a5a733030e22ae44a
1774213197058255,1,0,ANON_5G_CON_IMSI_A0_03dd6e7cf7f72e37963509baec19656c8844756f0b470ea282f855351da9c351ab0d5b8b33485911c4f0c9451c02
1774213207258398,2,0,ANON_5G_CON_IMSI_A0_03dd6e7cf7f72e37963509baec19656c8844756f0b470ea282f855351da9c351ab0d5b8b33485911c4f0c9451c02
1774213490189447,1,0,ANON_5G_CON_IMSI_A0_034584591c40fce916193fc1a9fd5015761e96de8e4f5be086387af2d3ed62128a8aa2db305118a54388e34a5f70
1774213500389446,2,0,ANON_5G_CON_IMSI_A0_034584591c40fce916193fc1a9fd5015761e96de8e4f5be086387af2d3ed62128a8aa2db305118a54388e34a5f70
1774213510614491,3,0,ANON_5G_CON_IMSI_A0_034584591c40fce916193fc1a9fd5015761e96de8e4f5be086387af2d3ed62128a8aa2db305118a54388e34a5f70
1774213520814346,4,0,ANON_5G_CON_IMSI_A0_034584591c40fce916193fc1a9fd5015761e96de8e4f5be086387af2d3ed62128a8aa2db305118a54388e34a5f70
1774213525849963,5,0,ANON_5G_CON_IMSI_A0_0362235e0c30b94fc5afa34ed9b624a0fe60e3288bf9e1bafbb1d2bd478f75eb444d4cb7aa53d421e5cb41da8a49
1774213531019426,6,0,ANON_5G_CON_IMSI_A0_034584591c40fce916193fc1a9fd5015761e96de8e4f5be086387af2d3ed62128a8aa2db305118a54388e34a5f70
1774213536069631,7,0,ANON_5G_CON_IMSI_A0_0362235e0c30b94fc5afa34ed9b624a0fe60e3288bf9e1bafbb1d2bd478f75eb444d4cb7aa53d421e5cb41da8a49
1774214519426122,1,0,ANON_5G_CON_IMSI_A0_038d7007f03a8846a31e02e550589087a83ac461182444422d02eba10e3d92b2249451612332de6e312fb4fd5e0a
1774215796058815,1,0,ANON_5G_CON_IMSI_A0_03f224bc2043d87d6d2a77b87bc1381595dea98d747ad20b0a18680d498ab9a676d50ad384a44716469bcbc7dfe3
1774215806258748,2,0,ANON_5G_CON_IMSI_A0_03f224bc2043d87d6d2a77b87bc1381595dea98d747ad20b0a18680d498ab9a676d50ad384a44716469bcbc7dfe3
1774215814213847,3,0,ANON_5G_CON_IMSI_A0_03643b6bb9aabdc9d0eb7347006a29a2699cca47831526adca49b701adcf20282f6ad9aefa320a2c60f0d4caf7ef
1774215816483815,4,0,ANON_5G_CON_IMSI_A0_03f224bc2043d87d6d2a77b87bc1381595dea98d747ad20b0a18680d498ab9a676d50ad384a44716469bcbc7dfe3
1774215824343807,5,0,ANON_5G_CON_IMSI_A0_03643b6bb9aabdc9d0eb7347006a29a2699cca47831526adca49b701adcf20282f6ad9aefa320a2c60f0d4caf7ef
1774215826663750,6,0,ANON_5G_CON_IMSI_A0_03f224bc2043d87d6d2a77b87bc1381595dea98d747ad20b0a18680d498ab9a676d50ad384a44716469bcbc7dfe3
1774215834458933,7,0,ANON_5G_CON_IMSI_A0_03643b6bb9aabdc9d0eb7347006a29a2699cca47831526adca49b701adcf20282f6ad9aefa320a2c60f0d4caf7ef
1774215836868776,8,0,ANON_5G_CON_IMSI_A0_03f224bc2043d87d6d2a77b87bc1381595dea98d747ad20b0a18680d498ab9a676d50ad384a44716469bcbc7dfe3
1774217133406583,1,0,ANON_5G_CON_IMSI_A0_032dce67333c632b44ecc1554513a34d90ac9fc1cbd02c44508701db988fecb453d59cd101b1af559d71a2aaa086
1774217143606482,2,0,ANON_5G_CON_IMSI_A0_032dce67333c632b44ecc1554513a34d90ac9fc1cbd02c44508701db988fecb453d59cd101b1af559d71a2aaa086
1774217436690604,1,0,ANON_5G_CON_IMSI_A0_0320e935a5cec53a6cab4a9c5750fb850c11712869e4306a5bc7350e3303ed707d52c7ad6904f88cc18452accae2
1774217446870653,2,0,ANON_5G_CON_IMSI_A0_0320e935a5cec53a6cab4a9c5750fb850c11712869e4306a5bc7350e3303ed707d52c7ad6904f88cc18452accae2
1774217457050505,3,0,ANON_5G_CON_IMSI_A0_0320e935a5cec53a6cab4a9c5750fb850c11712869e4306a5bc7350e3303ed707d52c7ad6904f88cc18452accae2
1774217467255542,4,0,ANON_5G_CON_IMSI_A0_0320e935a5cec53a6cab4a9c5750fb850c11712869e4306a5bc7350e3303ed707d52c7ad6904f88cc18452accae2
1774217477455450,5,0,ANON_5G_CON_IMSI_A0_0320e935a5cec53a6cab4a9c5750fb850c11712869e4306a5bc7350e3303ed707d52c7ad6904f88cc18452accae2
1774218751185196,1,0,ANON_5G_CON_IMSI_A0_03a0919a4a53fb96c7f9c62795d00bf06a0c2d8949d84cae72fe3f13608df4c9251b245d0a164f89d56ac414a190
1774218761375142,2,0,ANON_5G_CON_IMSI_A0_03a0919a4a53fb96c7f9c62795d00bf06a0c2d8949d84cae72fe3f13608df4c9251b245d0a164f89d56ac414a190
1774218771555145,3,0,ANON_5G_CON_IMSI_A0_03a0919a4a53fb96c7f9c62795d00bf06a0c2d8949d84cae72fe3f13608df4c9251b245d0a164f89d56ac414a190
1774218781740235,4,0,ANON_5G_CON_IMSI_A0_03a0919a4a53fb96c7f9c62795d00bf06a0c2d8949d84cae72fe3f13608df4c9251b245d0a164f89d56ac414a190
1774218791940175,5,0,ANON_5G_CON_IMSI_A0_03a0919a4a53fb96c7f9c62795d00bf06a0c2d8949d84cae72fe3f13608df4c9251b245d0a164f89d56ac414a190
1774219778851255,1,0,ANON_5G_CON_IMSI_A0_03f2d9cf7c5ae8bbefcd70925f2606344c3f74ab3c1e098a3dfdc5680244f804f2ae9f11e9fb6ed46c6c55c14587
1774220084351901,1,0,ANON_5G_CON_IMSI_A0_0356118d7492bc69e2e32ce720e0a1d1170ce1b001b27a9d79050f153f4ef11db8284dbbaa625365ef5187e29220
1774220094552107,2,0,ANON_5G_CON_IMSI_A0_0356118d7492bc69e2e32ce720e0a1d1170ce1b001b27a9d79050f153f4ef11db8284dbbaa625365ef5187e29220
1774220104771916,3,0,ANON_5G_CON_IMSI_A0_0356118d7492bc69e2e32ce720e0a1d1170ce1b001b27a9d79050f153f4ef11db8284dbbaa625365ef5187e29220
1774221416895789,1,0,ANON_5G_CON_IMSI_A0_0318c5d9697cb8901dd9294f6565cdb348eb9da07fc6ca172e15acff93f5b49b4a73777dda027d40ed361ee1fb92
1774221724549894,1,0,ANON_5G_CON_IMSI_A0_039da1398b810c931657b7313ba6c3688d690fefbd49892ef3c69875d0b888780e5eac2fa3f91dd6ce26313373cb
1774221734749791,2,0,ANON_5G_CON_IMSI_A0_039da1398b810c931657b7313ba6c3688d690fefbd49892ef3c69875d0b888780e5eac2fa3f91dd6ce26313373cb
1774221744929945,3,0,ANON_5G_CON_IMSI_A0_039da1398b810c931657b7313ba6c3688d690fefbd49892ef3c69875d0b888780e5eac2fa3f91dd6ce26313373cb
1774221755134824,4,0,ANON_5G_CON_IMSI_A0_039da1398b810c931657b7313ba6c3688d690fefbd49892ef3c69875d0b888780e5eac2fa3f91dd6ce26313373cb
1774222699057801,1,0,ANON_5G_CON_IMSI_A0_0331b1ba66b0aa45232d94c7a88aa1735cf3f0fcf144e0fc3aadf63d95217644e481870e6586fbbc681349c46dc8
1774222709257834,2,0,ANON_5G_CON_IMSI_A0_0331b1ba66b0aa45232d94c7a88aa1735cf3f0fcf144e0fc3aadf63d95217644e481870e6586fbbc681349c46dc8
1774222719437840,3,0,ANON_5G_CON_IMSI_A0_0331b1ba66b0aa45232d94c7a88aa1735cf3f0fcf144e0fc3aadf63d95217644e481870e6586fbbc681349c46dc8
1774222729622814,4,0,ANON_5G_CON_IMSI_A0_0331b1ba66b0aa45232d94c7a88aa1735cf3f0fcf144e0fc3aadf63d95217644e481870e6586fbbc681349c46dc8
1774222739842816,5,0,ANON_5G_CON_IMSI_A0_0331b1ba66b0aa45232d94c7a88aa1735cf3f0fcf144e0fc3aadf63d95217644e481870e6586fbbc681349c46dc8
1774223726726954,1,0,ANON_5G_CON_IMSI_A0_0349b300f28d14009e3ac9b1d0141034bdf6470ba27dd0ae9990ec87a3ba188fb7042f9fa4b09cda27abcc278f00
1774224698104681,1,0,ANON_5G_CON_IMSI_A0_0354e2bbe23fbec33003180a5531a3502b0b4d68ecc2eaa940f68736adc38434ff3db843281a614bccd474c45b60
1774224708304660,2,0,ANON_5G_CON_IMSI_A0_0354e2bbe23fbec33003180a5531a3502b0b4d68ecc2eaa940f68736adc38434ff3db843281a614bccd474c45b60
1774224999703584,1,0,ANON_5G_CON_IMSI_A0_03330956d603726fd25fd88ac4c8b6f2a48b3dccc685e9a074e91f5860d2e2fa2f40b90fac2458b259508e969906
1774225009903689,2,0,ANON_5G_CON_IMSI_A0_03330956d603726fd25fd88ac4c8b6f2a48b3dccc685e9a074e91f5860d2e2fa2f40b90fac2458b259508e969906
1774225020083627,3,0,ANON_5G_CON_IMSI_A0_03330956d603726fd25fd88ac4c8b6f2a48b3dccc685e9a074e91f5860d2e2fa2f40b90fac2458b259508e969906
1774225030288528,4,0,ANON_5G_CON_IMSI_A0_03330956d603726fd25fd88ac4c8b6f2a48b3dccc685e9a074e91f5860d2e2fa2f40b90fac2458b259508e969906
1774225040488620,5,0,ANON_5G_CON_IMSI_A0_03330956d603726fd25fd88ac4c8b6f2a48b3dccc685e9a074e91f5860d2e2fa2f40b90fac2458b259508e969906
1774226004169048,1,0,ANON_5G_CON_IMSI_A0_03a6793330fcd58eedfd65c86d1a578431f30cbdfd4e1a6d1fa80a07278774a748d5b74b3c1880757fc675ec9299
1774226014388947,2,0,ANON_5G_CON_IMSI_A0_03a6793330fcd58eedfd65c86d1a578431f30cbdfd4e1a6d1fa80a07278774a748d5b74b3c1880757fc675ec9299
1774226024568984,3,0,ANON_5G_CON_IMSI_A0_03a6793330fcd58eedfd65c86d1a578431f30cbdfd4e1a6d1fa80a07278774a748d5b74b3c1880757fc675ec9299
1774226968324529,1,0,ANON_5G_CON_IMSI_A0_03a3ca41f5e9582c89584d8f297582d415bfd9bb097a6cdbeffbd8d4db002d279482ea2860a16496bda2309fc18a
1774226978504522,2,0,ANON_5G_CON_IMSI_A0_03a3ca41f5e9582c89584d8f297582d415bfd9bb097a6cdbeffbd8d4db002d279482ea2860a16496bda2309fc18a
1774226988684505,3,0,ANON_5G_CON_IMSI_A0_03a3ca41f5e9582c89584d8f297582d415bfd9bb097a6cdbeffbd8d4db002d279482ea2860a16496bda2309fc18a
1774226998889437,4,0,ANON_5G_CON_IMSI_A0_03a3ca41f5e9582c89584d8f297582d415bfd9bb097a6cdbeffbd8d4db002d279482ea2860a16496bda2309fc18a
1774227009089619,5,0,ANON_5G_CON_IMSI_A0_03a3ca41f5e9582c89584d8f297582d415bfd9bb097a6cdbeffbd8d4db002d279482ea2860a16496bda2309fc18a
1774227998181675,1,0,ANON_5G_CON_IMSI_A0_0329aa08ce8245b1cea6c0f2cb7b1c5d1b27e0f0d5b83350e78e7010ddfb807944c5492f0a2df80585323447c7bb
1774228300967415,1,0,ANON_5G_CON_IMSI_A0_0363e9458e6bea170d760672bc0ba8c2d79755216202810b99baebc2c094f3d014ff6c7509c80b52a6b26f4656e3
1774228311167304,2,0,ANON_5G_CON_IMSI_A0_0363e9458e6bea170d760672bc0ba8c2d79755216202810b99baebc2c094f3d014ff6c7509c80b52a6b26f4656e3
1774228321367400,3,0,ANON_5G_CON_IMSI_A0_0363e9458e6bea170d760672bc0ba8c2d79755216202810b99baebc2c094f3d014ff6c7509c80b52a6b26f4656e3
1774228965436455,1,0,ANON_5G_CON_IMSI_A0_0399097130840c42f86e49509f80d62c0bd79ebe574fd799aedbfd24ce89a90cd752a5b8def50b27acfb8817e9bc
1774228975616447,2,0,ANON_5G_CON_IMSI_A0_0399097130840c42f86e49509f80d62c0bd79ebe574fd799aedbfd24ce89a90cd752a5b8def50b27acfb8817e9bc
1774228985796309,3,0,ANON_5G_CON_IMSI_A0_0399097130840c42f86e49509f80d62c0bd79ebe574fd799aedbfd24ce89a90cd752a5b8def50b27acfb8817e9bc
1774229270357296,1,0,ANON_5G_CON_IMSI_A0_030d096d69842ab8cd6cd48255660e6adf4d880de914f537dab327159caf56a98155897ca918cf23090ae9a2e823
1774229280557270,2,0,ANON_5G_CON_IMSI_A0_030d096d69842ab8cd6cd48255660e6adf4d880de914f537dab327159caf56a98155897ca918cf23090ae9a2e823
1774229290737260,3,0,ANON_5G_CON_IMSI_A0_030d096d69842ab8cd6cd48255660e6adf4d880de914f537dab327159caf56a98155897ca918cf23090ae9a2e823
1774229300922288,4,0,ANON_5G_CON_IMSI_A0_030d096d69842ab8cd6cd48255660e6adf4d880de914f537dab327159caf56a98155897ca918cf23090ae9a2e823
1774229311122289,5,0,ANON_5G_CON_IMSI_A0_030d096d69842ab8cd6cd48255660e6adf4d880de914f537dab327159caf56a98155897ca918cf23090ae9a2e823
1774230299047406,1,0,ANON_5G_CON_IMSI_A0_03bcdd722928b065e876019065625272f532c82008a8df0c6f9a2e13091f3ea18c22226c756f607e7f4e04c8c0c1
1774230601569370,1,0,ANON_5G_CON_IMSI_A0_03cb438804b31cc390bf15379dce02a9715c87ce07eabb386f2156ff83717dd8c86258eadeb79946881f99b6d4f7
1774230611769321,2,0,ANON_5G_CON_IMSI_A0_03cb438804b31cc390bf15379dce02a9715c87ce07eabb386f2156ff83717dd8c86258eadeb79946881f99b6d4f7
1774230621949415,3,0,ANON_5G_CON_IMSI_A0_03cb438804b31cc390bf15379dce02a9715c87ce07eabb386f2156ff83717dd8c86258eadeb79946881f99b6d4f7
1774231267366518,1,0,ANON_5G_CON_IMSI_A0_03aeaea4ebeecf2d960fdcce31026cf78c0c1d7004c1688d823310e76b0d9a24ecb2408e9077944ddb46a14030c1
1774231277566519,2,0,ANON_5G_CON_IMSI_A0_03aeaea4ebeecf2d960fdcce31026cf78c0c1d7004c1688d823310e76b0d9a24ecb2408e9077944ddb46a14030c1
1774231287746481,3,0,ANON_5G_CON_IMSI_A0_03aeaea4ebeecf2d960fdcce31026cf78c0c1d7004c1688d823310e76b0d9a24ecb2408e9077944ddb46a14030c1
1774231568854012,1,0,ANON_5G_CON_IMSI_A0_03d91f831a7c1d77698b38977fe17c6052ce89f3286676268222c9e2396f39f47d7358756a01f0f1e80d8e71f63a
1774231579054002,2,0,ANON_5G_CON_IMSI_A0_03d91f831a7c1d77698b38977fe17c6052ce89f3286676268222c9e2396f39f47d7358756a01f0f1e80d8e71f63a
1774231589254017,3,0,ANON_5G_CON_IMSI_A0_03d91f831a7c1d77698b38977fe17c6052ce89f3286676268222c9e2396f39f47d7358756a01f0f1e80d8e71f63a
1774231599438989,4,0,ANON_5G_CON_IMSI_A0_03d91f831a7c1d77698b38977fe17c6052ce89f3286676268222c9e2396f39f47d7358756a01f0f1e80d8e71f63a
1774231609638974,5,0,ANON_5G_CON_IMSI_A0_03d91f831a7c1d77698b38977fe17c6052ce89f3286676268222c9e2396f39f47d7358756a01f0f1e80d8e71f63a
1774232602443849,1,0,ANON_5G_CON_IMSI_A0_03ed41aec9f604f3f9f754dec7733543d4d443dd5b93d5895f7d5b8b3e6fd886d8a9aec251a85cf62409e09eb87c
1774232905434814,1,0,ANON_5G_CON_IMSI_A0_03c430520cf2805e166f2b63221ca48c175563448e7f6b157aa2aa80db80394a9ddb982a0855f52954dc869d3cb9
1774232915614799,2,0,ANON_5G_CON_IMSI_A0_03c430520cf2805e166f2b63221ca48c175563448e7f6b157aa2aa80db80394a9ddb982a0855f52954dc869d3cb9
1774232925794849,3,0,ANON_5G_CON_IMSI_A0_03c430520cf2805e166f2b63221ca48c175563448e7f6b157aa2aa80db80394a9ddb982a0855f52954dc869d3cb9
1774233219889003,1,0,ANON_5G_CON_IMSI_A0_0305a605afd97829aac99ea963214ea9ba2ca2b58acce3d35f50e382c4fb889970385a6687d12debf7a257392fc8
1774233230068997,2,0,ANON_5G_CON_IMSI_A0_0305a605afd97829aac99ea963214ea9ba2ca2b58acce3d35f50e382c4fb889970385a6687d12debf7a257392fc8
1774233240249087,3,0,ANON_5G_CON_IMSI_A0_0305a605afd97829aac99ea963214ea9ba2ca2b58acce3d35f50e382c4fb889970385a6687d12debf7a257392fc8
1774233250433955,4,0,ANON_5G_CON_IMSI_A0_0305a605afd97829aac99ea963214ea9ba2ca2b58acce3d35f50e382c4fb889970385a6687d12debf7a257392fc8
1774234559847695,1,0,ANON_5G_CON_IMSI_A0_0364501b539accc8a69c78d9b15f88081a04ee4b50127f91209f0028b7a470d871744c95d884c0228326d35a40ad
1774234570047726,2,0,ANON_5G_CON_IMSI_A0_0364501b539accc8a69c78d9b15f88081a04ee4b50127f91209f0028b7a470d871744c95d884c0228326d35a40ad
1774234853014592,1,0,ANON_5G_CON_IMSI_A0_036e659da62d44bc93054133176114687dfc65668499659d7e3d36585b36e03a11b115a48b9308046a8028027483
1774234863214468,2,0,ANON_5G_CON_IMSI_A0_036e659da62d44bc93054133176114687dfc65668499659d7e3d36585b36e03a11b115a48b9308046a8028027483
1774234873394444,3,0,ANON_5G_CON_IMSI_A0_036e659da62d44bc93054133176114687dfc65668499659d7e3d36585b36e03a11b115a48b9308046a8028027483
1774234883579377,4,0,ANON_5G_CON_IMSI_A0_036e659da62d44bc93054133176114687dfc65668499659d7e3d36585b36e03a11b115a48b9308046a8028027483
1774234893759347,5,0,ANON_5G_CON_IMSI_A0_036e659da62d44bc93054133176114687dfc65668499659d7e3d36585b36e03a11b115a48b9308046a8028027483
1774235859178697,1,0,ANON_5G_CON_IMSI_A0_031c149558bac77b6a80e450a0881d8961e40167eeb4a8c2425888f1d2ab7b40306d8893d1b9215e846ad85f01c2
1774235869378693,2,0,ANON_5G_CON_IMSI_A0_031c149558bac77b6a80e450a0881d8961e40167eeb4a8c2425888f1d2ab7b40306d8893d1b9215e846ad85f01c2
1774235879558603,3,0,ANON_5G_CON_IMSI_A0_031c149558bac77b6a80e450a0881d8961e40167eeb4a8c2425888f1d2ab7b40306d8893d1b9215e846ad85f01c2
1774235889743674,4,0,ANON_5G_CON_IMSI_A0_031c149558bac77b6a80e450a0881d8961e40167eeb4a8c2425888f1d2ab7b40306d8893d1b9215e846ad85f01c2
1774236217147844,1,0,ANON_5G_CON_IMSI_A0_03322b12f5bb024bd940b8cf1db2c0c530faad602ceb5eab145c78eb525277c2db6e9cae961e817ca06dbc65bbfc
1774236511458072,1,0,ANON_5G_CON_IMSI_A0_034265031e22cfbec36ba4a86ef892c69aba1964f6afd95bd5c3cb3dbabbcad562e12cd428732dda4d425ceea526
1774236521657914,2,0,ANON_5G_CON_IMSI_A0_034265031e22cfbec36ba4a86ef892c69aba1964f6afd95bd5c3cb3dbabbcad562e12cd428732dda4d425ceea526
1774236531857942,3,0,ANON_5G_CON_IMSI_A0_034265031e22cfbec36ba4a86ef892c69aba1964f6afd95bd5c3cb3dbabbcad562e12cd428732dda4d425ceea526
1774236542063035,4,0,ANON_5G_CON_IMSI_A0_034265031e22cfbec36ba4a86ef892c69aba1964f6afd95bd5c3cb3dbabbcad562e12cd428732dda4d425ceea526
1774237483929861,1,0,ANON_5G_CON_IMSI_A0_03a5d04e1ad9c589112859ab907accc83a128779351c3665556f30f6ad8530a5ed448be2867ee0162adad5828bcc
1774237494149830,2,0,ANON_5G_CON_IMSI_A0_03a5d04e1ad9c589112859ab907accc83a128779351c3665556f30f6ad8530a5ed448be2867ee0162adad5828bcc
1774237504329859,3,0,ANON_5G_CON_IMSI_A0_03a5d04e1ad9c589112859ab907accc83a128779351c3665556f30f6ad8530a5ed448be2867ee0162adad5828bcc
1774237514514844,4,0,ANON_5G_CON_IMSI_A0_03a5d04e1ad9c589112859ab907accc83a128779351c3665556f30f6ad8530a5ed448be2867ee0162adad5828bcc
1774237524694887,5,0,ANON_5G_CON_IMSI_A0_03a5d04e1ad9c589112859ab907accc83a128779351c3665556f30f6ad8530a5ed448be2867ee0162adad5828bcc
1774238514160267,1,0,ANON_5G_CON_IMSI_A0_03da255b8efa284bba48f7c01e213bbcb79f67bb10fc6be7143a5058debba922c0f2f96463eec61e350c07de8a13
1774238816753511,1,0,ANON_5G_CON_IMSI_A0_03036c51d10cd1cdfac98a17f3b7503df23b05b8d81cfdde5cc1e34908fe35a03b6e9f15d5111541690a4d8dc973
1774238826953466,2,0,ANON_5G_CON_IMSI_A0_03036c51d10cd1cdfac98a17f3b7503df23b05b8d81cfdde5cc1e34908fe35a03b6e9f15d5111541690a4d8dc973
1774238837153452,3,0,ANON_5G_CON_IMSI_A0_03036c51d10cd1cdfac98a17f3b7503df23b05b8d81cfdde5cc1e34908fe35a03b6e9f15d5111541690a4d8dc973
1774238847338447,4,0,ANON_5G_CON_IMSI_A0_03036c51d10cd1cdfac98a17f3b7503df23b05b8d81cfdde5cc1e34908fe35a03b6e9f15d5111541690a4d8dc973
1774239819280772,1,0,ANON_5G_CON_IMSI_A0_0348b2a7d669647e10819ee5497f24180963e41bc0b8ab308c6419b8ba2c5f23552ad508c55744c094a7fe34f42a
1774239829480733,2,0,ANON_5G_CON_IMSI_A0_0348b2a7d669647e10819ee5497f24180963e41bc0b8ab308c6419b8ba2c5f23552ad508c55744c094a7fe34f42a
1774240469313878,1,0,ANON_5G_CON_IMSI_A0_036001ca89a87c7c5f09f281567981c605e99d191ecf9a68af5c528003c483b3cbf3d3c0f7874fdff31beed86410
1774240479493931,2,0,ANON_5G_CON_IMSI_A0_036001ca89a87c7c5f09f281567981c605e99d191ecf9a68af5c528003c483b3cbf3d3c0f7874fdff31beed86410
1774240489693862,3,0,ANON_5G_CON_IMSI_A0_036001ca89a87c7c5f09f281567981c605e99d191ecf9a68af5c528003c483b3cbf3d3c0f7874fdff31beed86410
1774240772264684,1,0,ANON_5G_CON_IMSI_A0_036b9dbea82e9622dc961fbe3d9cfcd83a695c5cede635b2b090a63af7d1f5627bc1d155999e15796d83894de165
1774240782444707,2,0,ANON_5G_CON_IMSI_A0_036b9dbea82e9622dc961fbe3d9cfcd83a695c5cede635b2b090a63af7d1f5627bc1d155999e15796d83894de165
1774240792644696,3,0,ANON_5G_CON_IMSI_A0_036b9dbea82e9622dc961fbe3d9cfcd83a695c5cede635b2b090a63af7d1f5627bc1d155999e15796d83894de165
1774240802829659,4,0,ANON_5G_CON_IMSI_A0_036b9dbea82e9622dc961fbe3d9cfcd83a695c5cede635b2b090a63af7d1f5627bc1d155999e15796d83894de165
1774240813049683,5,0,ANON_5G_CON_IMSI_A0_036b9dbea82e9622dc961fbe3d9cfcd83a695c5cede635b2b090a63af7d1f5627bc1d155999e15796d83894de165
1774241761968996,1,0,ANON_5G_CON_IMSI_A0_0360a24e68596dcaaa6bedf7c16426165836dbf1432af8c1b94c432ae7243a79f983db0204447e0c9f00ebc34fce
1774241772149010,2,0,ANON_5G_CON_IMSI_A0_0360a24e68596dcaaa6bedf7c16426165836dbf1432af8c1b94c432ae7243a79f983db0204447e0c9f00ebc34fce
1774241782349056,3,0,ANON_5G_CON_IMSI_A0_0360a24e68596dcaaa6bedf7c16426165836dbf1432af8c1b94c432ae7243a79f983db0204447e0c9f00ebc34fce
1774241792534038,4,0,ANON_5G_CON_IMSI_A0_0360a24e68596dcaaa6bedf7c16426165836dbf1432af8c1b94c432ae7243a79f983db0204447e0c9f00ebc34fce
1774241802754068,5,0,ANON_5G_CON_IMSI_A0_0360a24e68596dcaaa6bedf7c16426165836dbf1432af8c1b94c432ae7243a79f983db0204447e0c9f00ebc34fce
1774242789898606,1,0,ANON_5G_CON_IMSI_A0_03fd384c688edd69c2cb5e0efc9c6ab9f6483e0ef8e5beabf488fdad2b6f2505de83fb1915b3bf50ff6393ee6585
1774243075715282,1,0,ANON_5G_CON_IMSI_A0_03f12ba52dfb6326ca0aa5f9164692d817f1d12cb1aecf9c5b55ca69949a54b62aa14f61aafdc29a383d72d7d470
1774243085915272,2,0,ANON_5G_CON_IMSI_A0_03f12ba52dfb6326ca0aa5f9164692d817f1d12cb1aecf9c5b55ca69949a54b62aa14f61aafdc29a383d72d7d470
1774243096095256,3,0,ANON_5G_CON_IMSI_A0_03f12ba52dfb6326ca0aa5f9164692d817f1d12cb1aecf9c5b55ca69949a54b62aa14f61aafdc29a383d72d7d470
1774243106280187,4,0,ANON_5G_CON_IMSI_A0_03f12ba52dfb6326ca0aa5f9164692d817f1d12cb1aecf9c5b55ca69949a54b62aa14f61aafdc29a383d72d7d470
1774243116480157,5,0,ANON_5G_CON_IMSI_A0_03f12ba52dfb6326ca0aa5f9164692d817f1d12cb1aecf9c5b55ca69949a54b62aa14f61aafdc29a383d72d7d470
1774244103312051,1,0,ANON_5G_CON_IMSI_A0_03fb9ad4070f35bbd4f1bacace4d659ff1cf520c9adf40cc30b207e7793b88772c819c389027665c86c11c7482db
1774244406319791,1,0,ANON_5G_CON_IMSI_A0_03208b0c0eba2825d8e36c162ee24e027c82d65b5638c84425d442011ff675f93cce7e210b14911151be5528221b
1774244416499611,2,0,ANON_5G_CON_IMSI_A0_03208b0c0eba2825d8e36c162ee24e027c82d65b5638c84425d442011ff675f93cce7e210b14911151be5528221b
1774244426679777,3,0,ANON_5G_CON_IMSI_A0_03208b0c0eba2825d8e36c162ee24e027c82d65b5638c84425d442011ff675f93cce7e210b14911151be5528221b
1774244436864722,4,0,ANON_5G_CON_IMSI_A0_03208b0c0eba2825d8e36c162ee24e027c82d65b5638c84425d442011ff675f93cce7e210b14911151be5528221b
1774245315938742,1,0,ANON_5G_CON_IMSI_A0_03863efe90589f9dc40e7b81f16a30251ebca36bc01f7df703b8c009c1bd0ed092e451773af951139af84fcd56ac
1774245326138746,2,0,ANON_5G_CON_IMSI_A0_03863efe90589f9dc40e7b81f16a30251ebca36bc01f7df703b8c009c1bd0ed092e451773af951139af84fcd56ac
1774245336338795,3,0,ANON_5G_CON_IMSI_A0_03863efe90589f9dc40e7b81f16a30251ebca36bc01f7df703b8c009c1bd0ed092e451773af951139af84fcd56ac
1774245346543825,4,0,ANON_5G_CON_IMSI_A0_03863efe90589f9dc40e7b81f16a30251ebca36bc01f7df703b8c009c1bd0ed092e451773af951139af84fcd56ac
1774245356723847,5,0,ANON_5G_CON_IMSI_A0_03863efe90589f9dc40e7b81f16a30251ebca36bc01f7df703b8c009c1bd0ed092e451773af951139af84fcd56ac
1774246347236025,1,0,ANON_5G_CON_IMSI_A0_038141b0b32cf01b7ddeeef9ea2bcc367d670e79f673c460b33f375ba0c1c691d30b85ef574ae55d9ebb474233d8
1774247620641967,1,0,ANON_5G_CON_IMSI_A0_0337b3eb3ba7b2d6c01142e0900cf9b50e4615d4ab5d8d0241ac508136d5431bba49e5352fdda30bb5fb4efc771e
1774247630821931,2,0,ANON_5G_CON_IMSI_A0_0337b3eb3ba7b2d6c01142e0900cf9b50e4615d4ab5d8d0241ac508136d5431bba49e5352fdda30bb5fb4efc771e
1774247641041936,3,0,ANON_5G_CON_IMSI_A0_0337b3eb3ba7b2d6c01142e0900cf9b50e4615d4ab5d8d0241ac508136d5431bba49e5352fdda30bb5fb4efc771e
1774247651226892,4,0,ANON_5G_CON_IMSI_A0_0337b3eb3ba7b2d6c01142e0900cf9b50e4615d4ab5d8d0241ac508136d5431bba49e5352fdda30bb5fb4efc771e
1774247661426946,5,0,ANON_5G_CON_IMSI_A0_0337b3eb3ba7b2d6c01142e0900cf9b50e4615d4ab5d8d0241ac508136d5431bba49e5352fdda30bb5fb4efc771e
1774248957044817,1,0,ANON_5G_CON_IMSI_A0_033cf54b4564830b836289ee0e21ae51f3c910ec99a3a9bd5b9768368adfb8a8adcda309aa74cbcf91b2f136af4f
1774248967244797,2,0,ANON_5G_CON_IMSI_A0_033cf54b4564830b836289ee0e21ae51f3c910ec99a3a9bd5b9768368adfb8a8adcda309aa74cbcf91b2f136af4f
1774248977444758,3,0,ANON_5G_CON_IMSI_A0_033cf54b4564830b836289ee0e21ae51f3c910ec99a3a9bd5b9768368adfb8a8adcda309aa74cbcf91b2f136af4f
1774249259846008,1,0,ANON_5G_CON_IMSI_A0_03ff4fa35bfbaac102412ffe56f4431babe495689635d92f78f2e6831580f686bf78e8bf9f86e08ae6b2175806e1
1774249270045936,2,0,ANON_5G_CON_IMSI_A0_03ff4fa35bfbaac102412ffe56f4431babe495689635d92f78f2e6831580f686bf78e8bf9f86e08ae6b2175806e1
1774249280225999,3,0,ANON_5G_CON_IMSI_A0_03ff4fa35bfbaac102412ffe56f4431babe495689635d92f78f2e6831580f686bf78e8bf9f86e08ae6b2175806e1
1774249290431017,4,0,ANON_5G_CON_IMSI_A0_03ff4fa35bfbaac102412ffe56f4431babe495689635d92f78f2e6831580f686bf78e8bf9f86e08ae6b2175806e1
1774249300631020,5,0,ANON_5G_CON_IMSI_A0_03ff4fa35bfbaac102412ffe56f4431babe495689635d92f78f2e6831580f686bf78e8bf9f86e08ae6b2175806e1
1774250292103391,1,0,ANON_5G_CON_IMSI_A0_03e0d73aeb209609fa3e553096d78416154e7f1a36e8a2a1ca7d73f45c8c9d29c5df4fd1918b14139ec5d849af09
1774250594116247,1,0,ANON_5G_CON_IMSI_A0_03d429aef80158d970f50925b6d55b988a0b59216cc31444ecc5403f020f99905220d2a6389a97ce5d88655e67d7
1774250604296117,2,0,ANON_5G_CON_IMSI_A0_03d429aef80158d970f50925b6d55b988a0b59216cc31444ecc5403f020f99905220d2a6389a97ce5d88655e67d7
1774250614476260,3,0,ANON_5G_CON_IMSI_A0_03d429aef80158d970f50925b6d55b988a0b59216cc31444ecc5403f020f99905220d2a6389a97ce5d88655e67d7
1774252549224039,1,0,ANON_5G_CON_IMSI_A0_0361c5e215e097ee4eca1bdf85716cab89c0ad16c2b02f2f0d6f2e724315c4e2d708d51e617ace921d31e5b39098
1774252559433994,2,0,ANON_5G_CON_IMSI_A0_0361c5e215e097ee4eca1bdf85716cab89c0ad16c2b02f2f0d6f2e724315c4e2d708d51e617ace921d31e5b39098
1774252569633942,3,0,ANON_5G_CON_IMSI_A0_0361c5e215e097ee4eca1bdf85716cab89c0ad16c2b02f2f0d6f2e724315c4e2d708d51e617ace921d31e5b39098
1774252579858942,4,0,ANON_5G_CON_IMSI_A0_0361c5e215e097ee4eca1bdf85716cab89c0ad16c2b02f2f0d6f2e724315c4e2d708d51e617ace921d31e5b39098
1774252590059052,5,0,ANON_5G_CON_IMSI_A0_0361c5e215e097ee4eca1bdf85716cab89c0ad16c2b02f2f0d6f2e724315c4e2d708d51e617ace921d31e5b39098
1774255218246459,1,0,ANON_5G_CON_IMSI_A0_0321e124bc60768ac9618788a06c88a9f549aa458adba5c5e62dfc7ff771dad0169ae370537b83fe0b751afa347c
1774256496630521,1,0,ANON_5G_CON_IMSI_A0_03929800059520fc885685077adb24ab96cb5517f39bfc6bbf5359b203223b9538e2d8527c69b952e2a7d8b308a1
1774256506850460,2,0,ANON_5G_CON_IMSI_A0_03929800059520fc885685077adb24ab96cb5517f39bfc6bbf5359b203223b9538e2d8527c69b952e2a7d8b308a1
1774256517030371,3,0,ANON_5G_CON_IMSI_A0_03929800059520fc885685077adb24ab96cb5517f39bfc6bbf5359b203223b9538e2d8527c69b952e2a7d8b308a1
1774256527235490,4,0,ANON_5G_CON_IMSI_A0_03929800059520fc885685077adb24ab96cb5517f39bfc6bbf5359b203223b9538e2d8527c69b952e2a7d8b308a1
1774256537455486,5,0,ANON_5G_CON_IMSI_A0_03929800059520fc885685077adb24ab96cb5517f39bfc6bbf5359b203223b9538e2d8527c69b952e2a7d8b308a1
1774257815830957,1,0,ANON_5G_CON_IMSI_A0_036854b7acde1e4646cd72fd7138cee9753e7ccb6114ceb4101702de01c1f89f742aeca05d5c0605c2cf180293b6
1774257826050854,2,0,ANON_5G_CON_IMSI_A0_036854b7acde1e4646cd72fd7138cee9753e7ccb6114ceb4101702de01c1f89f742aeca05d5c0605c2cf180293b6
1774257836251013,3,0,ANON_5G_CON_IMSI_A0_036854b7acde1e4646cd72fd7138cee9753e7ccb6114ceb4101702de01c1f89f742aeca05d5c0605c2cf180293b6
1774257846435821,4,0,ANON_5G_CON_IMSI_A0_036854b7acde1e4646cd72fd7138cee9753e7ccb6114ceb4101702de01c1f89f742aeca05d5c0605c2cf180293b6
1774257856615918,5,0,ANON_5G_CON_IMSI_A0_036854b7acde1e4646cd72fd7138cee9753e7ccb6114ceb4101702de01c1f89f742aeca05d5c0605c2cf180293b6
