timestamp,operator,ue,tech,imsi,guti
2026-03-20T14:24:02.833406+00:00,Operator A,Concealed_5g,5g,ANON_5G_CON_IMSI_A0_03695121b312ec5340c3764e0c2be76bb096154a68194f20b8864f50aabb2434839016a7b5f20f4ee223036c2244,3593815887
2026-03-20T14:29:19.604504+00:00,Operator A,Concealed_5g,5g,ANON_5G_CON_IMSI_A0_039e3af8d12336aeb059dae239f46ce1eaf7232631c8f708411b3299dc0317017a8ef63e4281cebd5480760f1204,3594340206
2026-03-20T14:29:29.884462+00:00,Operator A,Concealed_5g,5g,ANON_5G_CON_IMSI_A0_039e3af8d12336aeb059dae239f46ce1eaf7232631c8f708411b3299dc0317017a8ef63e4281cebd5480760f1204,3594340206
2026-03-20T14:40:14.842670+00:00,Operator A,Concealed_5g,5g,ANON_5G_CON_IMSI_A0_03b3adf52764637f25b08a0ab00f64a246d4fa566341cc9b61326bdc2170635c40c74b91697137b983c0eaad8dcf,3594733413
2026-03-20T14:40:25.062634+00:00,Operator A,Concealed_5g,5g,ANON_5G_CON_IMSI_A0_03b3adf52764637f25b08a0ab00f64a246d4fa566341cc9b61326bdc2170635c40c74b91697137b983c0eaad8dcf,3594733413
2026-03-20T14:45:20.588961+00:00,Operator A,Concealed_5g,5g,ANON_5G_CON_IMSI_A0_03b773764e7ed0c40621f472fef7cb10d0322f6bfcadc2b12f963b3e916a47b0c7eb0a6add4b1c7e0998c6501b4b,3594864632
2026-03-20T14:45:30.808919+00:00,Operator A,Concealed_5g,5g,ANON_5G_CON_IMSI_A0_03b773764e7ed0c40621f472fef7cb10d0322f6bfcadc2b12f963b3e916a47b0c7eb0a6add4b1c7e0998c6501b4b,3594864632
2026-03-20T14:45:41.008858+00:00,Operator A,Concealed_5g,5g,ANON_5G_CON_IMSI_A0_03b773764e7ed0c40621f472fef7cb10d0322f6bfcadc2b12f963b3e916a47b0c7eb0a6add4b1c7e0998c6501b4b,3594864632
2026-03-20T14:45:51.213854+00:00,Operator A,Concealed_5g,5g,ANON_5G_CON_IMSI_A0_03b773764e7ed0c40621f472fef7cb10d0322f6bfcadc2b12f963b3e916a47b0c7eb0a6add4b1c7e0998c6501b4b,3594864632
2026-03-20T14:47:40.513116+00:00,Operator A,S23,4g,ANON_IMSI_A2,3643492163
2026-03-20T14:48:05.515118+00:00,Operator A,S23,4g,ANON_IMSI_A2,3643492163
2026-03-20T14:53:14.572284+00:00,Operator A,S23,4g,ANON_IMSI_A2,3643557826
2026-03-20T14:53:31.176145+00:00,Operator A,S23,4g,ANON_IMSI_A2,3643557826
2026-03-20T15:07:19.785384+00:00,Operator A,Concealed_5g,5g,ANON_5G_CON_IMSI_A0_039e52be533c76dae1db1f3398fc6f8ad3240df2961c3eda4f9363396106eb16fde02e2370962dc435f5bb77db41,3595782118
2026-03-20T15:07:29.985367+00:00,Operator A,Concealed_5g,5g,ANON_5G_CON_IMSI_A0_039e52be533c76dae1db1f3398fc6f8ad3240df2961c3eda4f9363396106eb16fde02e2370962dc435f5bb77db41,3595782118
2026-03-20T15:07:40.165298+00:00,Operator A,Concealed_5g,5g,ANON_5G_CON_IMSI_A0_039e52be533c76dae1db1f3398fc6f8ad3240df2961c3eda4f9363396106eb16fde02e2370962dc435f5bb77db41,3595782118
2026-03-20T15:07:50.370312+00:00,Operator A,Concealed_5g,5g,ANON_5G_CON_IMSI_A0_039e52be533c76dae1db1f3398fc6f8ad3240df2961c3eda4f9363396106eb16fde02e2370962dc435f5bb77db41,3595782118
2026-03-20T15:15:34.092437+00:00,Operator A,S23,4g,ANON_IMSI_A2,3644344141
2026-03-20T15:34:51.595778+00:00,Operator A,Concealed_5g,5g,ANON_5G_CON_IMSI_A0_03afa45e4edb6d524e5584cdaec00dd4e7d1f16e0b4b92e12464fa52eb5f8f89cafa5b3dcdc1155cfee3746aab3f,3597158363
2026-03-20T15:35:01.815689+00:00,Operator A,Concealed_5g,5g,ANON_5G_CON_IMSI_A0_03afa45e4edb6d524e5584cdaec00dd4e7d1f16e0b4b92e12464fa52eb5f8f89cafa5b3dcdc1155cfee3746aab3f,3597158363
2026-03-20T15:35:12.015822+00:00,Operator A,Concealed_5g,5g,ANON_5G_CON_IMSI_A0_03afa45e4edb6d524e5584cdaec00dd4e7d1f16e0b4b92e12464fa52eb5f8f89cafa5b3dcdc1155cfee3746aab3f,3597158363
2026-03-20T15:46:06.276730+00:00,Operator A,Concealed_5g,5g,ANON_5G_CON_IMSI_A0_03ef904a1f46506f7ffa29dfdf651e70e42877c468ec765a2fec22f9f63712e4e9658af421c1ec22ca97ef351234,3597223795
2026-03-20T15:46:16.496642+00:00,Operator A,Concealed_5g,5g,ANON_5G_CON_IMSI_A0_03ef904a1f46506f7ffa29dfdf651e70e42877c468ec765a2fec22f9f63712e4e9658af421c1ec22ca97ef351234,3597223795
2026-03-20T15:51:43.433882+00:00,Operator A,Concealed_5g,5g,ANON_5G_CON_IMSI_A0_03131ec4e6008ae08a7056c5a4db3a513f1ade8d2a7e53b8f55fe77a2c19cf2712b9f4581283f234e55657a17db0,3597879117
2026-03-20T16:18:53.850303+00:00,Operator A,Concealed_5g,5g,ANON_5G_CON_IMSI_A0_03b3842718e0f0d0cda73c47b05d9695fc6b309e1016d109d0902dc8574ea1a08a53cb4c92bd13e1a4685fece71c,3598862306
2026-03-20T16:19:04.070375+00:00,Operator A,Concealed_5g,5g,ANON_5G_CON_IMSI_A0_03b3842718e0f0d0cda73c47b05d9695fc6b309e1016d109d0902dc8574ea1a08a53cb4c92bd13e1a4685fece71c,3598862306
2026-03-20T16:29:44.075315+00:00,Operator A,Concealed_5g,5g,ANON_5G_CON_IMSI_A0_039b1e1fcaa44c1442f916f38fc5d0bceb8775b998efca997e82020921877f6fa734ff029d4180d2d5d475b09790,3599517636
2026-03-20T16:29:54.355168+00:00,Operator A,Concealed_5g,5g,ANON_5G_CON_IMSI_A0_039b1e1fcaa44c1442f916f38fc5d0bceb8775b998efca997e82020921877f6fa734ff029d4180d2d5d475b09790,3599517636
2026-03-20T16:30:04.535239+00:00,Operator A,Concealed_5g,5g,ANON_5G_CON_IMSI_A0_039b1e1fcaa44c1442f916f38fc5d0bceb8775b998efca997e82020921877f6fa734ff029d4180d2d5d475b09790,3599517636
2026-03-20T16:40:54.034953+00:00,Operator A,Concealed_5g,5g,ANON_5G_CON_IMSI_A0_03510f460347be5d51fed0777c8deb8ba1e59f96ee923fcbb89524972652f0fa2e6c567780ccba750bb7596b23be,3599583061
2026-03-20T16:41:04.274843+00:00,Operator A,Concealed_5g,5g,ANON_5G_CON_IMSI_A0_03510f460347be5d51fed0777c8deb8ba1e59f96ee923fcbb89524972652f0fa2e6c567780ccba750bb7596b23be,3599583061
2026-03-20T16:45:59.794867+00:00,Operator A,Concealed_5g,5g,ANON_5G_CON_IMSI_A0_03556af4c7a5bb79145f6d072c87f5ffadfbeb9c65f94c0838c5ec9c26304b7d5a1a238439d7ae7dd9628cce4b03,3600041854
2026-03-20T16:46:10.014725+00:00,Operator A,Concealed_5g,5g,ANON_5G_CON_IMSI_A0_03556af4c7a5bb79145f6d072c87f5ffadfbeb9c65f94c0838c5ec9c26304b7d5a1a238439d7ae7dd9628cce4b03,3600041854
2026-03-20T16:46:20.214777+00:00,Operator A,Concealed_5g,5g,ANON_5G_CON_IMSI_A0_03556af4c7a5bb79145f6d072c87f5ffadfbeb9c65f94c0838c5ec9c26304b7d5a1a238439d7ae7dd9628cce4b03,3600041854
2026-03-20T16:46:30.419641+00:00,Operator A,Concealed_5g,5g,ANON_5G_CON_IMSI_A0_03556af4c7a5bb79145f6d072c87f5ffadfbeb9c65f94c0838c5ec9c26304b7d5a1a238439d7ae7dd9628cce4b03,3600041854
2026-03-20T16:54:02.452173+00:00,Operator A,S23,4g,ANON_IMSI_A2,3648276346
2026-03-20T17:02:22.128406+00:00,Operator A,Concealed_5g,5g,ANON_5G_CON_IMSI_A0_03752b2c2aba0078c375bdb94e052ff0d0105149125e5c916bf14a6433a76454cb3b09c0a30398f56406a03750a5,3600762872
2026-03-20T17:02:32.368330+00:00,Operator A,Concealed_5g,5g,ANON_5G_CON_IMSI_A0_03752b2c2aba0078c375bdb94e052ff0d0105149125e5c916bf14a6433a76454cb3b09c0a30398f56406a03750a5,3600762872
2026-03-20T17:02:42.548314+00:00,Operator A,Concealed_5g,5g,ANON_5G_CON_IMSI_A0_03752b2c2aba0078c375bdb94e052ff0d0105149125e5c916bf14a6433a76454cb3b09c0a30398f56406a03750a5,3600762872
2026-03-20T17:02:52.753307+00:00,Operator A,Concealed_5g,5g,ANON_5G_CON_IMSI_A0_03752b2c2aba0078c375bdb94e052ff0d0105149125e5c916bf14a6433a76454cb3b09c0a30398f56406a03750a5,3600762872
2026-03-20T17:10:04.160103+00:00,Operator A,S23,4g,ANON_IMSI_A2,4198909800
2026-03-20T17:10:29.164001+00:00,Operator A,S23,4g,ANON_IMSI_A2,4198909800
2026-03-20T17:19:21.984310+00:00,Operator A,Concealed_5g,5g,ANON_5G_CON_IMSI_A0_03f09937c2ff94e7f9ab05b81b001f5f9d5ca2036ee66a5de1bee6ce83aa48dede1c98121cd5d7056cb25e4ba7ec,3601680197
2026-03-20T17:24:26.811440+00:00,Operator A,Concealed_5g,5g,ANON_5G_CON_IMSI_A0_03e84fa62481cb87404baa2843b6a2fa51520dc9667071f56a433aa081f7f5db1c268884e8422b5f9989bc9cd442,3601811321
2026-03-20T17:24:37.051293+00:00,Operator A,Concealed_5g,5g,ANON_5G_CON_IMSI_A0_03e84fa62481cb87404baa2843b6a2fa51520dc9667071f56a433aa081f7f5db1c268884e8422b5f9989bc9cd442,3601811321
2026-03-20T17:24:47.251368+00:00,Operator A,Concealed_5g,5g,ANON_5G_CON_IMSI_A0_03e84fa62481cb87404baa2843b6a2fa51520dc9667071f56a433aa081f7f5db1c268884e8422b5f9989bc9cd442,3601811321
2026-03-20T17:35:38.008272+00:00,Operator A,Concealed_5g,5g,ANON_5G_CON_IMSI_A0_03ecdfcc18ab5e0afb3d634b209c9d1b84a90d58afba75f6de85b58b5f06b76ed8385da7b5fa19a28d51d6daa6fe,3601942524
2026-03-20T17:35:48.268090+00:00,Operator A,Concealed_5g,5g,ANON_5G_CON_IMSI_A0_03ecdfcc18ab5e0afb3d634b209c9d1b84a90d58afba75f6de85b58b5f06b76ed8385da7b5fa19a28d51d6daa6fe,3601942524
2026-03-20T17:52:05.314322+00:00,Operator A,Concealed_5g,5g,ANON_5G_CON_IMSI_A0_0341243d9d987ea023142db12742fdc01099e8b1b908eeaa66389d8f51b2f268a816e4bbaf0c60318f9d92b157b6,3602860014
2026-03-20T17:52:15.514371+00:00,Operator A,Concealed_5g,5g,ANON_5G_CON_IMSI_A0_0341243d9d987ea023142db12742fdc01099e8b1b908eeaa66389d8f51b2f268a816e4bbaf0c60318f9d92b157b6,3602860014
2026-03-20T17:57:11.967589+00:00,Operator A,Concealed_5g,5g,ANON_5G_CON_IMSI_A0_03b27819cd9a164d69d45376cc664aca2c1f4b8b7f664586893248960f75d2291a642ac6480961a7507f6787efde,3603122002
2026-03-20T17:57:22.187612+00:00,Operator A,Concealed_5g,5g,ANON_5G_CON_IMSI_A0_03b27819cd9a164d69d45376cc664aca2c1f4b8b7f664586893248960f75d2291a642ac6480961a7507f6787efde,3603122002
2026-03-20T17:57:32.367672+00:00,Operator A,Concealed_5g,5g,ANON_5G_CON_IMSI_A0_03b27819cd9a164d69d45376cc664aca2c1f4b8b7f664586893248960f75d2291a642ac6480961a7507f6787efde,3603122002
2026-03-20T17:57:42.572739+00:00,Operator A,Concealed_5g,5g,ANON_5G_CON_IMSI_A0_03b27819cd9a164d69d45376cc664aca2c1f4b8b7f664586893248960f75d2291a642ac6480961a7507f6787efde,3603122002
2026-03-20T18:19:28.803966+00:00,Operator A,Concealed_5g,5g,ANON_5G_CON_IMSI_A0_03e4a71057a648896a4fb306a6ea58edd56b1be27a54c6379f93db471d10b44a27fe3a5ec4a9da2648b19abf3f89,3604170571
2026-03-20T18:19:39.023867+00:00,Operator A,Concealed_5g,5g,ANON_5G_CON_IMSI_A0_03e4a71057a648896a4fb306a6ea58edd56b1be27a54c6379f93db471d10b44a27fe3a5ec4a9da2648b19abf3f89,3604170571
2026-03-20T18:24:32.502339+00:00,Operator A,Concealed_5g,5g,ANON_5G_CON_IMSI_A0_038b7a4ea559f8e4e5a561e29b9e1109aa6a14a5984bee71cd1d51ac41a8f259f28c9ac29f56852af3b4ebd5f3b7,3604498252
2026-03-20T18:24:42.702246+00:00,Operator A,Concealed_5g,5g,ANON_5G_CON_IMSI_A0_038b7a4ea559f8e4e5a561e29b9e1109aa6a14a5984bee71cd1d51ac41a8f259f28c9ac29f56852af3b4ebd5f3b7,3604498252
2026-03-20T18:24:52.902225+00:00,Operator A,Concealed_5g,5g,ANON_5G_CON_IMSI_A0_038b7a4ea559f8e4e5a561e29b9e1109aa6a14a5984bee71cd1d51ac41a8f259f28c9ac29f56852af3b4ebd5f3b7,3604498252
2026-03-20T18:25:03.087181+00:00,Operator A,Concealed_5g,5g,ANON_5G_CON_IMSI_A0_038b7a4ea559f8e4e5a561e29b9e1109aa6a14a5984bee71cd1d51ac41a8f259f28c9ac29f56852af3b4ebd5f3b7,3604498252
2026-03-20T18:41:02.534832+00:00,Operator A,Concealed_5g,5g,ANON_5G_CON_IMSI_A0_0354b6a82093a38b6b84fe1f4c8c6164ff977144c0b294d5579cc4c4c2fb0c241600ac4732f2ae68bace4c8eb4a7,3652667249
2026-03-20T18:41:12.754714+00:00,Operator A,Concealed_5g,5g,ANON_5G_CON_IMSI_A0_0354b6a82093a38b6b84fe1f4c8c6164ff977144c0b294d5579cc4c4c2fb0c241600ac4732f2ae68bace4c8eb4a7,3652667249
2026-03-20T18:41:22.974836+00:00,Operator A,Concealed_5g,5g,ANON_5G_CON_IMSI_A0_0354b6a82093a38b6b84fe1f4c8c6164ff977144c0b294d5579cc4c4c2fb0c241600ac4732f2ae68bace4c8eb4a7,3652667249
2026-03-20T18:41:33.179751+00:00,Operator A,Concealed_5g,5g,ANON_5G_CON_IMSI_A0_0354b6a82093a38b6b84fe1f4c8c6164ff977144c0b294d5579cc4c4c2fb0c241600ac4732f2ae68bace4c8eb4a7,3652667249
2026-03-20T18:48:42.601198+00:00,Operator A,S23,4g,ANON_IMSI_A2,3652667249
2026-03-20T18:49:07.605090+00:00,Operator A,S23,4g,ANON_IMSI_A2,3652667249
2026-03-20T18:57:22.472131+00:00,Operator A,Concealed_5g,5g,ANON_5G_CON_IMSI_A0_03d805eb80b6d0ac6163bd5622eba43d032710a20445965658f5cc19b89bd917784d205e2102d027543d1089a593,3653257201
2026-03-20T18:57:32.731921+00:00,Operator A,Concealed_5g,5g,ANON_5G_CON_IMSI_A0_03d805eb80b6d0ac6163bd5622eba43d032710a20445965658f5cc19b89bd917784d205e2102d027543d1089a593,3653257201
2026-03-20T18:57:42.971883+00:00,Operator A,Concealed_5g,5g,ANON_5G_CON_IMSI_A0_03d805eb80b6d0ac6163bd5622eba43d032710a20445965658f5cc19b89bd917784d205e2102d027543d1089a593,3653257201
2026-03-20T18:57:53.196933+00:00,Operator A,Concealed_5g,5g,ANON_5G_CON_IMSI_A0_03d805eb80b6d0ac6163bd5622eba43d032710a20445965658f5cc19b89bd917784d205e2102d027543d1089a593,3653257201
2026-03-20T19:36:01.086353+00:00,Operator A,Concealed_5g,5g,ANON_5G_CON_IMSI_A0_030008f6f00028f4e96ab1510c5b0d701272e280d482292b3d633ba76845795db96076ed89bd78dfbf17c2fb6706,3607447400
2026-03-20T19:36:11.306246+00:00,Operator A,Concealed_5g,5g,ANON_5G_CON_IMSI_A0_030008f6f00028f4e96ab1510c5b0d701272e280d482292b3d633ba76845795db96076ed89bd78dfbf17c2fb6706,3607447400
2026-03-20T19:36:21.506208+00:00,Operator A,Concealed_5g,5g,ANON_5G_CON_IMSI_A0_030008f6f00028f4e96ab1510c5b0d701272e280d482292b3d633ba76845795db96076ed89bd78dfbf17c2fb6706,3607447400
2026-03-20T19:41:05.718038+00:00,Operator A,Concealed_5g,5g,ANON_5G_CON_IMSI_A0_033420919694ef17ca98a605c36e3ade1c8ea21a88af940589f404351b2c64c4db5c4c3b26f3b673b9f47ad72bd4,3607644003
2026-03-20T19:41:15.937926+00:00,Operator A,Concealed_5g,5g,ANON_5G_CON_IMSI_A0_033420919694ef17ca98a605c36e3ade1c8ea21a88af940589f404351b2c64c4db5c4c3b26f3b673b9f47ad72bd4,3607644003
2026-03-20T19:41:26.137930+00:00,Operator A,Concealed_5g,5g,ANON_5G_CON_IMSI_A0_033420919694ef17ca98a605c36e3ade1c8ea21a88af940589f404351b2c64c4db5c4c3b26f3b673b9f47ad72bd4,3607644003
2026-03-20T19:41:36.342996+00:00,Operator A,Concealed_5g,5g,ANON_5G_CON_IMSI_A0_033420919694ef17ca98a605c36e3ade1c8ea21a88af940589f404351b2c64c4db5c4c3b26f3b673b9f47ad72bd4,3607644003
2026-03-20T19:41:46.562926+00:00,Operator A,Concealed_5g,5g,ANON_5G_CON_IMSI_A0_033420919694ef17ca98a605c36e3ade1c8ea21a88af940589f404351b2c64c4db5c4c3b26f3b673b9f47ad72bd4,3607644003
2026-03-20T20:03:39.856531+00:00,Operator A,Concealed_5g,5g,ANON_5G_CON_IMSI_A0_03793b67ad795a72400e0488c62c1b1b9a92c55750b01f7ba48610cd036a44ddb5951e7ac8e0d7236a3a9e9019c6,3608168412
2026-03-20T20:14:11.515543+00:00,Operator A,Concealed_5g,5g,ANON_5G_CON_IMSI_A0_0367fca027f15bd695ba7051f499038fe2f90d0c3b45f47482c952cae30600ec98041ef185b9750f9660142be9d5,3608758131
2026-03-20T20:14:21.735217+00:00,Operator A,Concealed_5g,5g,ANON_5G_CON_IMSI_A0_0367fca027f15bd695ba7051f499038fe2f90d0c3b45f47482c952cae30600ec98041ef185b9750f9660142be9d5,3608758131
2026-03-20T20:14:31.915229+00:00,Operator A,Concealed_5g,5g,ANON_5G_CON_IMSI_A0_0367fca027f15bd695ba7051f499038fe2f90d0c3b45f47482c952cae30600ec98041ef185b9750f9660142be9d5,3608758131
2026-03-20T20:14:42.100309+00:00,Operator A,Concealed_5g,5g,ANON_5G_CON_IMSI_A0_0367fca027f15bd695ba7051f499038fe2f90d0c3b45f47482c952cae30600ec98041ef185b9750f9660142be9d5,3608758131
2026-03-20T20:29:22.197803+00:00,Operator A,Concealed_5g,5g,ANON_5G_CON_IMSI_A0_0322890f2621be585f4fd2fae85e966bb1e07f9940bd4c25729519231a6129f8b1599d4c167a8e987800109cda1c,3609151436
2026-03-20T20:29:32.417728+00:00,Operator A,Concealed_5g,5g,ANON_5G_CON_IMSI_A0_0322890f2621be585f4fd2fae85e966bb1e07f9940bd4c25729519231a6129f8b1599d4c167a8e987800109cda1c,3609151436
2026-03-20T20:29:42.617695+00:00,Operator A,Concealed_5g,5g,ANON_5G_CON_IMSI_A0_0322890f2621be585f4fd2fae85e966bb1e07f9940bd4c25729519231a6129f8b1599d4c167a8e987800109cda1c,3609151436
2026-03-20T20:29:52.822736+00:00,Operator A,Concealed_5g,5g,ANON_5G_CON_IMSI_A0_0322890f2621be585f4fd2fae85e966bb1e07f9940bd4c25729519231a6129f8b1599d4c167a8e987800109cda1c,3609151436
2026-03-20T20:30:03.022742+00:00,Operator A,Concealed_5g,5g,ANON_5G_CON_IMSI_A0_0322890f2621be585f4fd2fae85e966bb1e07f9940bd4c25729519231a6129f8b1599d4c167a8e987800109cda1c,3609151436
2026-03-20T20:31:47.218987+00:00,Operator A,S23,4g,ANON_IMSI_A2,3656337371
2026-03-20T20:32:12.223029+00:00,Operator A,S23,4g,ANON_IMSI_A2,3656337371
2026-03-20T20:51:57.228980+00:00,Operator A,Concealed_5g,5g,ANON_5G_CON_IMSI_A0_034dbafb7861b88fd65d6a8ff31bbaa861588e12e68eea4a68f4d7b1834bc08574603a2fe7af3cbb12d7872f2878,3609937786
2026-03-20T21:02:11.918017+00:00,Operator A,Concealed_5g,5g,ANON_5G_CON_IMSI_A0_03387a45f2607a4453869e5262cf8b01d94d6c92abf87cd7ea8f39e8410cf2a06239f6893be671bfb5201214c8d8,3610200062
2026-03-20T21:02:22.137930+00:00,Operator A,Concealed_5g,5g,ANON_5G_CON_IMSI_A0_03387a45f2607a4453869e5262cf8b01d94d6c92abf87cd7ea8f39e8410cf2a06239f6893be671bfb5201214c8d8,3610200062
2026-03-20T21:02:32.317932+00:00,Operator A,Concealed_5g,5g,ANON_5G_CON_IMSI_A0_03387a45f2607a4453869e5262cf8b01d94d6c92abf87cd7ea8f39e8410cf2a06239f6893be671bfb5201214c8d8,3610200062
2026-03-20T21:02:42.523006+00:00,Operator A,Concealed_5g,5g,ANON_5G_CON_IMSI_A0_03387a45f2607a4453869e5262cf8b01d94d6c92abf87cd7ea8f39e8410cf2a06239f6893be671bfb5201214c8d8,3610200062
2026-03-20T21:02:52.702929+00:00,Operator A,Concealed_5g,5g,ANON_5G_CON_IMSI_A0_03387a45f2607a4453869e5262cf8b01d94d6c92abf87cd7ea8f39e8410cf2a06239f6893be671bfb5201214c8d8,3610200062
2026-03-20T21:19:25.758805+00:00,Operator A,Concealed_5g,5g,ANON_5G_CON_IMSI_A0_03b6eaaafec9e2575349305c951b9156fbc7596a042ca306f310a79a38adabe5436685bdb5713126ec4892dc674d,3610724288
2026-03-20T21:24:30.088242+00:00,Operator A,Concealed_5g,5g,ANON_5G_CON_IMSI_A0_03b8465960ee9c1687fa34e660b785748cbad02200820cdfa64e718b08257f272044766a17cb581a58328cb32340,3610986327
2026-03-20T21:24:40.308111+00:00,Operator A,Concealed_5g,5g,ANON_5G_CON_IMSI_A0_03b8465960ee9c1687fa34e660b785748cbad02200820cdfa64e718b08257f272044766a17cb581a58328cb32340,3610986327
2026-03-20T21:24:50.488158+00:00,Operator A,Concealed_5g,5g,ANON_5G_CON_IMSI_A0_03b8465960ee9c1687fa34e660b785748cbad02200820cdfa64e718b08257f272044766a17cb581a58328cb32340,3610986327
2026-03-20T21:30:09.113513+00:00,Operator A,Concealed_5g,5g,ANON_5G_CON_IMSI_A0_036f5165847c8e519ef2acd5e7914f0964ef93766a455c6a65ff86c3b0af490f94e6fe75d88b4f54e59c7b107d7b,3611183085
2026-03-20T21:30:19.313407+00:00,Operator A,Concealed_5g,5g,ANON_5G_CON_IMSI_A0_036f5165847c8e519ef2acd5e7914f0964ef93766a455c6a65ff86c3b0af490f94e6fe75d88b4f54e59c7b107d7b,3611183085
2026-03-20T21:35:16.856846+00:00,Operator A,Concealed_5g,5g,ANON_5G_CON_IMSI_A0_03332f33f31cc3eeabe9912b10bcf520a7d2fac319578f96a4a741fd26f6e87e839db6c18208c1a4ad3296a36b4f,3611314146
2026-03-20T21:35:27.076808+00:00,Operator A,Concealed_5g,5g,ANON_5G_CON_IMSI_A0_03332f33f31cc3eeabe9912b10bcf520a7d2fac319578f96a4a741fd26f6e87e839db6c18208c1a4ad3296a36b4f,3611314146
2026-03-20T21:35:37.276636+00:00,Operator A,Concealed_5g,5g,ANON_5G_CON_IMSI_A0_03332f33f31cc3eeabe9912b10bcf520a7d2fac319578f96a4a741fd26f6e87e839db6c18208c1a4ad3296a36b4f,3611314146
2026-03-20T21:35:47.481770+00:00,Operator A,Concealed_5g,5g,ANON_5G_CON_IMSI_A0_03332f33f31cc3eeabe9912b10bcf520a7d2fac319578f96a4a741fd26f6e87e839db6c18208c1a4ad3296a36b4f,3611314146
2026-03-20T21:51:39.443548+00:00,Operator A,Concealed_5g,5g,ANON_5G_CON_IMSI_A0_0312a4361f4ca7a22ca18a54cd8b7f4a5d98a022e6a1b651f4e57fbbb5998cffc9860ca053a1f6e859c49c992857,3611772919
2026-03-20T21:51:49.643377+00:00,Operator A,Concealed_5g,5g,ANON_5G_CON_IMSI_A0_0312a4361f4ca7a22ca18a54cd8b7f4a5d98a022e6a1b651f4e57fbbb5998cffc9860ca053a1f6e859c49c992857,3611772919
2026-03-20T21:51:59.823399+00:00,Operator A,Concealed_5g,5g,ANON_5G_CON_IMSI_A0_0312a4361f4ca7a22ca18a54cd8b7f4a5d98a022e6a1b651f4e57fbbb5998cffc9860ca053a1f6e859c49c992857,3611772919
2026-03-20T21:52:10.008371+00:00,Operator A,Concealed_5g,5g,ANON_5G_CON_IMSI_A0_0312a4361f4ca7a22ca18a54cd8b7f4a5d98a022e6a1b651f4e57fbbb5998cffc9860ca053a1f6e859c49c992857,3611772919
2026-03-20T21:52:20.228422+00:00,Operator A,Concealed_5g,5g,ANON_5G_CON_IMSI_A0_0312a4361f4ca7a22ca18a54cd8b7f4a5d98a022e6a1b651f4e57fbbb5998cffc9860ca053a1f6e859c49c992857,3611772919
2026-03-20T22:13:38.889579+00:00,Operator A,Concealed_5g,5g,ANON_5G_CON_IMSI_A0_0303f4fe91e35f27822b8d958b9f24346b02710ee5d7f4ec810b71e1d8e684df2a4ef3af22165f8f634114c14c28,3612297181
2026-03-20T22:13:49.109429+00:00,Operator A,Concealed_5g,5g,ANON_5G_CON_IMSI_A0_0303f4fe91e35f27822b8d958b9f24346b02710ee5d7f4ec810b71e1d8e684df2a4ef3af22165f8f634114c14c28,3612297181
2026-03-20T22:13:59.309540+00:00,Operator A,Concealed_5g,5g,ANON_5G_CON_IMSI_A0_0303f4fe91e35f27822b8d958b9f24346b02710ee5d7f4ec810b71e1d8e684df2a4ef3af22165f8f634114c14c28,3612297181
2026-03-20T22:14:09.514486+00:00,Operator A,Concealed_5g,5g,ANON_5G_CON_IMSI_A0_0303f4fe91e35f27822b8d958b9f24346b02710ee5d7f4ec810b71e1d8e684df2a4ef3af22165f8f634114c14c28,3612297181
2026-03-20T22:15:56.487334+00:00,Operator A,S23,4g,ANON_IMSI_A2,3658958823
2026-03-20T22:16:21.509412+00:00,Operator A,S23,4g,ANON_IMSI_A2,3658958823
2026-03-20T22:30:24.740292+00:00,Operator A,Concealed_5g,5g,ANON_5G_CON_IMSI_A0_0358b5beeb0f3124747ca09832bcbdf93c19bb127b22ef8e6021e1c54478b36f4c9323588fd82ac54054617b3b7c,3612887008
2026-03-20T22:30:34.960172+00:00,Operator A,Concealed_5g,5g,ANON_5G_CON_IMSI_A0_0358b5beeb0f3124747ca09832bcbdf93c19bb127b22ef8e6021e1c54478b36f4c9323588fd82ac54054617b3b7c,3612887008
2026-03-20T22:35:41.386472+00:00,Operator A,Concealed_5g,5g,ANON_5G_CON_IMSI_A0_03243326015069980c133f4988f67d4913181d9c35c6d35c551c8d1c4bc28abc7805d85d005a6f01ce5abd65cd67,3659417543
2026-03-20T22:35:51.646404+00:00,Operator A,Concealed_5g,5g,ANON_5G_CON_IMSI_A0_03243326015069980c133f4988f67d4913181d9c35c6d35c551c8d1c4bc28abc7805d85d005a6f01ce5abd65cd67,3659417543
2026-03-20T22:36:01.866385+00:00,Operator A,Concealed_5g,5g,ANON_5G_CON_IMSI_A0_03243326015069980c133f4988f67d4913181d9c35c6d35c551c8d1c4bc28abc7805d85d005a6f01ce5abd65cd67,3659417543
2026-03-20T22:46:47.015523+00:00,Operator A,Concealed_5g,5g,ANON_5G_CON_IMSI_A0_0350828ae41649c19863af1475ff0b5e3145457bbba0559514104e8c19eb82ff512b7dfd51829031209581d28423,3613083477
2026-03-20T22:46:57.235541+00:00,Operator A,Concealed_5g,5g,ANON_5G_CON_IMSI_A0_0350828ae41649c19863af1475ff0b5e3145457bbba0559514104e8c19eb82ff512b7dfd51829031209581d28423,3613083477
2026-03-20T22:47:07.435491+00:00,Operator A,Concealed_5g,5g,ANON_5G_CON_IMSI_A0_0350828ae41649c19863af1475ff0b5e3145457bbba0559514104e8c19eb82ff512b7dfd51829031209581d28423,3613083477
2026-03-20T22:52:25.086461+00:00,Operator A,Concealed_5g,5g,ANON_5G_CON_IMSI_A0_0304472cca1b41dfe3254e30c906752fec823b9e194bb29c28be88574a5f0aab6df2932f26367915f75112822034,3613411264
2026-03-20T22:52:35.306217+00:00,Operator A,Concealed_5g,5g,ANON_5G_CON_IMSI_A0_0304472cca1b41dfe3254e30c906752fec823b9e194bb29c28be88574a5f0aab6df2932f26367915f75112822034,3613411264
2026-03-20T23:02:52.376407+00:00,Operator A,Concealed_5g,5g,ANON_5G_CON_IMSI_A0_03b1026eeababcc289386c451df606fda18035fd6950ecd418c4a1753fc04ebbcf7c265b65c94a9256b93ec59860,3613673430
2026-03-20T23:03:02.616359+00:00,Operator A,Concealed_5g,5g,ANON_5G_CON_IMSI_A0_03b1026eeababcc289386c451df606fda18035fd6950ecd418c4a1753fc04ebbcf7c265b65c94a9256b93ec59860,3613673430
2026-03-20T23:03:12.796300+00:00,Operator A,Concealed_5g,5g,ANON_5G_CON_IMSI_A0_03b1026eeababcc289386c451df606fda18035fd6950ecd418c4a1753fc04ebbcf7c265b65c94a9256b93ec59860,3613673430
2026-03-20T23:03:23.001376+00:00,Operator A,Concealed_5g,5g,ANON_5G_CON_IMSI_A0_03b1026eeababcc289386c451df606fda18035fd6950ecd418c4a1753fc04ebbcf7c265b65c94a9256b93ec59860,3613673430
2026-03-20T23:03:33.221358+00:00,Operator A,Concealed_5g,5g,ANON_5G_CON_IMSI_A0_03b1026eeababcc289386c451df606fda18035fd6950ecd418c4a1753fc04ebbcf7c265b65c94a9256b93ec59860,3613673430
2026-03-20T23:30:07.580045+00:00,Operator A,Concealed_5g,5g,ANON_5G_CON_IMSI_A0_03c5f1126da14dc142e1b199857bdd79f3728225848303fa5c2169525e27354057079f26faddd23c48a600fb52f1,3614263117
2026-03-20T23:30:17.799890+00:00,Operator A,Concealed_5g,5g,ANON_5G_CON_IMSI_A0_03c5f1126da14dc142e1b199857bdd79f3728225848303fa5c2169525e27354057079f26faddd23c48a600fb52f1,3614263117
2026-03-20T23:30:27.999988+00:00,Operator A,Concealed_5g,5g,ANON_5G_CON_IMSI_A0_03c5f1126da14dc142e1b199857bdd79f3728225848303fa5c2169525e27354057079f26faddd23c48a600fb52f1,3614263117
2026-03-20T23:30:38.204939+00:00,Operator A,Concealed_5g,5g,ANON_5G_CON_IMSI_A0_03c5f1126da14dc142e1b199857bdd79f3728225848303fa5c2169525e27354057079f26faddd23c48a600fb52f1,3614263117
2026-03-20T23:30:48.424957+00:00,Operator A,Concealed_5g,5g,ANON_5G_CON_IMSI_A0_03c5f1126da14dc142e1b199857bdd79f3728225848303fa5c2169525e27354057079f26faddd23c48a600fb52f1,3614263117
2026-03-20T23:52:22.317218+00:00,Operator A,Concealed_5g,5g,ANON_5G_CON_IMSI_A0_0371b92af02f8d50091dc241ba6aae25c55c3b64a659ccde0f357145809dcb9e125a863ceb5df43f7feac3901d3f,3614590936
2026-03-20T23:52:32.517226+00:00,Operator A,Concealed_5g,5g,ANON_5G_CON_IMSI_A0_0371b92af02f8d50091dc241ba6aae25c55c3b64a659ccde0f357145809dcb9e125a863ceb5df43f7feac3901d3f,3614590936
2026-03-20T23:52:42.717181+00:00,Operator A,Concealed_5g,5g,ANON_5G_CON_IMSI_A0_0371b92af02f8d50091dc241ba6aae25c55c3b64a659ccde0f357145809dcb9e125a863ceb5df43f7feac3901d3f,3614590936
2026-03-20T23:57:35.946534+00:00,Operator A,Concealed_5g,5g,ANON_5G_CON_IMSI_A0_0389aeb156a8ec1cc176b9f6a95e69beabfe851f8b8fcc664cad3b8ea3b6184842234f866fa4c48a8e33d1e6b78e,3614852940
2026-03-20T23:57:46.186352+00:00,Operator A,Concealed_5g,5g,ANON_5G_CON_IMSI_A0_0389aeb156a8ec1cc176b9f6a95e69beabfe851f8b8fcc664cad3b8ea3b6184842234f866fa4c48a8e33d1e6b78e,3614852940
2026-03-20T23:57:56.406206+00:00,Operator A,Concealed_5g,5g,ANON_5G_CON_IMSI_A0_0389aeb156a8ec1cc176b9f6a95e69beabfe851f8b8fcc664cad3b8ea3b6184842234f866fa4c48a8e33d1e6b78e,3614852940
2026-03-20T23:58:06.611269+00:00,Operator A,Concealed_5g,5g,ANON_5G_CON_IMSI_A0_0389aeb156a8ec1cc176b9f6a95e69beabfe851f8b8fcc664cad3b8ea3b6184842234f866fa4c48a8e33d1e6b78e,3614852940
2026-03-20T23:58:16.831410+00:00,Operator A,Concealed_5g,5g,ANON_5G_CON_IMSI_A0_0389aeb156a8ec1cc176b9f6a95e69beabfe851f8b8fcc664cad3b8ea3b6184842234f866fa4c48a8e33d1e6b78e,3614852940
2026-03-21T00:19:26.329151+00:00,Operator A,Concealed_5g,5g,ANON_5G_CON_IMSI_A0_03995ccd891e158c44b822a290dbc9cd3ed817ca24a6eaca9a51e8c560ed02f901a4d8042cd51d66ab45714e3b90,3615246196
2026-03-21T00:19:36.549038+00:00,Operator A,Concealed_5g,5g,ANON_5G_CON_IMSI_A0_03995ccd891e158c44b822a290dbc9cd3ed817ca24a6eaca9a51e8c560ed02f901a4d8042cd51d66ab45714e3b90,3615246196
2026-03-21T00:19:46.728940+00:00,Operator A,Concealed_5g,5g,ANON_5G_CON_IMSI_A0_03995ccd891e158c44b822a290dbc9cd3ed817ca24a6eaca9a51e8c560ed02f901a4d8042cd51d66ab45714e3b90,3615246196
2026-03-21T00:19:56.933859+00:00,Operator A,Concealed_5g,5g,ANON_5G_CON_IMSI_A0_03995ccd891e158c44b822a290dbc9cd3ed817ca24a6eaca9a51e8c560ed02f901a4d8042cd51d66ab45714e3b90,3615246196
2026-03-21T00:20:07.133960+00:00,Operator A,Concealed_5g,5g,ANON_5G_CON_IMSI_A0_03995ccd891e158c44b822a290dbc9cd3ed817ca24a6eaca9a51e8c560ed02f901a4d8042cd51d66ab45714e3b90,3615246196
2026-03-21T00:36:36.029035+00:00,Operator A,Concealed_5g,5g,ANON_5G_CON_IMSI_A0_0307ee2708557b9d0fb9bb82e607f2b7ccbf99ded513f2b802dc9c619798b06ac7801ff00a9c9859d73da4f6827b,3615508421
2026-03-21T00:41:43.718796+00:00,Operator A,Concealed_5g,5g,ANON_5G_CON_IMSI_A0_0326ca7e1ef81662e8e21823feb88aeec040cb9d4ef3c78d5fab6e7ecd727cf792cd2c19423c361780ee4d168b99,3615639517
2026-03-21T00:41:53.918631+00:00,Operator A,Concealed_5g,5g,ANON_5G_CON_IMSI_A0_0326ca7e1ef81662e8e21823feb88aeec040cb9d4ef3c78d5fab6e7ecd727cf792cd2c19423c361780ee4d168b99,3615639517
2026-03-21T00:42:04.118589+00:00,Operator A,Concealed_5g,5g,ANON_5G_CON_IMSI_A0_0326ca7e1ef81662e8e21823feb88aeec040cb9d4ef3c78d5fab6e7ecd727cf792cd2c19423c361780ee4d168b99,3615639517
2026-03-21T00:52:44.633024+00:00,Operator A,Concealed_5g,5g,ANON_5G_CON_IMSI_A0_03b8dc64335fe586de9e266cc0f5fe55fa5c86aaec086394799574a9c69e24f7bbd04c25fe382a28070f4889827b,3615704942
2026-03-21T00:52:54.832974+00:00,Operator A,Concealed_5g,5g,ANON_5G_CON_IMSI_A0_03b8dc64335fe586de9e266cc0f5fe55fa5c86aaec086394799574a9c69e24f7bbd04c25fe382a28070f4889827b,3615704942
2026-03-21T00:53:05.032944+00:00,Operator A,Concealed_5g,5g,ANON_5G_CON_IMSI_A0_03b8dc64335fe586de9e266cc0f5fe55fa5c86aaec086394799574a9c69e24f7bbd04c25fe382a28070f4889827b,3615704942
2026-03-21T00:57:46.844473+00:00,Operator A,Concealed_5g,5g,ANON_5G_CON_IMSI_A0_03bac84473173819886e00fecd6e43ca92b5ba2efd66457deb965cfb4612e72223efda18949b3816c8db49e0e6cb,3615901683
2026-03-21T00:57:57.064335+00:00,Operator A,Concealed_5g,5g,ANON_5G_CON_IMSI_A0_03bac84473173819886e00fecd6e43ca92b5ba2efd66457deb965cfb4612e72223efda18949b3816c8db49e0e6cb,3615901683
2026-03-21T00:58:07.264303+00:00,Operator A,Concealed_5g,5g,ANON_5G_CON_IMSI_A0_03bac84473173819886e00fecd6e43ca92b5ba2efd66457deb965cfb4612e72223efda18949b3816c8db49e0e6cb,3615901683
2026-03-21T00:58:17.469353+00:00,Operator A,Concealed_5g,5g,ANON_5G_CON_IMSI_A0_03bac84473173819886e00fecd6e43ca92b5ba2efd66457deb965cfb4612e72223efda18949b3816c8db49e0e6cb,3615901683
2026-03-21T00:58:27.689342+00:00,Operator A,Concealed_5g,5g,ANON_5G_CON_IMSI_A0_03bac84473173819886e00fecd6e43ca92b5ba2efd66457deb965cfb4612e72223efda18949b3816c8db49e0e6cb,3615901683
2026-03-21T01:14:58.664561+00:00,Operator A,Concealed_5g,5g,ANON_5G_CON_IMSI_A0_03ef8595c6183451a897e7c10148bf18e91aab1300e3ae0c985a4fd6352e43e04d221ec1bf6bfe43ebdbd6bf2709,3616294730
2026-03-21T01:20:01.299039+00:00,Operator A,Concealed_5g,5g,ANON_5G_CON_IMSI_A0_03deab7ffd2db310c754b483c3bb95f8af2d4ca30dc393d6cf0444ad89d43bc05face08252dfe8f0f04741aaa781,3616360257
2026-03-21T01:20:11.518976+00:00,Operator A,Concealed_5g,5g,ANON_5G_CON_IMSI_A0_03deab7ffd2db310c754b483c3bb95f8af2d4ca30dc393d6cf0444ad89d43bc05face08252dfe8f0f04741aaa781,3616360257
2026-03-21T01:20:21.718928+00:00,Operator A,Concealed_5g,5g,ANON_5G_CON_IMSI_A0_03deab7ffd2db310c754b483c3bb95f8af2d4ca30dc393d6cf0444ad89d43bc05face08252dfe8f0f04741aaa781,3616360257
2026-03-21T01:20:31.923953+00:00,Operator A,Concealed_5g,5g,ANON_5G_CON_IMSI_A0_03deab7ffd2db310c754b483c3bb95f8af2d4ca30dc393d6cf0444ad89d43bc05face08252dfe8f0f04741aaa781,3616360257
2026-03-21T01:36:08.775355+00:00,Operator A,Concealed_5g,5g,ANON_5G_CON_IMSI_A0_0305deb12d17821d325add771defc6ec34f1aa7a66dc49b3b3699b166c5bb1130c8e47b53bb3a1ff39b9e829b804,3616622572
2026-03-21T01:36:18.995267+00:00,Operator A,Concealed_5g,5g,ANON_5G_CON_IMSI_A0_0305deb12d17821d325add771defc6ec34f1aa7a66dc49b3b3699b166c5bb1130c8e47b53bb3a1ff39b9e829b804,3616622572
2026-03-21T01:36:29.175233+00:00,Operator A,Concealed_5g,5g,ANON_5G_CON_IMSI_A0_0305deb12d17821d325add771defc6ec34f1aa7a66dc49b3b3699b166c5bb1130c8e47b53bb3a1ff39b9e829b804,3616622572
2026-03-21T01:36:39.360362+00:00,Operator A,Concealed_5g,5g,ANON_5G_CON_IMSI_A0_0305deb12d17821d325add771defc6ec34f1aa7a66dc49b3b3699b166c5bb1130c8e47b53bb3a1ff39b9e829b804,3616622572
2026-03-21T01:36:49.560288+00:00,Operator A,Concealed_5g,5g,ANON_5G_CON_IMSI_A0_0305deb12d17821d325add771defc6ec34f1aa7a66dc49b3b3699b166c5bb1130c8e47b53bb3a1ff39b9e829b804,3616622572
2026-03-21T01:53:22.211254+00:00,Operator A,Concealed_5g,5g,ANON_5G_CON_IMSI_A0_0338d492f5bb41d2b40a078329ad801591caa1bf880c1f2498f13f8c6392574509a64c0d4b0a91d7c59ef24e983d,3616884697
2026-03-21T02:09:28.604580+00:00,Operator A,Concealed_5g,5g,ANON_5G_CON_IMSI_A0_039d71f3c01e2b7b17b9c22df27fb5b935b03bb2520510d63131e1f1fb5bb756072ae50bd5ceadf2ce8b17b8a44f,3617212367
2026-03-21T02:09:38.824472+00:00,Operator A,Concealed_5g,5g,ANON_5G_CON_IMSI_A0_039d71f3c01e2b7b17b9c22df27fb5b935b03bb2520510d63131e1f1fb5bb756072ae50bd5ceadf2ce8b17b8a44f,3617212367
2026-03-21T02:09:49.004508+00:00,Operator A,Concealed_5g,5g,ANON_5G_CON_IMSI_A0_039d71f3c01e2b7b17b9c22df27fb5b935b03bb2520510d63131e1f1fb5bb756072ae50bd5ceadf2ce8b17b8a44f,3617212367
2026-03-21T02:14:33.004946+00:00,Operator A,Concealed_5g,5g,ANON_5G_CON_IMSI_A0_03ea1c59f74338f7e4f2ee1d16e33aebd6eaeb3bf49d42308543d52c1bb3f678a81502765a649f8a5af784b89686,3617277782
2026-03-21T02:14:43.244917+00:00,Operator A,Concealed_5g,5g,ANON_5G_CON_IMSI_A0_03ea1c59f74338f7e4f2ee1d16e33aebd6eaeb3bf49d42308543d52c1bb3f678a81502765a649f8a5af784b89686,3617277782
2026-03-21T02:14:53.424924+00:00,Operator A,Concealed_5g,5g,ANON_5G_CON_IMSI_A0_03ea1c59f74338f7e4f2ee1d16e33aebd6eaeb3bf49d42308543d52c1bb3f678a81502765a649f8a5af784b89686,3617277782
2026-03-21T02:15:03.609944+00:00,Operator A,Concealed_5g,5g,ANON_5G_CON_IMSI_A0_03ea1c59f74338f7e4f2ee1d16e33aebd6eaeb3bf49d42308543d52c1bb3f678a81502765a649f8a5af784b89686,3617277782
2026-03-21T02:15:13.829906+00:00,Operator A,Concealed_5g,5g,ANON_5G_CON_IMSI_A0_03ea1c59f74338f7e4f2ee1d16e33aebd6eaeb3bf49d42308543d52c1bb3f678a81502765a649f8a5af784b89686,3617277782
2026-03-21T02:30:57.943774+00:00,Operator A,Concealed_5g,5g,ANON_5G_CON_IMSI_A0_035a0c7dbadf29d8b73a75154ed19c9f7f736c9003fcc972a84bda516360b0d73677b564b835b114eb5b22556393,3617540090
2026-03-21T02:31:08.163729+00:00,Operator A,Concealed_5g,5g,ANON_5G_CON_IMSI_A0_035a0c7dbadf29d8b73a75154ed19c9f7f736c9003fcc972a84bda516360b0d73677b564b835b114eb5b22556393,3617540090
2026-03-21T02:31:18.343657+00:00,Operator A,Concealed_5g,5g,ANON_5G_CON_IMSI_A0_035a0c7dbadf29d8b73a75154ed19c9f7f736c9003fcc972a84bda516360b0d73677b564b835b114eb5b22556393,3617540090
2026-03-21T02:31:28.548809+00:00,Operator A,Concealed_5g,5g,ANON_5G_CON_IMSI_A0_035a0c7dbadf29d8b73a75154ed19c9f7f736c9003fcc972a84bda516360b0d73677b564b835b114eb5b22556393,3617540090
2026-03-21T02:31:38.748668+00:00,Operator A,Concealed_5g,5g,ANON_5G_CON_IMSI_A0_035a0c7dbadf29d8b73a75154ed19c9f7f736c9003fcc972a84bda516360b0d73677b564b835b114eb5b22556393,3617540090
2026-03-21T02:48:06.557716+00:00,Operator A,Concealed_5g,5g,ANON_5G_CON_IMSI_A0_03de7728bcfbb184c9408a3dca07d52e7aa7322dd11184e59c5b393f55c6de7fb62791ee3685e3d7eccd04bb1f34,3617867747
2026-03-21T02:53:07.136262+00:00,Operator A,Concealed_5g,5g,ANON_5G_CON_IMSI_A0_031f42c21ddd033d1e0e3e99f0767ec7a9864d5747df2128735ddf6b0a9be264aa78334094028f084da86a053db2,3617998805
2026-03-21T02:53:17.356192+00:00,Operator A,Concealed_5g,5g,ANON_5G_CON_IMSI_A0_031f42c21ddd033d1e0e3e99f0767ec7a9864d5747df2128735ddf6b0a9be264aa78334094028f084da86a053db2,3617998805
2026-03-21T02:53:27.556183+00:00,Operator A,Concealed_5g,5g,ANON_5G_CON_IMSI_A0_031f42c21ddd033d1e0e3e99f0767ec7a9864d5747df2128735ddf6b0a9be264aa78334094028f084da86a053db2,3617998805
2026-03-21T02:53:37.741201+00:00,Operator A,Concealed_5g,5g,ANON_5G_CON_IMSI_A0_031f42c21ddd033d1e0e3e99f0767ec7a9864d5747df2128735ddf6b0a9be264aa78334094028f084da86a053db2,3617998805
2026-03-21T03:09:15.344586+00:00,Operator A,Concealed_5g,5g,ANON_5G_CON_IMSI_A0_03ab794a7169ca56c339e569b6e79564558cb2e2ea8ae8684f45abb41819141be1e42ef366e8732967e5d8d87912,3618326501
2026-03-21T03:09:25.564540+00:00,Operator A,Concealed_5g,5g,ANON_5G_CON_IMSI_A0_03ab794a7169ca56c339e569b6e79564558cb2e2ea8ae8684f45abb41819141be1e42ef366e8732967e5d8d87912,3618326501
2026-03-21T03:09:35.764442+00:00,Operator A,Concealed_5g,5g,ANON_5G_CON_IMSI_A0_03ab794a7169ca56c339e569b6e79564558cb2e2ea8ae8684f45abb41819141be1e42ef366e8732967e5d8d87912,3618326501
2026-03-21T03:09:45.969517+00:00,Operator A,Concealed_5g,5g,ANON_5G_CON_IMSI_A0_03ab794a7169ca56c339e569b6e79564558cb2e2ea8ae8684f45abb41819141be1e42ef366e8732967e5d8d87912,3618326501
2026-03-21T03:09:56.189582+00:00,Operator A,Concealed_5g,5g,ANON_5G_CON_IMSI_A0_03ab794a7169ca56c339e569b6e79564558cb2e2ea8ae8684f45abb41819141be1e42ef366e8732967e5d8d87912,3618326501
2026-03-21T03:25:42.651586+00:00,Operator A,Concealed_5g,5g,ANON_5G_CON_IMSI_A0_031b121a44ee371894fae85ad0f5f0c61c07b241b654035509a60cd44586d76d284bcb344fa8176ff3980670e61b,3664004978
2026-03-21T03:25:52.871507+00:00,Operator A,Concealed_5g,5g,ANON_5G_CON_IMSI_A0_031b121a44ee371894fae85ad0f5f0c61c07b241b654035509a60cd44586d76d284bcb344fa8176ff3980670e61b,3664004978
2026-03-21T03:26:03.071508+00:00,Operator A,Concealed_5g,5g,ANON_5G_CON_IMSI_A0_031b121a44ee371894fae85ad0f5f0c61c07b241b654035509a60cd44586d76d284bcb344fa8176ff3980670e61b,3664004978
2026-03-21T03:26:13.296430+00:00,Operator A,Concealed_5g,5g,ANON_5G_CON_IMSI_A0_031b121a44ee371894fae85ad0f5f0c61c07b241b654035509a60cd44586d76d284bcb344fa8176ff3980670e61b,3664004978
2026-03-21T03:26:23.516488+00:00,Operator A,Concealed_5g,5g,ANON_5G_CON_IMSI_A0_031b121a44ee371894fae85ad0f5f0c61c07b241b654035509a60cd44586d76d284bcb344fa8176ff3980670e61b,3664004978
2026-03-21T03:42:50.526941+00:00,Operator A,Concealed_5g,5g,ANON_5G_CON_IMSI_A0_03105955da665a5321b8b53bef680a142e492c912caad59233e133a6c2ded7e3d72b67b12413257ce28c6bdf1a4b,3618981709
2026-03-21T03:47:52.799574+00:00,Operator A,Concealed_5g,5g,ANON_5G_CON_IMSI_A0_031e00332abeb8b7be4115f1cdce6e52c4df63f8e1faae7ea5497bed09eb834c9aa0beed8e0d4e6b1843141af852,3619047407
2026-03-21T03:48:02.999429+00:00,Operator A,Concealed_5g,5g,ANON_5G_CON_IMSI_A0_031e00332abeb8b7be4115f1cdce6e52c4df63f8e1faae7ea5497bed09eb834c9aa0beed8e0d4e6b1843141af852,3619047407
2026-03-21T03:48:13.199533+00:00,Operator A,Concealed_5g,5g,ANON_5G_CON_IMSI_A0_031e00332abeb8b7be4115f1cdce6e52c4df63f8e1faae7ea5497bed09eb834c9aa0beed8e0d4e6b1843141af852,3619047407
2026-03-21T03:48:23.404576+00:00,Operator A,Concealed_5g,5g,ANON_5G_CON_IMSI_A0_031e00332abeb8b7be4115f1cdce6e52c4df63f8e1faae7ea5497bed09eb834c9aa0beed8e0d4e6b1843141af852,3619047407
2026-03-21T04:04:07.867644+00:00,Operator A,Concealed_5g,5g,ANON_5G_CON_IMSI_A0_03046b2aa16bb04867627dd7111908a603471efa8738b0d77f7abd852e002eee8e0f2fc5861b36893a8f413de73f,3619309544
2026-03-21T04:04:18.087615+00:00,Operator A,Concealed_5g,5g,ANON_5G_CON_IMSI_A0_03046b2aa16bb04867627dd7111908a603471efa8738b0d77f7abd852e002eee8e0f2fc5861b36893a8f413de73f,3619309544
2026-03-21T04:04:28.267619+00:00,Operator A,Concealed_5g,5g,ANON_5G_CON_IMSI_A0_03046b2aa16bb04867627dd7111908a603471efa8738b0d77f7abd852e002eee8e0f2fc5861b36893a8f413de73f,3619309544
2026-03-21T04:04:38.452604+00:00,Operator A,Concealed_5g,5g,ANON_5G_CON_IMSI_A0_03046b2aa16bb04867627dd7111908a603471efa8738b0d77f7abd852e002eee8e0f2fc5861b36893a8f413de73f,3619309544
2026-03-21T04:04:48.652609+00:00,Operator A,Concealed_5g,5g,ANON_5G_CON_IMSI_A0_03046b2aa16bb04867627dd7111908a603471efa8738b0d77f7abd852e002eee8e0f2fc5861b36893a8f413de73f,3619309544
2026-03-21T04:26:16.914970+00:00,Operator A,Concealed_5g,5g,ANON_5G_CON_IMSI_A0_03e91292b3e53f82cc63f38367fcd891939a12d6dbaa2613878807ee2a5604bafe029cda8c136a65c7471a952f2b,3619702606
2026-03-21T04:26:27.154922+00:00,Operator A,Concealed_5g,5g,ANON_5G_CON_IMSI_A0_03e91292b3e53f82cc63f38367fcd891939a12d6dbaa2613878807ee2a5604bafe029cda8c136a65c7471a952f2b,3619702606
2026-03-21T04:26:37.355085+00:00,Operator A,Concealed_5g,5g,ANON_5G_CON_IMSI_A0_03e91292b3e53f82cc63f38367fcd891939a12d6dbaa2613878807ee2a5604bafe029cda8c136a65c7471a952f2b,3619702606
2026-03-21T04:37:29.917456+00:00,Operator A,Concealed_5g,5g,ANON_5G_CON_IMSI_A0_03c6388efa4578dd17436170fca991c1e038c58e045bd637b2f7ef43fc45a3639e0873f4da5af996e3ae1ec75c80,3619833813
2026-03-21T04:37:40.137410+00:00,Operator A,Concealed_5g,5g,ANON_5G_CON_IMSI_A0_03c6388efa4578dd17436170fca991c1e038c58e045bd637b2f7ef43fc45a3639e0873f4da5af996e3ae1ec75c80,3619833813
2026-03-21T04:42:25.265860+00:00,Operator A,Concealed_5g,5g,ANON_5G_CON_IMSI_A0_03f193d94917a9970c3b11ced9bbf323dd09a3c4db8c18e20e864b1bf629d17b8de373af4a8c7e771f9f098363b2,3619964795
2026-03-21T04:42:35.485733+00:00,Operator A,Concealed_5g,5g,ANON_5G_CON_IMSI_A0_03f193d94917a9970c3b11ced9bbf323dd09a3c4db8c18e20e864b1bf629d17b8de373af4a8c7e771f9f098363b2,3619964795
2026-03-21T04:42:45.685751+00:00,Operator A,Concealed_5g,5g,ANON_5G_CON_IMSI_A0_03f193d94917a9970c3b11ced9bbf323dd09a3c4db8c18e20e864b1bf629d17b8de373af4a8c7e771f9f098363b2,3619964795
2026-03-21T04:42:55.890839+00:00,Operator A,Concealed_5g,5g,ANON_5G_CON_IMSI_A0_03f193d94917a9970c3b11ced9bbf323dd09a3c4db8c18e20e864b1bf629d17b8de373af4a8c7e771f9f098363b2,3619964795
2026-03-21T04:43:06.090785+00:00,Operator A,Concealed_5g,5g,ANON_5G_CON_IMSI_A0_03f193d94917a9970c3b11ced9bbf323dd09a3c4db8c18e20e864b1bf629d17b8de373af4a8c7e771f9f098363b2,3619964795
2026-03-21T05:04:39.566112+00:00,Operator A,Concealed_5g,5g,ANON_5G_CON_IMSI_A0_03120a8335bd075f2009b47ba8de836d6de66a95ce00ecebca1639ffc9501b041a737c5cab191c63157a985b8366,3620292433
2026-03-21T05:04:49.786117+00:00,Operator A,Concealed_5g,5g,ANON_5G_CON_IMSI_A0_03120a8335bd075f2009b47ba8de836d6de66a95ce00ecebca1639ffc9501b041a737c5cab191c63157a985b8366,3620292433
2026-03-21T05:04:59.986076+00:00,Operator A,Concealed_5g,5g,ANON_5G_CON_IMSI_A0_03120a8335bd075f2009b47ba8de836d6de66a95ce00ecebca1639ffc9501b041a737c5cab191c63157a985b8366,3620292433
2026-03-21T05:15:45.234541+00:00,Operator A,Concealed_5g,5g,ANON_5G_CON_IMSI_A0_03a57042556b9a59b00450799ca928db8e392c56423b4bb4454283674bd2d4ea5b851588d53e933e312f37037dcc,3620489209
2026-03-21T05:15:55.454411+00:00,Operator A,Concealed_5g,5g,ANON_5G_CON_IMSI_A0_03a57042556b9a59b00450799ca928db8e392c56423b4bb4454283674bd2d4ea5b851588d53e933e312f37037dcc,3620489209
2026-03-21T05:20:47.767387+00:00,Operator A,Concealed_5g,5g,ANON_5G_CON_IMSI_A0_03d46481d0ac390106d89f12ecd614d45183191226583b68e752b1108b9da8091d2401e704bbf38ab7c644055793,3620685790
2026-03-21T05:20:57.987268+00:00,Operator A,Concealed_5g,5g,ANON_5G_CON_IMSI_A0_03d46481d0ac390106d89f12ecd614d45183191226583b68e752b1108b9da8091d2401e704bbf38ab7c644055793,3620685790
2026-03-21T05:21:08.167379+00:00,Operator A,Concealed_5g,5g,ANON_5G_CON_IMSI_A0_03d46481d0ac390106d89f12ecd614d45183191226583b68e752b1108b9da8091d2401e704bbf38ab7c644055793,3620685790
2026-03-21T05:21:18.352393+00:00,Operator A,Concealed_5g,5g,ANON_5G_CON_IMSI_A0_03d46481d0ac390106d89f12ecd614d45183191226583b68e752b1108b9da8091d2401e704bbf38ab7c644055793,3620685790
2026-03-21T05:21:28.552371+00:00,Operator A,Concealed_5g,5g,ANON_5G_CON_IMSI_A0_03d46481d0ac390106d89f12ecd614d45183191226583b68e752b1108b9da8091d2401e704bbf38ab7c644055793,3620685790
2026-03-21T05:37:56.096551+00:00,Operator A,Concealed_5g,5g,ANON_5G_CON_IMSI_A0_038d878c052cc60a1452a76abbdce3a49a9ae74fcdda18decfce71f0fd286c9bf4f119151340b20c29d7cddd9d21,3620947929
2026-03-21T05:43:11.056831+00:00,Operator A,Concealed_5g,5g,ANON_5G_CON_IMSI_A0_0357f47e85a0173e9ffd4c97d5f1e71950afee192ef2448046f8572a5794990ba3d41a331b757bb7272a2d822dde,3621013502
2026-03-21T05:43:21.296764+00:00,Operator A,Concealed_5g,5g,ANON_5G_CON_IMSI_A0_0357f47e85a0173e9ffd4c97d5f1e71950afee192ef2448046f8572a5794990ba3d41a331b757bb7272a2d822dde,3621013502
2026-03-21T05:54:04.582462+00:00,Operator A,Concealed_5g,5g,ANON_5G_CON_IMSI_A0_03f9585c0cf3124b6a0a8a8409251ecac5145030ca5e70a8ccd306ba2de66536ed34713375434cf911003e00327a,3621275517
2026-03-21T05:54:14.802343+00:00,Operator A,Concealed_5g,5g,ANON_5G_CON_IMSI_A0_03f9585c0cf3124b6a0a8a8409251ecac5145030ca5e70a8ccd306ba2de66536ed34713375434cf911003e00327a,3621275517
2026-03-21T05:54:25.002300+00:00,Operator A,Concealed_5g,5g,ANON_5G_CON_IMSI_A0_03f9585c0cf3124b6a0a8a8409251ecac5145030ca5e70a8ccd306ba2de66536ed34713375434cf911003e00327a,3621275517
2026-03-21T05:59:08.454296+00:00,Operator A,Concealed_5g,5g,ANON_5G_CON_IMSI_A0_0302d55143f10a6df8004253120626130a7bfe12c955b9dd36e0f10b89d62c5c6c5b7fb354209b7cfdb3b5d1a210,3621341012
2026-03-21T05:59:18.694239+00:00,Operator A,Concealed_5g,5g,ANON_5G_CON_IMSI_A0_0302d55143f10a6df8004253120626130a7bfe12c955b9dd36e0f10b89d62c5c6c5b7fb354209b7cfdb3b5d1a210,3621341012
2026-03-21T05:59:28.874297+00:00,Operator A,Concealed_5g,5g,ANON_5G_CON_IMSI_A0_0302d55143f10a6df8004253120626130a7bfe12c955b9dd36e0f10b89d62c5c6c5b7fb354209b7cfdb3b5d1a210,3621341012
2026-03-21T05:59:39.059286+00:00,Operator A,Concealed_5g,5g,ANON_5G_CON_IMSI_A0_0302d55143f10a6df8004253120626130a7bfe12c955b9dd36e0f10b89d62c5c6c5b7fb354209b7cfdb3b5d1a210,3621341012
2026-03-21T05:59:49.259321+00:00,Operator A,Concealed_5g,5g,ANON_5G_CON_IMSI_A0_0302d55143f10a6df8004253120626130a7bfe12c955b9dd36e0f10b89d62c5c6c5b7fb354209b7cfdb3b5d1a210,3621341012
2026-03-21T06:15:33.972692+00:00,Operator A,Concealed_5g,5g,ANON_5G_CON_IMSI_A0_0385f57aefd66dbe7b39adb23eeb16319ded9f9181ac442e3ec22c20171a6ce5266cfcc7cafda9432906015ab8a8,3621668847
2026-03-21T06:15:44.192739+00:00,Operator A,Concealed_5g,5g,ANON_5G_CON_IMSI_A0_0385f57aefd66dbe7b39adb23eeb16319ded9f9181ac442e3ec22c20171a6ce5266cfcc7cafda9432906015ab8a8,3621668847
2026-03-21T06:15:54.372642+00:00,Operator A,Concealed_5g,5g,ANON_5G_CON_IMSI_A0_0385f57aefd66dbe7b39adb23eeb16319ded9f9181ac442e3ec22c20171a6ce5266cfcc7cafda9432906015ab8a8,3621668847
2026-03-21T06:16:04.557655+00:00,Operator A,Concealed_5g,5g,ANON_5G_CON_IMSI_A0_0385f57aefd66dbe7b39adb23eeb16319ded9f9181ac442e3ec22c20171a6ce5266cfcc7cafda9432906015ab8a8,3621668847
2026-03-21T06:16:14.757648+00:00,Operator A,Concealed_5g,5g,ANON_5G_CON_IMSI_A0_0385f57aefd66dbe7b39adb23eeb16319ded9f9181ac442e3ec22c20171a6ce5266cfcc7cafda9432906015ab8a8,3621668847
2026-03-21T06:32:38.916923+00:00,Operator A,Concealed_5g,5g,ANON_5G_CON_IMSI_A0_039e2ba9879563af2a4c4d24ccdc0220c174f533cd26e04ae95b10ec50f93a43cdea7c1983561c502c8fa510be16,3621996492
2026-03-21T06:54:34.013476+00:00,Operator A,Concealed_5g,5g,ANON_5G_CON_IMSI_A0_03fcdfaccbf7703b8d650cb87fd153ec495fa722423f0f2308ba516c42601d92c7ca8773cf7b866a24f58c2d0b57,3622586181
2026-03-21T07:10:31.223952+00:00,Operator A,Concealed_5g,5g,ANON_5G_CON_IMSI_A0_03229948de38e7fd85140a07a02c1358430d59e6e8a98928c7214f6fe0de68f334550e8f6a0117e4efed4b9880a7,3622848486
2026-03-21T07:10:41.423877+00:00,Operator A,Concealed_5g,5g,ANON_5G_CON_IMSI_A0_03229948de38e7fd85140a07a02c1358430d59e6e8a98928c7214f6fe0de68f334550e8f6a0117e4efed4b9880a7,3622848486
2026-03-21T07:10:51.623899+00:00,Operator A,Concealed_5g,5g,ANON_5G_CON_IMSI_A0_03229948de38e7fd85140a07a02c1358430d59e6e8a98928c7214f6fe0de68f334550e8f6a0117e4efed4b9880a7,3622848486
2026-03-21T07:11:01.828912+00:00,Operator A,Concealed_5g,5g,ANON_5G_CON_IMSI_A0_03229948de38e7fd85140a07a02c1358430d59e6e8a98928c7214f6fe0de68f334550e8f6a0117e4efed4b9880a7,3622848486
2026-03-21T07:13:20.017337+00:00,Operator A,S23,4g,ANON_IMSI_A2,3667871722
2026-03-21T07:32:41.376011+00:00,Operator A,Concealed_5g,5g,ANON_5G_CON_IMSI_A0_0380d45c2b25edf654650c81d45ce43daee57fce96302f0e5e830f9f9841df30c8fe425f0eb221fde12dd6c4f818,3623372648
2026-03-21T07:32:51.575956+00:00,Operator A,Concealed_5g,5g,ANON_5G_CON_IMSI_A0_0380d45c2b25edf654650c81d45ce43daee57fce96302f0e5e830f9f9841df30c8fe425f0eb221fde12dd6c4f818,3623372648
2026-03-21T07:33:01.755892+00:00,Operator A,Concealed_5g,5g,ANON_5G_CON_IMSI_A0_0380d45c2b25edf654650c81d45ce43daee57fce96302f0e5e830f9f9841df30c8fe425f0eb221fde12dd6c4f818,3623372648
2026-03-21T07:37:43.194109+00:00,Operator A,Concealed_5g,5g,ANON_5G_CON_IMSI_A0_03c5eefcb591312146439956f0a7d03e5c7c28278ba62360fbd6250056b7c848871d0f8891b780f6d4016a570b3e,3623438310
2026-03-21T07:37:53.414060+00:00,Operator A,Concealed_5g,5g,ANON_5G_CON_IMSI_A0_03c5eefcb591312146439956f0a7d03e5c7c28278ba62360fbd6250056b7c848871d0f8891b780f6d4016a570b3e,3623438310
2026-03-21T07:38:03.613953+00:00,Operator A,Concealed_5g,5g,ANON_5G_CON_IMSI_A0_03c5eefcb591312146439956f0a7d03e5c7c28278ba62360fbd6250056b7c848871d0f8891b780f6d4016a570b3e,3623438310
2026-03-21T07:38:13.799005+00:00,Operator A,Concealed_5g,5g,ANON_5G_CON_IMSI_A0_03c5eefcb591312146439956f0a7d03e5c7c28278ba62360fbd6250056b7c848871d0f8891b780f6d4016a570b3e,3623438310
2026-03-21T07:38:23.998979+00:00,Operator A,Concealed_5g,5g,ANON_5G_CON_IMSI_A0_03c5eefcb591312146439956f0a7d03e5c7c28278ba62360fbd6250056b7c848871d0f8891b780f6d4016a570b3e,3623438310
2026-03-21T08:27:16.660394+00:00,Operator A,Concealed_5g,5g,ANON_5G_CON_IMSI_A0_03bafa411cfb4caf7326abe61b67d25b465dc44633327e21a79c067141d5d1f1202205e2ac792555864525c35036,3624355666
2026-03-21T08:27:26.860236+00:00,Operator A,Concealed_5g,5g,ANON_5G_CON_IMSI_A0_03bafa411cfb4caf7326abe61b67d25b465dc44633327e21a79c067141d5d1f1202205e2ac792555864525c35036,3624355666
2026-03-21T08:27:37.060157+00:00,Operator A,Concealed_5g,5g,ANON_5G_CON_IMSI_A0_03bafa411cfb4caf7326abe61b67d25b465dc44633327e21a79c067141d5d1f1202205e2ac792555864525c35036,3624355666
2026-03-21T08:27:47.245119+00:00,Operator A,Concealed_5g,5g,ANON_5G_CON_IMSI_A0_03bafa411cfb4caf7326abe61b67d25b465dc44633327e21a79c067141d5d1f1202205e2ac792555864525c35036,3624355666
2026-03-21T08:54:34.475329+00:00,Operator A,Concealed_5g,5g,ANON_5G_CON_IMSI_A0_032a7656fffc6862de2afac46196d91cc560aa7fdeb739b277efb432364503ca27d3e45580a7742097646b804492,3625469815
2026-03-21T08:54:44.695312+00:00,Operator A,Concealed_5g,5g,ANON_5G_CON_IMSI_A0_032a7656fffc6862de2afac46196d91cc560aa7fdeb739b277efb432364503ca27d3e45580a7742097646b804492,3625469815
2026-03-21T08:54:54.875266+00:00,Operator A,Concealed_5g,5g,ANON_5G_CON_IMSI_A0_032a7656fffc6862de2afac46196d91cc560aa7fdeb739b277efb432364503ca27d3e45580a7742097646b804492,3625469815
2026-03-21T08:55:05.080284+00:00,Operator A,Concealed_5g,5g,ANON_5G_CON_IMSI_A0_032a7656fffc6862de2afac46196d91cc560aa7fdeb739b277efb432364503ca27d3e45580a7742097646b804492,3625469815
2026-03-21T09:16:20.131395+00:00,Operator A,Concealed_5g,5g,ANON_5G_CON_IMSI_A0_03f7d7b6cc593f90a231909b195bc889227f65c1bbc32d28e4fe7fca496b2cf945f19d1a1417a908246f02f90126,3626518489
2026-03-21T09:16:30.331255+00:00,Operator A,Concealed_5g,5g,ANON_5G_CON_IMSI_A0_03f7d7b6cc593f90a231909b195bc889227f65c1bbc32d28e4fe7fca496b2cf945f19d1a1417a908246f02f90126,3626518489
2026-03-21T09:16:40.511283+00:00,Operator A,Concealed_5g,5g,ANON_5G_CON_IMSI_A0_03f7d7b6cc593f90a231909b195bc889227f65c1bbc32d28e4fe7fca496b2cf945f19d1a1417a908246f02f90126,3626518489
2026-03-21T09:16:50.716290+00:00,Operator A,Concealed_5g,5g,ANON_5G_CON_IMSI_A0_03f7d7b6cc593f90a231909b195bc889227f65c1bbc32d28e4fe7fca496b2cf945f19d1a1417a908246f02f90126,3626518489
2026-03-21T09:17:00.936307+00:00,Operator A,Concealed_5g,5g,ANON_5G_CON_IMSI_A0_03f7d7b6cc593f90a231909b195bc889227f65c1bbc32d28e4fe7fca496b2cf945f19d1a1417a908246f02f90126,3626518489
2026-03-21T09:33:32.406078+00:00,Operator A,Concealed_5g,5g,ANON_5G_CON_IMSI_A0_03486a7ea5cff3990f1a7f0c3e24a72f093f9d3e71829447d6f397293675c4e08cb1bebcea602119c620ce8beda4,3627304943
2026-03-21T09:38:27.920846+00:00,Operator A,Concealed_5g,5g,ANON_5G_CON_IMSI_A0_03d7281baec4307c6787d5e9d698c55ffcca75227721fc0273716c6c295e74eecb47c3fa9c833b90c88c6cdd617b,3672459102
2026-03-21T09:38:38.160774+00:00,Operator A,Concealed_5g,5g,ANON_5G_CON_IMSI_A0_03d7281baec4307c6787d5e9d698c55ffcca75227721fc0273716c6c295e74eecb47c3fa9c833b90c88c6cdd617b,3672459102
2026-03-21T09:38:48.360713+00:00,Operator A,Concealed_5g,5g,ANON_5G_CON_IMSI_A0_03d7281baec4307c6787d5e9d698c55ffcca75227721fc0273716c6c295e74eecb47c3fa9c833b90c88c6cdd617b,3672459102
2026-03-21T09:38:58.565782+00:00,Operator A,Concealed_5g,5g,ANON_5G_CON_IMSI_A0_03d7281baec4307c6787d5e9d698c55ffcca75227721fc0273716c6c295e74eecb47c3fa9c833b90c88c6cdd617b,3672459102
2026-03-21T09:54:44.508945+00:00,Operator A,Concealed_5g,5g,ANON_5G_CON_IMSI_A0_03b0bc36a02cbb835b483135af9c0c47857a16917a830c5a39838cedc346ed9a6578e77d45ddcc821660b9a86f4e,3628156925
2026-03-21T09:54:54.748909+00:00,Operator A,Concealed_5g,5g,ANON_5G_CON_IMSI_A0_03b0bc36a02cbb835b483135af9c0c47857a16917a830c5a39838cedc346ed9a6578e77d45ddcc821660b9a86f4e,3628156925
2026-03-21T09:55:04.948847+00:00,Operator A,Concealed_5g,5g,ANON_5G_CON_IMSI_A0_03b0bc36a02cbb835b483135af9c0c47857a16917a830c5a39838cedc346ed9a6578e77d45ddcc821660b9a86f4e,3628156925
2026-03-21T09:55:15.153719+00:00,Operator A,Concealed_5g,5g,ANON_5G_CON_IMSI_A0_03b0bc36a02cbb835b483135af9c0c47857a16917a830c5a39838cedc346ed9a6578e77d45ddcc821660b9a86f4e,3628156925
2026-03-21T09:55:25.353727+00:00,Operator A,Concealed_5g,5g,ANON_5G_CON_IMSI_A0_03b0bc36a02cbb835b483135af9c0c47857a16917a830c5a39838cedc346ed9a6578e77d45ddcc821660b9a86f4e,3628156925
2026-03-21T10:44:21.009789+00:00,Operator A,Concealed_5g,5g,ANON_5G_CON_IMSI_A0_0313f9f185f0b5369471da13b7896569dfb1c835d1107f1417ab90aaa43da7c01fb4dfa0c8dbf0ec6083cf1f6f82,3629860820
2026-03-21T10:44:31.249816+00:00,Operator A,Concealed_5g,5g,ANON_5G_CON_IMSI_A0_0313f9f185f0b5369471da13b7896569dfb1c835d1107f1417ab90aaa43da7c01fb4dfa0c8dbf0ec6083cf1f6f82,3629860820
2026-03-21T10:44:41.449834+00:00,Operator A,Concealed_5g,5g,ANON_5G_CON_IMSI_A0_0313f9f185f0b5369471da13b7896569dfb1c835d1107f1417ab90aaa43da7c01fb4dfa0c8dbf0ec6083cf1f6f82,3629860820
2026-03-21T11:00:36.099717+00:00,Operator A,Concealed_5g,5g,ANON_5G_CON_IMSI_A0_0310c8b8751c00d2cd701760054de8202c5c3f0b0cdc649a2450b26c3e5beb4e9ddc4b5d1236b7813f1fa3b56b20,3631368026
2026-03-21T11:00:46.339689+00:00,Operator A,Concealed_5g,5g,ANON_5G_CON_IMSI_A0_0310c8b8751c00d2cd701760054de8202c5c3f0b0cdc649a2450b26c3e5beb4e9ddc4b5d1236b7813f1fa3b56b20,3631368026
2026-03-21T11:00:56.539661+00:00,Operator A,Concealed_5g,5g,ANON_5G_CON_IMSI_A0_0310c8b8751c00d2cd701760054de8202c5c3f0b0cdc649a2450b26c3e5beb4e9ddc4b5d1236b7813f1fa3b56b20,3631368026
2026-03-21T11:01:06.724717+00:00,Operator A,Concealed_5g,5g,ANON_5G_CON_IMSI_A0_0310c8b8751c00d2cd701760054de8202c5c3f0b0cdc649a2450b26c3e5beb4e9ddc4b5d1236b7813f1fa3b56b20,3631368026
2026-03-21T11:16:52.040461+00:00,Operator A,Concealed_5g,5g,ANON_5G_CON_IMSI_A0_0320020498ef8fcfdc3facedce2711b9cefad24c4d387c044b3c3c6799e70737b7815d6e41f4212fed5c36a19c4a,3632089067
2026-03-21T11:17:02.280314+00:00,Operator A,Concealed_5g,5g,ANON_5G_CON_IMSI_A0_0320020498ef8fcfdc3facedce2711b9cefad24c4d387c044b3c3c6799e70737b7815d6e41f4212fed5c36a19c4a,3632089067
2026-03-21T11:17:12.460353+00:00,Operator A,Concealed_5g,5g,ANON_5G_CON_IMSI_A0_0320020498ef8fcfdc3facedce2711b9cefad24c4d387c044b3c3c6799e70737b7815d6e41f4212fed5c36a19c4a,3632089067
2026-03-21T11:17:22.665250+00:00,Operator A,Concealed_5g,5g,ANON_5G_CON_IMSI_A0_0320020498ef8fcfdc3facedce2711b9cefad24c4d387c044b3c3c6799e70737b7815d6e41f4212fed5c36a19c4a,3632089067
2026-03-21T11:17:32.865247+00:00,Operator A,Concealed_5g,5g,ANON_5G_CON_IMSI_A0_0320020498ef8fcfdc3facedce2711b9cefad24c4d387c044b3c3c6799e70737b7815d6e41f4212fed5c36a19c4a,3632089067
2026-03-21T11:19:22.746318+00:00,Operator A,S23,4g,ANON_IMSI_A2,3676260220
2026-03-21T11:19:42.548227+00:00,Operator A,S23,4g,ANON_IMSI_A2,3676260220
2026-03-21T11:33:27.708784+00:00,Operator A,Concealed_5g,5g,ANON_5G_CON_IMSI_A0_03548a36ef46e3d8c76ea7113ea4468a64c191adf103768bd89a2db48e0e40bf62b35f4a1d556784f7c23ddf1c60,3632875384
2026-03-21T11:33:37.908715+00:00,Operator A,Concealed_5g,5g,ANON_5G_CON_IMSI_A0_03548a36ef46e3d8c76ea7113ea4468a64c191adf103768bd89a2db48e0e40bf62b35f4a1d556784f7c23ddf1c60,3632875384
2026-03-21T11:33:48.108665+00:00,Operator A,Concealed_5g,5g,ANON_5G_CON_IMSI_A0_03548a36ef46e3d8c76ea7113ea4468a64c191adf103768bd89a2db48e0e40bf62b35f4a1d556784f7c23ddf1c60,3632875384
2026-03-21T11:33:58.293754+00:00,Operator A,Concealed_5g,5g,ANON_5G_CON_IMSI_A0_03548a36ef46e3d8c76ea7113ea4468a64c191adf103768bd89a2db48e0e40bf62b35f4a1d556784f7c23ddf1c60,3632875384
2026-03-21T11:55:40.908743+00:00,Operator A,Concealed_5g,5g,ANON_5G_CON_IMSI_A0_03b3d3524d1c799cc746aedef3b668feb5b331b2ea7a60c60226a078fdae39f3df2065f944df3835b3cb35f79b09,3633596413
2026-03-21T11:55:51.128551+00:00,Operator A,Concealed_5g,5g,ANON_5G_CON_IMSI_A0_03b3d3524d1c799cc746aedef3b668feb5b331b2ea7a60c60226a078fdae39f3df2065f944df3835b3cb35f79b09,3633596413
2026-03-21T11:56:01.328691+00:00,Operator A,Concealed_5g,5g,ANON_5G_CON_IMSI_A0_03b3d3524d1c799cc746aedef3b668feb5b331b2ea7a60c60226a078fdae39f3df2065f944df3835b3cb35f79b09,3633596413
2026-03-21T12:00:44.815298+00:00,Operator A,Concealed_5g,5g,ANON_5G_CON_IMSI_A0_035d262917f64be079128c27cb68a973d2be380edfe94b2835b6684a101be09e37e66b911f9c327ce1cce9cb5442,3634120698
2026-03-21T12:00:55.035321+00:00,Operator A,Concealed_5g,5g,ANON_5G_CON_IMSI_A0_035d262917f64be079128c27cb68a973d2be380edfe94b2835b6684a101be09e37e66b911f9c327ce1cce9cb5442,3634120698
2026-03-21T12:01:05.235348+00:00,Operator A,Concealed_5g,5g,ANON_5G_CON_IMSI_A0_035d262917f64be079128c27cb68a973d2be380edfe94b2835b6684a101be09e37e66b911f9c327ce1cce9cb5442,3634120698
2026-03-21T12:01:15.460353+00:00,Operator A,Concealed_5g,5g,ANON_5G_CON_IMSI_A0_035d262917f64be079128c27cb68a973d2be380edfe94b2835b6684a101be09e37e66b911f9c327ce1cce9cb5442,3634120698
2026-03-21T12:01:25.660340+00:00,Operator A,Concealed_5g,5g,ANON_5G_CON_IMSI_A0_035d262917f64be079128c27cb68a973d2be380edfe94b2835b6684a101be09e37e66b911f9c327ce1cce9cb5442,3634120698
2026-03-21T12:22:47.874843+00:00,Operator A,Concealed_5g,5g,ANON_5G_CON_IMSI_A0_03ee788953fdac3e77749ffc26e71410a0b8c1f2fae02f81118fc61eebaa9a5fef32ce316bcadada6391d120ad96,3635103597
2026-03-21T12:22:58.094638+00:00,Operator A,Concealed_5g,5g,ANON_5G_CON_IMSI_A0_03ee788953fdac3e77749ffc26e71410a0b8c1f2fae02f81118fc61eebaa9a5fef32ce316bcadada6391d120ad96,3635103597
2026-03-21T12:23:08.294763+00:00,Operator A,Concealed_5g,5g,ANON_5G_CON_IMSI_A0_03ee788953fdac3e77749ffc26e71410a0b8c1f2fae02f81118fc61eebaa9a5fef32ce316bcadada6391d120ad96,3635103597
2026-03-21T12:23:18.499689+00:00,Operator A,Concealed_5g,5g,ANON_5G_CON_IMSI_A0_03ee788953fdac3e77749ffc26e71410a0b8c1f2fae02f81118fc61eebaa9a5fef32ce316bcadada6391d120ad96,3635103597
2026-03-21T12:45:04.458612+00:00,Operator A,Concealed_5g,5g,ANON_5G_CON_IMSI_A0_033fbc846c4e845dda93ae36185b986b6a325013cbecea4be265cc57bf68c36c67b810950fbe3c393ddc551efb1a,3636217803
2026-03-21T12:45:14.678361+00:00,Operator A,Concealed_5g,5g,ANON_5G_CON_IMSI_A0_033fbc846c4e845dda93ae36185b986b6a325013cbecea4be265cc57bf68c36c67b810950fbe3c393ddc551efb1a,3636217803
2026-03-21T12:56:15.848489+00:00,Operator A,Concealed_5g,5g,ANON_5G_CON_IMSI_A0_0315768c09c3ef93c515ab818c05979a1586606d9bc94d48038ade9d36235f48a51f716f444e8e42985a029fba1b,3636807499
2026-03-21T13:01:17.106089+00:00,Operator A,Concealed_5g,5g,ANON_5G_CON_IMSI_A0_0363baa5953f0a5095c24913a58d538cfe6b3710113e2e00c1e039281715b2d54e2296cb6af2be5b14a6736fbc76,3637069659
2026-03-21T13:01:27.346035+00:00,Operator A,Concealed_5g,5g,ANON_5G_CON_IMSI_A0_0363baa5953f0a5095c24913a58d538cfe6b3710113e2e00c1e039281715b2d54e2296cb6af2be5b14a6736fbc76,3637069659
2026-03-21T13:01:37.565969+00:00,Operator A,Concealed_5g,5g,ANON_5G_CON_IMSI_A0_0363baa5953f0a5095c24913a58d538cfe6b3710113e2e00c1e039281715b2d54e2296cb6af2be5b14a6736fbc76,3637069659
2026-03-21T13:06:53.060599+00:00,Operator A,Concealed_5g,5g,ANON_5G_CON_IMSI_A0_03b0ef07576bc3983acb054755b2f26c99f341035f1d6a9b552c25036abaf9029b81876972afc221290f3c24a6b2,3637331798
2026-03-21T13:07:03.260448+00:00,Operator A,Concealed_5g,5g,ANON_5G_CON_IMSI_A0_03b0ef07576bc3983acb054755b2f26c99f341035f1d6a9b552c25036abaf9029b81876972afc221290f3c24a6b2,3637331798
2026-03-21T13:07:13.440475+00:00,Operator A,Concealed_5g,5g,ANON_5G_CON_IMSI_A0_03b0ef07576bc3983acb054755b2f26c99f341035f1d6a9b552c25036abaf9029b81876972afc221290f3c24a6b2,3637331798
2026-03-21T13:22:51.357010+00:00,Operator A,Concealed_5g,5g,ANON_5G_CON_IMSI_A0_036809f240666a5bf8835732907aff44dbc5f76d007e8e7a29ed67cf41d3da5e5a3dcbb7b51ee23fc6c70123faa2,3638249294
2026-03-21T13:23:01.557070+00:00,Operator A,Concealed_5g,5g,ANON_5G_CON_IMSI_A0_036809f240666a5bf8835732907aff44dbc5f76d007e8e7a29ed67cf41d3da5e5a3dcbb7b51ee23fc6c70123faa2,3638249294
2026-03-21T13:23:11.757094+00:00,Operator A,Concealed_5g,5g,ANON_5G_CON_IMSI_A0_036809f240666a5bf8835732907aff44dbc5f76d007e8e7a29ed67cf41d3da5e5a3dcbb7b51ee23fc6c70123faa2,3638249294
2026-03-21T13:23:21.942053+00:00,Operator A,Concealed_5g,5g,ANON_5G_CON_IMSI_A0_036809f240666a5bf8835732907aff44dbc5f76d007e8e7a29ed67cf41d3da5e5a3dcbb7b51ee23fc6c70123faa2,3638249294
2026-03-21T13:23:32.182110+00:00,Operator A,Concealed_5g,5g,ANON_5G_CON_IMSI_A0_036809f240666a5bf8835732907aff44dbc5f76d007e8e7a29ed67cf41d3da5e5a3dcbb7b51ee23fc6c70123faa2,3638249294
2026-03-21T13:31:01.428123+00:00,Operator A,S23,4g,ANON_IMSI_A2,3681175379
2026-03-21T13:45:13.944705+00:00,Operator A,Concealed_5g,5g,ANON_5G_CON_IMSI_A0_03519e4b73cbf53ac8f1699a662efb5828286c3ff6d49b0e54baf3c0c5820fd69f1c68a8b74aa5cbbcec7cadbc35,3639166813
2026-03-21T13:45:24.164631+00:00,Operator A,Concealed_5g,5g,ANON_5G_CON_IMSI_A0_03519e4b73cbf53ac8f1699a662efb5828286c3ff6d49b0e54baf3c0c5820fd69f1c68a8b74aa5cbbcec7cadbc35,3639166813
2026-03-21T13:45:34.384602+00:00,Operator A,Concealed_5g,5g,ANON_5G_CON_IMSI_A0_03519e4b73cbf53ac8f1699a662efb5828286c3ff6d49b0e54baf3c0c5820fd69f1c68a8b74aa5cbbcec7cadbc35,3639166813
2026-03-21T14:01:34.087897+00:00,Operator A,Concealed_5g,5g,ANON_5G_CON_IMSI_A0_037959d7c2870162cb28cb94c6b28dffdfef440aac37ed13df67d4a23994e0b8b8baffa1761571b63f0ae1a75893,3639756640
2026-03-21T14:01:44.307767+00:00,Operator A,Concealed_5g,5g,ANON_5G_CON_IMSI_A0_037959d7c2870162cb28cb94c6b28dffdfef440aac37ed13df67d4a23994e0b8b8baffa1761571b63f0ae1a75893,3639756640
2026-03-21T14:01:54.527757+00:00,Operator A,Concealed_5g,5g,ANON_5G_CON_IMSI_A0_037959d7c2870162cb28cb94c6b28dffdfef440aac37ed13df67d4a23994e0b8b8baffa1761571b63f0ae1a75893,3639756640
2026-03-21T14:12:38.006569+00:00,Operator A,Concealed_5g,5g,ANON_5G_CON_IMSI_A0_03004bfd419811a6025c7c7089959103ff4b733eb82904508d5e6bc573bc1a8cf0ced0d8daec34b66cdf5b9f9145,3639887700
2026-03-21T14:12:48.226440+00:00,Operator A,Concealed_5g,5g,ANON_5G_CON_IMSI_A0_03004bfd419811a6025c7c7089959103ff4b733eb82904508d5e6bc573bc1a8cf0ced0d8daec34b66cdf5b9f9145,3639887700
2026-03-21T14:12:58.426432+00:00,Operator A,Concealed_5g,5g,ANON_5G_CON_IMSI_A0_03004bfd419811a6025c7c7089959103ff4b733eb82904508d5e6bc573bc1a8cf0ced0d8daec34b66cdf5b9f9145,3639887700
2026-03-21T14:17:39.663865+00:00,Operator A,Concealed_5g,5g,ANON_5G_CON_IMSI_A0_03ed3a20bb7fe22e58109b169eebd17863491702c9eb40e6ff8f5cfa48f218812c4286f459d5d341fea587e6f9df,3640411982
2026-03-21T14:17:49.883732+00:00,Operator A,Concealed_5g,5g,ANON_5G_CON_IMSI_A0_03ed3a20bb7fe22e58109b169eebd17863491702c9eb40e6ff8f5cfa48f218812c4286f459d5d341fea587e6f9df,3640411982
2026-03-21T14:18:00.083737+00:00,Operator A,Concealed_5g,5g,ANON_5G_CON_IMSI_A0_03ed3a20bb7fe22e58109b169eebd17863491702c9eb40e6ff8f5cfa48f218812c4286f459d5d341fea587e6f9df,3640411982
2026-03-21T14:18:10.288828+00:00,Operator A,Concealed_5g,5g,ANON_5G_CON_IMSI_A0_03ed3a20bb7fe22e58109b169eebd17863491702c9eb40e6ff8f5cfa48f218812c4286f459d5d341fea587e6f9df,3640411982
2026-03-21T14:18:20.508837+00:00,Operator A,Concealed_5g,5g,ANON_5G_CON_IMSI_A0_03ed3a20bb7fe22e58109b169eebd17863491702c9eb40e6ff8f5cfa48f218812c4286f459d5d341fea587e6f9df,3640411982
2026-03-21T14:20:10.892732+00:00,Operator A,S23,4g,ANON_IMSI_A2,3682944833
2026-03-21T14:20:35.916690+00:00,Operator A,S23,4g,ANON_IMSI_A2,3682944833
2026-03-21T14:55:58.770334+00:00,Operator A,Concealed_5g,5g,ANON_5G_CON_IMSI_A0_035836956acc1737a4f05d5db17ac60fd40c16906f2bf69731e7e7d5a0ffc115fcc40bdab6eeaf9de34bc2948857,3641919454
2026-03-21T14:56:09.010305+00:00,Operator A,Concealed_5g,5g,ANON_5G_CON_IMSI_A0_035836956acc1737a4f05d5db17ac60fd40c16906f2bf69731e7e7d5a0ffc115fcc40bdab6eeaf9de34bc2948857,3641919454
2026-03-21T14:56:19.190163+00:00,Operator A,Concealed_5g,5g,ANON_5G_CON_IMSI_A0_035836956acc1737a4f05d5db17ac60fd40c16906f2bf69731e7e7d5a0ffc115fcc40bdab6eeaf9de34bc2948857,3641919454
2026-03-21T14:56:29.395210+00:00,Operator A,Concealed_5g,5g,ANON_5G_CON_IMSI_A0_035836956acc1737a4f05d5db17ac60fd40c16906f2bf69731e7e7d5a0ffc115fcc40bdab6eeaf9de34bc2948857,3641919454
2026-03-21T14:56:39.615311+00:00,Operator A,Concealed_5g,5g,ANON_5G_CON_IMSI_A0_035836956acc1737a4f05d5db17ac60fd40c16906f2bf69731e7e7d5a0ffc115fcc40bdab6eeaf9de34bc2948857,3641919454
2026-03-21T14:59:00.154145+00:00,Operator A,S23,4g,ANON_IMSI_A2,3663939543
2026-03-21T15:29:21.097901+00:00,Operator A,Concealed_5g,5g,ANON_5G_CON_IMSI_A0_03157b234dfe2ee456134582451b42a85d667c81f3c8e6a2117b07f2447269748354b8523bb2907f604f4958cca2,3643230176
2026-03-21T15:29:31.317876+00:00,Operator A,Concealed_5g,5g,ANON_5G_CON_IMSI_A0_03157b234dfe2ee456134582451b42a85d667c81f3c8e6a2117b07f2447269748354b8523bb2907f604f4958cca2,3643230176
2026-03-21T15:40:02.764139+00:00,Operator A,Concealed_5g,5g,ANON_5G_CON_IMSI_A0_03c8f75443654b7eef0a0ae1f6b716ce3e3eb8fe3960fc5e38eaa97d63a37824975c7b211bea8a64d208ccdf7b10,3643688784
2026-03-21T15:40:12.964097+00:00,Operator A,Concealed_5g,5g,ANON_5G_CON_IMSI_A0_03c8f75443654b7eef0a0ae1f6b716ce3e3eb8fe3960fc5e38eaa97d63a37824975c7b211bea8a64d208ccdf7b10,3643688784
2026-03-21T15:40:23.184110+00:00,Operator A,Concealed_5g,5g,ANON_5G_CON_IMSI_A0_03c8f75443654b7eef0a0ae1f6b716ce3e3eb8fe3960fc5e38eaa97d63a37824975c7b211bea8a64d208ccdf7b10,3643688784
2026-03-21T15:40:33.369172+00:00,Operator A,Concealed_5g,5g,ANON_5G_CON_IMSI_A0_03c8f75443654b7eef0a0ae1f6b716ce3e3eb8fe3960fc5e38eaa97d63a37824975c7b211bea8a64d208ccdf7b10,3643688784
2026-03-21T15:48:14.763448+00:00,Operator A,S23,4g,ANON_IMSI_A2,3665250271
2026-03-21T15:56:20.311894+00:00,Operator A,Concealed_5g,5g,ANON_5G_CON_IMSI_A0_03affd95850bf804b66b7f391268f5d0a3927014db838a7265c282128b1f22e18c8f08f36596ff35e08f44682401,3644344174
2026-03-21T15:56:30.531894+00:00,Operator A,Concealed_5g,5g,ANON_5G_CON_IMSI_A0_03affd95850bf804b66b7f391268f5d0a3927014db838a7265c282128b1f22e18c8f08f36596ff35e08f44682401,3644344174
2026-03-21T15:56:40.731989+00:00,Operator A,Concealed_5g,5g,ANON_5G_CON_IMSI_A0_03affd95850bf804b66b7f391268f5d0a3927014db838a7265c282128b1f22e18c8f08f36596ff35e08f44682401,3644344174
2026-03-21T15:56:50.936929+00:00,Operator A,Concealed_5g,5g,ANON_5G_CON_IMSI_A0_03affd95850bf804b66b7f391268f5d0a3927014db838a7265c282128b1f22e18c8f08f36596ff35e08f44682401,3644344174
2026-03-21T15:57:01.136982+00:00,Operator A,Concealed_5g,5g,ANON_5G_CON_IMSI_A0_03affd95850bf804b66b7f391268f5d0a3927014db838a7265c282128b1f22e18c8f08f36596ff35e08f44682401,3644344174
2026-03-21T16:08:59.560339+00:00,Operator A,S23,4g,ANON_IMSI_A2,4058662779
2026-03-21T16:12:11.124424+00:00,Operator A,Concealed_5g,5g,ANON_5G_CON_IMSI_A0_035f7cc4b4609ac8f2d3a8b816b5b9886bfba3c5ca3f589368f263fde07ec89366c6418866560c6587233d011121,3644868466
2026-03-21T16:12:21.324344+00:00,Operator A,Concealed_5g,5g,ANON_5G_CON_IMSI_A0_035f7cc4b4609ac8f2d3a8b816b5b9886bfba3c5ca3f589368f263fde07ec89366c6418866560c6587233d011121,3644868466
2026-03-21T16:28:28.077937+00:00,Operator A,Concealed_5g,5g,ANON_5G_CON_IMSI_A0_031b4dd9f533b314a4c3f5a4c9aed822afb16d4b4d3712ad12e2468add40cf1e0c32dea7a34f830559b37866e768,3645523787
2026-03-21T16:28:38.317871+00:00,Operator A,Concealed_5g,5g,ANON_5G_CON_IMSI_A0_031b4dd9f533b314a4c3f5a4c9aed822afb16d4b4d3712ad12e2468add40cf1e0c32dea7a34f830559b37866e768,3645523787
2026-03-21T16:28:48.537841+00:00,Operator A,Concealed_5g,5g,ANON_5G_CON_IMSI_A0_031b4dd9f533b314a4c3f5a4c9aed822afb16d4b4d3712ad12e2468add40cf1e0c32dea7a34f830559b37866e768,3645523787
2026-03-21T16:33:36.313243+00:00,Operator A,Concealed_5g,5g,ANON_5G_CON_IMSI_A0_0346ec4014feda45eee6526c155f466ad61243e354348ae3640ef20a77e217543800214218dc19f250dcdc2f74e7,3645589369
2026-03-21T16:33:46.533199+00:00,Operator A,Concealed_5g,5g,ANON_5G_CON_IMSI_A0_0346ec4014feda45eee6526c155f466ad61243e354348ae3640ef20a77e217543800214218dc19f250dcdc2f74e7,3645589369
2026-03-21T16:33:56.753202+00:00,Operator A,Concealed_5g,5g,ANON_5G_CON_IMSI_A0_0346ec4014feda45eee6526c155f466ad61243e354348ae3640ef20a77e217543800214218dc19f250dcdc2f74e7,3645589369
2026-03-21T16:34:06.978211+00:00,Operator A,Concealed_5g,5g,ANON_5G_CON_IMSI_A0_0346ec4014feda45eee6526c155f466ad61243e354348ae3640ef20a77e217543800214218dc19f250dcdc2f74e7,3645589369
2026-03-21T16:34:17.178113+00:00,Operator A,Concealed_5g,5g,ANON_5G_CON_IMSI_A0_0346ec4014feda45eee6526c155f466ad61243e354348ae3640ef20a77e217543800214218dc19f250dcdc2f74e7,3645589369
2026-03-21T16:41:52.821463+00:00,Operator A,S23,4g,ANON_IMSI_A2,3687204854
2026-03-21T16:50:24.900293+00:00,Operator A,Concealed_5g,5g,ANON_5G_CON_IMSI_A0_0347f9fbb4dec7eba7c4cf0cce1d8ac883b1bf75bd552b47f3650e686238fef78e6ba4c021b0aad3be429a2f88be,3646310355
2026-03-21T16:50:35.120199+00:00,Operator A,Concealed_5g,5g,ANON_5G_CON_IMSI_A0_0347f9fbb4dec7eba7c4cf0cce1d8ac883b1bf75bd552b47f3650e686238fef78e6ba4c021b0aad3be429a2f88be,3646310355
2026-03-21T16:50:45.320262+00:00,Operator A,Concealed_5g,5g,ANON_5G_CON_IMSI_A0_0347f9fbb4dec7eba7c4cf0cce1d8ac883b1bf75bd552b47f3650e686238fef78e6ba4c021b0aad3be429a2f88be,3646310355
2026-03-21T17:06:31.565435+00:00,Operator A,Concealed_5g,5g,ANON_5G_CON_IMSI_A0_03081ba4b717f370d771c4627a056bab0a0c5bd44dc27437e3fb9271d7887bbe45e5ef704bda40fc4d96f577a530,3646769138
2026-03-21T17:06:41.785427+00:00,Operator A,Concealed_5g,5g,ANON_5G_CON_IMSI_A0_03081ba4b717f370d771c4627a056bab0a0c5bd44dc27437e3fb9271d7887bbe45e5ef704bda40fc4d96f577a530,3646769138
2026-03-21T17:06:51.965414+00:00,Operator A,Concealed_5g,5g,ANON_5G_CON_IMSI_A0_03081ba4b717f370d771c4627a056bab0a0c5bd44dc27437e3fb9271d7887bbe45e5ef704bda40fc4d96f577a530,3646769138
2026-03-21T17:07:02.190511+00:00,Operator A,Concealed_5g,5g,ANON_5G_CON_IMSI_A0_03081ba4b717f370d771c4627a056bab0a0c5bd44dc27437e3fb9271d7887bbe45e5ef704bda40fc4d96f577a530,3646769138
2026-03-21T17:07:12.390488+00:00,Operator A,Concealed_5g,5g,ANON_5G_CON_IMSI_A0_03081ba4b717f370d771c4627a056bab0a0c5bd44dc27437e3fb9271d7887bbe45e5ef704bda40fc4d96f577a530,3646769138
2026-03-21T17:28:57.737918+00:00,Operator A,Concealed_5g,5g,ANON_5G_CON_IMSI_A0_03848aa4a591a3de2530c6f6a501b493593f19e8098524e8ec7bfdf6600c50218f09d762b87612cc5d1184aae608,3647686469
2026-03-21T17:29:07.977951+00:00,Operator A,Concealed_5g,5g,ANON_5G_CON_IMSI_A0_03848aa4a591a3de2530c6f6a501b493593f19e8098524e8ec7bfdf6600c50218f09d762b87612cc5d1184aae608,3647686469
2026-03-21T17:34:02.359848+00:00,Operator A,Concealed_5g,5g,ANON_5G_CON_IMSI_A0_033db1de60474cec5486acef4d31d89cafab4ea2ece7168d434b4480c216c75ae81662a89690b8d1fee85f2f3ffa,3647752128
2026-03-21T17:34:12.619423+00:00,Operator A,Concealed_5g,5g,ANON_5G_CON_IMSI_A0_033db1de60474cec5486acef4d31d89cafab4ea2ece7168d434b4480c216c75ae81662a89690b8d1fee85f2f3ffa,3647752128
2026-03-21T17:34:22.819422+00:00,Operator A,Concealed_5g,5g,ANON_5G_CON_IMSI_A0_033db1de60474cec5486acef4d31d89cafab4ea2ece7168d434b4480c216c75ae81662a89690b8d1fee85f2f3ffa,3647752128
2026-03-21T17:34:33.024460+00:00,Operator A,Concealed_5g,5g,ANON_5G_CON_IMSI_A0_033db1de60474cec5486acef4d31d89cafab4ea2ece7168d434b4480c216c75ae81662a89690b8d1fee85f2f3ffa,3647752128
2026-03-21T17:41:42.581291+00:00,Operator A,S23,4g,ANON_IMSI_A2,3626649444
2026-03-21T17:42:07.585280+00:00,Operator A,S23,4g,ANON_IMSI_A2,3626649444
2026-03-21T17:42:21.039203+00:00,Operator A,S23,4g,ANON_IMSI_A2,3626649444
2026-03-21T17:55:57.772999+00:00,Operator A,Concealed_5g,5g,ANON_5G_CON_IMSI_A0_03caf2066c20fe4e328c5f68c9fc1b46694067b551996d89b7ba4a09a19cb24084702c0e83783eefeb7df2ed7d78,3648538595
2026-03-21T17:56:07.992896+00:00,Operator A,Concealed_5g,5g,ANON_5G_CON_IMSI_A0_03caf2066c20fe4e328c5f68c9fc1b46694067b551996d89b7ba4a09a19cb24084702c0e83783eefeb7df2ed7d78,3648538595
2026-03-21T17:56:18.192935+00:00,Operator A,Concealed_5g,5g,ANON_5G_CON_IMSI_A0_03caf2066c20fe4e328c5f68c9fc1b46694067b551996d89b7ba4a09a19cb24084702c0e83783eefeb7df2ed7d78,3648538595
2026-03-21T17:56:28.377890+00:00,Operator A,Concealed_5g,5g,ANON_5G_CON_IMSI_A0_03caf2066c20fe4e328c5f68c9fc1b46694067b551996d89b7ba4a09a19cb24084702c0e83783eefeb7df2ed7d78,3648538595
2026-03-21T17:58:07.167419+00:00,Operator A,S23,4g,ANON_IMSI_A2,3627435852
2026-03-21T17:58:32.171336+00:00,Operator A,S23,4g,ANON_IMSI_A2,3627435852
2026-03-21T18:12:38.223936+00:00,Operator A,Concealed_5g,5g,ANON_5G_CON_IMSI_A0_037799a9a6a21e4708629d7a575a2df72836f8318120cbdd0cd46369e4189e0d44e261cfbe939d2f31b5a647d60b,3649390443
2026-03-21T18:12:48.444016+00:00,Operator A,Concealed_5g,5g,ANON_5G_CON_IMSI_A0_037799a9a6a21e4708629d7a575a2df72836f8318120cbdd0cd46369e4189e0d44e261cfbe939d2f31b5a647d60b,3649390443
2026-03-21T18:12:58.644033+00:00,Operator A,Concealed_5g,5g,ANON_5G_CON_IMSI_A0_037799a9a6a21e4708629d7a575a2df72836f8318120cbdd0cd46369e4189e0d44e261cfbe939d2f31b5a647d60b,3649390443
2026-03-21T18:23:14.056942+00:00,Operator A,Concealed_5g,5g,ANON_5G_CON_IMSI_A0_03932e0bd51d06fb41993c7e12a9210bb046dd88663f87dc1b62dd49fdcd4c25d509719c8bcdade48511122823c3,3649783747
2026-03-21T18:23:24.256925+00:00,Operator A,Concealed_5g,5g,ANON_5G_CON_IMSI_A0_03932e0bd51d06fb41993c7e12a9210bb046dd88663f87dc1b62dd49fdcd4c25d509719c8bcdade48511122823c3,3649783747
2026-03-21T18:23:34.437021+00:00,Operator A,Concealed_5g,5g,ANON_5G_CON_IMSI_A0_03932e0bd51d06fb41993c7e12a9210bb046dd88663f87dc1b62dd49fdcd4c25d509719c8bcdade48511122823c3,3649783747
2026-03-21T18:23:44.641942+00:00,Operator A,Concealed_5g,5g,ANON_5G_CON_IMSI_A0_03932e0bd51d06fb41993c7e12a9210bb046dd88663f87dc1b62dd49fdcd4c25d509719c8bcdade48511122823c3,3649783747
2026-03-21T18:23:54.861948+00:00,Operator A,Concealed_5g,5g,ANON_5G_CON_IMSI_A0_03932e0bd51d06fb41993c7e12a9210bb046dd88663f87dc1b62dd49fdcd4c25d509719c8bcdade48511122823c3,3649783747
2026-03-21T18:40:23.751916+00:00,Operator A,Concealed_5g,5g,ANON_5G_CON_IMSI_A0_031d8277f374515a9ca82e7701efb32aece9cd5bb5277dccddb1bee392cdbd0acf8af29b0ff2b79a9ce7c72f4f1c,3650438982
2026-03-21T18:44:30.006480+00:00,Operator A,Concealed_5g,5g,ANON_5G_CON_IMSI_A0_032d394ba61fadc96e7379498c767cccd083980ffb0080b86510e6d2e8fbe63bf102480758c4a9bd4d87c5c07b3b,3650504563
2026-03-21T18:44:40.226428+00:00,Operator A,Concealed_5g,5g,ANON_5G_CON_IMSI_A0_032d394ba61fadc96e7379498c767cccd083980ffb0080b86510e6d2e8fbe63bf102480758c4a9bd4d87c5c07b3b,3650504563
2026-03-21T18:44:50.426363+00:00,Operator A,Concealed_5g,5g,ANON_5G_CON_IMSI_A0_032d394ba61fadc96e7379498c767cccd083980ffb0080b86510e6d2e8fbe63bf102480758c4a9bd4d87c5c07b3b,3650504563
2026-03-21T18:55:40.247304+00:00,Operator A,Concealed_5g,5g,ANON_5G_CON_IMSI_A0_03a32c4b25c4c8d65cf9a4bc485117c691da70260be097fb6274becf04769ab1b6c4676d9e9a212cbda0c056b7c4,3650897788
2026-03-21T18:55:50.487135+00:00,Operator A,Concealed_5g,5g,ANON_5G_CON_IMSI_A0_03a32c4b25c4c8d65cf9a4bc485117c691da70260be097fb6274becf04769ab1b6c4676d9e9a212cbda0c056b7c4,3650897788
2026-03-21T19:00:50.822766+00:00,Operator A,Concealed_5g,5g,ANON_5G_CON_IMSI_A0_03e218bce41d9641f8a85219b24f362a435da8ee4dd35fb02b615d29cee5d8fd99a45c778e122d02d92a7d938fd0,3651094521
2026-03-21T19:01:01.042703+00:00,Operator A,Concealed_5g,5g,ANON_5G_CON_IMSI_A0_03e218bce41d9641f8a85219b24f362a435da8ee4dd35fb02b615d29cee5d8fd99a45c778e122d02d92a7d938fd0,3651094521
2026-03-21T19:01:11.242656+00:00,Operator A,Concealed_5g,5g,ANON_5G_CON_IMSI_A0_03e218bce41d9641f8a85219b24f362a435da8ee4dd35fb02b615d29cee5d8fd99a45c778e122d02d92a7d938fd0,3651094521
2026-03-21T19:01:21.447539+00:00,Operator A,Concealed_5g,5g,ANON_5G_CON_IMSI_A0_03e218bce41d9641f8a85219b24f362a435da8ee4dd35fb02b615d29cee5d8fd99a45c778e122d02d92a7d938fd0,3651094521
2026-03-21T19:17:06.560715+00:00,Operator A,Concealed_5g,5g,ANON_5G_CON_IMSI_A0_03a7050a1ec7c148826ebc40404da096f6131126e655976a9e2df97af52c4635e269a4c93301caea8723a990d3b7,3651815422
2026-03-21T19:17:16.800591+00:00,Operator A,Concealed_5g,5g,ANON_5G_CON_IMSI_A0_03a7050a1ec7c148826ebc40404da096f6131126e655976a9e2df97af52c4635e269a4c93301caea8723a990d3b7,3651815422
2026-03-21T19:17:27.020534+00:00,Operator A,Concealed_5g,5g,ANON_5G_CON_IMSI_A0_03a7050a1ec7c148826ebc40404da096f6131126e655976a9e2df97af52c4635e269a4c93301caea8723a990d3b7,3651815422
2026-03-21T19:17:37.225655+00:00,Operator A,Concealed_5g,5g,ANON_5G_CON_IMSI_A0_03a7050a1ec7c148826ebc40404da096f6131126e655976a9e2df97af52c4635e269a4c93301caea8723a990d3b7,3651815422
2026-03-21T19:17:47.445659+00:00,Operator A,Concealed_5g,5g,ANON_5G_CON_IMSI_A0_03a7050a1ec7c148826ebc40404da096f6131126e655976a9e2df97af52c4635e269a4c93301caea8723a990d3b7,3651815422
2026-03-21T19:24:53.936541+00:00,Operator A,S23,4g,ANON_IMSI_A2,3630253921
2026-03-21T19:25:19.101901+00:00,Operator A,S23,4g,ANON_IMSI_A2,3630253921
2026-03-21T19:39:11.660934+00:00,Operator A,Concealed_5g,5g,ANON_5G_CON_IMSI_A0_03db9770dffd7863982bf0157d5b497579fa277f14e2628b5eb95e7933772e2deee48affe2ddf47adb0e5b232ee6,3652863960
2026-03-21T19:39:21.880930+00:00,Operator A,Concealed_5g,5g,ANON_5G_CON_IMSI_A0_03db9770dffd7863982bf0157d5b497579fa277f14e2628b5eb95e7933772e2deee48affe2ddf47adb0e5b232ee6,3652863960
2026-03-21T19:39:32.060966+00:00,Operator A,Concealed_5g,5g,ANON_5G_CON_IMSI_A0_03db9770dffd7863982bf0157d5b497579fa277f14e2628b5eb95e7933772e2deee48affe2ddf47adb0e5b232ee6,3652863960
2026-03-21T19:39:42.266050+00:00,Operator A,Concealed_5g,5g,ANON_5G_CON_IMSI_A0_03db9770dffd7863982bf0157d5b497579fa277f14e2628b5eb95e7933772e2deee48affe2ddf47adb0e5b232ee6,3652863960
2026-03-21T19:50:39.005874+00:00,Operator A,Concealed_5g,5g,ANON_5G_CON_IMSI_A0_03332edba804401e6e3a9a6e8342322e664c1ed68359d95be4cd2d1884ab00a17f7a607bd041e226623d89d7ef66,3652929499
2026-03-21T19:55:27.171415+00:00,Operator A,Concealed_5g,5g,ANON_5G_CON_IMSI_A0_0313905ae207687b5ce0bcbe580d36cb23470288b45f533205402b9e60af6cd64e0171b67a54d7e368f6e1f938a7,3653388226
2026-03-21T19:55:37.391309+00:00,Operator A,Concealed_5g,5g,ANON_5G_CON_IMSI_A0_0313905ae207687b5ce0bcbe580d36cb23470288b45f533205402b9e60af6cd64e0171b67a54d7e368f6e1f938a7,3653388226
2026-03-21T19:55:47.571397+00:00,Operator A,Concealed_5g,5g,ANON_5G_CON_IMSI_A0_0313905ae207687b5ce0bcbe580d36cb23470288b45f533205402b9e60af6cd64e0171b67a54d7e368f6e1f938a7,3653388226
2026-03-21T19:55:57.776305+00:00,Operator A,Concealed_5g,5g,ANON_5G_CON_IMSI_A0_0313905ae207687b5ce0bcbe580d36cb23470288b45f533205402b9e60af6cd64e0171b67a54d7e368f6e1f938a7,3653388226
2026-03-21T19:56:07.976250+00:00,Operator A,Concealed_5g,5g,ANON_5G_CON_IMSI_A0_0313905ae207687b5ce0bcbe580d36cb23470288b45f533205402b9e60af6cd64e0171b67a54d7e368f6e1f938a7,3653388226
2026-03-21T20:17:46.987400+00:00,Operator A,Concealed_5g,5g,ANON_5G_CON_IMSI_A0_039ef36625841ac60e7ed475d89cc59e3072cac959137c482109a28e9bd8afb146c1344e509eda6c95cf60fa7219,3654305788
2026-03-21T20:17:57.207418+00:00,Operator A,Concealed_5g,5g,ANON_5G_CON_IMSI_A0_039ef36625841ac60e7ed475d89cc59e3072cac959137c482109a28e9bd8afb146c1344e509eda6c95cf60fa7219,3654305788
2026-03-21T20:18:07.407480+00:00,Operator A,Concealed_5g,5g,ANON_5G_CON_IMSI_A0_039ef36625841ac60e7ed475d89cc59e3072cac959137c482109a28e9bd8afb146c1344e509eda6c95cf60fa7219,3654305788
2026-03-21T20:22:52.872637+00:00,Operator A,Concealed_5g,5g,ANON_5G_CON_IMSI_A0_03acb730a958d32d309116fe7237dca4b702d2e3f40ffcc97ae1a5f06e800f99e4bfca3e7d6e9e247d5acdd351b5,3654371289
2026-03-21T20:23:03.092531+00:00,Operator A,Concealed_5g,5g,ANON_5G_CON_IMSI_A0_03acb730a958d32d309116fe7237dca4b702d2e3f40ffcc97ae1a5f06e800f99e4bfca3e7d6e9e247d5acdd351b5,3654371289
2026-03-21T20:23:13.292558+00:00,Operator A,Concealed_5g,5g,ANON_5G_CON_IMSI_A0_03acb730a958d32d309116fe7237dca4b702d2e3f40ffcc97ae1a5f06e800f99e4bfca3e7d6e9e247d5acdd351b5,3654371289
2026-03-21T20:23:23.497668+00:00,Operator A,Concealed_5g,5g,ANON_5G_CON_IMSI_A0_03acb730a958d32d309116fe7237dca4b702d2e3f40ffcc97ae1a5f06e800f99e4bfca3e7d6e9e247d5acdd351b5,3654371289
2026-03-21T20:23:33.717603+00:00,Operator A,Concealed_5g,5g,ANON_5G_CON_IMSI_A0_03acb730a958d32d309116fe7237dca4b702d2e3f40ffcc97ae1a5f06e800f99e4bfca3e7d6e9e247d5acdd351b5,3654371289
2026-03-21T20:39:24.944612+00:00,Operator A,Concealed_5g,5g,ANON_5G_CON_IMSI_A0_034d60a93f2045f3b2a55f56d60a91c0a37acd7a1193b889bd4782750fbb99455ffc4d70d1e75e72dadc431f8eec,3655092191
2026-03-21T20:39:35.164553+00:00,Operator A,Concealed_5g,5g,ANON_5G_CON_IMSI_A0_034d60a93f2045f3b2a55f56d60a91c0a37acd7a1193b889bd4782750fbb99455ffc4d70d1e75e72dadc431f8eec,3655092191
2026-03-21T20:39:45.364424+00:00,Operator A,Concealed_5g,5g,ANON_5G_CON_IMSI_A0_034d60a93f2045f3b2a55f56d60a91c0a37acd7a1193b889bd4782750fbb99455ffc4d70d1e75e72dadc431f8eec,3655092191
2026-03-21T20:39:55.569567+00:00,Operator A,Concealed_5g,5g,ANON_5G_CON_IMSI_A0_034d60a93f2045f3b2a55f56d60a91c0a37acd7a1193b889bd4782750fbb99455ffc4d70d1e75e72dadc431f8eec,3655092191
2026-03-21T20:50:40.389197+00:00,Operator A,Concealed_5g,5g,ANON_5G_CON_IMSI_A0_02de5da59c83a23f3f2c1184d21da2d3cc41e4918922cab34cde3666f4e9260de5c6a4a8fdebf8c8399ee9282673,3990636942
2026-03-21T21:06:45.696457+00:00,Operator A,Concealed_5g,5g,ANON_5G_CON_IMSI_A0_030ef3dcd2184d048d417c7ddab181895db11c856e6b1eabc3dae75bc5bc3197e4ebd6eb2e716112414da6a3b107,3655878642
2026-03-21T21:06:55.916511+00:00,Operator A,Concealed_5g,5g,ANON_5G_CON_IMSI_A0_030ef3dcd2184d048d417c7ddab181895db11c856e6b1eabc3dae75bc5bc3197e4ebd6eb2e716112414da6a3b107,3655878642
2026-03-21T21:07:06.096487+00:00,Operator A,Concealed_5g,5g,ANON_5G_CON_IMSI_A0_030ef3dcd2184d048d417c7ddab181895db11c856e6b1eabc3dae75bc5bc3197e4ebd6eb2e716112414da6a3b107,3655878642
2026-03-21T21:07:16.301542+00:00,Operator A,Concealed_5g,5g,ANON_5G_CON_IMSI_A0_030ef3dcd2184d048d417c7ddab181895db11c856e6b1eabc3dae75bc5bc3197e4ebd6eb2e716112414da6a3b107,3655878642
2026-03-21T21:07:26.521451+00:00,Operator A,Concealed_5g,5g,ANON_5G_CON_IMSI_A0_030ef3dcd2184d048d417c7ddab181895db11c856e6b1eabc3dae75bc5bc3197e4ebd6eb2e716112414da6a3b107,3655878642
2026-03-21T21:12:20.633495+00:00,Operator A,Concealed_5g,5g,ANON_5G_CON_IMSI_A0_03545e5dd192bc5c75ba0ecf055680dadb179f0311d0233e7b6394c66e7bee977e5692dd6c3046a8be9c7ec06ab6,3991161216
2026-03-21T21:12:32.833424+00:00,Operator A,Concealed_5g,5g,ANON_5G_CON_IMSI_A0_03545e5dd192bc5c75ba0ecf055680dadb179f0311d0233e7b6394c66e7bee977e5692dd6c3046a8be9c7ec06ab6,3991161216
2026-03-21T21:12:44.843426+00:00,Operator A,Concealed_5g,5g,ANON_5G_CON_IMSI_A0_03545e5dd192bc5c75ba0ecf055680dadb179f0311d0233e7b6394c66e7bee977e5692dd6c3046a8be9c7ec06ab6,3991161216
2026-03-21T21:23:19.901639+00:00,Operator A,Concealed_5g,5g,ANON_5G_CON_IMSI_A0_030962a541d4fcd031278d8494fa492fd6794f1f03ee4360e39e6f0dae574cac06b7d905720dd0445853ca76e5ad,3656468305
2026-03-21T21:23:30.121660+00:00,Operator A,Concealed_5g,5g,ANON_5G_CON_IMSI_A0_030962a541d4fcd031278d8494fa492fd6794f1f03ee4360e39e6f0dae574cac06b7d905720dd0445853ca76e5ad,3656468305
2026-03-21T21:23:40.301686+00:00,Operator A,Concealed_5g,5g,ANON_5G_CON_IMSI_A0_030962a541d4fcd031278d8494fa492fd6794f1f03ee4360e39e6f0dae574cac06b7d905720dd0445853ca76e5ad,3656468305
2026-03-21T21:23:50.486646+00:00,Operator A,Concealed_5g,5g,ANON_5G_CON_IMSI_A0_030962a541d4fcd031278d8494fa492fd6794f1f03ee4360e39e6f0dae574cac06b7d905720dd0445853ca76e5ad,3656468305
2026-03-21T21:31:00.507665+00:00,Operator A,S23,4g,ANON_IMSI_A2,3676718918
2026-03-21T21:31:25.531618+00:00,Operator A,S23,4g,ANON_IMSI_A2,3676718918
2026-03-21T21:45:26.717040+00:00,Operator A,Concealed_5g,5g,ANON_5G_CON_IMSI_A0_0378f59c1a5d27f9eee7030d94952b16cbe9a341f1d36c9342d1c00b25713f55d163efe856a75a739ee119f69923,3656927064
2026-03-21T21:45:36.937003+00:00,Operator A,Concealed_5g,5g,ANON_5G_CON_IMSI_A0_0378f59c1a5d27f9eee7030d94952b16cbe9a341f1d36c9342d1c00b25713f55d163efe856a75a739ee119f69923,3656927064
2026-03-21T21:45:47.136951+00:00,Operator A,Concealed_5g,5g,ANON_5G_CON_IMSI_A0_0378f59c1a5d27f9eee7030d94952b16cbe9a341f1d36c9342d1c00b25713f55d163efe856a75a739ee119f69923,3656927064
2026-03-21T21:56:40.279221+00:00,Operator A,Concealed_5g,5g,ANON_5G_CON_IMSI_A0_03337bc518cf7121159e0526ee16b27c2bf0ac656983cd92fb12d98f851389a115da333076ef34b842dfde2d5d6d,3657189242
2026-03-21T22:01:46.418149+00:00,Operator A,Concealed_5g,5g,ANON_5G_CON_IMSI_A0_0379a588804062928ba19d6a19407b8ea26dc6ee5d17020e346ea11d97ff852af7486af4ffe650817a1072c80413,3657385841
2026-03-21T22:01:56.637887+00:00,Operator A,Concealed_5g,5g,ANON_5G_CON_IMSI_A0_0379a588804062928ba19d6a19407b8ea26dc6ee5d17020e346ea11d97ff852af7486af4ffe650817a1072c80413,3657385841
2026-03-21T22:02:06.837880+00:00,Operator A,Concealed_5g,5g,ANON_5G_CON_IMSI_A0_0379a588804062928ba19d6a19407b8ea26dc6ee5d17020e346ea11d97ff852af7486af4ffe650817a1072c80413,3657385841
2026-03-21T22:06:55.834916+00:00,Operator A,Concealed_5g,5g,ANON_5G_CON_IMSI_A0_036e2cbefe8604ea131b9fb505f0ebed96c0dd84515fa90a3148feca539131d08f2d507076fbcceb3543b57c8558,3657517026
2026-03-21T22:07:06.054878+00:00,Operator A,Concealed_5g,5g,ANON_5G_CON_IMSI_A0_036e2cbefe8604ea131b9fb505f0ebed96c0dd84515fa90a3148feca539131d08f2d507076fbcceb3543b57c8558,3657517026
2026-03-21T22:07:16.234859+00:00,Operator A,Concealed_5g,5g,ANON_5G_CON_IMSI_A0_036e2cbefe8604ea131b9fb505f0ebed96c0dd84515fa90a3148feca539131d08f2d507076fbcceb3543b57c8558,3657517026
2026-03-21T22:07:26.439678+00:00,Operator A,Concealed_5g,5g,ANON_5G_CON_IMSI_A0_036e2cbefe8604ea131b9fb505f0ebed96c0dd84515fa90a3148feca539131d08f2d507076fbcceb3543b57c8558,3657517026
2026-03-21T22:07:36.639761+00:00,Operator A,Concealed_5g,5g,ANON_5G_CON_IMSI_A0_036e2cbefe8604ea131b9fb505f0ebed96c0dd84515fa90a3148feca539131d08f2d507076fbcceb3543b57c8558,3657517026
2026-03-21T22:29:18.548474+00:00,Operator A,Concealed_5g,5g,ANON_5G_CON_IMSI_A0_03aef5badc44602da75ea9e8493574b6dce6376f7168b9d8e91c01daef97180a893373deae65de645f2e0c00531e,3658172234
2026-03-21T22:29:28.748423+00:00,Operator A,Concealed_5g,5g,ANON_5G_CON_IMSI_A0_03aef5badc44602da75ea9e8493574b6dce6376f7168b9d8e91c01daef97180a893373deae65de645f2e0c00531e,3658172234
2026-03-21T22:29:38.928503+00:00,Operator A,Concealed_5g,5g,ANON_5G_CON_IMSI_A0_03aef5badc44602da75ea9e8493574b6dce6376f7168b9d8e91c01daef97180a893373deae65de645f2e0c00531e,3658172234
2026-03-21T22:34:25.395018+00:00,Operator A,Concealed_5g,5g,ANON_5G_CON_IMSI_A0_03a802c497d96d9f6b99bc442c5fc9c3c17985e93a8173f94e52a2b443b32f72c0c75a9606b15fb0ebd1363f5f64,3658237794
2026-03-21T22:34:35.594959+00:00,Operator A,Concealed_5g,5g,ANON_5G_CON_IMSI_A0_03a802c497d96d9f6b99bc442c5fc9c3c17985e93a8173f94e52a2b443b32f72c0c75a9606b15fb0ebd1363f5f64,3658237794
2026-03-21T22:34:45.795002+00:00,Operator A,Concealed_5g,5g,ANON_5G_CON_IMSI_A0_03a802c497d96d9f6b99bc442c5fc9c3c17985e93a8173f94e52a2b443b32f72c0c75a9606b15fb0ebd1363f5f64,3658237794
2026-03-21T22:34:55.979946+00:00,Operator A,Concealed_5g,5g,ANON_5G_CON_IMSI_A0_03a802c497d96d9f6b99bc442c5fc9c3c17985e93a8173f94e52a2b443b32f72c0c75a9606b15fb0ebd1363f5f64,3658237794
2026-03-21T22:35:06.179975+00:00,Operator A,Concealed_5g,5g,ANON_5G_CON_IMSI_A0_03a802c497d96d9f6b99bc442c5fc9c3c17985e93a8173f94e52a2b443b32f72c0c75a9606b15fb0ebd1363f5f64,3658237794
2026-03-21T22:50:45.172260+00:00,Operator A,Concealed_5g,5g,ANON_5G_CON_IMSI_A0_03e04cf4a9cfad65ec4f69a75684ff30b0d3d1703ed2dc6b53ef7f73c1c8035b24c36eb76974f977ef65e14fbf54,3658631161
2026-03-21T22:50:55.392098+00:00,Operator A,Concealed_5g,5g,ANON_5G_CON_IMSI_A0_03e04cf4a9cfad65ec4f69a75684ff30b0d3d1703ed2dc6b53ef7f73c1c8035b24c36eb76974f977ef65e14fbf54,3658631161
2026-03-21T22:51:05.592129+00:00,Operator A,Concealed_5g,5g,ANON_5G_CON_IMSI_A0_03e04cf4a9cfad65ec4f69a75684ff30b0d3d1703ed2dc6b53ef7f73c1c8035b24c36eb76974f977ef65e14fbf54,3658631161
2026-03-21T22:51:15.797207+00:00,Operator A,Concealed_5g,5g,ANON_5G_CON_IMSI_A0_03e04cf4a9cfad65ec4f69a75684ff30b0d3d1703ed2dc6b53ef7f73c1c8035b24c36eb76974f977ef65e14fbf54,3658631161
2026-03-21T22:51:26.017195+00:00,Operator A,Concealed_5g,5g,ANON_5G_CON_IMSI_A0_03e04cf4a9cfad65ec4f69a75684ff30b0d3d1703ed2dc6b53ef7f73c1c8035b24c36eb76974f977ef65e14fbf54,3658631161
2026-03-21T23:13:01.648423+00:00,Operator A,Concealed_5g,5g,ANON_5G_CON_IMSI_A0_034f209b27237e787aa5c8712504a40d48da75c1daf28c856cb477f57e7c53ef3ba50a2f2297df7515a84e561315,3659089770
2026-03-21T23:13:11.868533+00:00,Operator A,Concealed_5g,5g,ANON_5G_CON_IMSI_A0_034f209b27237e787aa5c8712504a40d48da75c1daf28c856cb477f57e7c53ef3ba50a2f2297df7515a84e561315,3659089770
2026-03-21T23:13:22.048508+00:00,Operator A,Concealed_5g,5g,ANON_5G_CON_IMSI_A0_034f209b27237e787aa5c8712504a40d48da75c1daf28c856cb477f57e7c53ef3ba50a2f2297df7515a84e561315,3659089770
2026-03-21T23:24:13.157456+00:00,Operator A,Concealed_5g,5g,ANON_5G_CON_IMSI_A0_03cfd734f714a152daaf236f44f685882d12856081da94c15a298482de275945266c1cd6c98c423bc165d1762e88,3659286522
2026-03-21T23:24:23.377386+00:00,Operator A,Concealed_5g,5g,ANON_5G_CON_IMSI_A0_03cfd734f714a152daaf236f44f685882d12856081da94c15a298482de275945266c1cd6c98c423bc165d1762e88,3659286522
2026-03-21T23:29:17.090455+00:00,Operator A,Concealed_5g,5g,ANON_5G_CON_IMSI_A0_0352c94a7e7a18b0633671c820174daede17a976df0ce1d56b695c728b6b955e7224d7197fb3d7e7670d44a8edee,3659679737
2026-03-21T23:29:27.290379+00:00,Operator A,Concealed_5g,5g,ANON_5G_CON_IMSI_A0_0352c94a7e7a18b0633671c820174daede17a976df0ce1d56b695c728b6b955e7224d7197fb3d7e7670d44a8edee,3659679737
2026-03-21T23:29:37.490370+00:00,Operator A,Concealed_5g,5g,ANON_5G_CON_IMSI_A0_0352c94a7e7a18b0633671c820174daede17a976df0ce1d56b695c728b6b955e7224d7197fb3d7e7670d44a8edee,3659679737
2026-03-21T23:29:47.695418+00:00,Operator A,Concealed_5g,5g,ANON_5G_CON_IMSI_A0_0352c94a7e7a18b0633671c820174daede17a976df0ce1d56b695c728b6b955e7224d7197fb3d7e7670d44a8edee,3659679737
2026-03-21T23:51:35.246983+00:00,Operator A,Concealed_5g,5g,ANON_5G_CON_IMSI_A0_03efdf1fd12f1f1213bed9bc30a74f2f7daa975f5d4a1fa58563a61fcec701b5104d31df6b815f75f8fef423507b,3660072774
2026-03-21T23:51:45.466800+00:00,Operator A,Concealed_5g,5g,ANON_5G_CON_IMSI_A0_03efdf1fd12f1f1213bed9bc30a74f2f7daa975f5d4a1fa58563a61fcec701b5104d31df6b815f75f8fef423507b,3660072774
2026-03-21T23:56:37.196274+00:00,Operator A,Concealed_5g,5g,ANON_5G_CON_IMSI_A0_038753717869a9bfeb9e8be636a8a73c356b4e5485207b44da3b294876f400e28bbe1185c6d087a643cf1a45d234,3660269542
2026-03-21T23:56:47.396167+00:00,Operator A,Concealed_5g,5g,ANON_5G_CON_IMSI_A0_038753717869a9bfeb9e8be636a8a73c356b4e5485207b44da3b294876f400e28bbe1185c6d087a643cf1a45d234,3660269542
2026-03-21T23:56:57.576090+00:00,Operator A,Concealed_5g,5g,ANON_5G_CON_IMSI_A0_038753717869a9bfeb9e8be636a8a73c356b4e5485207b44da3b294876f400e28bbe1185c6d087a643cf1a45d234,3660269542
2026-03-21T23:57:07.781102+00:00,Operator A,Concealed_5g,5g,ANON_5G_CON_IMSI_A0_038753717869a9bfeb9e8be636a8a73c356b4e5485207b44da3b294876f400e28bbe1185c6d087a643cf1a45d234,3660269542
2026-03-21T23:57:18.001272+00:00,Operator A,Concealed_5g,5g,ANON_5G_CON_IMSI_A0_038753717869a9bfeb9e8be636a8a73c356b4e5485207b44da3b294876f400e28bbe1185c6d087a643cf1a45d234,3660269542
2026-03-22T00:19:04.436419+00:00,Operator A,Concealed_5g,5g,ANON_5G_CON_IMSI_A0_036a4bd68420aa2b490f35e574dd19808bb3f3ea98a11acb0a9e7d90c5b1a3a728446bb5e9ce58529093ae0d38ad,3660924769
2026-03-22T00:23:58.469227+00:00,Operator A,Concealed_5g,5g,ANON_5G_CON_IMSI_A0_0390bea8ac7d80a979a1c122b5753632849fb62c986be41150f89bd757f55497cf6e3a8d5f167b20b89d64815e77,3661121378
2026-03-22T00:24:08.689187+00:00,Operator A,Concealed_5g,5g,ANON_5G_CON_IMSI_A0_0390bea8ac7d80a979a1c122b5753632849fb62c986be41150f89bd757f55497cf6e3a8d5f167b20b89d64815e77,3661121378
2026-03-22T00:24:18.869128+00:00,Operator A,Concealed_5g,5g,ANON_5G_CON_IMSI_A0_0390bea8ac7d80a979a1c122b5753632849fb62c986be41150f89bd757f55497cf6e3a8d5f167b20b89d64815e77,3661121378
2026-03-22T00:24:29.094165+00:00,Operator A,Concealed_5g,5g,ANON_5G_CON_IMSI_A0_0390bea8ac7d80a979a1c122b5753632849fb62c986be41150f89bd757f55497cf6e3a8d5f167b20b89d64815e77,3661121378
2026-03-22T00:24:39.314288+00:00,Operator A,Concealed_5g,5g,ANON_5G_CON_IMSI_A0_0390bea8ac7d80a979a1c122b5753632849fb62c986be41150f89bd757f55497cf6e3a8d5f167b20b89d64815e77,3661121378
2026-03-22T00:40:43.135934+00:00,Operator A,Concealed_5g,5g,ANON_5G_CON_IMSI_A0_031f38aca9cc902dc02eb72891df2c94c01de9e36c5a8578fcef0b6956443114fe128dd25cb0af70468ff25325f5,3661514704
2026-03-22T00:40:53.356021+00:00,Operator A,Concealed_5g,5g,ANON_5G_CON_IMSI_A0_031f38aca9cc902dc02eb72891df2c94c01de9e36c5a8578fcef0b6956443114fe128dd25cb0af70468ff25325f5,3661514704
2026-03-22T00:41:03.555969+00:00,Operator A,Concealed_5g,5g,ANON_5G_CON_IMSI_A0_031f38aca9cc902dc02eb72891df2c94c01de9e36c5a8578fcef0b6956443114fe128dd25cb0af70468ff25325f5,3661514704
2026-03-22T00:51:46.421945+00:00,Operator A,Concealed_5g,5g,ANON_5G_CON_IMSI_A0_0324d481a15d02e86a74071cb9c08a6ebabb87af4249712539ac2a1b5088d8a24950d5d3140f67e9228cdca9179d,3661580268
2026-03-22T00:51:56.621912+00:00,Operator A,Concealed_5g,5g,ANON_5G_CON_IMSI_A0_0324d481a15d02e86a74071cb9c08a6ebabb87af4249712539ac2a1b5088d8a24950d5d3140f67e9228cdca9179d,3661580268
2026-03-22T00:52:06.821856+00:00,Operator A,Concealed_5g,5g,ANON_5G_CON_IMSI_A0_0324d481a15d02e86a74071cb9c08a6ebabb87af4249712539ac2a1b5088d8a24950d5d3140f67e9228cdca9179d,3661580268
2026-03-22T00:56:50.010807+00:00,Operator A,Concealed_5g,5g,ANON_5G_CON_IMSI_A0_03c8d834a7d709096f54c95d1fac81d399e75f42625756ca9bf872a07389e93c567764ac208e9ac776faa6b67aac,3661907839
2026-03-22T00:57:00.230787+00:00,Operator A,Concealed_5g,5g,ANON_5G_CON_IMSI_A0_03c8d834a7d709096f54c95d1fac81d399e75f42625756ca9bf872a07389e93c567764ac208e9ac776faa6b67aac,3661907839
2026-03-22T00:57:10.410739+00:00,Operator A,Concealed_5g,5g,ANON_5G_CON_IMSI_A0_03c8d834a7d709096f54c95d1fac81d399e75f42625756ca9bf872a07389e93c567764ac208e9ac776faa6b67aac,3661907839
2026-03-22T00:57:20.595683+00:00,Operator A,Concealed_5g,5g,ANON_5G_CON_IMSI_A0_03c8d834a7d709096f54c95d1fac81d399e75f42625756ca9bf872a07389e93c567764ac208e9ac776faa6b67aac,3661907839
2026-03-22T00:57:30.795708+00:00,Operator A,Concealed_5g,5g,ANON_5G_CON_IMSI_A0_03c8d834a7d709096f54c95d1fac81d399e75f42625756ca9bf872a07389e93c567764ac208e9ac776faa6b67aac,3661907839
2026-03-22T01:19:05.652779+00:00,Operator A,Concealed_5g,5g,ANON_5G_CON_IMSI_A0_0342c9ec726f39ed5a13399b6486ffeda225e774f91dc01c3d878df49cfe27a8ab63c4e9f2533d91ec559269954b,3662366559
2026-03-22T01:19:15.852661+00:00,Operator A,Concealed_5g,5g,ANON_5G_CON_IMSI_A0_0342c9ec726f39ed5a13399b6486ffeda225e774f91dc01c3d878df49cfe27a8ab63c4e9f2533d91ec559269954b,3662366559
2026-03-22T01:19:26.032653+00:00,Operator A,Concealed_5g,5g,ANON_5G_CON_IMSI_A0_0342c9ec726f39ed5a13399b6486ffeda225e774f91dc01c3d878df49cfe27a8ab63c4e9f2533d91ec559269954b,3662366559
2026-03-22T01:24:08.955893+00:00,Operator A,Concealed_5g,5g,ANON_5G_CON_IMSI_A0_03edd9a297aa8016516e614121102c30a1eb1855da3e948c4f89bdc262072bce725ce0abc1a9c3e1b2b312f9d32e,3662628733
2026-03-22T01:24:19.156018+00:00,Operator A,Concealed_5g,5g,ANON_5G_CON_IMSI_A0_03edd9a297aa8016516e614121102c30a1eb1855da3e948c4f89bdc262072bce725ce0abc1a9c3e1b2b312f9d32e,3662628733
2026-03-22T01:24:29.355944+00:00,Operator A,Concealed_5g,5g,ANON_5G_CON_IMSI_A0_03edd9a297aa8016516e614121102c30a1eb1855da3e948c4f89bdc262072bce725ce0abc1a9c3e1b2b312f9d32e,3662628733
2026-03-22T01:24:39.541129+00:00,Operator A,Concealed_5g,5g,ANON_5G_CON_IMSI_A0_03edd9a297aa8016516e614121102c30a1eb1855da3e948c4f89bdc262072bce725ce0abc1a9c3e1b2b312f9d32e,3662628733
2026-03-22T01:24:49.741118+00:00,Operator A,Concealed_5g,5g,ANON_5G_CON_IMSI_A0_03edd9a297aa8016516e614121102c30a1eb1855da3e948c4f89bdc262072bce725ce0abc1a9c3e1b2b312f9d32e,3662628733
2026-03-22T01:41:20.757548+00:00,Operator A,Concealed_5g,5g,ANON_5G_CON_IMSI_A0_03d714f6332fe42750f1d61de0159f13874e0c5f602129e39eccbf5a49d88dff5eead634ca14ee92735abdbfe2a0,3662890976
2026-03-22T01:46:23.723331+00:00,Operator A,Concealed_5g,5g,ANON_5G_CON_IMSI_A0_0364514de806f8ed258dac09fd64eccd550ff2178c67fdfc39ded73a8b49cac261c613e23b4c1c6f19953f0d297c,3662956539
2026-03-22T01:46:33.943149+00:00,Operator A,Concealed_5g,5g,ANON_5G_CON_IMSI_A0_0364514de806f8ed258dac09fd64eccd550ff2178c67fdfc39ded73a8b49cac261c613e23b4c1c6f19953f0d297c,3662956539
2026-03-22T01:46:44.123235+00:00,Operator A,Concealed_5g,5g,ANON_5G_CON_IMSI_A0_0364514de806f8ed258dac09fd64eccd550ff2178c67fdfc39ded73a8b49cac261c613e23b4c1c6f19953f0d297c,3662956539
2026-03-22T01:46:54.308196+00:00,Operator A,Concealed_5g,5g,ANON_5G_CON_IMSI_A0_0364514de806f8ed258dac09fd64eccd550ff2178c67fdfc39ded73a8b49cac261c613e23b4c1c6f19953f0d297c,3662956539
2026-03-22T02:02:46.858869+00:00,Operator A,Concealed_5g,5g,ANON_5G_CON_IMSI_A0_03fe34a3315aff9dccdef452c5d0cfdf5a08553cc1ec97868d56f63e45a7fc7b353387d2962040f2d8d45d5b879e,3663480642
2026-03-22T02:02:57.078850+00:00,Operator A,Concealed_5g,5g,ANON_5G_CON_IMSI_A0_03fe34a3315aff9dccdef452c5d0cfdf5a08553cc1ec97868d56f63e45a7fc7b353387d2962040f2d8d45d5b879e,3663480642
2026-03-22T02:03:07.278772+00:00,Operator A,Concealed_5g,5g,ANON_5G_CON_IMSI_A0_03fe34a3315aff9dccdef452c5d0cfdf5a08553cc1ec97868d56f63e45a7fc7b353387d2962040f2d8d45d5b879e,3663480642
2026-03-22T02:03:17.463783+00:00,Operator A,Concealed_5g,5g,ANON_5G_CON_IMSI_A0_03fe34a3315aff9dccdef452c5d0cfdf5a08553cc1ec97868d56f63e45a7fc7b353387d2962040f2d8d45d5b879e,3663480642
2026-03-22T02:24:58.449263+00:00,Operator A,Concealed_5g,5g,ANON_5G_CON_IMSI_A0_03c3960333a402b76f2f570b7965e350b48c49e1ba1e32d396750784888a12ee8157e8b25f19d78b1707ced5d743,3663742932
2026-03-22T02:25:08.649196+00:00,Operator A,Concealed_5g,5g,ANON_5G_CON_IMSI_A0_03c3960333a402b76f2f570b7965e350b48c49e1ba1e32d396750784888a12ee8157e8b25f19d78b1707ced5d743,3663742932
2026-03-22T02:30:01.117610+00:00,Operator A,Concealed_5g,5g,ANON_5G_CON_IMSI_A0_03ecf7e174debe4c2a4ca1fefca593c766f0ea0bb508127c7f8afcdbbd2d30847dbf6588c2b9a7c2bc8ff4b22fce,3664004939
2026-03-22T02:30:11.317469+00:00,Operator A,Concealed_5g,5g,ANON_5G_CON_IMSI_A0_03ecf7e174debe4c2a4ca1fefca593c766f0ea0bb508127c7f8afcdbbd2d30847dbf6588c2b9a7c2bc8ff4b22fce,3664004939
2026-03-22T02:30:21.497570+00:00,Operator A,Concealed_5g,5g,ANON_5G_CON_IMSI_A0_03ecf7e174debe4c2a4ca1fefca593c766f0ea0bb508127c7f8afcdbbd2d30847dbf6588c2b9a7c2bc8ff4b22fce,3664004939
2026-03-22T02:30:31.702434+00:00,Operator A,Concealed_5g,5g,ANON_5G_CON_IMSI_A0_03ecf7e174debe4c2a4ca1fefca593c766f0ea0bb508127c7f8afcdbbd2d30847dbf6588c2b9a7c2bc8ff4b22fce,3664004939
2026-03-22T02:30:41.922568+00:00,Operator A,Concealed_5g,5g,ANON_5G_CON_IMSI_A0_03ecf7e174debe4c2a4ca1fefca593c766f0ea0bb508127c7f8afcdbbd2d30847dbf6588c2b9a7c2bc8ff4b22fce,3664004939
2026-03-22T02:52:15.726012+00:00,Operator A,Concealed_5g,5g,ANON_5G_CON_IMSI_A0_03a8eb67b3a07a6d8c32b886978ffe0751520647616b6e9c67ae962746584e12edb71bc520724c53fa07c91554e2,3664398298
2026-03-22T02:52:25.945949+00:00,Operator A,Concealed_5g,5g,ANON_5G_CON_IMSI_A0_03a8eb67b3a07a6d8c32b886978ffe0751520647616b6e9c67ae962746584e12edb71bc520724c53fa07c91554e2,3664398298
2026-03-22T02:52:36.125856+00:00,Operator A,Concealed_5g,5g,ANON_5G_CON_IMSI_A0_03a8eb67b3a07a6d8c32b886978ffe0751520647616b6e9c67ae962746584e12edb71bc520724c53fa07c91554e2,3664398298
2026-03-22T02:57:18.851833+00:00,Operator A,Concealed_5g,5g,ANON_5G_CON_IMSI_A0_0395133d3bcbfe448c406c4ead611bedd15eee6d7a0cf0667ba4627a046df376a0c7dfde7b6b93ad88b80ec9e07e,3664660296
2026-03-22T02:57:29.071801+00:00,Operator A,Concealed_5g,5g,ANON_5G_CON_IMSI_A0_0395133d3bcbfe448c406c4ead611bedd15eee6d7a0cf0667ba4627a046df376a0c7dfde7b6b93ad88b80ec9e07e,3664660296
2026-03-22T02:57:39.271760+00:00,Operator A,Concealed_5g,5g,ANON_5G_CON_IMSI_A0_0395133d3bcbfe448c406c4ead611bedd15eee6d7a0cf0667ba4627a046df376a0c7dfde7b6b93ad88b80ec9e07e,3664660296
2026-03-22T02:57:49.476929+00:00,Operator A,Concealed_5g,5g,ANON_5G_CON_IMSI_A0_0395133d3bcbfe448c406c4ead611bedd15eee6d7a0cf0667ba4627a046df376a0c7dfde7b6b93ad88b80ec9e07e,3664660296
2026-03-22T02:57:59.676889+00:00,Operator A,Concealed_5g,5g,ANON_5G_CON_IMSI_A0_0395133d3bcbfe448c406c4ead611bedd15eee6d7a0cf0667ba4627a046df376a0c7dfde7b6b93ad88b80ec9e07e,3664660296
2026-03-22T03:13:49.679649+00:00,Operator A,Concealed_5g,5g,ANON_5G_CON_IMSI_A0_03f80ddd84c9691fb2bc10add59880fa317caf9ef0cf4858b6e433391ae8cc5f0f5000d823497644560a60e95363,3665053548
2026-03-22T03:13:59.899573+00:00,Operator A,Concealed_5g,5g,ANON_5G_CON_IMSI_A0_03f80ddd84c9691fb2bc10add59880fa317caf9ef0cf4858b6e433391ae8cc5f0f5000d823497644560a60e95363,3665053548
2026-03-22T03:14:10.099581+00:00,Operator A,Concealed_5g,5g,ANON_5G_CON_IMSI_A0_03f80ddd84c9691fb2bc10add59880fa317caf9ef0cf4858b6e433391ae8cc5f0f5000d823497644560a60e95363,3665053548
2026-03-22T03:14:20.304584+00:00,Operator A,Concealed_5g,5g,ANON_5G_CON_IMSI_A0_03f80ddd84c9691fb2bc10add59880fa317caf9ef0cf4858b6e433391ae8cc5f0f5000d823497644560a60e95363,3665053548
2026-03-22T03:14:30.504437+00:00,Operator A,Concealed_5g,5g,ANON_5G_CON_IMSI_A0_03f80ddd84c9691fb2bc10add59880fa317caf9ef0cf4858b6e433391ae8cc5f0f5000d823497644560a60e95363,3665053548
2026-03-22T03:30:57.268400+00:00,Operator A,Concealed_5g,5g,ANON_5G_CON_IMSI_A0_03ea0816eac8f0f6874e67e4c71b1b39b120639a494fe575dfecae97daa021f8433383bd9ac0de1438071f526621,3665315799
2026-03-22T03:36:10.025681+00:00,Operator A,Concealed_5g,5g,ANON_5G_CON_IMSI_A0_03670ea9d336550ff96d29eacbf71cc666f747993f33c380d0a7031e95a43d4c865cd736ec20cfeb0e9b983371e4,3665446749
2026-03-22T03:36:20.225595+00:00,Operator A,Concealed_5g,5g,ANON_5G_CON_IMSI_A0_03670ea9d336550ff96d29eacbf71cc666f747993f33c380d0a7031e95a43d4c865cd736ec20cfeb0e9b983371e4,3665446749
2026-03-22T03:46:48.742538+00:00,Operator A,Concealed_5g,5g,ANON_5G_CON_IMSI_A0_03ffc8b0a52ad5e838dc884b5fbce0098e1d7764856a3a3cb275c59d9001379b7cbeccc95e81615b488af464421c,3665709022
2026-03-22T03:46:58.942393+00:00,Operator A,Concealed_5g,5g,ANON_5G_CON_IMSI_A0_03ffc8b0a52ad5e838dc884b5fbce0098e1d7764856a3a3cb275c59d9001379b7cbeccc95e81615b488af464421c,3665709022
2026-03-22T03:47:09.122472+00:00,Operator A,Concealed_5g,5g,ANON_5G_CON_IMSI_A0_03ffc8b0a52ad5e838dc884b5fbce0098e1d7764856a3a3cb275c59d9001379b7cbeccc95e81615b488af464421c,3665709022
2026-03-22T03:47:19.327621+00:00,Operator A,Concealed_5g,5g,ANON_5G_CON_IMSI_A0_03ffc8b0a52ad5e838dc884b5fbce0098e1d7764856a3a3cb275c59d9001379b7cbeccc95e81615b488af464421c,3665709022
2026-03-22T04:09:01.562229+00:00,Operator A,Concealed_5g,5g,ANON_5G_CON_IMSI_A0_03a9a1ed115a1805809a5c47372416f720aede2d766c6fb18bf7b201abcd3ca88d9a998bb17874eca96690058024,3665971051
2026-03-22T04:09:11.822236+00:00,Operator A,Concealed_5g,5g,ANON_5G_CON_IMSI_A0_03a9a1ed115a1805809a5c47372416f720aede2d766c6fb18bf7b201abcd3ca88d9a998bb17874eca96690058024,3665971051
2026-03-22T04:09:22.002043+00:00,Operator A,Concealed_5g,5g,ANON_5G_CON_IMSI_A0_03a9a1ed115a1805809a5c47372416f720aede2d766c6fb18bf7b201abcd3ca88d9a998bb17874eca96690058024,3665971051
2026-03-22T04:14:04.319450+00:00,Operator A,Concealed_5g,5g,ANON_5G_CON_IMSI_A0_0386cc6ce766d377d21e6ddcb33e9deb97590b199ef05ff13b4efbc957ebb785eeb57ca3fc672648b64a9abdb178,3666167753
2026-03-22T04:14:14.519403+00:00,Operator A,Concealed_5g,5g,ANON_5G_CON_IMSI_A0_0386cc6ce766d377d21e6ddcb33e9deb97590b199ef05ff13b4efbc957ebb785eeb57ca3fc672648b64a9abdb178,3666167753
2026-03-22T04:14:24.699357+00:00,Operator A,Concealed_5g,5g,ANON_5G_CON_IMSI_A0_0386cc6ce766d377d21e6ddcb33e9deb97590b199ef05ff13b4efbc957ebb785eeb57ca3fc672648b64a9abdb178,3666167753
2026-03-22T04:14:34.904379+00:00,Operator A,Concealed_5g,5g,ANON_5G_CON_IMSI_A0_0386cc6ce766d377d21e6ddcb33e9deb97590b199ef05ff13b4efbc957ebb785eeb57ca3fc672648b64a9abdb178,3666167753
2026-03-22T04:14:45.124375+00:00,Operator A,Concealed_5g,5g,ANON_5G_CON_IMSI_A0_0386cc6ce766d377d21e6ddcb33e9deb97590b199ef05ff13b4efbc957ebb785eeb57ca3fc672648b64a9abdb178,3666167753
2026-03-22T04:30:53.094813+00:00,Operator A,Concealed_5g,5g,ANON_5G_CON_IMSI_A0_03c2c7f0f467ec7f57e3bf79b2de6dfc2cc147e6a3fb23c8fe9faf8eb7a79903776a24da08d1c409e0d2119420df,3666692051
2026-03-22T04:31:03.294831+00:00,Operator A,Concealed_5g,5g,ANON_5G_CON_IMSI_A0_03c2c7f0f467ec7f57e3bf79b2de6dfc2cc147e6a3fb23c8fe9faf8eb7a79903776a24da08d1c409e0d2119420df,3666692051
2026-03-22T04:31:13.474786+00:00,Operator A,Concealed_5g,5g,ANON_5G_CON_IMSI_A0_03c2c7f0f467ec7f57e3bf79b2de6dfc2cc147e6a3fb23c8fe9faf8eb7a79903776a24da08d1c409e0d2119420df,3666692051
2026-03-22T04:41:51.624472+00:00,Operator A,Concealed_5g,5g,ANON_5G_CON_IMSI_A0_0393bc3ebfdcbceaddcd72340f486cd4174eb1bd9a1a3c0f6332301410d0bb83365e8d7b024290faf1f0badfd15e,3666757495
2026-03-22T04:42:01.844393+00:00,Operator A,Concealed_5g,5g,ANON_5G_CON_IMSI_A0_0393bc3ebfdcbceaddcd72340f486cd4174eb1bd9a1a3c0f6332301410d0bb83365e8d7b024290faf1f0badfd15e,3666757495
2026-03-22T04:42:12.044429+00:00,Operator A,Concealed_5g,5g,ANON_5G_CON_IMSI_A0_0393bc3ebfdcbceaddcd72340f486cd4174eb1bd9a1a3c0f6332301410d0bb83365e8d7b024290faf1f0badfd15e,3666757495
2026-03-22T04:46:54.640400+00:00,Operator A,Concealed_5g,5g,ANON_5G_CON_IMSI_A0_03c5b344d857c5fdd89ecb4b4d6b7532cf517add4c72422da840a5183d1547a35fe0eabfdf768527f19fe4da6dc7,3667019642
2026-03-22T04:47:04.860303+00:00,Operator A,Concealed_5g,5g,ANON_5G_CON_IMSI_A0_03c5b344d857c5fdd89ecb4b4d6b7532cf517add4c72422da840a5183d1547a35fe0eabfdf768527f19fe4da6dc7,3667019642
2026-03-22T04:47:15.040349+00:00,Operator A,Concealed_5g,5g,ANON_5G_CON_IMSI_A0_03c5b344d857c5fdd89ecb4b4d6b7532cf517add4c72422da840a5183d1547a35fe0eabfdf768527f19fe4da6dc7,3667019642
2026-03-22T04:47:25.225393+00:00,Operator A,Concealed_5g,5g,ANON_5G_CON_IMSI_A0_03c5b344d857c5fdd89ecb4b4d6b7532cf517add4c72422da840a5183d1547a35fe0eabfdf768527f19fe4da6dc7,3667019642
2026-03-22T04:47:35.425491+00:00,Operator A,Concealed_5g,5g,ANON_5G_CON_IMSI_A0_03c5b344d857c5fdd89ecb4b4d6b7532cf517add4c72422da840a5183d1547a35fe0eabfdf768527f19fe4da6dc7,3667019642
2026-03-22T05:02:46.931055+00:00,Operator A,Concealed_5g,5g,ANON_5G_CON_IMSI_A0_03af4906553f42e86e2870805d414a946c0791025068daec69956c3d584b08b8d8cdbe031a4350209a539b78632d,3667478508
2026-03-22T05:02:57.171071+00:00,Operator A,Concealed_5g,5g,ANON_5G_CON_IMSI_A0_03af4906553f42e86e2870805d414a946c0791025068daec69956c3d584b08b8d8cdbe031a4350209a539b78632d,3667478508
2026-03-22T05:03:07.351010+00:00,Operator A,Concealed_5g,5g,ANON_5G_CON_IMSI_A0_03af4906553f42e86e2870805d414a946c0791025068daec69956c3d584b08b8d8cdbe031a4350209a539b78632d,3667478508
2026-03-22T05:07:56.120691+00:00,Operator A,Concealed_5g,5g,ANON_5G_CON_IMSI_A0_03a6d81a93d14f7f87a7ca43f8a37fc32f9945dd241c7ee5190b463fa1277b42d479e5043cf004157b370dae7dc0,3667543889
2026-03-22T05:08:06.320554+00:00,Operator A,Concealed_5g,5g,ANON_5G_CON_IMSI_A0_03a6d81a93d14f7f87a7ca43f8a37fc32f9945dd241c7ee5190b463fa1277b42d479e5043cf004157b370dae7dc0,3667543889
2026-03-22T05:08:16.500604+00:00,Operator A,Concealed_5g,5g,ANON_5G_CON_IMSI_A0_03a6d81a93d14f7f87a7ca43f8a37fc32f9945dd241c7ee5190b463fa1277b42d479e5043cf004157b370dae7dc0,3667543889
2026-03-22T05:08:26.705473+00:00,Operator A,Concealed_5g,5g,ANON_5G_CON_IMSI_A0_03a6d81a93d14f7f87a7ca43f8a37fc32f9945dd241c7ee5190b463fa1277b42d479e5043cf004157b370dae7dc0,3667543889
2026-03-22T05:08:36.905518+00:00,Operator A,Concealed_5g,5g,ANON_5G_CON_IMSI_A0_03a6d81a93d14f7f87a7ca43f8a37fc32f9945dd241c7ee5190b463fa1277b42d479e5043cf004157b370dae7dc0,3667543889
2026-03-22T05:25:03.859570+00:00,Operator A,Concealed_5g,5g,ANON_5G_CON_IMSI_A0_0397d66a75361ce526a7a279e4f538be05a77a334404d7d8e3513fa4714af7f7bea2ec14bd2ba700a5c02502578c,3668002793
2026-03-22T05:30:06.602980+00:00,Operator A,Concealed_5g,5g,ANON_5G_CON_IMSI_A0_0337bc4d854d008bf4b747b70efbd02fb64a33e9c718527e4361d49539b8bba888f55f14a65431a7ceb5ded0c308,3668068302
2026-03-22T05:30:16.822969+00:00,Operator A,Concealed_5g,5g,ANON_5G_CON_IMSI_A0_0337bc4d854d008bf4b747b70efbd02fb64a33e9c718527e4361d49539b8bba888f55f14a65431a7ceb5ded0c308,3668068302
2026-03-22T05:30:27.002972+00:00,Operator A,Concealed_5g,5g,ANON_5G_CON_IMSI_A0_0337bc4d854d008bf4b747b70efbd02fb64a33e9c718527e4361d49539b8bba888f55f14a65431a7ceb5ded0c308,3668068302
2026-03-22T05:30:37.187961+00:00,Operator A,Concealed_5g,5g,ANON_5G_CON_IMSI_A0_0337bc4d854d008bf4b747b70efbd02fb64a33e9c718527e4361d49539b8bba888f55f14a65431a7ceb5ded0c308,3668068302
2026-03-22T05:45:15.058614+00:00,Operator A,Concealed_5g,5g,ANON_5G_CON_IMSI_A0_031ae2ec750653155b5959080a481a25434c099702094335f39eaa03e7f66186796bf7b394c6a5e7c8074cb53868,3668526927
2026-03-22T05:45:25.278589+00:00,Operator A,Concealed_5g,5g,ANON_5G_CON_IMSI_A0_031ae2ec750653155b5959080a481a25434c099702094335f39eaa03e7f66186796bf7b394c6a5e7c8074cb53868,3668526927
2026-03-22T05:45:35.478517+00:00,Operator A,Concealed_5g,5g,ANON_5G_CON_IMSI_A0_031ae2ec750653155b5959080a481a25434c099702094335f39eaa03e7f66186796bf7b394c6a5e7c8074cb53868,3668526927
2026-03-22T05:45:45.663522+00:00,Operator A,Concealed_5g,5g,ANON_5G_CON_IMSI_A0_031ae2ec750653155b5959080a481a25434c099702094335f39eaa03e7f66186796bf7b394c6a5e7c8074cb53868,3668526927
2026-03-22T05:45:55.863538+00:00,Operator A,Concealed_5g,5g,ANON_5G_CON_IMSI_A0_031ae2ec750653155b5959080a481a25434c099702094335f39eaa03e7f66186796bf7b394c6a5e7c8074cb53868,3668526927
2026-03-22T06:02:26.750673+00:00,Operator A,Concealed_5g,5g,ANON_5G_CON_IMSI_A0_038f6921416e329af712f68f4614cc3bfa47564297458d6cb558459f0c3f931a071814351a96b1b8414c93034bd1,3668854726
2026-03-22T06:07:29.641428+00:00,Operator A,Concealed_5g,5g,ANON_5G_CON_IMSI_A0_03f1b5dc2d4e1ff9e27fe1dd91e3cc3762a2ad3064276b7a9b3f602d75a9126d93ea684a0a7a8a9446ed484f3106,3668985726
2026-03-22T06:07:39.841275+00:00,Operator A,Concealed_5g,5g,ANON_5G_CON_IMSI_A0_03f1b5dc2d4e1ff9e27fe1dd91e3cc3762a2ad3064276b7a9b3f602d75a9126d93ea684a0a7a8a9446ed484f3106,3668985726
2026-03-22T06:07:50.021263+00:00,Operator A,Concealed_5g,5g,ANON_5G_CON_IMSI_A0_03f1b5dc2d4e1ff9e27fe1dd91e3cc3762a2ad3064276b7a9b3f602d75a9126d93ea684a0a7a8a9446ed484f3106,3668985726
2026-03-22T06:12:38.860456+00:00,Operator A,Concealed_5g,5g,ANON_5G_CON_IMSI_A0_032e0e4e9827405d829bfe425b12f224a7cd5840354b3a70c715fde3a0f1252b56e4ac0bab4a221c0c981d218022,3669182309
2026-03-22T06:12:49.060366+00:00,Operator A,Concealed_5g,5g,ANON_5G_CON_IMSI_A0_032e0e4e9827405d829bfe425b12f224a7cd5840354b3a70c715fde3a0f1252b56e4ac0bab4a221c0c981d218022,3669182309
2026-03-22T06:12:59.240251+00:00,Operator A,Concealed_5g,5g,ANON_5G_CON_IMSI_A0_032e0e4e9827405d829bfe425b12f224a7cd5840354b3a70c715fde3a0f1252b56e4ac0bab4a221c0c981d218022,3669182309
2026-03-22T06:13:09.445307+00:00,Operator A,Concealed_5g,5g,ANON_5G_CON_IMSI_A0_032e0e4e9827405d829bfe425b12f224a7cd5840354b3a70c715fde3a0f1252b56e4ac0bab4a221c0c981d218022,3669182309
2026-03-22T06:13:19.645309+00:00,Operator A,Concealed_5g,5g,ANON_5G_CON_IMSI_A0_032e0e4e9827405d829bfe425b12f224a7cd5840354b3a70c715fde3a0f1252b56e4ac0bab4a221c0c981d218022,3669182309
2026-03-22T06:29:47.335632+00:00,Operator A,Concealed_5g,5g,ANON_5G_CON_IMSI_A0_03127668196b94923bbebb64259415159c187587e35b87b2a1a78806109ce06bfc935a9853b91d47dd07dd02fa8c,3669575492
2026-03-22T06:40:23.453428+00:00,Operator A,Concealed_5g,5g,ANON_5G_CON_IMSI_A0_03b7b4b827478810157cb7a1dd6b472959366decb1cf3d13933450a2f34ec4a81a34ff306b79c0093b96c87fd321,3669903207
2026-03-22T06:40:33.673329+00:00,Operator A,Concealed_5g,5g,ANON_5G_CON_IMSI_A0_03b7b4b827478810157cb7a1dd6b472959366decb1cf3d13933450a2f34ec4a81a34ff306b79c0093b96c87fd321,3669903207
2026-03-22T06:40:43.873323+00:00,Operator A,Concealed_5g,5g,ANON_5G_CON_IMSI_A0_03b7b4b827478810157cb7a1dd6b472959366decb1cf3d13933450a2f34ec4a81a34ff306b79c0093b96c87fd321,3669903207
2026-03-22T06:51:26.449550+00:00,Operator A,Concealed_5g,5g,ANON_5G_CON_IMSI_A0_03b362eba8b07e381b211c5ca52afce751d3c3429e7c51837fd93dfebf9fa254ecceab07593615735221adea098a,3670099904
2026-03-22T06:51:36.669332+00:00,Operator A,Concealed_5g,5g,ANON_5G_CON_IMSI_A0_03b362eba8b07e381b211c5ca52afce751d3c3429e7c51837fd93dfebf9fa254ecceab07593615735221adea098a,3670099904
2026-03-22T06:51:46.869361+00:00,Operator A,Concealed_5g,5g,ANON_5G_CON_IMSI_A0_03b362eba8b07e381b211c5ca52afce751d3c3429e7c51837fd93dfebf9fa254ecceab07593615735221adea098a,3670099904
2026-03-22T06:57:01.757528+00:00,Operator A,Concealed_5g,5g,ANON_5G_CON_IMSI_A0_0317f07e7545ab4369980aa9382cbef864e125eb3e305502310b7449919fffbb2c1f5c8ee87bee24643fa3f5a9ed,3670165364
2026-03-22T06:57:11.977360+00:00,Operator A,Concealed_5g,5g,ANON_5G_CON_IMSI_A0_0317f07e7545ab4369980aa9382cbef864e125eb3e305502310b7449919fffbb2c1f5c8ee87bee24643fa3f5a9ed,3670165364
2026-03-22T07:07:52.449681+00:00,Operator A,Concealed_5g,5g,ANON_5G_CON_IMSI_A0_039844b66af212bff8167ba8ea3e52bc759fd85e85883656afd5b530d85be6bc95fbcce88e93e8e06c9238da5458,3670427624
2026-03-22T07:08:02.649619+00:00,Operator A,Concealed_5g,5g,ANON_5G_CON_IMSI_A0_039844b66af212bff8167ba8ea3e52bc759fd85e85883656afd5b530d85be6bc95fbcce88e93e8e06c9238da5458,3670427624
2026-03-22T07:08:12.829646+00:00,Operator A,Concealed_5g,5g,ANON_5G_CON_IMSI_A0_039844b66af212bff8167ba8ea3e52bc759fd85e85883656afd5b530d85be6bc95fbcce88e93e8e06c9238da5458,3670427624
2026-03-22T07:12:55.767836+00:00,Operator A,Concealed_5g,5g,ANON_5G_CON_IMSI_A0_03b5de6a85a263a15b0b4429efd7aa92e9eff3f96c35eb3e8a1e20ee452c7ecad7c115ece122e05a1005fe4b7269,3670493049
2026-03-22T07:13:05.987588+00:00,Operator A,Concealed_5g,5g,ANON_5G_CON_IMSI_A0_03b5de6a85a263a15b0b4429efd7aa92e9eff3f96c35eb3e8a1e20ee452c7ecad7c115ece122e05a1005fe4b7269,3670493049
2026-03-22T07:13:16.187679+00:00,Operator A,Concealed_5g,5g,ANON_5G_CON_IMSI_A0_03b5de6a85a263a15b0b4429efd7aa92e9eff3f96c35eb3e8a1e20ee452c7ecad7c115ece122e05a1005fe4b7269,3670493049
2026-03-22T07:13:26.392727+00:00,Operator A,Concealed_5g,5g,ANON_5G_CON_IMSI_A0_03b5de6a85a263a15b0b4429efd7aa92e9eff3f96c35eb3e8a1e20ee452c7ecad7c115ece122e05a1005fe4b7269,3670493049
2026-03-22T07:13:36.572602+00:00,Operator A,Concealed_5g,5g,ANON_5G_CON_IMSI_A0_03b5de6a85a263a15b0b4429efd7aa92e9eff3f96c35eb3e8a1e20ee452c7ecad7c115ece122e05a1005fe4b7269,3670493049
2026-03-22T07:30:07.154020+00:00,Operator A,Concealed_5g,5g,ANON_5G_CON_IMSI_A0_035e44c68abf92fae07f48a8ece3360df47810ff1a18649c6daa977f5091d6a2be8d1870a93163946c7dc1e011a5,3670886399
2026-03-22T07:35:10.782275+00:00,Operator A,Concealed_5g,5g,ANON_5G_CON_IMSI_A0_032b25c99855bae20dce5b14a7285e52b29263daa8ed6ea2035daadb2789ba1b175cd1c8470a7478c4aff7e7ec4a,3671017336
2026-03-22T07:35:21.002228+00:00,Operator A,Concealed_5g,5g,ANON_5G_CON_IMSI_A0_032b25c99855bae20dce5b14a7285e52b29263daa8ed6ea2035daadb2789ba1b175cd1c8470a7478c4aff7e7ec4a,3671017336
2026-03-22T07:35:31.182181+00:00,Operator A,Concealed_5g,5g,ANON_5G_CON_IMSI_A0_032b25c99855bae20dce5b14a7285e52b29263daa8ed6ea2035daadb2789ba1b175cd1c8470a7478c4aff7e7ec4a,3671017336
2026-03-22T07:46:21.556431+00:00,Operator A,Concealed_5g,5g,ANON_5G_CON_IMSI_A0_038c2e088b609227032f70296210855e9e5f1b4f81ec4d00e034c533a9f06149156eb84369051a4e25e22f3be1e8,3671214044
2026-03-22T07:46:31.756308+00:00,Operator A,Concealed_5g,5g,ANON_5G_CON_IMSI_A0_038c2e088b609227032f70296210855e9e5f1b4f81ec4d00e034c533a9f06149156eb84369051a4e25e22f3be1e8,3671214044
2026-03-22T07:51:20.471607+00:00,Operator A,Concealed_5g,5g,ANON_5G_CON_IMSI_A0_03920783a4fb7152b54f129b0cdf7fce7125ae74b07e945d563f4e78f0a049c9eb8eae013bad05063edb46da7dd8,3671541571
2026-03-22T07:51:30.691530+00:00,Operator A,Concealed_5g,5g,ANON_5G_CON_IMSI_A0_03920783a4fb7152b54f129b0cdf7fce7125ae74b07e945d563f4e78f0a049c9eb8eae013bad05063edb46da7dd8,3671541571
2026-03-22T07:51:40.891421+00:00,Operator A,Concealed_5g,5g,ANON_5G_CON_IMSI_A0_03920783a4fb7152b54f129b0cdf7fce7125ae74b07e945d563f4e78f0a049c9eb8eae013bad05063edb46da7dd8,3671541571
2026-03-22T07:51:51.076561+00:00,Operator A,Concealed_5g,5g,ANON_5G_CON_IMSI_A0_03920783a4fb7152b54f129b0cdf7fce7125ae74b07e945d563f4e78f0a049c9eb8eae013bad05063edb46da7dd8,3671541571
2026-03-22T07:52:01.296643+00:00,Operator A,Concealed_5g,5g,ANON_5G_CON_IMSI_A0_03920783a4fb7152b54f129b0cdf7fce7125ae74b07e945d563f4e78f0a049c9eb8eae013bad05063edb46da7dd8,3671541571
2026-03-22T08:13:37.227456+00:00,Operator A,Concealed_5g,5g,ANON_5G_CON_IMSI_A0_03ab9161a3244a9a80564846f4155000b98dd80c5cd6237390b396ac787010e2c03321d8935fc5696c1be1e50764,3672131435
2026-03-22T08:13:47.427338+00:00,Operator A,Concealed_5g,5g,ANON_5G_CON_IMSI_A0_03ab9161a3244a9a80564846f4155000b98dd80c5cd6237390b396ac787010e2c03321d8935fc5696c1be1e50764,3672131435
2026-03-22T08:13:57.627249+00:00,Operator A,Concealed_5g,5g,ANON_5G_CON_IMSI_A0_03ab9161a3244a9a80564846f4155000b98dd80c5cd6237390b396ac787010e2c03321d8935fc5696c1be1e50764,3672131435
2026-03-22T08:18:42.235016+00:00,Operator A,Concealed_5g,5g,ANON_5G_CON_IMSI_A0_03030a87c4909cd26d327fcac75fa3f99198abea330c7c5e0b06f6266431d191626d717b7f0a9bbfa39cf6efbd11,3672262619
2026-03-22T08:18:52.455024+00:00,Operator A,Concealed_5g,5g,ANON_5G_CON_IMSI_A0_03030a87c4909cd26d327fcac75fa3f99198abea330c7c5e0b06f6266431d191626d717b7f0a9bbfa39cf6efbd11,3672262619
2026-03-22T08:19:02.634937+00:00,Operator A,Concealed_5g,5g,ANON_5G_CON_IMSI_A0_03030a87c4909cd26d327fcac75fa3f99198abea330c7c5e0b06f6266431d191626d717b7f0a9bbfa39cf6efbd11,3672262619
2026-03-22T08:19:12.839945+00:00,Operator A,Concealed_5g,5g,ANON_5G_CON_IMSI_A0_03030a87c4909cd26d327fcac75fa3f99198abea330c7c5e0b06f6266431d191626d717b7f0a9bbfa39cf6efbd11,3672262619
2026-03-22T08:19:23.040020+00:00,Operator A,Concealed_5g,5g,ANON_5G_CON_IMSI_A0_03030a87c4909cd26d327fcac75fa3f99198abea330c7c5e0b06f6266431d191626d717b7f0a9bbfa39cf6efbd11,3672262619
2026-03-22T08:35:52.005456+00:00,Operator A,Concealed_5g,5g,ANON_5G_CON_IMSI_A0_03c55768f81c582c47b93959b8da529a410e1b7cf7f37d8a0d200de65e3b0a52ef9157001bf4b76e3f4d3a6b9d27,3672983549
2026-03-22T08:40:55.994663+00:00,Operator A,Concealed_5g,5g,ANON_5G_CON_IMSI_A0_03be7801cb3a6e93ed4036b4034e252f5f5b85e08d65c7e70f8d92f38c92ed701ae28a77ce572d92e1f45c7f446f,3673180150
2026-03-22T08:41:06.234662+00:00,Operator A,Concealed_5g,5g,ANON_5G_CON_IMSI_A0_03be7801cb3a6e93ed4036b4034e252f5f5b85e08d65c7e70f8d92f38c92ed701ae28a77ce572d92e1f45c7f446f,3673180150
2026-03-22T08:41:16.434579+00:00,Operator A,Concealed_5g,5g,ANON_5G_CON_IMSI_A0_03be7801cb3a6e93ed4036b4034e252f5f5b85e08d65c7e70f8d92f38c92ed701ae28a77ce572d92e1f45c7f446f,3673180150
2026-03-22T08:52:04.560008+00:00,Operator A,Concealed_5g,5g,ANON_5G_CON_IMSI_A0_03451a0d1983acc972cdb64b434f93d6005748ec44a8f4ae53491d7de684fab84fd16deca87e16986e5e18f41cd9,3673245663
2026-03-22T08:52:14.779891+00:00,Operator A,Concealed_5g,5g,ANON_5G_CON_IMSI_A0_03451a0d1983acc972cdb64b434f93d6005748ec44a8f4ae53491d7de684fab84fd16deca87e16986e5e18f41cd9,3673245663
2026-03-22T08:57:10.092632+00:00,Operator A,Concealed_5g,5g,ANON_5G_CON_IMSI_A0_03436b861a7202d1c705da012c7cca91b0661f0dbd0c483fbecf4f40030534e628fb7e659271289a8cae9c913dff,3673704257
2026-03-22T08:57:20.312572+00:00,Operator A,Concealed_5g,5g,ANON_5G_CON_IMSI_A0_03436b861a7202d1c705da012c7cca91b0661f0dbd0c483fbecf4f40030534e628fb7e659271289a8cae9c913dff,3673704257
2026-03-22T08:57:30.532491+00:00,Operator A,Concealed_5g,5g,ANON_5G_CON_IMSI_A0_03436b861a7202d1c705da012c7cca91b0661f0dbd0c483fbecf4f40030534e628fb7e659271289a8cae9c913dff,3673704257
2026-03-22T08:57:40.737552+00:00,Operator A,Concealed_5g,5g,ANON_5G_CON_IMSI_A0_03436b861a7202d1c705da012c7cca91b0661f0dbd0c483fbecf4f40030534e628fb7e659271289a8cae9c913dff,3673704257
2026-03-22T09:19:43.667302+00:00,Operator A,Concealed_5g,5g,ANON_5G_CON_IMSI_A0_03ce495a8a411bc1a14a65ca96bacfa63b551445c77d5edee21a53f7f8e27987e62f1d2c74a823269f64e7975c1c,3674490719
2026-03-22T09:24:34.505917+00:00,Operator A,Concealed_5g,5g,ANON_5G_CON_IMSI_A0_03dbb4de6850859569488fb607408a3ee2221d3ec23e5cc958d8838150201ed56513d3730483fcfe40f5e23c1494,3674752889
2026-03-22T09:24:44.725953+00:00,Operator A,Concealed_5g,5g,ANON_5G_CON_IMSI_A0_03dbb4de6850859569488fb607408a3ee2221d3ec23e5cc958d8838150201ed56513d3730483fcfe40f5e23c1494,3674752889
2026-03-22T09:24:54.905868+00:00,Operator A,Concealed_5g,5g,ANON_5G_CON_IMSI_A0_03dbb4de6850859569488fb607408a3ee2221d3ec23e5cc958d8838150201ed56513d3730483fcfe40f5e23c1494,3674752889
2026-03-22T09:25:05.111015+00:00,Operator A,Concealed_5g,5g,ANON_5G_CON_IMSI_A0_03dbb4de6850859569488fb607408a3ee2221d3ec23e5cc958d8838150201ed56513d3730483fcfe40f5e23c1494,3674752889
2026-03-22T09:46:54.332800+00:00,Operator A,Concealed_5g,5g,ANON_5G_CON_IMSI_A0_03a641c87cfc8f97b61584320db867ce8890a7bd93b550c2474fded9c6f735a474d94f025e0b32482820eeaa939f,3675735898
2026-03-22T09:47:04.572822+00:00,Operator A,Concealed_5g,5g,ANON_5G_CON_IMSI_A0_03a641c87cfc8f97b61584320db867ce8890a7bd93b550c2474fded9c6f735a474d94f025e0b32482820eeaa939f,3675735898
2026-03-22T09:51:58.537420+00:00,Operator A,Concealed_5g,5g,ANON_5G_CON_IMSI_A0_03a32b29625bf4abbb5374695b9916f0aa3470a38521158c9b0bf331dc9b59bfc1b64fad08558090746bfba97789,3675867075
2026-03-22T09:52:08.757349+00:00,Operator A,Concealed_5g,5g,ANON_5G_CON_IMSI_A0_03a32b29625bf4abbb5374695b9916f0aa3470a38521158c9b0bf331dc9b59bfc1b64fad08558090746bfba97789,3675867075
2026-03-22T09:52:18.937306+00:00,Operator A,Concealed_5g,5g,ANON_5G_CON_IMSI_A0_03a32b29625bf4abbb5374695b9916f0aa3470a38521158c9b0bf331dc9b59bfc1b64fad08558090746bfba97789,3675867075
2026-03-22T09:52:29.142285+00:00,Operator A,Concealed_5g,5g,ANON_5G_CON_IMSI_A0_03a32b29625bf4abbb5374695b9916f0aa3470a38521158c9b0bf331dc9b59bfc1b64fad08558090746bfba97789,3675867075
2026-03-22T10:13:28.937542+00:00,Operator A,Concealed_5g,5g,ANON_5G_CON_IMSI_A0_03b95320d24de7edac8124c454d7d53ad60d50fadf4531c972e37dc816fcaeb5c1664c83191acba2be6b7fd84ec4,3676456820
2026-03-22T10:13:39.137526+00:00,Operator A,Concealed_5g,5g,ANON_5G_CON_IMSI_A0_03b95320d24de7edac8124c454d7d53ad60d50fadf4531c972e37dc816fcaeb5c1664c83191acba2be6b7fd84ec4,3676456820
2026-03-22T10:18:33.928173+00:00,Operator A,Concealed_5g,5g,ANON_5G_CON_IMSI_A0_0382f40562db82652a75d1336fe287ec57563c957a1962d5d7f900949158cee5ac30c409d63ca612931c195b4284,3676850136
2026-03-22T10:18:44.168044+00:00,Operator A,Concealed_5g,5g,ANON_5G_CON_IMSI_A0_0382f40562db82652a75d1336fe287ec57563c957a1962d5d7f900949158cee5ac30c409d63ca612931c195b4284,3676850136
2026-03-22T10:18:54.368087+00:00,Operator A,Concealed_5g,5g,ANON_5G_CON_IMSI_A0_0382f40562db82652a75d1336fe287ec57563c957a1962d5d7f900949158cee5ac30c409d63ca612931c195b4284,3676850136
2026-03-22T10:19:04.573044+00:00,Operator A,Concealed_5g,5g,ANON_5G_CON_IMSI_A0_0382f40562db82652a75d1336fe287ec57563c957a1962d5d7f900949158cee5ac30c409d63ca612931c195b4284,3676850136
2026-03-22T10:20:43.641121+00:00,Operator A,S23,4g,ANON_IMSI_A2,3714664316
2026-03-22T10:21:08.645109+00:00,Operator A,S23,4g,ANON_IMSI_A2,3714664316
2026-03-22T10:40:24.821367+00:00,Operator A,Concealed_5g,5g,ANON_5G_CON_IMSI_A0_0395a264b17de201180e1fb56dbbab94169550c29b79fc8e5a64d8081f79ed5adb9d84587157c526c76fea5c5e6f,3677701963
2026-03-22T10:40:35.041369+00:00,Operator A,Concealed_5g,5g,ANON_5G_CON_IMSI_A0_0395a264b17de201180e1fb56dbbab94169550c29b79fc8e5a64d8081f79ed5adb9d84587157c526c76fea5c5e6f,3677701963
2026-03-22T10:40:45.241416+00:00,Operator A,Concealed_5g,5g,ANON_5G_CON_IMSI_A0_0395a264b17de201180e1fb56dbbab94169550c29b79fc8e5a64d8081f79ed5adb9d84587157c526c76fea5c5e6f,3677701963
2026-03-22T10:40:55.426382+00:00,Operator A,Concealed_5g,5g,ANON_5G_CON_IMSI_A0_0395a264b17de201180e1fb56dbbab94169550c29b79fc8e5a64d8081f79ed5adb9d84587157c526c76fea5c5e6f,3677701963
2026-03-22T11:35:04.846352+00:00,Operator A,Concealed_5g,5g,ANON_5G_CON_IMSI_A0_034c3a8c37bb8699b844f70e4f8ba8e23911333ac86ab1703763ef08afe374011555fb3f34aad05a592afd413c08,3680323562
2026-03-22T11:35:15.046435+00:00,Operator A,Concealed_5g,5g,ANON_5G_CON_IMSI_A0_034c3a8c37bb8699b844f70e4f8ba8e23911333ac86ab1703763ef08afe374011555fb3f34aad05a592afd413c08,3680323562
2026-03-22T11:35:25.266372+00:00,Operator A,Concealed_5g,5g,ANON_5G_CON_IMSI_A0_034c3a8c37bb8699b844f70e4f8ba8e23911333ac86ab1703763ef08afe374011555fb3f34aad05a592afd413c08,3680323562
2026-03-22T11:35:35.471298+00:00,Operator A,Concealed_5g,5g,ANON_5G_CON_IMSI_A0_034c3a8c37bb8699b844f70e4f8ba8e23911333ac86ab1703763ef08afe374011555fb3f34aad05a592afd413c08,3680323562
2026-03-22T11:35:45.671375+00:00,Operator A,Concealed_5g,5g,ANON_5G_CON_IMSI_A0_034c3a8c37bb8699b844f70e4f8ba8e23911333ac86ab1703763ef08afe374011555fb3f34aad05a592afd413c08,3680323562
2026-03-22T11:43:18.802107+00:00,Operator A,S23,4g,ANON_IMSI_A2,3717351389
2026-03-22T11:51:45.767321+00:00,Operator A,Concealed_5g,5g,ANON_5G_CON_IMSI_A0_03f2a4bc95c9d43032671160b8a0ff21dd487bb69d47fc117775d304ca3bd6691f654ece7f542e6202cd15a387a6,3681109838
2026-03-22T11:51:56.007270+00:00,Operator A,Concealed_5g,5g,ANON_5G_CON_IMSI_A0_03f2a4bc95c9d43032671160b8a0ff21dd487bb69d47fc117775d304ca3bd6691f654ece7f542e6202cd15a387a6,3681109838
2026-03-22T11:52:06.227198+00:00,Operator A,Concealed_5g,5g,ANON_5G_CON_IMSI_A0_03f2a4bc95c9d43032671160b8a0ff21dd487bb69d47fc117775d304ca3bd6691f654ece7f542e6202cd15a387a6,3681109838
2026-03-22T12:02:58.644847+00:00,Operator A,Concealed_5g,5g,ANON_5G_CON_IMSI_A0_034e949a9e5c909f325176be8eed955d8fe09dd014a39c7c1c995e125e8855b302fa0146d3c94c34648db3d0be1e,3681437668
2026-03-22T12:03:08.844885+00:00,Operator A,Concealed_5g,5g,ANON_5G_CON_IMSI_A0_034e949a9e5c909f325176be8eed955d8fe09dd014a39c7c1c995e125e8855b302fa0146d3c94c34648db3d0be1e,3681437668
2026-03-22T12:08:05.398003+00:00,Operator A,Concealed_5g,5g,ANON_5G_CON_IMSI_A0_03a7a49383475aefd4804d847a66a632a30153cb72beff34b1a40907655a4759cd5e1c3064f7e985e3e3f0eb8770,3681634295
2026-03-22T12:08:15.597991+00:00,Operator A,Concealed_5g,5g,ANON_5G_CON_IMSI_A0_03a7a49383475aefd4804d847a66a632a30153cb72beff34b1a40907655a4759cd5e1c3064f7e985e3e3f0eb8770,3681634295
2026-03-22T12:08:25.778078+00:00,Operator A,Concealed_5g,5g,ANON_5G_CON_IMSI_A0_03a7a49383475aefd4804d847a66a632a30153cb72beff34b1a40907655a4759cd5e1c3064f7e985e3e3f0eb8770,3681634295
2026-03-22T12:08:36.002965+00:00,Operator A,Concealed_5g,5g,ANON_5G_CON_IMSI_A0_03a7a49383475aefd4804d847a66a632a30153cb72beff34b1a40907655a4759cd5e1c3064f7e985e3e3f0eb8770,3681634295
2026-03-22T12:30:33.756115+00:00,Operator A,Concealed_5g,5g,ANON_5G_CON_IMSI_A0_03e3b793af95633a3ce0f5fa462d9ab841eadb1bab9f9fca382a6a80456d5a80db0f5483e13335e7ed5dfa3d7271,3682486248
2026-03-22T12:35:57.891512+00:00,Operator A,Concealed_5g,5g,ANON_5G_CON_IMSI_A0_0377591ad7ae906aaea20ea91a4bcacbbe679a8d7d509a773acaa093cac37897938660a22c144b0ac1c8932a9dc9,3683010374
2026-03-22T12:41:02.073580+00:00,Operator A,Concealed_5g,5g,ANON_5G_CON_IMSI_A0_03c6375dd563525729dd437cd6986408d4b47b14f91c931aca17bfbe737a9bddfd7d43c5eb7bb31dbadbbb2cc4c4,3544193089
2026-03-22T12:41:12.253386+00:00,Operator A,Concealed_5g,5g,ANON_5G_CON_IMSI_A0_03c6375dd563525729dd437cd6986408d4b47b14f91c931aca17bfbe737a9bddfd7d43c5eb7bb31dbadbbb2cc4c4,3544193089
2026-03-22T12:41:22.413465+00:00,Operator A,Concealed_5g,5g,ANON_5G_CON_IMSI_A0_03c6375dd563525729dd437cd6986408d4b47b14f91c931aca17bfbe737a9bddfd7d43c5eb7bb31dbadbbb2cc4c4,3544193089
2026-03-22T12:41:32.578440+00:00,Operator A,Concealed_5g,5g,ANON_5G_CON_IMSI_A0_03c6375dd563525729dd437cd6986408d4b47b14f91c931aca17bfbe737a9bddfd7d43c5eb7bb31dbadbbb2cc4c4,3544193089
2026-03-22T12:46:51.425573+00:00,Operator A,Concealed_5g,5g,ANON_5G_CON_IMSI_A0_0393cc75177862ba7b2cd4bd07bb7eb447931e148a2b787d0ef773e35caf5d2292946fb8dc4134383f4b8725c153,3683665766
2026-03-22T12:47:01.645495+00:00,Operator A,Concealed_5g,5g,ANON_5G_CON_IMSI_A0_0393cc75177862ba7b2cd4bd07bb7eb447931e148a2b787d0ef773e35caf5d2292946fb8dc4134383f4b8725c153,3683665766
2026-03-22T12:51:58.666819+00:00,Operator A,Concealed_5g,5g,ANON_5G_CON_IMSI_A0_0378f446fe1d49c373635055c83f587eefaa65d5588e8183227f3a4d7901a9b9cf3d77ce64dda8580411ccf79059,3544651984
2026-03-22T12:52:08.826810+00:00,Operator A,Concealed_5g,5g,ANON_5G_CON_IMSI_A0_0378f446fe1d49c373635055c83f587eefaa65d5588e8183227f3a4d7901a9b9cf3d77ce64dda8580411ccf79059,3544651984
2026-03-22T12:52:19.006928+00:00,Operator A,Concealed_5g,5g,ANON_5G_CON_IMSI_A0_0378f446fe1d49c373635055c83f587eefaa65d5588e8183227f3a4d7901a9b9cf3d77ce64dda8580411ccf79059,3544651984
2026-03-22T12:52:29.172052+00:00,Operator A,Concealed_5g,5g,ANON_5G_CON_IMSI_A0_0378f446fe1d49c373635055c83f587eefaa65d5588e8183227f3a4d7901a9b9cf3d77ce64dda8580411ccf79059,3544651984
2026-03-22T13:08:15.108960+00:00,Operator A,Concealed_5g,5g,ANON_5G_CON_IMSI_A0_039219655a104928575f763dfada0b0023a92877ad8b34e9ad4395c16690bb8d5b2a56490fabc9f431bf3e0b5ea5,3684583384
2026-03-22T13:08:25.348852+00:00,Operator A,Concealed_5g,5g,ANON_5G_CON_IMSI_A0_039219655a104928575f763dfada0b0023a92877ad8b34e9ad4395c16690bb8d5b2a56490fabc9f431bf3e0b5ea5,3684583384
2026-03-22T13:08:35.548878+00:00,Operator A,Concealed_5g,5g,ANON_5G_CON_IMSI_A0_039219655a104928575f763dfada0b0023a92877ad8b34e9ad4395c16690bb8d5b2a56490fabc9f431bf3e0b5ea5,3684583384
2026-03-22T13:08:45.753912+00:00,Operator A,Concealed_5g,5g,ANON_5G_CON_IMSI_A0_039219655a104928575f763dfada0b0023a92877ad8b34e9ad4395c16690bb8d5b2a56490fabc9f431bf3e0b5ea5,3684583384
2026-03-22T13:08:55.953931+00:00,Operator A,Concealed_5g,5g,ANON_5G_CON_IMSI_A0_039219655a104928575f763dfada0b0023a92877ad8b34e9ad4395c16690bb8d5b2a56490fabc9f431bf3e0b5ea5,3684583384
2026-03-22T13:35:37.970448+00:00,Operator A,Concealed_5g,5g,ANON_5G_CON_IMSI_A0_0365abee87579a2f440a952630db0fcb205d1f1e885258269910acc62a9a37048e326458c50fb756ecd8daa2d18d,3685566275
2026-03-22T13:35:48.210261+00:00,Operator A,Concealed_5g,5g,ANON_5G_CON_IMSI_A0_0365abee87579a2f440a952630db0fcb205d1f1e885258269910acc62a9a37048e326458c50fb756ecd8daa2d18d,3685566275
2026-03-22T13:35:58.390328+00:00,Operator A,Concealed_5g,5g,ANON_5G_CON_IMSI_A0_0365abee87579a2f440a952630db0fcb205d1f1e885258269910acc62a9a37048e326458c50fb756ecd8daa2d18d,3685566275
2026-03-22T13:36:08.595179+00:00,Operator A,Concealed_5g,5g,ANON_5G_CON_IMSI_A0_0365abee87579a2f440a952630db0fcb205d1f1e885258269910acc62a9a37048e326458c50fb756ecd8daa2d18d,3685566275
2026-03-22T13:36:18.795330+00:00,Operator A,Concealed_5g,5g,ANON_5G_CON_IMSI_A0_0365abee87579a2f440a952630db0fcb205d1f1e885258269910acc62a9a37048e326458c50fb756ecd8daa2d18d,3685566275
2026-03-22T13:51:56.010502+00:00,Operator A,Concealed_5g,5g,ANON_5G_CON_IMSI_A0_0355214c18575fb51a8758b7a79822a2e443427d142581c9f0a372c9badc78a5803c879b5b40b1823c92339c0ecc,3686221648
2026-03-22T13:52:06.230437+00:00,Operator A,Concealed_5g,5g,ANON_5G_CON_IMSI_A0_0355214c18575fb51a8758b7a79822a2e443427d142581c9f0a372c9badc78a5803c879b5b40b1823c92339c0ecc,3686221648
2026-03-22T13:52:16.410415+00:00,Operator A,Concealed_5g,5g,ANON_5G_CON_IMSI_A0_0355214c18575fb51a8758b7a79822a2e443427d142581c9f0a372c9badc78a5803c879b5b40b1823c92339c0ecc,3686221648
2026-03-22T13:52:26.615449+00:00,Operator A,Concealed_5g,5g,ANON_5G_CON_IMSI_A0_0355214c18575fb51a8758b7a79822a2e443427d142581c9f0a372c9badc78a5803c879b5b40b1823c92339c0ecc,3686221648
2026-03-22T13:52:36.815446+00:00,Operator A,Concealed_5g,5g,ANON_5G_CON_IMSI_A0_0355214c18575fb51a8758b7a79822a2e443427d142581c9f0a372c9badc78a5803c879b5b40b1823c92339c0ecc,3686221648
2026-03-22T14:09:02.060896+00:00,Operator A,Concealed_5g,5g,ANON_5G_CON_IMSI_A0_03d9b44b567b9ed05c11c39f465d0b7a61fd7c04bcab0c666df479ce6ff98819bd74a8ef8db9509d134e7bd5e6c9,3686811517
2026-03-22T14:09:12.300833+00:00,Operator A,Concealed_5g,5g,ANON_5G_CON_IMSI_A0_03d9b44b567b9ed05c11c39f465d0b7a61fd7c04bcab0c666df479ce6ff98819bd74a8ef8db9509d134e7bd5e6c9,3686811517
2026-03-22T14:14:05.238801+00:00,Operator A,Concealed_5g,5g,ANON_5G_CON_IMSI_A0_03e9229fb88b0d2541ef77fcdbdca676051ebc858f44dd34868089a0b885e1194684e7578c7c776092404b4b5027,3686877151
2026-03-22T14:14:15.478908+00:00,Operator A,Concealed_5g,5g,ANON_5G_CON_IMSI_A0_03e9229fb88b0d2541ef77fcdbdca676051ebc858f44dd34868089a0b885e1194684e7578c7c776092404b4b5027,3686877151
2026-03-22T14:14:25.678933+00:00,Operator A,Concealed_5g,5g,ANON_5G_CON_IMSI_A0_03e9229fb88b0d2541ef77fcdbdca676051ebc858f44dd34868089a0b885e1194684e7578c7c776092404b4b5027,3686877151
2026-03-22T14:14:35.883820+00:00,Operator A,Concealed_5g,5g,ANON_5G_CON_IMSI_A0_03e9229fb88b0d2541ef77fcdbdca676051ebc858f44dd34868089a0b885e1194684e7578c7c776092404b4b5027,3686877151
2026-03-22T14:30:32.312131+00:00,Operator A,Concealed_5g,5g,ANON_5G_CON_IMSI_A0_03b8d55b4e9291c01bbd83e591b5b0ecb6bad925c6b86dcbc32d136d32e8895dcb4b31d0732e00e3fd5456175f1f,3687532372
2026-03-22T14:30:42.552132+00:00,Operator A,Concealed_5g,5g,ANON_5G_CON_IMSI_A0_03b8d55b4e9291c01bbd83e591b5b0ecb6bad925c6b86dcbc32d136d32e8895dcb4b31d0732e00e3fd5456175f1f,3687532372
2026-03-22T14:30:52.752147+00:00,Operator A,Concealed_5g,5g,ANON_5G_CON_IMSI_A0_03b8d55b4e9291c01bbd83e591b5b0ecb6bad925c6b86dcbc32d136d32e8895dcb4b31d0732e00e3fd5456175f1f,3687532372
2026-03-22T14:31:02.957102+00:00,Operator A,Concealed_5g,5g,ANON_5G_CON_IMSI_A0_03b8d55b4e9291c01bbd83e591b5b0ecb6bad925c6b86dcbc32d136d32e8895dcb4b31d0732e00e3fd5456175f1f,3687532372
2026-03-22T14:38:08.094778+00:00,Operator A,S23,4g,ANON_IMSI_A2,4095756143
2026-03-22T14:38:33.116668+00:00,Operator A,S23,4g,ANON_IMSI_A2,4095756143
2026-03-22T14:47:14.945692+00:00,Operator A,Concealed_5g,5g,ANON_5G_CON_IMSI_A0_038d156788e0a56823742dac25f1a9f897a0c3f7dbb4425a089ee45af6bb944250a4716fe7fdf1d64338601be10a,3688187713
2026-03-22T14:47:25.165648+00:00,Operator A,Concealed_5g,5g,ANON_5G_CON_IMSI_A0_038d156788e0a56823742dac25f1a9f897a0c3f7dbb4425a089ee45af6bb944250a4716fe7fdf1d64338601be10a,3688187713
2026-03-22T14:57:39.818133+00:00,Operator A,Concealed_5g,5g,ANON_5G_CON_IMSI_A0_03aaa56e2e028733e1d367ddcd681aeb320c78d487c95f7d0f7febee0fa2926716ff86c3fcff6e88f19317dd65ee,3549108477
2026-03-22T14:57:49.977964+00:00,Operator A,Concealed_5g,5g,ANON_5G_CON_IMSI_A0_03aaa56e2e028733e1d367ddcd681aeb320c78d487c95f7d0f7febee0fa2926716ff86c3fcff6e88f19317dd65ee,3549108477
2026-03-22T14:58:00.097956+00:00,Operator A,Concealed_5g,5g,ANON_5G_CON_IMSI_A0_03aaa56e2e028733e1d367ddcd681aeb320c78d487c95f7d0f7febee0fa2926716ff86c3fcff6e88f19317dd65ee,3549108477
2026-03-22T14:58:10.222937+00:00,Operator A,Concealed_5g,5g,ANON_5G_CON_IMSI_A0_03aaa56e2e028733e1d367ddcd681aeb320c78d487c95f7d0f7febee0fa2926716ff86c3fcff6e88f19317dd65ee,3549108477
2026-03-22T14:58:20.343024+00:00,Operator A,Concealed_5g,5g,ANON_5G_CON_IMSI_A0_03aaa56e2e028733e1d367ddcd681aeb320c78d487c95f7d0f7febee0fa2926716ff86c3fcff6e88f19317dd65ee,3549108477
2026-03-22T14:58:21.962974+00:00,Operator A,Concealed_5g,5g,ANON_5G_CON_IMSI_A0_03b33ac8422c075538fc3cc4bf0ebb0832a0cafecf2a1bd03f02085673510b8545ea0c9b6c520b62b036cc263c1d,3688581072
2026-03-22T14:58:32.187985+00:00,Operator A,Concealed_5g,5g,ANON_5G_CON_IMSI_A0_03b33ac8422c075538fc3cc4bf0ebb0832a0cafecf2a1bd03f02085673510b8545ea0c9b6c520b62b036cc263c1d,3688581072
2026-03-22T15:03:28.611130+00:00,Operator A,Concealed_5g,5g,ANON_5G_CON_IMSI_A0_03feec887c4e5691b0706881fd3171ad30709ef25f2e1bb938e68fe29f8421730829cbaaea003ee919c0bb9d0e7f,3688777721
2026-03-22T15:03:38.811023+00:00,Operator A,Concealed_5g,5g,ANON_5G_CON_IMSI_A0_03feec887c4e5691b0706881fd3171ad30709ef25f2e1bb938e68fe29f8421730829cbaaea003ee919c0bb9d0e7f,3688777721
2026-03-22T15:03:48.991128+00:00,Operator A,Concealed_5g,5g,ANON_5G_CON_IMSI_A0_03feec887c4e5691b0706881fd3171ad30709ef25f2e1bb938e68fe29f8421730829cbaaea003ee919c0bb9d0e7f,3688777721
2026-03-22T15:03:59.176112+00:00,Operator A,Concealed_5g,5g,ANON_5G_CON_IMSI_A0_03feec887c4e5691b0706881fd3171ad30709ef25f2e1bb938e68fe29f8421730829cbaaea003ee919c0bb9d0e7f,3688777721
2026-03-22T15:25:42.341953+00:00,Operator A,Concealed_5g,5g,ANON_5G_CON_IMSI_A0_0310c49e3c24be507d831490a3fbc38e69f806bdfa74d4449c7291a4230c81d8dd64f6583883780bd04878aa830c,3689498610
2026-03-22T15:25:45.461937+00:00,Operator A,Concealed_5g,5g,ANON_5G_CON_IMSI_A0_03620d6ba6e5e20a9169ab48f19c1e96f138be6806c9e52ec14844af3eda3cf4ab93f522032f4301be547d6d4669,3550353532
2026-03-22T15:25:52.561962+00:00,Operator A,Concealed_5g,5g,ANON_5G_CON_IMSI_A0_0310c49e3c24be507d831490a3fbc38e69f806bdfa74d4449c7291a4230c81d8dd64f6583883780bd04878aa830c,3689498610
2026-03-22T15:25:55.646907+00:00,Operator A,Concealed_5g,5g,ANON_5G_CON_IMSI_A0_03620d6ba6e5e20a9169ab48f19c1e96f138be6806c9e52ec14844af3eda3cf4ab93f522032f4301be547d6d4669,3550353532
2026-03-22T15:30:50.246646+00:00,Operator A,Concealed_5g,5g,ANON_5G_CON_IMSI_A0_0371d44d195aba4aceaedd73979c7e28c17e974e18300a71fbb791aeb2591d76e4e9b015274ecc8be612b149f458,3689695230
2026-03-22T15:31:00.446484+00:00,Operator A,Concealed_5g,5g,ANON_5G_CON_IMSI_A0_0371d44d195aba4aceaedd73979c7e28c17e974e18300a71fbb791aeb2591d76e4e9b015274ecc8be612b149f458,3689695230
2026-03-22T15:31:10.646511+00:00,Operator A,Concealed_5g,5g,ANON_5G_CON_IMSI_A0_0371d44d195aba4aceaedd73979c7e28c17e974e18300a71fbb791aeb2591d76e4e9b015274ecc8be612b149f458,3689695230
2026-03-22T15:31:20.851471+00:00,Operator A,Concealed_5g,5g,ANON_5G_CON_IMSI_A0_0371d44d195aba4aceaedd73979c7e28c17e974e18300a71fbb791aeb2591d76e4e9b015274ecc8be612b149f458,3689695230
2026-03-22T15:39:06.043455+00:00,Operator A,S23,4g,ANON_IMSI_A2,4097722202
2026-03-22T15:47:00.394399+00:00,Operator A,Concealed_5g,5g,ANON_5G_CON_IMSI_A0_034dda7bd07ef898d518e6fb6a5697e0322b4ed119ad45e3b8e8d475f97814a5a45b3442fbc0319f059de2e07673,3690481620
2026-03-22T15:47:10.634432+00:00,Operator A,Concealed_5g,5g,ANON_5G_CON_IMSI_A0_034dda7bd07ef898d518e6fb6a5697e0322b4ed119ad45e3b8e8d475f97814a5a45b3442fbc0319f059de2e07673,3690481620
2026-03-22T15:47:20.874427+00:00,Operator A,Concealed_5g,5g,ANON_5G_CON_IMSI_A0_034dda7bd07ef898d518e6fb6a5697e0322b4ed119ad45e3b8e8d475f97814a5a45b3442fbc0319f059de2e07673,3690481620
2026-03-22T15:47:31.079361+00:00,Operator A,Concealed_5g,5g,ANON_5G_CON_IMSI_A0_034dda7bd07ef898d518e6fb6a5697e0322b4ed119ad45e3b8e8d475f97814a5a45b3442fbc0319f059de2e07673,3690481620
2026-03-22T15:47:41.299435+00:00,Operator A,Concealed_5g,5g,ANON_5G_CON_IMSI_A0_034dda7bd07ef898d518e6fb6a5697e0322b4ed119ad45e3b8e8d475f97814a5a45b3442fbc0319f059de2e07673,3690481620
2026-03-22T16:04:09.101841+00:00,Operator A,Concealed_5g,5g,ANON_5G_CON_IMSI_A0_03ceec5c3a15388f6d0ac09d42ce94fdf557045d6fecfd52a1a88c16d94d40f57025929ea9474facf900cca10bfd,3691071431
2026-03-22T16:20:29.795126+00:00,Operator A,Concealed_5g,5g,ANON_5G_CON_IMSI_A0_03ffb3e3653e9b4ea67e6d8f9370643ef1f171ce4e170e3b882fd0bc768a8c3d78a3997622496afd1494411c633e,3691661154
2026-03-22T16:20:40.015072+00:00,Operator A,Concealed_5g,5g,ANON_5G_CON_IMSI_A0_03ffb3e3653e9b4ea67e6d8f9370643ef1f171ce4e170e3b882fd0bc768a8c3d78a3997622496afd1494411c633e,3691661154
2026-03-22T16:26:01.702862+00:00,Operator A,Concealed_5g,5g,ANON_5G_CON_IMSI_A0_03b12233faab28cc0af5440cb4dacb7469c2e2f3306d74179bbc3e0ddc3ad72f571b6c911ef0a99c11b5106f12ae,3691792197
2026-03-22T16:26:11.922699+00:00,Operator A,Concealed_5g,5g,ANON_5G_CON_IMSI_A0_03b12233faab28cc0af5440cb4dacb7469c2e2f3306d74179bbc3e0ddc3ad72f571b6c911ef0a99c11b5106f12ae,3691792197
2026-03-22T16:36:46.433744+00:00,Operator A,Concealed_5g,5g,ANON_5G_CON_IMSI_A0_0335715f210e5986de67f08c27e6c21ed2a813cce0ab5cbf636d96535c006c59de3cc668fcc4a44ff91fa2ffd9be,3692316644
2026-03-22T16:36:56.653606+00:00,Operator A,Concealed_5g,5g,ANON_5G_CON_IMSI_A0_0335715f210e5986de67f08c27e6c21ed2a813cce0ab5cbf636d96535c006c59de3cc668fcc4a44ff91fa2ffd9be,3692316644
2026-03-22T16:37:06.833678+00:00,Operator A,Concealed_5g,5g,ANON_5G_CON_IMSI_A0_0335715f210e5986de67f08c27e6c21ed2a813cce0ab5cbf636d96535c006c59de3cc668fcc4a44ff91fa2ffd9be,3692316644
2026-03-22T16:41:51.295458+00:00,Operator A,Concealed_5g,5g,ANON_5G_CON_IMSI_A0_0368c4342d44353db09578768d57dcd7b6e7885906ce6563c023afe966808211b02afaa22da21905656185ec86e0,3692382062
2026-03-22T16:42:01.515387+00:00,Operator A,Concealed_5g,5g,ANON_5G_CON_IMSI_A0_0368c4342d44353db09578768d57dcd7b6e7885906ce6563c023afe966808211b02afaa22da21905656185ec86e0,3692382062
2026-03-22T16:42:11.695342+00:00,Operator A,Concealed_5g,5g,ANON_5G_CON_IMSI_A0_0368c4342d44353db09578768d57dcd7b6e7885906ce6563c023afe966808211b02afaa22da21905656185ec86e0,3692382062
2026-03-22T16:42:21.900429+00:00,Operator A,Concealed_5g,5g,ANON_5G_CON_IMSI_A0_0368c4342d44353db09578768d57dcd7b6e7885906ce6563c023afe966808211b02afaa22da21905656185ec86e0,3692382062
2026-03-22T16:42:32.100313+00:00,Operator A,Concealed_5g,5g,ANON_5G_CON_IMSI_A0_0368c4342d44353db09578768d57dcd7b6e7885906ce6563c023afe966808211b02afaa22da21905656185ec86e0,3692382062
2026-03-22T17:04:13.675502+00:00,Operator A,Concealed_5g,5g,ANON_5G_CON_IMSI_A0_03f4838ba1dfff50c9d74789fe0c58b963b8e691169c4db80ea11f0f697f7bd7dbdc47b1af4f50ac5673f12dca8e,3693365236
2026-03-22T17:04:23.915395+00:00,Operator A,Concealed_5g,5g,ANON_5G_CON_IMSI_A0_03f4838ba1dfff50c9d74789fe0c58b963b8e691169c4db80ea11f0f697f7bd7dbdc47b1af4f50ac5673f12dca8e,3693365236
2026-03-22T17:09:19.469969+00:00,Operator A,Concealed_5g,5g,ANON_5G_CON_IMSI_A0_0367d09149bdf84b42c302e005a7df70d4adbbf2115b970d0ed7c47571eaa53b9a682bdeec3f6db6e2ce7724e245,3693561819
2026-03-22T17:09:29.689922+00:00,Operator A,Concealed_5g,5g,ANON_5G_CON_IMSI_A0_0367d09149bdf84b42c302e005a7df70d4adbbf2115b970d0ed7c47571eaa53b9a682bdeec3f6db6e2ce7724e245,3693561819
2026-03-22T17:09:39.869835+00:00,Operator A,Concealed_5g,5g,ANON_5G_CON_IMSI_A0_0367d09149bdf84b42c302e005a7df70d4adbbf2115b970d0ed7c47571eaa53b9a682bdeec3f6db6e2ce7724e245,3693561819
2026-03-22T17:09:50.074894+00:00,Operator A,Concealed_5g,5g,ANON_5G_CON_IMSI_A0_0367d09149bdf84b42c302e005a7df70d4adbbf2115b970d0ed7c47571eaa53b9a682bdeec3f6db6e2ce7724e245,3693561819
2026-03-22T17:10:00.294973+00:00,Operator A,Concealed_5g,5g,ANON_5G_CON_IMSI_A0_0367d09149bdf84b42c302e005a7df70d4adbbf2115b970d0ed7c47571eaa53b9a682bdeec3f6db6e2ce7724e245,3693561819
2026-03-22T17:11:34.988981+00:00,Operator A,S23,4g,ANON_IMSI_A2,3728295930
2026-03-22T17:11:59.992908+00:00,Operator A,S23,4g,ANON_IMSI_A2,3728295930
2026-03-22T17:25:55.885081+00:00,Operator A,Concealed_5g,5g,ANON_5G_CON_IMSI_A0_03b3cd47ff0ebcb1761097ed4da14dc5d2431fc5f0dff64d4affb0c1c6909ab47b4c14e78aa79402cae801f13c56,3694217054
2026-03-22T17:26:06.145111+00:00,Operator A,Concealed_5g,5g,ANON_5G_CON_IMSI_A0_03b3cd47ff0ebcb1761097ed4da14dc5d2431fc5f0dff64d4affb0c1c6909ab47b4c14e78aa79402cae801f13c56,3694217054
2026-03-22T17:26:16.365053+00:00,Operator A,Concealed_5g,5g,ANON_5G_CON_IMSI_A0_03b3cd47ff0ebcb1761097ed4da14dc5d2431fc5f0dff64d4affb0c1c6909ab47b4c14e78aa79402cae801f13c56,3694217054
2026-03-22T17:26:26.570030+00:00,Operator A,Concealed_5g,5g,ANON_5G_CON_IMSI_A0_03b3cd47ff0ebcb1761097ed4da14dc5d2431fc5f0dff64d4affb0c1c6909ab47b4c14e78aa79402cae801f13c56,3694217054
2026-03-22T17:28:06.429660+00:00,Operator A,S23,4g,ANON_IMSI_A2,3661318098
2026-03-22T17:28:31.433649+00:00,Operator A,S23,4g,ANON_IMSI_A2,3661318098
2026-03-22T17:42:18.129135+00:00,Operator A,Concealed_5g,5g,ANON_5G_CON_IMSI_A0_0378ed4303861da7b388570fb841267f95b00253cae7ef94ca28aaf61067a4bdeda7c93653fb07fb75e16d35d4a8,3694741452
2026-03-22T17:42:28.349113+00:00,Operator A,Concealed_5g,5g,ANON_5G_CON_IMSI_A0_0378ed4303861da7b388570fb841267f95b00253cae7ef94ca28aaf61067a4bdeda7c93653fb07fb75e16d35d4a8,3694741452
2026-03-22T17:42:38.549154+00:00,Operator A,Concealed_5g,5g,ANON_5G_CON_IMSI_A0_0378ed4303861da7b388570fb841267f95b00253cae7ef94ca28aaf61067a4bdeda7c93653fb07fb75e16d35d4a8,3694741452
2026-03-22T17:42:48.734131+00:00,Operator A,Concealed_5g,5g,ANON_5G_CON_IMSI_A0_0378ed4303861da7b388570fb841267f95b00253cae7ef94ca28aaf61067a4bdeda7c93653fb07fb75e16d35d4a8,3694741452
2026-03-22T17:58:32.430510+00:00,Operator A,Concealed_5g,5g,ANON_5G_CON_IMSI_A0_037225ef59428352c21a0189aab3dad4225d6dafeb17e4d1866098dfdc22f910a7c0b7594f9ad151996810de5f41,3695331137
2026-03-22T17:58:42.650384+00:00,Operator A,Concealed_5g,5g,ANON_5G_CON_IMSI_A0_037225ef59428352c21a0189aab3dad4225d6dafeb17e4d1866098dfdc22f910a7c0b7594f9ad151996810de5f41,3695331137
2026-03-22T17:58:52.830431+00:00,Operator A,Concealed_5g,5g,ANON_5G_CON_IMSI_A0_037225ef59428352c21a0189aab3dad4225d6dafeb17e4d1866098dfdc22f910a7c0b7594f9ad151996810de5f41,3695331137
2026-03-22T17:59:03.035332+00:00,Operator A,Concealed_5g,5g,ANON_5G_CON_IMSI_A0_037225ef59428352c21a0189aab3dad4225d6dafeb17e4d1866098dfdc22f910a7c0b7594f9ad151996810de5f41,3695331137
2026-03-22T17:59:13.215432+00:00,Operator A,Concealed_5g,5g,ANON_5G_CON_IMSI_A0_037225ef59428352c21a0189aab3dad4225d6dafeb17e4d1866098dfdc22f910a7c0b7594f9ad151996810de5f41,3695331137
2026-03-22T18:06:41.158880+00:00,Operator A,S23,4g,ANON_IMSI_A2,4281944000
2026-03-22T18:07:01.060988+00:00,Operator A,S23,4g,ANON_IMSI_A2,4281944000
2026-03-22T18:15:28.982473+00:00,Operator A,Concealed_5g,5g,ANON_5G_CON_IMSI_A0_034c680c1fc331786c1119b4cf65ceb69f61a43595bdc33e024bd742e2b87099c683a941bd4c7941a592f7b4ec3f,3695986645
2026-03-22T18:15:39.182505+00:00,Operator A,Concealed_5g,5g,ANON_5G_CON_IMSI_A0_034c680c1fc331786c1119b4cf65ceb69f61a43595bdc33e024bd742e2b87099c683a941bd4c7941a592f7b4ec3f,3695986645
2026-03-22T18:26:20.240004+00:00,Operator A,Concealed_5g,5g,ANON_5G_CON_IMSI_A0_03009a4daa1253831cf5e9ae1a30a2601241d64e6930aca61e7d58e861daeb41149529f424da98d737e55b3b7406,3696248679
2026-03-22T18:26:30.459899+00:00,Operator A,Concealed_5g,5g,ANON_5G_CON_IMSI_A0_03009a4daa1253831cf5e9ae1a30a2601241d64e6930aca61e7d58e861daeb41149529f424da98d737e55b3b7406,3696248679
2026-03-22T18:26:40.659862+00:00,Operator A,Concealed_5g,5g,ANON_5G_CON_IMSI_A0_03009a4daa1253831cf5e9ae1a30a2601241d64e6930aca61e7d58e861daeb41149529f424da98d737e55b3b7406,3696248679
2026-03-22T18:31:23.238916+00:00,Operator A,Concealed_5g,5g,ANON_5G_CON_IMSI_A0_037f8624309155910c3f3f4f6f9e7826895b8ad2abb8057da95e57eaccd199770e99f030aec33be158b162808155,3696510807
2026-03-22T18:31:33.438786+00:00,Operator A,Concealed_5g,5g,ANON_5G_CON_IMSI_A0_037f8624309155910c3f3f4f6f9e7826895b8ad2abb8057da95e57eaccd199770e99f030aec33be158b162808155,3696510807
2026-03-22T18:31:43.618766+00:00,Operator A,Concealed_5g,5g,ANON_5G_CON_IMSI_A0_037f8624309155910c3f3f4f6f9e7826895b8ad2abb8057da95e57eaccd199770e99f030aec33be158b162808155,3696510807
2026-03-22T18:31:53.803703+00:00,Operator A,Concealed_5g,5g,ANON_5G_CON_IMSI_A0_037f8624309155910c3f3f4f6f9e7826895b8ad2abb8057da95e57eaccd199770e99f030aec33be158b162808155,3696510807
2026-03-22T18:32:04.023690+00:00,Operator A,Concealed_5g,5g,ANON_5G_CON_IMSI_A0_037f8624309155910c3f3f4f6f9e7826895b8ad2abb8057da95e57eaccd199770e99f030aec33be158b162808155,3696510807
2026-03-22T18:33:46.435097+00:00,Operator A,S23,4g,ANON_IMSI_A2,4104210374
2026-03-22T18:34:04.896990+00:00,Operator A,S23,4g,ANON_IMSI_A2,4104210374
2026-03-22T18:34:24.793005+00:00,Operator A,S23,4g,ANON_IMSI_A2,4104210374
2026-03-22T18:47:54.707855+00:00,Operator A,Concealed_5g,5g,ANON_5G_CON_IMSI_A0_0381a9f7f961c41e4c63fc7c98575e167651fa0405e8873c5c0598e0329a802b891d9bde28bbe81a0653685707a4,3697035117
2026-03-22T18:48:04.907716+00:00,Operator A,Concealed_5g,5g,ANON_5G_CON_IMSI_A0_0381a9f7f961c41e4c63fc7c98575e167651fa0405e8873c5c0598e0329a802b891d9bde28bbe81a0653685707a4,3697035117
2026-03-22T18:48:15.087678+00:00,Operator A,Concealed_5g,5g,ANON_5G_CON_IMSI_A0_0381a9f7f961c41e4c63fc7c98575e167651fa0405e8873c5c0598e0329a802b891d9bde28bbe81a0653685707a4,3697035117
2026-03-22T18:48:25.292648+00:00,Operator A,Concealed_5g,5g,ANON_5G_CON_IMSI_A0_0381a9f7f961c41e4c63fc7c98575e167651fa0405e8873c5c0598e0329a802b891d9bde28bbe81a0653685707a4,3697035117
2026-03-22T18:48:35.492719+00:00,Operator A,Concealed_5g,5g,ANON_5G_CON_IMSI_A0_0381a9f7f961c41e4c63fc7c98575e167651fa0405e8873c5c0598e0329a802b891d9bde28bbe81a0653685707a4,3697035117
2026-03-22T19:10:11.146367+00:00,Operator A,Concealed_5g,5g,ANON_5G_CON_IMSI_A0_03a9268bdf78bedfc92d29498451e963ceb256d3a9cb524aecdfa06acded5aff17564cef8ca60e0fb1a2a2196e37,3697756115
2026-03-22T19:10:21.366226+00:00,Operator A,Concealed_5g,5g,ANON_5G_CON_IMSI_A0_03a9268bdf78bedfc92d29498451e963ceb256d3a9cb524aecdfa06acded5aff17564cef8ca60e0fb1a2a2196e37,3697756115
2026-03-22T19:10:31.546328+00:00,Operator A,Concealed_5g,5g,ANON_5G_CON_IMSI_A0_03a9268bdf78bedfc92d29498451e963ceb256d3a9cb524aecdfa06acded5aff17564cef8ca60e0fb1a2a2196e37,3697756115
2026-03-22T19:20:51.558310+00:00,Operator A,Concealed_5g,5g,ANON_5G_CON_IMSI_A0_03a1a60f04616a414fc122924fca1d51aa6b3109d5322ccf3e04908b76827902a87a461ee0cfa7c5e44650bab7bf,3698149350
2026-03-22T19:21:01.758257+00:00,Operator A,Concealed_5g,5g,ANON_5G_CON_IMSI_A0_03a1a60f04616a414fc122924fca1d51aa6b3109d5322ccf3e04908b76827902a87a461ee0cfa7c5e44650bab7bf,3698149350
2026-03-22T19:21:11.958209+00:00,Operator A,Concealed_5g,5g,ANON_5G_CON_IMSI_A0_03a1a60f04616a414fc122924fca1d51aa6b3109d5322ccf3e04908b76827902a87a461ee0cfa7c5e44650bab7bf,3698149350
2026-03-22T19:21:22.163358+00:00,Operator A,Concealed_5g,5g,ANON_5G_CON_IMSI_A0_03a1a60f04616a414fc122924fca1d51aa6b3109d5322ccf3e04908b76827902a87a461ee0cfa7c5e44650bab7bf,3698149350
2026-03-22T19:23:47.212681+00:00,Operator A,S23,4g,ANON_IMSI_A2,4105914308
2026-03-22T19:37:22.018774+00:00,Operator A,Concealed_5g,5g,ANON_5G_CON_IMSI_A0_0334cfa7b36ed5eaf5ceb1f6950ff8ea626082429ff82ce2db9bc05c2e0ed59aa67d7129c3834eb84666ab0f44d3,3698673507
2026-03-22T19:37:32.278688+00:00,Operator A,Concealed_5g,5g,ANON_5G_CON_IMSI_A0_0334cfa7b36ed5eaf5ceb1f6950ff8ea626082429ff82ce2db9bc05c2e0ed59aa67d7129c3834eb84666ab0f44d3,3698673507
2026-03-22T19:37:42.478658+00:00,Operator A,Concealed_5g,5g,ANON_5G_CON_IMSI_A0_0334cfa7b36ed5eaf5ceb1f6950ff8ea626082429ff82ce2db9bc05c2e0ed59aa67d7129c3834eb84666ab0f44d3,3698673507
2026-03-22T19:37:52.703708+00:00,Operator A,Concealed_5g,5g,ANON_5G_CON_IMSI_A0_0334cfa7b36ed5eaf5ceb1f6950ff8ea626082429ff82ce2db9bc05c2e0ed59aa67d7129c3834eb84666ab0f44d3,3698673507
2026-03-22T19:53:33.473154+00:00,Operator A,Concealed_5g,5g,ANON_5G_CON_IMSI_A0_03f5be0f1f45ae4cad01d5fcea25cb868c5df8336c1e2bd905b9b8eea2b745c12d483ac8affa79b83a5775445716,3699066718
2026-03-22T19:53:43.693088+00:00,Operator A,Concealed_5g,5g,ANON_5G_CON_IMSI_A0_03f5be0f1f45ae4cad01d5fcea25cb868c5df8336c1e2bd905b9b8eea2b745c12d483ac8affa79b83a5775445716,3699066718
2026-03-22T19:53:53.893023+00:00,Operator A,Concealed_5g,5g,ANON_5G_CON_IMSI_A0_03f5be0f1f45ae4cad01d5fcea25cb868c5df8336c1e2bd905b9b8eea2b745c12d483ac8affa79b83a5775445716,3699066718
2026-03-22T19:54:04.118128+00:00,Operator A,Concealed_5g,5g,ANON_5G_CON_IMSI_A0_03f5be0f1f45ae4cad01d5fcea25cb868c5df8336c1e2bd905b9b8eea2b745c12d483ac8affa79b83a5775445716,3699066718
2026-03-22T19:54:14.338102+00:00,Operator A,Concealed_5g,5g,ANON_5G_CON_IMSI_A0_03f5be0f1f45ae4cad01d5fcea25cb868c5df8336c1e2bd905b9b8eea2b745c12d483ac8affa79b83a5775445716,3699066718
2026-03-22T20:10:44.058278+00:00,Operator A,Concealed_5g,5g,ANON_5G_CON_IMSI_A0_03b09b67d05f3d3c11bd2d7b7b9ba5bfda101caa6418d7e02641d60192bc5adb440d5814b860f5cba13bcc26eadb,3699459913
2026-03-22T20:26:56.937817+00:00,Operator A,Concealed_5g,5g,ANON_5G_CON_IMSI_A0_030a8fdc34fe2631429a60e358120db4a0774126afa2949165d3d14bebbc521ef1eb51a9e97c5dee069c124abc2c,3700049791
2026-03-22T20:27:07.157851+00:00,Operator A,Concealed_5g,5g,ANON_5G_CON_IMSI_A0_030a8fdc34fe2631429a60e358120db4a0774126afa2949165d3d14bebbc521ef1eb51a9e97c5dee069c124abc2c,3700049791
2026-03-22T20:32:00.612191+00:00,Operator A,Concealed_5g,5g,ANON_5G_CON_IMSI_A0_03b053a97bcc80276b2c34d1c090f69a73e73166bfe6f41f4ed76b7f6ea304b8d264cef8f764cce9a8f1a770c98f,3700049910
2026-03-22T20:32:10.852155+00:00,Operator A,Concealed_5g,5g,ANON_5G_CON_IMSI_A0_03b053a97bcc80276b2c34d1c090f69a73e73166bfe6f41f4ed76b7f6ea304b8d264cef8f764cce9a8f1a770c98f,3700049910
2026-03-22T20:32:21.052247+00:00,Operator A,Concealed_5g,5g,ANON_5G_CON_IMSI_A0_03b053a97bcc80276b2c34d1c090f69a73e73166bfe6f41f4ed76b7f6ea304b8d264cef8f764cce9a8f1a770c98f,3700049910
2026-03-22T20:32:31.257096+00:00,Operator A,Concealed_5g,5g,ANON_5G_CON_IMSI_A0_03b053a97bcc80276b2c34d1c090f69a73e73166bfe6f41f4ed76b7f6ea304b8d264cef8f764cce9a8f1a770c98f,3700049910
2026-03-22T20:32:41.437154+00:00,Operator A,Concealed_5g,5g,ANON_5G_CON_IMSI_A0_03b053a97bcc80276b2c34d1c090f69a73e73166bfe6f41f4ed76b7f6ea304b8d264cef8f764cce9a8f1a770c98f,3700049910
2026-03-22T20:48:30.939432+00:00,Operator A,Concealed_5g,5g,ANON_5G_CON_IMSI_A0_02752aff3ef753e79b7bf5e18ee440fd541d83b8f90013e950f69c169a12d308cbd5d7e8e664a19254c78696507e,4022815110
2026-03-22T20:48:41.959236+00:00,Operator A,Concealed_5g,5g,ANON_5G_CON_IMSI_A0_03c803352cf58e50df0287dada921d1e3f22a0a741696178e621bb43a9146bf4ea357df3177a5a733030e22ae44a,3700639680
2026-03-22T20:48:52.184283+00:00,Operator A,Concealed_5g,5g,ANON_5G_CON_IMSI_A0_03c803352cf58e50df0287dada921d1e3f22a0a741696178e621bb43a9146bf4ea357df3177a5a733030e22ae44a,3700639680
2026-03-22T20:48:52.184283+00:00,Operator A,Concealed_5g,5g,ANON_5G_CON_IMSI_A0_02752aff3ef753e79b7bf5e18ee440fd541d83b8f90013e950f69c169a12d308cbd5d7e8e664a19254c78696507e,3700639680
2026-03-22T20:49:02.384167+00:00,Operator A,Concealed_5g,5g,ANON_5G_CON_IMSI_A0_03c803352cf58e50df0287dada921d1e3f22a0a741696178e621bb43a9146bf4ea357df3177a5a733030e22ae44a,3700639680
2026-03-22T20:59:57.018486+00:00,Operator A,Concealed_5g,5g,ANON_5G_CON_IMSI_A0_03dd6e7cf7f72e37963509baec19656c8844756f0b470ea282f855351da9c351ab0d5b8b33485911c4f0c9451c02,3700770763
2026-03-22T21:00:07.238425+00:00,Operator A,Concealed_5g,5g,ANON_5G_CON_IMSI_A0_03dd6e7cf7f72e37963509baec19656c8844756f0b470ea282f855351da9c351ab0d5b8b33485911c4f0c9451c02,3700770763
2026-03-22T21:04:50.149636+00:00,Operator A,Concealed_5g,5g,ANON_5G_CON_IMSI_A0_034584591c40fce916193fc1a9fd5015761e96de8e4f5be086387af2d3ed62128a8aa2db305118a54388e34a5f70,3700967406
2026-03-22T21:05:00.369637+00:00,Operator A,Concealed_5g,5g,ANON_5G_CON_IMSI_A0_034584591c40fce916193fc1a9fd5015761e96de8e4f5be086387af2d3ed62128a8aa2db305118a54388e34a5f70,3700967406
2026-03-22T21:05:10.594650+00:00,Operator A,Concealed_5g,5g,ANON_5G_CON_IMSI_A0_034584591c40fce916193fc1a9fd5015761e96de8e4f5be086387af2d3ed62128a8aa2db305118a54388e34a5f70,3700967406
2026-03-22T21:05:20.794547+00:00,Operator A,Concealed_5g,5g,ANON_5G_CON_IMSI_A0_034584591c40fce916193fc1a9fd5015761e96de8e4f5be086387af2d3ed62128a8aa2db305118a54388e34a5f70,3700967406
2026-03-22T21:05:25.599627+00:00,Operator A,Concealed_5g,5g,ANON_5G_CON_IMSI_A0_0362235e0c30b94fc5afa34ed9b624a0fe60e3288bf9e1bafbb1d2bd478f75eb444d4cb7aa53d421e5cb41da8a49,4023142681
2026-03-22T21:05:30.999518+00:00,Operator A,Concealed_5g,5g,ANON_5G_CON_IMSI_A0_034584591c40fce916193fc1a9fd5015761e96de8e4f5be086387af2d3ed62128a8aa2db305118a54388e34a5f70,3700967406
2026-03-22T21:05:36.019588+00:00,Operator A,Concealed_5g,5g,ANON_5G_CON_IMSI_A0_0362235e0c30b94fc5afa34ed9b624a0fe60e3288bf9e1bafbb1d2bd478f75eb444d4cb7aa53d421e5cb41da8a49,4023142681
2026-03-22T21:21:59.386385+00:00,Operator A,Concealed_5g,5g,ANON_5G_CON_IMSI_A0_038d7007f03a8846a31e02e550589087a83ac461182444422d02eba10e3d92b2249451612332de6e312fb4fd5e0a,3701426007
2026-03-22T21:43:16.019012+00:00,Operator A,Concealed_5g,5g,ANON_5G_CON_IMSI_A0_03f224bc2043d87d6d2a77b87bc1381595dea98d747ad20b0a18680d498ab9a676d50ad384a44716469bcbc7dfe3,3701884913
2026-03-22T21:43:26.238907+00:00,Operator A,Concealed_5g,5g,ANON_5G_CON_IMSI_A0_03f224bc2043d87d6d2a77b87bc1381595dea98d747ad20b0a18680d498ab9a676d50ad384a44716469bcbc7dfe3,3701884913
2026-03-22T21:43:33.899041+00:00,Operator A,Concealed_5g,5g,ANON_5G_CON_IMSI_A0_03643b6bb9aabdc9d0eb7347006a29a2699cca47831526adca49b701adcf20282f6ad9aefa320a2c60f0d4caf7ef,4023863682
2026-03-22T21:43:36.463925+00:00,Operator A,Concealed_5g,5g,ANON_5G_CON_IMSI_A0_03f224bc2043d87d6d2a77b87bc1381595dea98d747ad20b0a18680d498ab9a676d50ad384a44716469bcbc7dfe3,3701884913
2026-03-22T21:43:44.324003+00:00,Operator A,Concealed_5g,5g,ANON_5G_CON_IMSI_A0_03643b6bb9aabdc9d0eb7347006a29a2699cca47831526adca49b701adcf20282f6ad9aefa320a2c60f0d4caf7ef,4023863682
2026-03-22T21:43:46.643932+00:00,Operator A,Concealed_5g,5g,ANON_5G_CON_IMSI_A0_03f224bc2043d87d6d2a77b87bc1381595dea98d747ad20b0a18680d498ab9a676d50ad384a44716469bcbc7dfe3,3701884913
2026-03-22T21:43:54.428964+00:00,Operator A,Concealed_5g,5g,ANON_5G_CON_IMSI_A0_03643b6bb9aabdc9d0eb7347006a29a2699cca47831526adca49b701adcf20282f6ad9aefa320a2c60f0d4caf7ef,4023863682
2026-03-22T21:43:56.848928+00:00,Operator A,Concealed_5g,5g,ANON_5G_CON_IMSI_A0_03f224bc2043d87d6d2a77b87bc1381595dea98d747ad20b0a18680d498ab9a676d50ad384a44716469bcbc7dfe3,3701884913
2026-03-22T22:05:33.366779+00:00,Operator A,Concealed_5g,5g,ANON_5G_CON_IMSI_A0_032dce67333c632b44ecc1554513a34d90ac9fc1cbd02c44508701db988fecb453d59cd101b1af559d71a2aaa086,3702409199
2026-03-22T22:05:43.586699+00:00,Operator A,Concealed_5g,5g,ANON_5G_CON_IMSI_A0_032dce67333c632b44ecc1554513a34d90ac9fc1cbd02c44508701db988fecb453d59cd101b1af559d71a2aaa086,3702409199
2026-03-22T22:10:36.650821+00:00,Operator A,Concealed_5g,5g,ANON_5G_CON_IMSI_A0_0320e935a5cec53a6cab4a9c5750fb850c11712869e4306a5bc7350e3303ed707d52c7ad6904f88cc18452accae2,3702474696
2026-03-22T22:10:46.850751+00:00,Operator A,Concealed_5g,5g,ANON_5G_CON_IMSI_A0_0320e935a5cec53a6cab4a9c5750fb850c11712869e4306a5bc7350e3303ed707d52c7ad6904f88cc18452accae2,3702474696
2026-03-22T22:10:57.030702+00:00,Operator A,Concealed_5g,5g,ANON_5G_CON_IMSI_A0_0320e935a5cec53a6cab4a9c5750fb850c11712869e4306a5bc7350e3303ed707d52c7ad6904f88cc18452accae2,3702474696
2026-03-22T22:11:07.235734+00:00,Operator A,Concealed_5g,5g,ANON_5G_CON_IMSI_A0_0320e935a5cec53a6cab4a9c5750fb850c11712869e4306a5bc7350e3303ed707d52c7ad6904f88cc18452accae2,3702474696
2026-03-22T22:11:17.435734+00:00,Operator A,Concealed_5g,5g,ANON_5G_CON_IMSI_A0_0320e935a5cec53a6cab4a9c5750fb850c11712869e4306a5bc7350e3303ed707d52c7ad6904f88cc18452accae2,3702474696
2026-03-22T22:32:31.115365+00:00,Operator A,Concealed_5g,5g,ANON_5G_CON_IMSI_A0_03a0919a4a53fb96c7f9c62795d00bf06a0c2d8949d84cae72fe3f13608df4c9251b245d0a164f89d56ac414a190,3702999039
2026-03-22T22:32:41.355245+00:00,Operator A,Concealed_5g,5g,ANON_5G_CON_IMSI_A0_03a0919a4a53fb96c7f9c62795d00bf06a0c2d8949d84cae72fe3f13608df4c9251b245d0a164f89d56ac414a190,3702999039
2026-03-22T22:32:51.535275+00:00,Operator A,Concealed_5g,5g,ANON_5G_CON_IMSI_A0_03a0919a4a53fb96c7f9c62795d00bf06a0c2d8949d84cae72fe3f13608df4c9251b245d0a164f89d56ac414a190,3702999039
2026-03-22T22:33:01.720393+00:00,Operator A,Concealed_5g,5g,ANON_5G_CON_IMSI_A0_03a0919a4a53fb96c7f9c62795d00bf06a0c2d8949d84cae72fe3f13608df4c9251b245d0a164f89d56ac414a190,3702999039
2026-03-22T22:33:11.920319+00:00,Operator A,Concealed_5g,5g,ANON_5G_CON_IMSI_A0_03a0919a4a53fb96c7f9c62795d00bf06a0c2d8949d84cae72fe3f13608df4c9251b245d0a164f89d56ac414a190,3702999039
2026-03-22T22:49:38.811432+00:00,Operator A,Concealed_5g,5g,ANON_5G_CON_IMSI_A0_03f2d9cf7c5ae8bbefcd70925f2606344c3f74ab3c1e098a3dfdc5680244f804f2ae9f11e9fb6ed46c6c55c14587,3703326578
2026-03-22T22:54:44.292068+00:00,Operator A,Concealed_5g,5g,ANON_5G_CON_IMSI_A0_0356118d7492bc69e2e32ce720e0a1d1170ce1b001b27a9d79050f153f4ef11db8284dbbaa625365ef5187e29220,3703392203
2026-03-22T22:54:54.531983+00:00,Operator A,Concealed_5g,5g,ANON_5G_CON_IMSI_A0_0356118d7492bc69e2e32ce720e0a1d1170ce1b001b27a9d79050f153f4ef11db8284dbbaa625365ef5187e29220,3703392203
2026-03-22T22:55:04.752011+00:00,Operator A,Concealed_5g,5g,ANON_5G_CON_IMSI_A0_0356118d7492bc69e2e32ce720e0a1d1170ce1b001b27a9d79050f153f4ef11db8284dbbaa625365ef5187e29220,3703392203
2026-03-22T23:16:56.855944+00:00,Operator A,Concealed_5g,5g,ANON_5G_CON_IMSI_A0_0318c5d9697cb8901dd9294f6565cdb348eb9da07fc6ca172e15acff93f5b49b4a73777dda027d40ed361ee1fb92,3703850827
2026-03-22T23:22:04.510123+00:00,Operator A,Concealed_5g,5g,ANON_5G_CON_IMSI_A0_039da1398b810c931657b7313ba6c3688d690fefbd49892ef3c69875d0b888780e5eac2fa3f91dd6ce26313373cb,3703850999
2026-03-22T23:22:14.730004+00:00,Operator A,Concealed_5g,5g,ANON_5G_CON_IMSI_A0_039da1398b810c931657b7313ba6c3688d690fefbd49892ef3c69875d0b888780e5eac2fa3f91dd6ce26313373cb,3703850999
2026-03-22T23:22:24.910034+00:00,Operator A,Concealed_5g,5g,ANON_5G_CON_IMSI_A0_039da1398b810c931657b7313ba6c3688d690fefbd49892ef3c69875d0b888780e5eac2fa3f91dd6ce26313373cb,3703850999
2026-03-22T23:22:35.114995+00:00,Operator A,Concealed_5g,5g,ANON_5G_CON_IMSI_A0_039da1398b810c931657b7313ba6c3688d690fefbd49892ef3c69875d0b888780e5eac2fa3f91dd6ce26313373cb,3703850999
2026-03-22T23:38:19.018105+00:00,Operator A,Concealed_5g,5g,ANON_5G_CON_IMSI_A0_0331b1ba66b0aa45232d94c7a88aa1735cf3f0fcf144e0fc3aadf63d95217644e481870e6586fbbc681349c46dc8,3704178671
2026-03-22T23:38:29.237990+00:00,Operator A,Concealed_5g,5g,ANON_5G_CON_IMSI_A0_0331b1ba66b0aa45232d94c7a88aa1735cf3f0fcf144e0fc3aadf63d95217644e481870e6586fbbc681349c46dc8,3704178671
2026-03-22T23:38:39.417930+00:00,Operator A,Concealed_5g,5g,ANON_5G_CON_IMSI_A0_0331b1ba66b0aa45232d94c7a88aa1735cf3f0fcf144e0fc3aadf63d95217644e481870e6586fbbc681349c46dc8,3704178671
2026-03-22T23:38:49.602929+00:00,Operator A,Concealed_5g,5g,ANON_5G_CON_IMSI_A0_0331b1ba66b0aa45232d94c7a88aa1735cf3f0fcf144e0fc3aadf63d95217644e481870e6586fbbc681349c46dc8,3704178671
2026-03-22T23:38:59.822929+00:00,Operator A,Concealed_5g,5g,ANON_5G_CON_IMSI_A0_0331b1ba66b0aa45232d94c7a88aa1735cf3f0fcf144e0fc3aadf63d95217644e481870e6586fbbc681349c46dc8,3704178671
2026-03-22T23:55:26.687218+00:00,Operator A,Concealed_5g,5g,ANON_5G_CON_IMSI_A0_0349b300f28d14009e3ac9b1d0141034bdf6470ba27dd0ae9990ec87a3ba188fb7042f9fa4b09cda27abcc278f00,3704440820
2026-03-23T00:11:38.064934+00:00,Operator A,Concealed_5g,5g,ANON_5G_CON_IMSI_A0_0354e2bbe23fbec33003180a5531a3502b0b4d68ecc2eaa940f68736adc38434ff3db843281a614bccd474c45b60,3704637311
2026-03-23T00:11:48.284872+00:00,Operator A,Concealed_5g,5g,ANON_5G_CON_IMSI_A0_0354e2bbe23fbec33003180a5531a3502b0b4d68ecc2eaa940f68736adc38434ff3db843281a614bccd474c45b60,3704637311
2026-03-23T00:16:39.663876+00:00,Operator A,Concealed_5g,5g,ANON_5G_CON_IMSI_A0_03330956d603726fd25fd88ac4c8b6f2a48b3dccc685e9a074e91f5860d2e2fa2f40b90fac2458b259508e969906,3704768380
2026-03-23T00:16:49.883801+00:00,Operator A,Concealed_5g,5g,ANON_5G_CON_IMSI_A0_03330956d603726fd25fd88ac4c8b6f2a48b3dccc685e9a074e91f5860d2e2fa2f40b90fac2458b259508e969906,3704768380
2026-03-23T00:17:00.063750+00:00,Operator A,Concealed_5g,5g,ANON_5G_CON_IMSI_A0_03330956d603726fd25fd88ac4c8b6f2a48b3dccc685e9a074e91f5860d2e2fa2f40b90fac2458b259508e969906,3704768380
2026-03-23T00:17:10.268820+00:00,Operator A,Concealed_5g,5g,ANON_5G_CON_IMSI_A0_03330956d603726fd25fd88ac4c8b6f2a48b3dccc685e9a074e91f5860d2e2fa2f40b90fac2458b259508e969906,3704768380
2026-03-23T00:17:20.468779+00:00,Operator A,Concealed_5g,5g,ANON_5G_CON_IMSI_A0_03330956d603726fd25fd88ac4c8b6f2a48b3dccc685e9a074e91f5860d2e2fa2f40b90fac2458b259508e969906,3704768380
2026-03-23T00:33:24.129219+00:00,Operator A,Concealed_5g,5g,ANON_5G_CON_IMSI_A0_03a6793330fcd58eedfd65c86d1a578431f30cbdfd4e1a6d1fa80a07278774a748d5b74b3c1880757fc675ec9299,3704965076
2026-03-23T00:33:34.369175+00:00,Operator A,Concealed_5g,5g,ANON_5G_CON_IMSI_A0_03a6793330fcd58eedfd65c86d1a578431f30cbdfd4e1a6d1fa80a07278774a748d5b74b3c1880757fc675ec9299,3704965076
2026-03-23T00:33:44.549004+00:00,Operator A,Concealed_5g,5g,ANON_5G_CON_IMSI_A0_03a6793330fcd58eedfd65c86d1a578431f30cbdfd4e1a6d1fa80a07278774a748d5b74b3c1880757fc675ec9299,3704965076
2026-03-23T00:49:28.284609+00:00,Operator A,Concealed_5g,5g,ANON_5G_CON_IMSI_A0_03a3ca41f5e9582c89584d8f297582d415bfd9bb097a6cdbeffbd8d4db002d279482ea2860a16496bda2309fc18a,3705161592
2026-03-23T00:49:38.484682+00:00,Operator A,Concealed_5g,5g,ANON_5G_CON_IMSI_A0_03a3ca41f5e9582c89584d8f297582d415bfd9bb097a6cdbeffbd8d4db002d279482ea2860a16496bda2309fc18a,3705161592
2026-03-23T00:49:48.664671+00:00,Operator A,Concealed_5g,5g,ANON_5G_CON_IMSI_A0_03a3ca41f5e9582c89584d8f297582d415bfd9bb097a6cdbeffbd8d4db002d279482ea2860a16496bda2309fc18a,3705161592
2026-03-23T00:49:58.869715+00:00,Operator A,Concealed_5g,5g,ANON_5G_CON_IMSI_A0_03a3ca41f5e9582c89584d8f297582d415bfd9bb097a6cdbeffbd8d4db002d279482ea2860a16496bda2309fc18a,3705161592
2026-03-23T00:50:09.069656+00:00,Operator A,Concealed_5g,5g,ANON_5G_CON_IMSI_A0_03a3ca41f5e9582c89584d8f297582d415bfd9bb097a6cdbeffbd8d4db002d279482ea2860a16496bda2309fc18a,3705161592
2026-03-23T01:06:38.141846+00:00,Operator A,Concealed_5g,5g,ANON_5G_CON_IMSI_A0_0329aa08ce8245b1cea6c0f2cb7b1c5d1b27e0f0d5b83350e78e7010ddfb807944c5492f0a2df80585323447c7bb,3705489246
2026-03-23T01:11:40.927570+00:00,Operator A,Concealed_5g,5g,ANON_5G_CON_IMSI_A0_0363e9458e6bea170d760672bc0ba8c2d79755216202810b99baebc2c094f3d014ff6c7509c80b52a6b26f4656e3,3705620299
2026-03-23T01:11:51.147540+00:00,Operator A,Concealed_5g,5g,ANON_5G_CON_IMSI_A0_0363e9458e6bea170d760672bc0ba8c2d79755216202810b99baebc2c094f3d014ff6c7509c80b52a6b26f4656e3,3705620299
2026-03-23T01:12:01.347510+00:00,Operator A,Concealed_5g,5g,ANON_5G_CON_IMSI_A0_0363e9458e6bea170d760672bc0ba8c2d79755216202810b99baebc2c094f3d014ff6c7509c80b52a6b26f4656e3,3705620299
2026-03-23T01:22:45.396630+00:00,Operator A,Concealed_5g,5g,ANON_5G_CON_IMSI_A0_0399097130840c42f86e49509f80d62c0bd79ebe574fd799aedbfd24ce89a90cd752a5b8def50b27acfb8817e9bc,3705751406
2026-03-23T01:22:55.596369+00:00,Operator A,Concealed_5g,5g,ANON_5G_CON_IMSI_A0_0399097130840c42f86e49509f80d62c0bd79ebe574fd799aedbfd24ce89a90cd752a5b8def50b27acfb8817e9bc,3705751406
2026-03-23T01:23:05.776442+00:00,Operator A,Concealed_5g,5g,ANON_5G_CON_IMSI_A0_0399097130840c42f86e49509f80d62c0bd79ebe574fd799aedbfd24ce89a90cd752a5b8def50b27acfb8817e9bc,3705751406
2026-03-23T01:27:50.317396+00:00,Operator A,Concealed_5g,5g,ANON_5G_CON_IMSI_A0_030d096d69842ab8cd6cd48255660e6adf4d880de914f537dab327159caf56a98155897ca918cf23090ae9a2e823,3705882474
2026-03-23T01:28:00.537392+00:00,Operator A,Concealed_5g,5g,ANON_5G_CON_IMSI_A0_030d096d69842ab8cd6cd48255660e6adf4d880de914f537dab327159caf56a98155897ca918cf23090ae9a2e823,3705882474
2026-03-23T01:28:10.717391+00:00,Operator A,Concealed_5g,5g,ANON_5G_CON_IMSI_A0_030d096d69842ab8cd6cd48255660e6adf4d880de914f537dab327159caf56a98155897ca918cf23090ae9a2e823,3705882474
2026-03-23T01:28:20.902466+00:00,Operator A,Concealed_5g,5g,ANON_5G_CON_IMSI_A0_030d096d69842ab8cd6cd48255660e6adf4d880de914f537dab327159caf56a98155897ca918cf23090ae9a2e823,3705882474
2026-03-23T01:28:31.102449+00:00,Operator A,Concealed_5g,5g,ANON_5G_CON_IMSI_A0_030d096d69842ab8cd6cd48255660e6adf4d880de914f537dab327159caf56a98155897ca918cf23090ae9a2e823,3705882474
2026-03-23T01:44:59.007544+00:00,Operator A,Concealed_5g,5g,ANON_5G_CON_IMSI_A0_03bcdd722928b065e876019065625272f532c82008a8df0c6f9a2e13091f3ea18c22226c756f607e7f4e04c8c0c1,3706144618
2026-03-23T01:50:01.529513+00:00,Operator A,Concealed_5g,5g,ANON_5G_CON_IMSI_A0_03cb438804b31cc390bf15379dce02a9715c87ce07eabb386f2156ff83717dd8c86258eadeb79946881f99b6d4f7,3706210291
2026-03-23T01:50:11.749526+00:00,Operator A,Concealed_5g,5g,ANON_5G_CON_IMSI_A0_03cb438804b31cc390bf15379dce02a9715c87ce07eabb386f2156ff83717dd8c86258eadeb79946881f99b6d4f7,3706210291
2026-03-23T01:50:21.929448+00:00,Operator A,Concealed_5g,5g,ANON_5G_CON_IMSI_A0_03cb438804b31cc390bf15379dce02a9715c87ce07eabb386f2156ff83717dd8c86258eadeb79946881f99b6d4f7,3706210291
2026-03-23T02:01:07.326754+00:00,Operator A,Concealed_5g,5g,ANON_5G_CON_IMSI_A0_03aeaea4ebeecf2d960fdcce31026cf78c0c1d7004c1688d823310e76b0d9a24ecb2408e9077944ddb46a14030c1,3706472266
2026-03-23T02:01:17.546686+00:00,Operator A,Concealed_5g,5g,ANON_5G_CON_IMSI_A0_03aeaea4ebeecf2d960fdcce31026cf78c0c1d7004c1688d823310e76b0d9a24ecb2408e9077944ddb46a14030c1,3706472266
2026-03-23T02:01:27.726667+00:00,Operator A,Concealed_5g,5g,ANON_5G_CON_IMSI_A0_03aeaea4ebeecf2d960fdcce31026cf78c0c1d7004c1688d823310e76b0d9a24ecb2408e9077944ddb46a14030c1,3706472266
2026-03-23T02:06:08.814242+00:00,Operator A,Concealed_5g,5g,ANON_5G_CON_IMSI_A0_03d91f831a7c1d77698b38977fe17c6052ce89f3286676268222c9e2396f39f47d7358756a01f0f1e80d8e71f63a,3706603504
2026-03-23T02:06:19.034172+00:00,Operator A,Concealed_5g,5g,ANON_5G_CON_IMSI_A0_03d91f831a7c1d77698b38977fe17c6052ce89f3286676268222c9e2396f39f47d7358756a01f0f1e80d8e71f63a,3706603504
2026-03-23T02:06:29.234066+00:00,Operator A,Concealed_5g,5g,ANON_5G_CON_IMSI_A0_03d91f831a7c1d77698b38977fe17c6052ce89f3286676268222c9e2396f39f47d7358756a01f0f1e80d8e71f63a,3706603504
2026-03-23T02:06:39.419120+00:00,Operator A,Concealed_5g,5g,ANON_5G_CON_IMSI_A0_03d91f831a7c1d77698b38977fe17c6052ce89f3286676268222c9e2396f39f47d7358756a01f0f1e80d8e71f63a,3706603504
2026-03-23T02:06:49.619008+00:00,Operator A,Concealed_5g,5g,ANON_5G_CON_IMSI_A0_03d91f831a7c1d77698b38977fe17c6052ce89f3286676268222c9e2396f39f47d7358756a01f0f1e80d8e71f63a,3706603504
2026-03-23T02:23:22.404070+00:00,Operator A,Concealed_5g,5g,ANON_5G_CON_IMSI_A0_03ed41aec9f604f3f9f754dec7733543d4d443dd5b93d5895f7d5b8b3e6fd886d8a9aec251a85cf62409e09eb87c,3706931022
2026-03-23T02:28:25.395025+00:00,Operator A,Concealed_5g,5g,ANON_5G_CON_IMSI_A0_03c430520cf2805e166f2b63221ca48c175563448e7f6b157aa2aa80db80394a9ddb982a0855f52954dc869d3cb9,3706996679
2026-03-23T02:28:35.595042+00:00,Operator A,Concealed_5g,5g,ANON_5G_CON_IMSI_A0_03c430520cf2805e166f2b63221ca48c175563448e7f6b157aa2aa80db80394a9ddb982a0855f52954dc869d3cb9,3706996679
2026-03-23T02:28:45.775051+00:00,Operator A,Concealed_5g,5g,ANON_5G_CON_IMSI_A0_03c430520cf2805e166f2b63221ca48c175563448e7f6b157aa2aa80db80394a9ddb982a0855f52954dc869d3cb9,3706996679
2026-03-23T02:33:39.849085+00:00,Operator A,Concealed_5g,5g,ANON_5G_CON_IMSI_A0_0305a605afd97829aac99ea963214ea9ba2ca2b58acce3d35f50e382c4fb889970385a6687d12debf7a257392fc8,3707127807
2026-03-23T02:33:50.049055+00:00,Operator A,Concealed_5g,5g,ANON_5G_CON_IMSI_A0_0305a605afd97829aac99ea963214ea9ba2ca2b58acce3d35f50e382c4fb889970385a6687d12debf7a257392fc8,3707127807
2026-03-23T02:34:00.229126+00:00,Operator A,Concealed_5g,5g,ANON_5G_CON_IMSI_A0_0305a605afd97829aac99ea963214ea9ba2ca2b58acce3d35f50e382c4fb889970385a6687d12debf7a257392fc8,3707127807
2026-03-23T02:34:10.414154+00:00,Operator A,Concealed_5g,5g,ANON_5G_CON_IMSI_A0_0305a605afd97829aac99ea963214ea9ba2ca2b58acce3d35f50e382c4fb889970385a6687d12debf7a257392fc8,3707127807
2026-03-23T02:55:59.787900+00:00,Operator A,Concealed_5g,5g,ANON_5G_CON_IMSI_A0_0364501b539accc8a69c78d9b15f88081a04ee4b50127f91209f0028b7a470d871744c95d884c0228326d35a40ad,3707324415
2026-03-23T02:56:10.027795+00:00,Operator A,Concealed_5g,5g,ANON_5G_CON_IMSI_A0_0364501b539accc8a69c78d9b15f88081a04ee4b50127f91209f0028b7a470d871744c95d884c0228326d35a40ad,3707324415
2026-03-23T03:00:52.974679+00:00,Operator A,Concealed_5g,5g,ANON_5G_CON_IMSI_A0_036e659da62d44bc93054133176114687dfc65668499659d7e3d36585b36e03a11b115a48b9308046a8028027483,3707520971
2026-03-23T03:01:03.194694+00:00,Operator A,Concealed_5g,5g,ANON_5G_CON_IMSI_A0_036e659da62d44bc93054133176114687dfc65668499659d7e3d36585b36e03a11b115a48b9308046a8028027483,3707520971
2026-03-23T03:01:13.374548+00:00,Operator A,Concealed_5g,5g,ANON_5G_CON_IMSI_A0_036e659da62d44bc93054133176114687dfc65668499659d7e3d36585b36e03a11b115a48b9308046a8028027483,3707520971
2026-03-23T03:01:23.559485+00:00,Operator A,Concealed_5g,5g,ANON_5G_CON_IMSI_A0_036e659da62d44bc93054133176114687dfc65668499659d7e3d36585b36e03a11b115a48b9308046a8028027483,3707520971
2026-03-23T03:01:33.739315+00:00,Operator A,Concealed_5g,5g,ANON_5G_CON_IMSI_A0_036e659da62d44bc93054133176114687dfc65668499659d7e3d36585b36e03a11b115a48b9308046a8028027483,3707520971
2026-03-23T03:17:39.138760+00:00,Operator A,Concealed_5g,5g,ANON_5G_CON_IMSI_A0_031c149558bac77b6a80e450a0881d8961e40167eeb4a8c2425888f1d2ab7b40306d8893d1b9215e846ad85f01c2,3707848690
2026-03-23T03:17:49.358912+00:00,Operator A,Concealed_5g,5g,ANON_5G_CON_IMSI_A0_031c149558bac77b6a80e450a0881d8961e40167eeb4a8c2425888f1d2ab7b40306d8893d1b9215e846ad85f01c2,3707848690
2026-03-23T03:17:59.538710+00:00,Operator A,Concealed_5g,5g,ANON_5G_CON_IMSI_A0_031c149558bac77b6a80e450a0881d8961e40167eeb4a8c2425888f1d2ab7b40306d8893d1b9215e846ad85f01c2,3707848690
2026-03-23T03:18:09.723882+00:00,Operator A,Concealed_5g,5g,ANON_5G_CON_IMSI_A0_031c149558bac77b6a80e450a0881d8961e40167eeb4a8c2425888f1d2ab7b40306d8893d1b9215e846ad85f01c2,3707848690
2026-03-23T03:23:37.107982+00:00,Operator A,Concealed_5g,5g,ANON_5G_CON_IMSI_A0_03322b12f5bb024bd940b8cf1db2c0c530faad602ceb5eab145c78eb525277c2db6e9cae961e817ca06dbc65bbfc,3707914055
2026-03-23T03:28:31.418077+00:00,Operator A,Concealed_5g,5g,ANON_5G_CON_IMSI_A0_034265031e22cfbec36ba4a86ef892c69aba1964f6afd95bd5c3cb3dbabbcad562e12cd428732dda4d425ceea526,3707979712
2026-03-23T03:28:41.638112+00:00,Operator A,Concealed_5g,5g,ANON_5G_CON_IMSI_A0_034265031e22cfbec36ba4a86ef892c69aba1964f6afd95bd5c3cb3dbabbcad562e12cd428732dda4d425ceea526,3707979712
2026-03-23T03:28:51.838163+00:00,Operator A,Concealed_5g,5g,ANON_5G_CON_IMSI_A0_034265031e22cfbec36ba4a86ef892c69aba1964f6afd95bd5c3cb3dbabbcad562e12cd428732dda4d425ceea526,3707979712
2026-03-23T03:29:02.043057+00:00,Operator A,Concealed_5g,5g,ANON_5G_CON_IMSI_A0_034265031e22cfbec36ba4a86ef892c69aba1964f6afd95bd5c3cb3dbabbcad562e12cd428732dda4d425ceea526,3707979712
2026-03-23T03:44:43.890138+00:00,Operator A,Concealed_5g,5g,ANON_5G_CON_IMSI_A0_03a5d04e1ad9c589112859ab907accc83a128779351c3665556f30f6ad8530a5ed448be2867ee0162adad5828bcc,3708241791
2026-03-23T03:44:54.129961+00:00,Operator A,Concealed_5g,5g,ANON_5G_CON_IMSI_A0_03a5d04e1ad9c589112859ab907accc83a128779351c3665556f30f6ad8530a5ed448be2867ee0162adad5828bcc,3708241791
2026-03-23T03:45:04.310055+00:00,Operator A,Concealed_5g,5g,ANON_5G_CON_IMSI_A0_03a5d04e1ad9c589112859ab907accc83a128779351c3665556f30f6ad8530a5ed448be2867ee0162adad5828bcc,3708241791
2026-03-23T03:45:14.494984+00:00,Operator A,Concealed_5g,5g,ANON_5G_CON_IMSI_A0_03a5d04e1ad9c589112859ab907accc83a128779351c3665556f30f6ad8530a5ed448be2867ee0162adad5828bcc,3708241791
2026-03-23T03:45:24.675044+00:00,Operator A,Concealed_5g,5g,ANON_5G_CON_IMSI_A0_03a5d04e1ad9c589112859ab907accc83a128779351c3665556f30f6ad8530a5ed448be2867ee0162adad5828bcc,3708241791
2026-03-23T04:01:54.120403+00:00,Operator A,Concealed_5g,5g,ANON_5G_CON_IMSI_A0_03da255b8efa284bba48f7c01e213bbcb79f67bb10fc6be7143a5058debba922c0f2f96463eec61e350c07de8a13,3708504040
2026-03-23T04:06:56.713710+00:00,Operator A,Concealed_5g,5g,ANON_5G_CON_IMSI_A0_03036c51d10cd1cdfac98a17f3b7503df23b05b8d81cfdde5cc1e34908fe35a03b6e9f15d5111541690a4d8dc973,3708569545
2026-03-23T04:07:06.933716+00:00,Operator A,Concealed_5g,5g,ANON_5G_CON_IMSI_A0_03036c51d10cd1cdfac98a17f3b7503df23b05b8d81cfdde5cc1e34908fe35a03b6e9f15d5111541690a4d8dc973,3708569545
2026-03-23T04:07:17.133695+00:00,Operator A,Concealed_5g,5g,ANON_5G_CON_IMSI_A0_03036c51d10cd1cdfac98a17f3b7503df23b05b8d81cfdde5cc1e34908fe35a03b6e9f15d5111541690a4d8dc973,3708569545
2026-03-23T04:07:27.318668+00:00,Operator A,Concealed_5g,5g,ANON_5G_CON_IMSI_A0_03036c51d10cd1cdfac98a17f3b7503df23b05b8d81cfdde5cc1e34908fe35a03b6e9f15d5111541690a4d8dc973,3708569545
2026-03-23T04:23:39.240981+00:00,Operator A,Concealed_5g,5g,ANON_5G_CON_IMSI_A0_0348b2a7d669647e10819ee5497f24180963e41bc0b8ab308c6419b8ba2c5f23552ad508c55744c094a7fe34f42a,3708831740
2026-03-23T04:23:49.460897+00:00,Operator A,Concealed_5g,5g,ANON_5G_CON_IMSI_A0_0348b2a7d669647e10819ee5497f24180963e41bc0b8ab308c6419b8ba2c5f23552ad508c55744c094a7fe34f42a,3708831740
2026-03-23T04:34:29.274187+00:00,Operator A,Concealed_5g,5g,ANON_5G_CON_IMSI_A0_036001ca89a87c7c5f09f281567981c605e99d191ecf9a68af5c528003c483b3cbf3d3c0f7874fdff31beed86410,3709093868
2026-03-23T04:34:39.474100+00:00,Operator A,Concealed_5g,5g,ANON_5G_CON_IMSI_A0_036001ca89a87c7c5f09f281567981c605e99d191ecf9a68af5c528003c483b3cbf3d3c0f7874fdff31beed86410,3709093868
2026-03-23T04:34:49.674044+00:00,Operator A,Concealed_5g,5g,ANON_5G_CON_IMSI_A0_036001ca89a87c7c5f09f281567981c605e99d191ecf9a68af5c528003c483b3cbf3d3c0f7874fdff31beed86410,3709093868
2026-03-23T04:39:32.204836+00:00,Operator A,Concealed_5g,5g,ANON_5G_CON_IMSI_A0_036b9dbea82e9622dc961fbe3d9cfcd83a695c5cede635b2b090a63af7d1f5627bc1d155999e15796d83894de165,3709159238
2026-03-23T04:39:42.424803+00:00,Operator A,Concealed_5g,5g,ANON_5G_CON_IMSI_A0_036b9dbea82e9622dc961fbe3d9cfcd83a695c5cede635b2b090a63af7d1f5627bc1d155999e15796d83894de165,3709159238
2026-03-23T04:39:52.624854+00:00,Operator A,Concealed_5g,5g,ANON_5G_CON_IMSI_A0_036b9dbea82e9622dc961fbe3d9cfcd83a695c5cede635b2b090a63af7d1f5627bc1d155999e15796d83894de165,3709159238
2026-03-23T04:40:02.809945+00:00,Operator A,Concealed_5g,5g,ANON_5G_CON_IMSI_A0_036b9dbea82e9622dc961fbe3d9cfcd83a695c5cede635b2b090a63af7d1f5627bc1d155999e15796d83894de165,3709159238
2026-03-23T04:40:13.029778+00:00,Operator A,Concealed_5g,5g,ANON_5G_CON_IMSI_A0_036b9dbea82e9622dc961fbe3d9cfcd83a695c5cede635b2b090a63af7d1f5627bc1d155999e15796d83894de165,3709159238
2026-03-23T04:56:01.929074+00:00,Operator A,Concealed_5g,5g,ANON_5G_CON_IMSI_A0_0360a24e68596dcaaa6bedf7c16426165836dbf1432af8c1b94c432ae7243a79f983db0204447e0c9f00ebc34fce,3709421526
2026-03-23T04:56:12.129052+00:00,Operator A,Concealed_5g,5g,ANON_5G_CON_IMSI_A0_0360a24e68596dcaaa6bedf7c16426165836dbf1432af8c1b94c432ae7243a79f983db0204447e0c9f00ebc34fce,3709421526
2026-03-23T04:56:22.329141+00:00,Operator A,Concealed_5g,5g,ANON_5G_CON_IMSI_A0_0360a24e68596dcaaa6bedf7c16426165836dbf1432af8c1b94c432ae7243a79f983db0204447e0c9f00ebc34fce,3709421526
2026-03-23T04:56:32.514206+00:00,Operator A,Concealed_5g,5g,ANON_5G_CON_IMSI_A0_0360a24e68596dcaaa6bedf7c16426165836dbf1432af8c1b94c432ae7243a79f983db0204447e0c9f00ebc34fce,3709421526
2026-03-23T04:56:42.734223+00:00,Operator A,Concealed_5g,5g,ANON_5G_CON_IMSI_A0_0360a24e68596dcaaa6bedf7c16426165836dbf1432af8c1b94c432ae7243a79f983db0204447e0c9f00ebc34fce,3709421526
2026-03-23T05:13:09.858843+00:00,Operator A,Concealed_5g,5g,ANON_5G_CON_IMSI_A0_03fd384c688edd69c2cb5e0efc9c6ab9f6483e0ef8e5beabf488fdad2b6f2505de83fb1915b3bf50ff6393ee6585,3709749117
2026-03-23T05:17:55.675529+00:00,Operator A,Concealed_5g,5g,ANON_5G_CON_IMSI_A0_03f12ba52dfb6326ca0aa5f9164692d817f1d12cb1aecf9c5b55ca69949a54b62aa14f61aafdc29a383d72d7d470,3709945673
2026-03-23T05:18:05.895440+00:00,Operator A,Concealed_5g,5g,ANON_5G_CON_IMSI_A0_03f12ba52dfb6326ca0aa5f9164692d817f1d12cb1aecf9c5b55ca69949a54b62aa14f61aafdc29a383d72d7d470,3709945673
2026-03-23T05:18:16.075373+00:00,Operator A,Concealed_5g,5g,ANON_5G_CON_IMSI_A0_03f12ba52dfb6326ca0aa5f9164692d817f1d12cb1aecf9c5b55ca69949a54b62aa14f61aafdc29a383d72d7d470,3709945673
2026-03-23T05:18:26.260338+00:00,Operator A,Concealed_5g,5g,ANON_5G_CON_IMSI_A0_03f12ba52dfb6326ca0aa5f9164692d817f1d12cb1aecf9c5b55ca69949a54b62aa14f61aafdc29a383d72d7d470,3709945673
2026-03-23T05:18:36.460304+00:00,Operator A,Concealed_5g,5g,ANON_5G_CON_IMSI_A0_03f12ba52dfb6326ca0aa5f9164692d817f1d12cb1aecf9c5b55ca69949a54b62aa14f61aafdc29a383d72d7d470,3709945673
2026-03-23T05:35:03.272337+00:00,Operator A,Concealed_5g,5g,ANON_5G_CON_IMSI_A0_03fb9ad4070f35bbd4f1bacace4d659ff1cf520c9adf40cc30b207e7793b88772c819c389027665c86c11c7482db,3710273491
2026-03-23T05:40:06.280072+00:00,Operator A,Concealed_5g,5g,ANON_5G_CON_IMSI_A0_03208b0c0eba2825d8e36c162ee24e027c82d65b5638c84425d442011ff675f93cce7e210b14911151be5528221b,3710338932
2026-03-23T05:40:16.479842+00:00,Operator A,Concealed_5g,5g,ANON_5G_CON_IMSI_A0_03208b0c0eba2825d8e36c162ee24e027c82d65b5638c84425d442011ff675f93cce7e210b14911151be5528221b,3710338932
2026-03-23T05:40:26.659840+00:00,Operator A,Concealed_5g,5g,ANON_5G_CON_IMSI_A0_03208b0c0eba2825d8e36c162ee24e027c82d65b5638c84425d442011ff675f93cce7e210b14911151be5528221b,3710338932
2026-03-23T05:40:36.844939+00:00,Operator A,Concealed_5g,5g,ANON_5G_CON_IMSI_A0_03208b0c0eba2825d8e36c162ee24e027c82d65b5638c84425d442011ff675f93cce7e210b14911151be5528221b,3710338932
2026-03-23T05:55:15.878987+00:00,Operator A,Concealed_5g,5g,ANON_5G_CON_IMSI_A0_03863efe90589f9dc40e7b81f16a30251ebca36bc01f7df703b8c009c1bd0ed092e451773af951139af84fcd56ac,3710797795
2026-03-23T05:55:26.118931+00:00,Operator A,Concealed_5g,5g,ANON_5G_CON_IMSI_A0_03863efe90589f9dc40e7b81f16a30251ebca36bc01f7df703b8c009c1bd0ed092e451773af951139af84fcd56ac,3710797795
2026-03-23T05:55:36.318930+00:00,Operator A,Concealed_5g,5g,ANON_5G_CON_IMSI_A0_03863efe90589f9dc40e7b81f16a30251ebca36bc01f7df703b8c009c1bd0ed092e451773af951139af84fcd56ac,3710797795
2026-03-23T05:55:46.523961+00:00,Operator A,Concealed_5g,5g,ANON_5G_CON_IMSI_A0_03863efe90589f9dc40e7b81f16a30251ebca36bc01f7df703b8c009c1bd0ed092e451773af951139af84fcd56ac,3710797795
2026-03-23T05:55:56.703928+00:00,Operator A,Concealed_5g,5g,ANON_5G_CON_IMSI_A0_03863efe90589f9dc40e7b81f16a30251ebca36bc01f7df703b8c009c1bd0ed092e451773af951139af84fcd56ac,3710797795
2026-03-23T06:12:27.196259+00:00,Operator A,Concealed_5g,5g,ANON_5G_CON_IMSI_A0_038141b0b32cf01b7ddeeef9ea2bcc367d670e79f673c460b33f375ba0c1c691d30b85ef574ae55d9ebb474233d8,3711321948
2026-03-23T06:33:40.602180+00:00,Operator A,Concealed_5g,5g,ANON_5G_CON_IMSI_A0_0337b3eb3ba7b2d6c01142e0900cf9b50e4615d4ab5d8d0241ac508136d5431bba49e5352fdda30bb5fb4efc771e,3711649644
2026-03-23T06:33:50.802088+00:00,Operator A,Concealed_5g,5g,ANON_5G_CON_IMSI_A0_0337b3eb3ba7b2d6c01142e0900cf9b50e4615d4ab5d8d0241ac508136d5431bba49e5352fdda30bb5fb4efc771e,3711649644
2026-03-23T06:34:01.022053+00:00,Operator A,Concealed_5g,5g,ANON_5G_CON_IMSI_A0_0337b3eb3ba7b2d6c01142e0900cf9b50e4615d4ab5d8d0241ac508136d5431bba49e5352fdda30bb5fb4efc771e,3711649644
2026-03-23T06:34:11.207092+00:00,Operator A,Concealed_5g,5g,ANON_5G_CON_IMSI_A0_0337b3eb3ba7b2d6c01142e0900cf9b50e4615d4ab5d8d0241ac508136d5431bba49e5352fdda30bb5fb4efc771e,3711649644
2026-03-23T06:34:21.407077+00:00,Operator A,Concealed_5g,5g,ANON_5G_CON_IMSI_A0_0337b3eb3ba7b2d6c01142e0900cf9b50e4615d4ab5d8d0241ac508136d5431bba49e5352fdda30bb5fb4efc771e,3711649644
2026-03-23T06:55:57.005042+00:00,Operator A,Concealed_5g,5g,ANON_5G_CON_IMSI_A0_033cf54b4564830b836289ee0e21ae51f3c910ec99a3a9bd5b9768368adfb8a8adcda309aa74cbcf91b2f136af4f,3712698321
2026-03-23T06:56:07.224919+00:00,Operator A,Concealed_5g,5g,ANON_5G_CON_IMSI_A0_033cf54b4564830b836289ee0e21ae51f3c910ec99a3a9bd5b9768368adfb8a8adcda309aa74cbcf91b2f136af4f,3712698321
2026-03-23T06:56:17.424960+00:00,Operator A,Concealed_5g,5g,ANON_5G_CON_IMSI_A0_033cf54b4564830b836289ee0e21ae51f3c910ec99a3a9bd5b9768368adfb8a8adcda309aa74cbcf91b2f136af4f,3712698321
2026-03-23T07:00:59.806210+00:00,Operator A,Concealed_5g,5g,ANON_5G_CON_IMSI_A0_03ff4fa35bfbaac102412ffe56f4431babe495689635d92f78f2e6831580f686bf78e8bf9f86e08ae6b2175806e1,3712894806
2026-03-23T07:01:10.026204+00:00,Operator A,Concealed_5g,5g,ANON_5G_CON_IMSI_A0_03ff4fa35bfbaac102412ffe56f4431babe495689635d92f78f2e6831580f686bf78e8bf9f86e08ae6b2175806e1,3712894806
2026-03-23T07:01:20.206181+00:00,Operator A,Concealed_5g,5g,ANON_5G_CON_IMSI_A0_03ff4fa35bfbaac102412ffe56f4431babe495689635d92f78f2e6831580f686bf78e8bf9f86e08ae6b2175806e1,3712894806
2026-03-23T07:01:30.411250+00:00,Operator A,Concealed_5g,5g,ANON_5G_CON_IMSI_A0_03ff4fa35bfbaac102412ffe56f4431babe495689635d92f78f2e6831580f686bf78e8bf9f86e08ae6b2175806e1,3712894806
2026-03-23T07:01:40.611172+00:00,Operator A,Concealed_5g,5g,ANON_5G_CON_IMSI_A0_03ff4fa35bfbaac102412ffe56f4431babe495689635d92f78f2e6831580f686bf78e8bf9f86e08ae6b2175806e1,3712894806
2026-03-23T07:18:12.063577+00:00,Operator A,Concealed_5g,5g,ANON_5G_CON_IMSI_A0_03e0d73aeb209609fa3e553096d78416154e7f1a36e8a2a1ca7d73f45c8c9d29c5df4fd1918b14139ec5d849af09,3713615694
2026-03-23T07:23:14.076446+00:00,Operator A,Concealed_5g,5g,ANON_5G_CON_IMSI_A0_03d429aef80158d970f50925b6d55b988a0b59216cc31444ecc5403f020f99905220d2a6389a97ce5d88655e67d7,3713877861
2026-03-23T07:23:24.276378+00:00,Operator A,Concealed_5g,5g,ANON_5G_CON_IMSI_A0_03d429aef80158d970f50925b6d55b988a0b59216cc31444ecc5403f020f99905220d2a6389a97ce5d88655e67d7,3713877861
2026-03-23T07:23:34.456412+00:00,Operator A,Concealed_5g,5g,ANON_5G_CON_IMSI_A0_03d429aef80158d970f50925b6d55b988a0b59216cc31444ecc5403f020f99905220d2a6389a97ce5d88655e67d7,3713877861
2026-03-23T07:55:49.154254+00:00,Operator A,Concealed_5g,5g,ANON_5G_CON_IMSI_A0_0361c5e215e097ee4eca1bdf85716cab89c0ad16c2b02f2f0d6f2e724315c4e2d708d51e617ace921d31e5b39098,3747039224
2026-03-23T07:55:59.394065+00:00,Operator A,Concealed_5g,5g,ANON_5G_CON_IMSI_A0_0361c5e215e097ee4eca1bdf85716cab89c0ad16c2b02f2f0d6f2e724315c4e2d708d51e617ace921d31e5b39098,3747039224
2026-03-23T07:56:09.614161+00:00,Operator A,Concealed_5g,5g,ANON_5G_CON_IMSI_A0_0361c5e215e097ee4eca1bdf85716cab89c0ad16c2b02f2f0d6f2e724315c4e2d708d51e617ace921d31e5b39098,3747039224
2026-03-23T07:56:19.839024+00:00,Operator A,Concealed_5g,5g,ANON_5G_CON_IMSI_A0_0361c5e215e097ee4eca1bdf85716cab89c0ad16c2b02f2f0d6f2e724315c4e2d708d51e617ace921d31e5b39098,3747039224
2026-03-23T07:56:30.039255+00:00,Operator A,Concealed_5g,5g,ANON_5G_CON_IMSI_A0_0361c5e215e097ee4eca1bdf85716cab89c0ad16c2b02f2f0d6f2e724315c4e2d708d51e617ace921d31e5b39098,3747039224
2026-03-23T08:40:18.206599+00:00,Operator A,Concealed_5g,5g,ANON_5G_CON_IMSI_A0_0321e124bc60768ac9618788a06c88a9f549aa458adba5c5e62dfc7ff771dad0169ae370537b83fe0b751afa347c,3717351245
2026-03-23T09:01:36.570726+00:00,Operator A,Concealed_5g,5g,ANON_5G_CON_IMSI_A0_03929800059520fc885685077adb24ab96cb5517f39bfc6bbf5359b203223b9538e2d8527c69b952e2a7d8b308a1,3718399852
2026-03-23T09:01:46.830528+00:00,Operator A,Concealed_5g,5g,ANON_5G_CON_IMSI_A0_03929800059520fc885685077adb24ab96cb5517f39bfc6bbf5359b203223b9538e2d8527c69b952e2a7d8b308a1,3718399852
2026-03-23T09:01:57.010489+00:00,Operator A,Concealed_5g,5g,ANON_5G_CON_IMSI_A0_03929800059520fc885685077adb24ab96cb5517f39bfc6bbf5359b203223b9538e2d8527c69b952e2a7d8b308a1,3718399852
2026-03-23T09:02:07.215532+00:00,Operator A,Concealed_5g,5g,ANON_5G_CON_IMSI_A0_03929800059520fc885685077adb24ab96cb5517f39bfc6bbf5359b203223b9538e2d8527c69b952e2a7d8b308a1,3718399852
2026-03-23T09:02:17.435576+00:00,Operator A,Concealed_5g,5g,ANON_5G_CON_IMSI_A0_03929800059520fc885685077adb24ab96cb5517f39bfc6bbf5359b203223b9538e2d8527c69b952e2a7d8b308a1,3718399852
2026-03-23T09:23:35.791169+00:00,Operator A,Concealed_5g,5g,ANON_5G_CON_IMSI_A0_036854b7acde1e4646cd72fd7138cee9753e7ccb6114ceb4101702de01c1f89f742aeca05d5c0605c2cf180293b6,3719513960
2026-03-23T09:23:46.030952+00:00,Operator A,Concealed_5g,5g,ANON_5G_CON_IMSI_A0_036854b7acde1e4646cd72fd7138cee9753e7ccb6114ceb4101702de01c1f89f742aeca05d5c0605c2cf180293b6,3719513960
2026-03-23T09:23:56.231024+00:00,Operator A,Concealed_5g,5g,ANON_5G_CON_IMSI_A0_036854b7acde1e4646cd72fd7138cee9753e7ccb6114ceb4101702de01c1f89f742aeca05d5c0605c2cf180293b6,3719513960
2026-03-23T09:24:06.416065+00:00,Operator A,Concealed_5g,5g,ANON_5G_CON_IMSI_A0_036854b7acde1e4646cd72fd7138cee9753e7ccb6114ceb4101702de01c1f89f742aeca05d5c0605c2cf180293b6,3719513960
2026-03-23T09:24:16.596123+00:00,Operator A,Concealed_5g,5g,ANON_5G_CON_IMSI_A0_036854b7acde1e4646cd72fd7138cee9753e7ccb6114ceb4101702de01c1f89f742aeca05d5c0605c2cf180293b6,3719513960
2026-04-14T09:48:58.237332+00:00,Operator A,Concealed_5g,5g,ANON_5G_CON_IMSI_A0_03f41ae254bbc034abef25ac0e828182a5d1e20f123f3c384d8e894b21067f6bc27d6d7775027d206c29c8fbeec1,3522054086
2026-04-14T09:49:08.397218+00:00,Operator A,Concealed_5g,5g,ANON_5G_CON_IMSI_A0_03f41ae254bbc034abef25ac0e828182a5d1e20f123f3c384d8e894b21067f6bc27d6d7775027d206c29c8fbeec1,3522054086
2026-04-14T09:49:18.517093+00:00,Operator A,Concealed_5g,5g,ANON_5G_CON_IMSI_A0_03f41ae254bbc034abef25ac0e828182a5d1e20f123f3c384d8e894b21067f6bc27d6d7775027d206c29c8fbeec1,3522054086
2026-04-14T09:54:37.916510+00:00,Operator A,Concealed_5g,5g,ANON_5G_CON_IMSI_A0_037c6b4c7e6818781804dea5013c4f1ad8999cd8552701edeb119b4da9cc9c070db26bf94c633c73f3ea0eb8bf16,3523823446
2026-04-14T09:54:48.076426+00:00,Operator A,Concealed_5g,5g,ANON_5G_CON_IMSI_A0_037c6b4c7e6818781804dea5013c4f1ad8999cd8552701edeb119b4da9cc9c070db26bf94c633c73f3ea0eb8bf16,3523823446
2026-04-14T10:00:06.690853+00:00,Operator A,Concealed_5g,5g,ANON_5G_CON_IMSI_A0_0352212f6400a4004bd34e47f70a9a2b7440cb82ea2cf22fb2c0e20fc9a36ae91ab85496b7036fc96ff2316f5c13,3524085594
2026-04-14T10:00:16.850689+00:00,Operator A,Concealed_5g,5g,ANON_5G_CON_IMSI_A0_0352212f6400a4004bd34e47f70a9a2b7440cb82ea2cf22fb2c0e20fc9a36ae91ab85496b7036fc96ff2316f5c13,3524085594
2026-04-14T10:05:35.293440+00:00,Operator A,Concealed_5g,5g,ANON_5G_CON_IMSI_A0_03690af179e56a6aca09f59f7f14982557559a7edf12591d48ce847336b906ce3d9773b87303acfed0320794a770,3524282233
2026-04-14T10:05:45.453351+00:00,Operator A,Concealed_5g,5g,ANON_5G_CON_IMSI_A0_03690af179e56a6aca09f59f7f14982557559a7edf12591d48ce847336b906ce3d9773b87303acfed0320794a770,3524282233
2026-04-14T10:11:04.829205+00:00,Operator A,Concealed_5g,5g,ANON_5G_CON_IMSI_A0_036a48ab842a842284249de16f5b31d8b6ef3c60b4b4cf24fd783778e86e9f94b2287e1820c8fb3991d1b1d13e60,3524544336
2026-04-14T10:11:14.988972+00:00,Operator A,Concealed_5g,5g,ANON_5G_CON_IMSI_A0_036a48ab842a842284249de16f5b31d8b6ef3c60b4b4cf24fd783778e86e9f94b2287e1820c8fb3991d1b1d13e60,3524544336
2026-04-14T10:16:32.784912+00:00,Operator A,Concealed_5g,5g,ANON_5G_CON_IMSI_A0_0335271bfa83f56a14f5a18ece72f73cb19b75a240a53c5b16a2c5c5354a9c191921ebd1ed305712ab11c66a7564,3524741113
2026-04-14T10:16:42.944887+00:00,Operator A,Concealed_5g,5g,ANON_5G_CON_IMSI_A0_0335271bfa83f56a14f5a18ece72f73cb19b75a240a53c5b16a2c5c5354a9c191921ebd1ed305712ab11c66a7564,3524741113
2026-04-14T10:22:02.221745+00:00,Operator A,Concealed_5g,5g,ANON_5G_CON_IMSI_A0_0395fe1f7c3e684c7eb7cb78c90085a59186f26116616c16d83aa890b7dcd61e1601547fe402b22986860cf7ac56,3525003240
2026-04-14T10:22:12.381590+00:00,Operator A,Concealed_5g,5g,ANON_5G_CON_IMSI_A0_0395fe1f7c3e684c7eb7cb78c90085a59186f26116616c16d83aa890b7dcd61e1601547fe402b22986860cf7ac56,3525003240
2026-04-14T10:27:31.404047+00:00,Operator A,Concealed_5g,5g,ANON_5G_CON_IMSI_A0_03757f116e9322cf462321556854ea26a97e0de06489ec2bd3613abc92743d09c6827cf5b7ae6d6f5a22d02f96d9,3525265267
2026-04-14T10:27:41.563906+00:00,Operator A,Concealed_5g,5g,ANON_5G_CON_IMSI_A0_03757f116e9322cf462321556854ea26a97e0de06489ec2bd3613abc92743d09c6827cf5b7ae6d6f5a22d02f96d9,3525265267
2026-04-14T10:33:00.041721+00:00,Operator A,Concealed_5g,5g,ANON_5G_CON_IMSI_A0_0317db90c8cd3d10271206adcb7cd4d9656532fd91698c25c574060e3af9ed5fd3afa7ad4a05ced7b00672a96bf7,3525462005
2026-04-14T10:33:10.201685+00:00,Operator A,Concealed_5g,5g,ANON_5G_CON_IMSI_A0_0317db90c8cd3d10271206adcb7cd4d9656532fd91698c25c574060e3af9ed5fd3afa7ad4a05ced7b00672a96bf7,3525462005
2026-04-14T10:38:28.780460+00:00,Operator A,Concealed_5g,5g,ANON_5G_CON_IMSI_A0_03a75997808d4b629053e379acbda233f20b6cffb5faa71821dc11feb0f483e15d54c31ddd6694a61de792466820,3525724130
2026-04-14T10:38:38.940418+00:00,Operator A,Concealed_5g,5g,ANON_5G_CON_IMSI_A0_03a75997808d4b629053e379acbda233f20b6cffb5faa71821dc11feb0f483e15d54c31ddd6694a61de792466820,3525724130
2026-04-14T10:43:57.042053+00:00,Operator A,Concealed_5g,5g,ANON_5G_CON_IMSI_A0_03acfa4662a36fd0ffbf43187e97107e375802dc11ddcd25c99d967c246fed46e433a07224c710d3c50cc74bc8fe,3525986242
2026-04-14T10:44:07.201978+00:00,Operator A,Concealed_5g,5g,ANON_5G_CON_IMSI_A0_03acfa4662a36fd0ffbf43187e97107e375802dc11ddcd25c99d967c246fed46e433a07224c710d3c50cc74bc8fe,3525986242
2026-04-14T10:49:24.925934+00:00,Operator A,Concealed_5g,5g,ANON_5G_CON_IMSI_A0_03cde2c26cc07691bba816e208ec89942d0e20b23aa2f01a5e8ffaf46ab04e1df59e39387ccced28e910dd180ad8,3526248277
2026-04-14T10:49:35.086001+00:00,Operator A,Concealed_5g,5g,ANON_5G_CON_IMSI_A0_03cde2c26cc07691bba816e208ec89942d0e20b23aa2f01a5e8ffaf46ab04e1df59e39387ccced28e910dd180ad8,3526248277
2026-04-14T10:54:43.371835+00:00,Operator A,Concealed_5g,5g,ANON_5G_CON_IMSI_A0_03d1b2edac58aaf26ca3f55f659460bd9ec53dd09fdc1f20f104ad5e27c8d314075b3ee29d9c0429846a31061544,3526510416
2026-04-14T10:54:53.531829+00:00,Operator A,Concealed_5g,5g,ANON_5G_CON_IMSI_A0_03d1b2edac58aaf26ca3f55f659460bd9ec53dd09fdc1f20f104ad5e27c8d314075b3ee29d9c0429846a31061544,3526510416
2026-04-14T10:55:03.651878+00:00,Operator A,Concealed_5g,5g,ANON_5G_CON_IMSI_A0_03d1b2edac58aaf26ca3f55f659460bd9ec53dd09fdc1f20f104ad5e27c8d314075b3ee29d9c0429846a31061544,3526510416
2026-04-14T11:00:22.590776+00:00,Operator A,Concealed_5g,5g,ANON_5G_CON_IMSI_A0_03f24392d00ae07b0158e61df716bf13ed14c8a9f908d2f6917fcd715075554523904207343b52f300a44ca35c20,3526707186
2026-04-14T11:00:32.750642+00:00,Operator A,Concealed_5g,5g,ANON_5G_CON_IMSI_A0_03f24392d00ae07b0158e61df716bf13ed14c8a9f908d2f6917fcd715075554523904207343b52f300a44ca35c20,3526707186
2026-04-14T11:05:51.884346+00:00,Operator A,Concealed_5g,5g,ANON_5G_CON_IMSI_A0_03d497746fcc589419d2b48a20f2e54a470a426661680f4ff84da372dbf4b0ac4a72a63034c56d9f14fb768968d3,3526969332
2026-04-14T11:06:02.044192+00:00,Operator A,Concealed_5g,5g,ANON_5G_CON_IMSI_A0_03d497746fcc589419d2b48a20f2e54a470a426661680f4ff84da372dbf4b0ac4a72a63034c56d9f14fb768968d3,3526969332
2026-04-14T11:10:57.831402+00:00,Operator A,Concealed_5g,5g,ANON_5G_CON_IMSI_A0_03fae257458bcdd416398f6900acec4645074a1e2d28d5b4cae39000b65f19f8d9b26f207ca809fc6d02986e84f2,3527296854
2026-04-14T11:11:07.991444+00:00,Operator A,Concealed_5g,5g,ANON_5G_CON_IMSI_A0_03fae257458bcdd416398f6900acec4645074a1e2d28d5b4cae39000b65f19f8d9b26f207ca809fc6d02986e84f2,3527296854
2026-04-14T11:11:18.111430+00:00,Operator A,Concealed_5g,5g,ANON_5G_CON_IMSI_A0_03fae257458bcdd416398f6900acec4645074a1e2d28d5b4cae39000b65f19f8d9b26f207ca809fc6d02986e84f2,3527296854
2026-04-14T11:11:28.216440+00:00,Operator A,Concealed_5g,5g,ANON_5G_CON_IMSI_A0_03fae257458bcdd416398f6900acec4645074a1e2d28d5b4cae39000b65f19f8d9b26f207ca809fc6d02986e84f2,3527296854
2026-04-14T11:13:15.246851+00:00,Operator A,Quectel,4g,ANON_IMSI_A2,3581560807
2026-04-14T11:13:35.130871+00:00,Operator A,Quectel,4g,ANON_IMSI_A2,3581560807
2026-04-14T11:18:42.229345+00:00,Operator A,Quectel,4g,ANON_IMSI_A2,3581626363
2026-04-14T11:19:03.951370+00:00,Operator A,Quectel,4g,ANON_IMSI_A2,3581626363
2026-04-14T11:27:23.401765+00:00,Operator A,Concealed_5g,5g,ANON_5G_CON_IMSI_A0_03be1182b181c5f1d7fa4475bdc017ccb5f4566d234099b1617d7925203798456062d7d2439c4bc3e6274f22ec46,3528214392
2026-04-14T11:27:33.561691+00:00,Operator A,Concealed_5g,5g,ANON_5G_CON_IMSI_A0_03be1182b181c5f1d7fa4475bdc017ccb5f4566d234099b1617d7925203798456062d7d2439c4bc3e6274f22ec46,3528214392
2026-04-14T11:27:43.681820+00:00,Operator A,Concealed_5g,5g,ANON_5G_CON_IMSI_A0_03be1182b181c5f1d7fa4475bdc017ccb5f4566d234099b1617d7925203798456062d7d2439c4bc3e6274f22ec46,3528214392
2026-04-14T11:27:53.806735+00:00,Operator A,Concealed_5g,5g,ANON_5G_CON_IMSI_A0_03be1182b181c5f1d7fa4475bdc017ccb5f4566d234099b1617d7925203798456062d7d2439c4bc3e6274f22ec46,3528214392
2026-04-14T11:29:45.291920+00:00,Operator A,Quectel,4g,ANON_IMSI_A2,3582216160
2026-04-14T11:30:02.215886+00:00,Operator A,Quectel,4g,ANON_IMSI_A2,3582216160
2026-04-14T11:44:02.535832+00:00,Operator A,Concealed_5g,5g,ANON_5G_CON_IMSI_A0_03b67077107e97cc8a02b31ba3dc021b49f5919ceff1bdb30b139b3382600e4ac4525f94eb8b3235c0c37e1afbc4,3529000787
2026-04-14T11:44:12.695873+00:00,Operator A,Concealed_5g,5g,ANON_5G_CON_IMSI_A0_03b67077107e97cc8a02b31ba3dc021b49f5919ceff1bdb30b139b3382600e4ac4525f94eb8b3235c0c37e1afbc4,3529000787
2026-04-14T11:44:22.815861+00:00,Operator A,Concealed_5g,5g,ANON_5G_CON_IMSI_A0_03b67077107e97cc8a02b31ba3dc021b49f5919ceff1bdb30b139b3382600e4ac4525f94eb8b3235c0c37e1afbc4,3529000787
2026-04-14T11:49:41.832779+00:00,Operator A,Concealed_5g,5g,ANON_5G_CON_IMSI_A0_03dc5160039fabb8a43b6c21d2c2c0238ff9038dbad3ce610db66e92de0be2d69e103a236ebda367a2b43707dc61,3284808546
2026-04-14T11:49:42.552759+00:00,Operator A,Concealed_5g,5g,ANON_5G_CON_IMSI_A0_0383538359d6bd016e91c5de94940d9186db6c936cd43a143a70679b896b3d15b60789d16d7482731ebe744c90d7,3529000944
2026-04-14T11:49:52.052664+00:00,Operator A,Concealed_5g,5g,ANON_5G_CON_IMSI_A0_03dc5160039fabb8a43b6c21d2c2c0238ff9038dbad3ce610db66e92de0be2d69e103a236ebda367a2b43707dc61,3284808546
2026-04-14T11:49:52.717732+00:00,Operator A,Concealed_5g,5g,ANON_5G_CON_IMSI_A0_0383538359d6bd016e91c5de94940d9186db6c936cd43a143a70679b896b3d15b60789d16d7482731ebe744c90d7,3529000944
2026-04-14T11:55:03.891564+00:00,Operator A,Concealed_5g,5g,ANON_5G_CON_IMSI_A0_0314cdb63c4144d372e663e02d4ba0039405c10ed2d65f7eba7d5772786273bf0dedc512df53273210691418e8cf,3285005254
2026-04-14T11:55:11.871466+00:00,Operator A,Concealed_5g,5g,ANON_5G_CON_IMSI_A0_03d966696dad9027cc0a6990a3b72893e248e29e6ba28a28a092764fdf42c5d59187944162163eea26dac34c2264,3529262939
2026-04-14T11:55:14.161541+00:00,Operator A,Concealed_5g,5g,ANON_5G_CON_IMSI_A0_0314cdb63c4144d372e663e02d4ba0039405c10ed2d65f7eba7d5772786273bf0dedc512df53273210691418e8cf,3285005254
2026-04-14T11:55:22.036377+00:00,Operator A,Concealed_5g,5g,ANON_5G_CON_IMSI_A0_03d966696dad9027cc0a6990a3b72893e248e29e6ba28a28a092764fdf42c5d59187944162163eea26dac34c2264,3529262939
2026-04-14T12:00:40.667948+00:00,Operator A,Concealed_5g,5g,ANON_5G_CON_IMSI_A0_0371bf362256848aed04b488c65e0b8a0af1b55c6a538549b05eaa4b528317d4660ddf0086269c94951cf16f7727,3529459651
2026-04-14T12:00:50.827767+00:00,Operator A,Concealed_5g,5g,ANON_5G_CON_IMSI_A0_0371bf362256848aed04b488c65e0b8a0af1b55c6a538549b05eaa4b528317d4660ddf0086269c94951cf16f7727,3529459651
2026-04-14T12:06:08.962488+00:00,Operator A,Concealed_5g,5g,ANON_5G_CON_IMSI_A0_03fb8917ddd9e1f0464cac8ecad660699f698154913807b33e130994af0daff0f2074b81b24697be72e94c3379fd,3529721664
2026-04-14T12:06:19.122532+00:00,Operator A,Concealed_5g,5g,ANON_5G_CON_IMSI_A0_03fb8917ddd9e1f0464cac8ecad660699f698154913807b33e130994af0daff0f2074b81b24697be72e94c3379fd,3529721664
2026-04-14T12:11:37.968977+00:00,Operator A,Concealed_5g,5g,ANON_5G_CON_IMSI_A0_0347b496cf35f6f01ea3943a374bc046b3ab04167fd5fcfa8739839a641096d01a33889b88c224974f19669bfb6e,3529918403
2026-04-14T12:11:48.128939+00:00,Operator A,Concealed_5g,5g,ANON_5G_CON_IMSI_A0_0347b496cf35f6f01ea3943a374bc046b3ab04167fd5fcfa8739839a641096d01a33889b88c224974f19669bfb6e,3529918403
2026-04-14T12:17:06.409098+00:00,Operator A,Concealed_5g,5g,ANON_5G_CON_IMSI_A0_0309e8d8dfd71fcafd36e107ddbea9fbc07a54416f3fce997ab288165b0d9aa96d5c84435ce934d29dbfd2237e43,3530180562
2026-04-14T12:17:16.589017+00:00,Operator A,Concealed_5g,5g,ANON_5G_CON_IMSI_A0_0309e8d8dfd71fcafd36e107ddbea9fbc07a54416f3fce997ab288165b0d9aa96d5c84435ce934d29dbfd2237e43,3530180562
2026-04-14T12:22:35.490882+00:00,Operator A,Concealed_5g,5g,ANON_5G_CON_IMSI_A0_03865be5d232edbdf703d7b04b110dfb845c303d9d2ec600c68bc8cc1121b700700b7538bc778fdebf8a6a36c3af,3530442718
2026-04-14T12:22:45.650900+00:00,Operator A,Concealed_5g,5g,ANON_5G_CON_IMSI_A0_03865be5d232edbdf703d7b04b110dfb845c303d9d2ec600c68bc8cc1121b700700b7538bc778fdebf8a6a36c3af,3530442718
2026-04-14T12:28:04.460594+00:00,Operator A,Concealed_5g,5g,ANON_5G_CON_IMSI_A0_0331bd63d448a36366704268f219b8ff201a2fddcc589bf2f6240a61351f2040e318a9d1c5c4df006e7e1e51ccc8,3530704839
2026-04-14T12:28:14.620550+00:00,Operator A,Concealed_5g,5g,ANON_5G_CON_IMSI_A0_0331bd63d448a36366704268f219b8ff201a2fddcc589bf2f6240a61351f2040e318a9d1c5c4df006e7e1e51ccc8,3530704839
2026-04-14T12:33:33.177588+00:00,Operator A,Concealed_5g,5g,ANON_5G_CON_IMSI_A0_033a47e086e3c65bfa4e092cd7e6200da68ae0b8b24f281230517ed4a541819b352a8c62cf51d43f1924eca336da,3530966895
2026-04-14T12:33:43.337642+00:00,Operator A,Concealed_5g,5g,ANON_5G_CON_IMSI_A0_033a47e086e3c65bfa4e092cd7e6200da68ae0b8b24f281230517ed4a541819b352a8c62cf51d43f1924eca336da,3530966895
2026-04-14T12:39:02.297638+00:00,Operator A,Concealed_5g,5g,ANON_5G_CON_IMSI_A0_0336a8356957c82d5422eb46f50410f142313dddc0480aee0cc50d7b4cf5697a49fe10c079b95b3cca96d1ca0f6e,3531229046
2026-04-14T12:39:12.457626+00:00,Operator A,Concealed_5g,5g,ANON_5G_CON_IMSI_A0_0336a8356957c82d5422eb46f50410f142313dddc0480aee0cc50d7b4cf5697a49fe10c079b95b3cca96d1ca0f6e,3531229046
2026-04-14T12:44:31.292441+00:00,Operator A,Concealed_5g,5g,ANON_5G_CON_IMSI_A0_0380bc16debb3ac749e25261a1ba40ed408e9cef8187ec9f9dd55f28d4c89e2a6de4663cf110b9b4f393a7df4f28,3531425759
2026-04-14T12:44:41.452534+00:00,Operator A,Concealed_5g,5g,ANON_5G_CON_IMSI_A0_0380bc16debb3ac749e25261a1ba40ed408e9cef8187ec9f9dd55f28d4c89e2a6de4663cf110b9b4f393a7df4f28,3531425759
2026-04-14T12:49:59.445042+00:00,Operator A,Concealed_5g,5g,ANON_5G_CON_IMSI_A0_03b991228d9274fadf003e04f8a8f6fc650cba575672798f05de63bb5e93e74a751d3b1234f3027dd7197778740c,3531622381
2026-04-14T12:50:09.605080+00:00,Operator A,Concealed_5g,5g,ANON_5G_CON_IMSI_A0_03b991228d9274fadf003e04f8a8f6fc650cba575672798f05de63bb5e93e74a751d3b1234f3027dd7197778740c,3531622381
2026-04-14T12:55:28.568696+00:00,Operator A,Concealed_5g,5g,ANON_5G_CON_IMSI_A0_03bdc1a0afe6aa38451ddeda02d36b1816c81ed2763fdec8b7e2750c644c783d3f14383a5003f53cb07a7e765be0,3531884371
2026-04-14T12:55:38.728397+00:00,Operator A,Concealed_5g,5g,ANON_5G_CON_IMSI_A0_03bdc1a0afe6aa38451ddeda02d36b1816c81ed2763fdec8b7e2750c644c783d3f14383a5003f53cb07a7e765be0,3531884371
2026-04-14T13:00:56.901199+00:00,Operator A,Concealed_5g,5g,ANON_5G_CON_IMSI_A0_0332644d2727a0a885613e00be86bfd95f6f8f99779395d333a571a09a93a2882e07f4207f2e511147ba8136e435,3532081113
2026-04-14T13:01:07.061067+00:00,Operator A,Concealed_5g,5g,ANON_5G_CON_IMSI_A0_0332644d2727a0a885613e00be86bfd95f6f8f99779395d333a571a09a93a2882e07f4207f2e511147ba8136e435,3532081113
2026-04-14T13:06:25.905346+00:00,Operator A,Concealed_5g,5g,ANON_5G_CON_IMSI_A0_039b43ffac628e1746093834d675f71ce59181dea08871cd3cd71f8614167d72458596ece533b44c7e8583638e7a,3532343294
2026-04-14T13:06:36.065291+00:00,Operator A,Concealed_5g,5g,ANON_5G_CON_IMSI_A0_039b43ffac628e1746093834d675f71ce59181dea08871cd3cd71f8614167d72458596ece533b44c7e8583638e7a,3532343294
2026-04-14T13:11:56.020977+00:00,Operator A,Concealed_5g,5g,ANON_5G_CON_IMSI_A0_03540fc49182fc47cfbd9cd224fa38095d87e7ef57ccdc43a931772014ae0e353d2ea9b20a054ba1117a7e4f28a6,3532670799
2026-04-14T13:12:06.180890+00:00,Operator A,Concealed_5g,5g,ANON_5G_CON_IMSI_A0_03540fc49182fc47cfbd9cd224fa38095d87e7ef57ccdc43a931772014ae0e353d2ea9b20a054ba1117a7e4f28a6,3532670799
2026-04-14T13:17:24.176299+00:00,Operator A,Concealed_5g,5g,ANON_5G_CON_IMSI_A0_039a9a1db9438665a59761d54a646c3f5ed29b465b5a931fe8f8a59332d691a8a129cdb0f25fa303e84c0343f51a,3532932957
2026-04-14T13:17:34.336271+00:00,Operator A,Concealed_5g,5g,ANON_5G_CON_IMSI_A0_039a9a1db9438665a59761d54a646c3f5ed29b465b5a931fe8f8a59332d691a8a129cdb0f25fa303e84c0343f51a,3532932957
2026-04-14T13:22:52.946831+00:00,Operator A,Concealed_5g,5g,ANON_5G_CON_IMSI_A0_03b1796d95671ac61b1ed8b82521c97d33b237a16ebdb545b3ce1a274293021084f93879137967e3bced6cb5de2c,3533195090
2026-04-14T13:23:03.106771+00:00,Operator A,Concealed_5g,5g,ANON_5G_CON_IMSI_A0_03b1796d95671ac61b1ed8b82521c97d33b237a16ebdb545b3ce1a274293021084f93879137967e3bced6cb5de2c,3533195090
2026-04-14T13:27:21.940754+00:00,Operator A,Concealed_5g,5g,ANON_5G_CON_IMSI_A0_0339ea87b8af91529ec6565474abb445b023e7408b656ffaa36881c93e3114da24bbb1e61d6560c54ece1a4e5621,3533391721
2026-04-14T13:27:32.100588+00:00,Operator A,Concealed_5g,5g,ANON_5G_CON_IMSI_A0_0339ea87b8af91529ec6565474abb445b023e7408b656ffaa36881c93e3114da24bbb1e61d6560c54ece1a4e5621,3533391721
2026-04-14T13:32:49.918635+00:00,Operator A,Concealed_5g,5g,ANON_5G_CON_IMSI_A0_03d7bb4f0ec3ef2918c7af55fd30d459ae2b5d73f7e81bf9fa7402ceddd7ec09b099003399255018beeed404925d,3533522915
2026-04-14T13:33:00.078807+00:00,Operator A,Concealed_5g,5g,ANON_5G_CON_IMSI_A0_03d7bb4f0ec3ef2918c7af55fd30d459ae2b5d73f7e81bf9fa7402ceddd7ec09b099003399255018beeed404925d,3533522915
2026-04-14T13:38:18.338860+00:00,Operator A,Concealed_5g,5g,ANON_5G_CON_IMSI_A0_036a168529d92453b61ca526f0d327ac398eaf5e6653e15b9fbc5f3600cd6f048c7f66ce256c29751738708c02ba,3533784938
2026-04-14T13:38:28.538889+00:00,Operator A,Concealed_5g,5g,ANON_5G_CON_IMSI_A0_036a168529d92453b61ca526f0d327ac398eaf5e6653e15b9fbc5f3600cd6f048c7f66ce256c29751738708c02ba,3533784938
2026-04-14T13:43:47.503324+00:00,Operator A,Concealed_5g,5g,ANON_5G_CON_IMSI_A0_03a69caf474075405f9b01d8525149b1bfe793b0b2dfe3f954032b18ee132fdfc24827d1232bb7e4777d87684ae8,3533981672
2026-04-14T13:43:57.663121+00:00,Operator A,Concealed_5g,5g,ANON_5G_CON_IMSI_A0_03a69caf474075405f9b01d8525149b1bfe793b0b2dfe3f954032b18ee132fdfc24827d1232bb7e4777d87684ae8,3533981672
2026-04-14T13:49:16.327993+00:00,Operator A,Concealed_5g,5g,ANON_5G_CON_IMSI_A0_033ede88a181e1f350a4e55df83b661811bbdc276d33934be2bcc31e61c5f8a6fb7a536fb2277dfd0132d90ae844,3534243662
2026-04-14T13:49:26.488063+00:00,Operator A,Concealed_5g,5g,ANON_5G_CON_IMSI_A0_033ede88a181e1f350a4e55df83b661811bbdc276d33934be2bcc31e61c5f8a6fb7a536fb2277dfd0132d90ae844,3534243662
2026-04-14T13:54:44.640146+00:00,Operator A,Concealed_5g,5g,ANON_5G_CON_IMSI_A0_037aa8984827935ba8c062d406335371ed003fa6bb4c0c57ab7c58625e8cfaf4cea129e83202bf173c692ee8635f,3534440398
2026-04-14T13:54:54.800093+00:00,Operator A,Concealed_5g,5g,ANON_5G_CON_IMSI_A0_037aa8984827935ba8c062d406335371ed003fa6bb4c0c57ab7c58625e8cfaf4cea129e83202bf173c692ee8635f,3534440398
2026-04-14T14:00:13.153014+00:00,Operator A,Concealed_5g,5g,ANON_5G_CON_IMSI_A0_0359ba4f00ebe3360311bf675682a129149171c8c0db1f17e53f9082fc50e5ec80ed83f5a166e8ab644856d960af,3534637030
2026-04-14T14:00:23.313057+00:00,Operator A,Concealed_5g,5g,ANON_5G_CON_IMSI_A0_0359ba4f00ebe3360311bf675682a129149171c8c0db1f17e53f9082fc50e5ec80ed83f5a166e8ab644856d960af,3534637030
2026-04-14T14:05:41.773479+00:00,Operator A,Concealed_5g,5g,ANON_5G_CON_IMSI_A0_0355267ac2b9ed330eaa45c6074187de8413470db69eac75ab1d62b00a40219cdfd1635c2e8532114dd432ead3bf,3534899139
2026-04-14T14:05:51.933321+00:00,Operator A,Concealed_5g,5g,ANON_5G_CON_IMSI_A0_0355267ac2b9ed330eaa45c6074187de8413470db69eac75ab1d62b00a40219cdfd1635c2e8532114dd432ead3bf,3534899139
2026-04-14T14:11:10.058216+00:00,Operator A,Concealed_5g,5g,ANON_5G_CON_IMSI_A0_035d3decff5e75df8e7ec9f0498a0f24f7bca9e19c6725f3e7db9a10c1a89498e074e2b19e726c9eb69a6cfa17da,3535161177
2026-04-14T14:11:20.218168+00:00,Operator A,Concealed_5g,5g,ANON_5G_CON_IMSI_A0_035d3decff5e75df8e7ec9f0498a0f24f7bca9e19c6725f3e7db9a10c1a89498e074e2b19e726c9eb69a6cfa17da,3535161177
2026-04-14T14:16:39.236950+00:00,Operator A,Concealed_5g,5g,ANON_5G_CON_IMSI_A0_036ed46a00d6496349438ce4d8020fa8ce9fe57dda7fc01af3f068184bd8a7cca5ba52e32006494c8f633268733c,3535423326
2026-04-14T14:16:49.396720+00:00,Operator A,Concealed_5g,5g,ANON_5G_CON_IMSI_A0_036ed46a00d6496349438ce4d8020fa8ce9fe57dda7fc01af3f068184bd8a7cca5ba52e32006494c8f633268733c,3535423326
2026-04-14T14:22:08.104065+00:00,Operator A,Concealed_5g,5g,ANON_5G_CON_IMSI_A0_037059cbda25ceca1c4d25a28387b177337f3032ae4de2961ba060faafc2c2dde4211b05eff91e000426eea2aae3,3535620070
2026-04-14T14:22:18.264007+00:00,Operator A,Concealed_5g,5g,ANON_5G_CON_IMSI_A0_037059cbda25ceca1c4d25a28387b177337f3032ae4de2961ba060faafc2c2dde4211b05eff91e000426eea2aae3,3535620070
2026-04-14T14:27:36.700763+00:00,Operator A,Concealed_5g,5g,ANON_5G_CON_IMSI_A0_03de3698024248463406a1717ed5acf74caa1cd1fb1ce9d4bc3f751fd5969033c0cbfa369d690909698d4418a875,3535882095
2026-04-14T14:27:46.860611+00:00,Operator A,Concealed_5g,5g,ANON_5G_CON_IMSI_A0_03de3698024248463406a1717ed5acf74caa1cd1fb1ce9d4bc3f751fd5969033c0cbfa369d690909698d4418a875,3535882095
2026-04-14T14:33:05.939920+00:00,Operator A,Concealed_5g,5g,ANON_5G_CON_IMSI_A0_03f564bac110d14624407d9506f09c989bb9f0d726a6ef5959049cd80b5f2bd0b0e982164176000a51a15b35154b,3536078793
2026-04-14T14:33:16.099717+00:00,Operator A,Concealed_5g,5g,ANON_5G_CON_IMSI_A0_03f564bac110d14624407d9506f09c989bb9f0d726a6ef5959049cd80b5f2bd0b0e982164176000a51a15b35154b,3536078793
2026-04-14T14:38:34.016628+00:00,Operator A,Concealed_5g,5g,ANON_5G_CON_IMSI_A0_0349754ef338d356addcfd1d390342b0eea10d840d8b69284e441eb717bc12554bd220f2f459db439002fba212a3,3536340852
2026-04-14T14:38:44.176617+00:00,Operator A,Concealed_5g,5g,ANON_5G_CON_IMSI_A0_0349754ef338d356addcfd1d390342b0eea10d840d8b69284e441eb717bc12554bd220f2f459db439002fba212a3,3536340852
2026-04-14T14:44:03.184749+00:00,Operator A,Concealed_5g,5g,ANON_5G_CON_IMSI_A0_03c821941ae1b0ce36f8ebe45fe67d9c82e77ec09b1453f880a160d2c03e70f62bf8855b749b7cd27bd3bbad2e15,3536602975
2026-04-14T14:44:13.344613+00:00,Operator A,Concealed_5g,5g,ANON_5G_CON_IMSI_A0_03c821941ae1b0ce36f8ebe45fe67d9c82e77ec09b1453f880a160d2c03e70f62bf8855b749b7cd27bd3bbad2e15,3536602975
2026-04-14T14:49:40.650775+00:00,Operator A,Concealed_5g,5g,ANON_5G_CON_IMSI_A0_038a29126aad588ce98a9fdb1aef456956f4bd67b7fa198e8c13c54c07184493ab3d98abeaa843d50d492b8e4c4c,3537061870
2026-04-14T14:54:23.955004+00:00,Operator A,Concealed_5g,5g,ANON_5G_CON_IMSI_A0_03f250134b6eb8970dc3463790fca936aab881acfe12c9b59d9087de7e8d29cd9b906807ebab45e893aa553e7703,3537323865
2026-04-14T14:54:34.115024+00:00,Operator A,Concealed_5g,5g,ANON_5G_CON_IMSI_A0_03f250134b6eb8970dc3463790fca936aab881acfe12c9b59d9087de7e8d29cd9b906807ebab45e893aa553e7703,3537323865
2026-04-14T14:54:44.234867+00:00,Operator A,Concealed_5g,5g,ANON_5G_CON_IMSI_A0_03f250134b6eb8970dc3463790fca936aab881acfe12c9b59d9087de7e8d29cd9b906807ebab45e893aa553e7703,3537323865
2026-04-14T14:54:54.339951+00:00,Operator A,Concealed_5g,5g,ANON_5G_CON_IMSI_A0_03f250134b6eb8970dc3463790fca936aab881acfe12c9b59d9087de7e8d29cd9b906807ebab45e893aa553e7703,3537323865
2026-04-14T14:55:04.459934+00:00,Operator A,Concealed_5g,5g,ANON_5G_CON_IMSI_A0_03f250134b6eb8970dc3463790fca936aab881acfe12c9b59d9087de7e8d29cd9b906807ebab45e893aa553e7703,3537323865
2026-04-14T14:56:49.175334+00:00,Operator A,Quectel,4g,ANON_IMSI_A2,3590735684
2026-04-14T14:57:14.179264+00:00,Operator A,Quectel,4g,ANON_IMSI_A2,3590735684
2026-04-14T15:10:48.312284+00:00,Operator A,Concealed_5g,5g,ANON_5G_CON_IMSI_A0_032c27fd1b3feea2932291f4d9a1fa69d84a0686bf0c50bdeac14b1b26cabfe2db48c7a2a283a80c1bab2902d6b1,3537979366
2026-04-14T15:10:58.472307+00:00,Operator A,Concealed_5g,5g,ANON_5G_CON_IMSI_A0_032c27fd1b3feea2932291f4d9a1fa69d84a0686bf0c50bdeac14b1b26cabfe2db48c7a2a283a80c1bab2902d6b1,3537979366
2026-04-14T15:11:08.592400+00:00,Operator A,Concealed_5g,5g,ANON_5G_CON_IMSI_A0_032c27fd1b3feea2932291f4d9a1fa69d84a0686bf0c50bdeac14b1b26cabfe2db48c7a2a283a80c1bab2902d6b1,3537979366
2026-04-14T15:11:18.717361+00:00,Operator A,Concealed_5g,5g,ANON_5G_CON_IMSI_A0_032c27fd1b3feea2932291f4d9a1fa69d84a0686bf0c50bdeac14b1b26cabfe2db48c7a2a283a80c1bab2902d6b1,3537979366
2026-04-14T15:11:28.837441+00:00,Operator A,Concealed_5g,5g,ANON_5G_CON_IMSI_A0_032c27fd1b3feea2932291f4d9a1fa69d84a0686bf0c50bdeac14b1b26cabfe2db48c7a2a283a80c1bab2902d6b1,3537979366
2026-04-14T15:13:24.235159+00:00,Operator A,Quectel,4g,ANON_IMSI_A2,3591391061
2026-04-14T15:13:42.159310+00:00,Operator A,Quectel,4g,ANON_IMSI_A2,3591391061
2026-04-14T15:18:51.110516+00:00,Operator A,Quectel,4g,ANON_IMSI_A2,3591456705
2026-04-14T15:19:16.116509+00:00,Operator A,Quectel,4g,ANON_IMSI_A2,3591456705
2026-04-14T15:27:26.467429+00:00,Operator A,Concealed_5g,5g,ANON_5G_CON_IMSI_A0_03004b38df1b56cbf37c6b51ef0f9c7d808eae564a86c6fa14c960b819e26f24d68b933001ee9100afe664286f6c,3538700144
2026-04-14T15:27:36.627412+00:00,Operator A,Concealed_5g,5g,ANON_5G_CON_IMSI_A0_03004b38df1b56cbf37c6b51ef0f9c7d808eae564a86c6fa14c960b819e26f24d68b933001ee9100afe664286f6c,3538700144
2026-04-14T15:27:46.747444+00:00,Operator A,Concealed_5g,5g,ANON_5G_CON_IMSI_A0_03004b38df1b56cbf37c6b51ef0f9c7d808eae564a86c6fa14c960b819e26f24d68b933001ee9100afe664286f6c,3538700144
2026-04-14T15:27:56.852381+00:00,Operator A,Concealed_5g,5g,ANON_5G_CON_IMSI_A0_03004b38df1b56cbf37c6b51ef0f9c7d808eae564a86c6fa14c960b819e26f24d68b933001ee9100afe664286f6c,3538700144
2026-04-14T15:28:06.972381+00:00,Operator A,Concealed_5g,5g,ANON_5G_CON_IMSI_A0_03004b38df1b56cbf37c6b51ef0f9c7d808eae564a86c6fa14c960b819e26f24d68b933001ee9100afe664286f6c,3538700144
2026-04-14T15:29:48.487023+00:00,Operator A,Quectel,4g,ANON_IMSI_A2,3591980884
2026-04-14T15:30:13.511127+00:00,Operator A,Quectel,4g,ANON_IMSI_A2,3591980884
2026-04-14T15:35:20.986632+00:00,Operator A,Quectel,4g,ANON_IMSI_A2,3592046564
2026-04-14T15:35:45.994644+00:00,Operator A,Quectel,4g,ANON_IMSI_A2,3592046564
2026-04-14T16:04:43.256191+00:00,Operator A,Concealed_5g,5g,ANON_5G_CON_IMSI_A0_030132b3b0d8de87aa59293df9c85f3e305e941da12a278c27008246d19c062ede035fc90a3724f0180160f8906e,3540404202
2026-04-14T16:04:53.416150+00:00,Operator A,Concealed_5g,5g,ANON_5G_CON_IMSI_A0_030132b3b0d8de87aa59293df9c85f3e305e941da12a278c27008246d19c062ede035fc90a3724f0180160f8906e,3540404202
2026-04-14T16:05:03.536218+00:00,Operator A,Concealed_5g,5g,ANON_5G_CON_IMSI_A0_030132b3b0d8de87aa59293df9c85f3e305e941da12a278c27008246d19c062ede035fc90a3724f0180160f8906e,3540404202
2026-04-14T16:05:13.641193+00:00,Operator A,Concealed_5g,5g,ANON_5G_CON_IMSI_A0_030132b3b0d8de87aa59293df9c85f3e305e941da12a278c27008246d19c062ede035fc90a3724f0180160f8906e,3540404202
2026-04-14T16:05:23.761132+00:00,Operator A,Concealed_5g,5g,ANON_5G_CON_IMSI_A0_030132b3b0d8de87aa59293df9c85f3e305e941da12a278c27008246d19c062ede035fc90a3724f0180160f8906e,3540404202
2026-04-14T16:07:14.593595+00:00,Operator A,Quectel,4g,ANON_IMSI_A2,3593488250
2026-04-14T16:07:27.697597+00:00,Operator A,Quectel,4g,ANON_IMSI_A2,3593488250
2026-04-14T16:21:44.246582+00:00,Operator A,Concealed_5g,5g,ANON_5G_CON_IMSI_A0_03016d0fcd01ca26384aeb9c45cca2fa7bef7f823b9671be11a3789b651860ccc8283f85d4bbef9833ce7c71ef6a,3541256145
2026-04-14T16:26:47.889532+00:00,Operator A,Concealed_5g,5g,ANON_5G_CON_IMSI_A0_035a53496b865e326abba84aff3c78badced56bc3c44cb52ada9b0bf49b0cf79aa9006f6f3c500ac5a9c6cb57ee2,3541583687
2026-04-14T16:26:58.049461+00:00,Operator A,Concealed_5g,5g,ANON_5G_CON_IMSI_A0_035a53496b865e326abba84aff3c78badced56bc3c44cb52ada9b0bf49b0cf79aa9006f6f3c500ac5a9c6cb57ee2,3541583687
2026-04-14T16:27:08.169486+00:00,Operator A,Concealed_5g,5g,ANON_5G_CON_IMSI_A0_035a53496b865e326abba84aff3c78badced56bc3c44cb52ada9b0bf49b0cf79aa9006f6f3c500ac5a9c6cb57ee2,3541583687
2026-04-14T16:27:18.274501+00:00,Operator A,Concealed_5g,5g,ANON_5G_CON_IMSI_A0_035a53496b865e326abba84aff3c78badced56bc3c44cb52ada9b0bf49b0cf79aa9006f6f3c500ac5a9c6cb57ee2,3541583687
2026-04-14T16:29:11.712095+00:00,Operator A,Quectel,4g,ANON_IMSI_A2,3594405705
2026-04-14T16:29:36.714225+00:00,Operator A,Quectel,4g,ANON_IMSI_A2,3594405705
2026-04-14T16:42:55.524263+00:00,Operator A,Concealed_5g,5g,ANON_5G_CON_IMSI_A0_034b2b262bdb0fca08e2be1748f3edee31ff86df9a3f1f643ea222d872f076648df2d0b870315757771a34ad9874,3542304708
2026-04-14T16:43:05.684354+00:00,Operator A,Concealed_5g,5g,ANON_5G_CON_IMSI_A0_034b2b262bdb0fca08e2be1748f3edee31ff86df9a3f1f643ea222d872f076648df2d0b870315757771a34ad9874,3542304708
2026-04-14T16:43:15.804299+00:00,Operator A,Concealed_5g,5g,ANON_5G_CON_IMSI_A0_034b2b262bdb0fca08e2be1748f3edee31ff86df9a3f1f643ea222d872f076648df2d0b870315757771a34ad9874,3542304708
2026-04-14T16:43:25.929332+00:00,Operator A,Concealed_5g,5g,ANON_5G_CON_IMSI_A0_034b2b262bdb0fca08e2be1748f3edee31ff86df9a3f1f643ea222d872f076648df2d0b870315757771a34ad9874,3542304708
2026-04-14T16:43:36.049188+00:00,Operator A,Concealed_5g,5g,ANON_5G_CON_IMSI_A0_034b2b262bdb0fca08e2be1748f3edee31ff86df9a3f1f643ea222d872f076648df2d0b870315757771a34ad9874,3542304708
2026-04-14T16:45:35.379599+00:00,Operator A,Quectel,4g,ANON_IMSI_A2,3595061104
2026-04-14T16:46:00.383643+00:00,Operator A,Quectel,4g,ANON_IMSI_A2,3595061104
2026-04-14T17:05:05.543087+00:00,Operator A,Concealed_5g,5g,ANON_5G_CON_IMSI_A0_032ec85408d453fcd46c0525a328da788bbd9091b02337cb3c5a56a6a56639841bf0466fead5e904152884e54617,3543353331
2026-04-14T17:05:15.722967+00:00,Operator A,Concealed_5g,5g,ANON_5G_CON_IMSI_A0_032ec85408d453fcd46c0525a328da788bbd9091b02337cb3c5a56a6a56639841bf0466fead5e904152884e54617,3543353331
2026-04-14T17:05:25.882918+00:00,Operator A,Concealed_5g,5g,ANON_5G_CON_IMSI_A0_032ec85408d453fcd46c0525a328da788bbd9091b02337cb3c5a56a6a56639841bf0466fead5e904152884e54617,3543353331
2026-04-14T17:05:36.007907+00:00,Operator A,Concealed_5g,5g,ANON_5G_CON_IMSI_A0_032ec85408d453fcd46c0525a328da788bbd9091b02337cb3c5a56a6a56639841bf0466fead5e904152884e54617,3543353331
2026-04-14T17:07:18.404956+00:00,Operator A,Quectel,4g,ANON_IMSI_A2,3595847677
2026-04-14T17:07:45.728826+00:00,Operator A,Quectel,4g,ANON_IMSI_A2,3595847677
2026-04-14T17:21:33.878912+00:00,Operator A,Concealed_5g,5g,ANON_5G_CON_IMSI_A0_03047601511a14d8906fd755ba1f27192bbc5f7b96e6b1a77a6ecaf2868e5dd46e73b19ceeea61f0ab1e3647c53b,3544205299
2026-04-14T17:21:44.038834+00:00,Operator A,Concealed_5g,5g,ANON_5G_CON_IMSI_A0_03047601511a14d8906fd755ba1f27192bbc5f7b96e6b1a77a6ecaf2868e5dd46e73b19ceeea61f0ab1e3647c53b,3544205299
2026-04-14T17:21:54.158852+00:00,Operator A,Concealed_5g,5g,ANON_5G_CON_IMSI_A0_03047601511a14d8906fd755ba1f27192bbc5f7b96e6b1a77a6ecaf2868e5dd46e73b19ceeea61f0ab1e3647c53b,3544205299
2026-04-14T17:22:04.283728+00:00,Operator A,Concealed_5g,5g,ANON_5G_CON_IMSI_A0_03047601511a14d8906fd755ba1f27192bbc5f7b96e6b1a77a6ecaf2868e5dd46e73b19ceeea61f0ab1e3647c53b,3544205299
2026-04-14T17:23:41.383661+00:00,Operator A,Quectel,4g,ANON_IMSI_A2,3596502902
2026-04-14T17:24:06.387724+00:00,Operator A,Quectel,4g,ANON_IMSI_A2,3596502902
2026-04-14T17:37:49.249776+00:00,Operator A,Concealed_5g,5g,ANON_5G_CON_IMSI_A0_03924f29a8164ab472478fd19a6d827235a228b700d7689cdfa8dc600c866f5ed502607876ad2680483f011b047f,3544991585
2026-04-14T17:37:59.409661+00:00,Operator A,Concealed_5g,5g,ANON_5G_CON_IMSI_A0_03924f29a8164ab472478fd19a6d827235a228b700d7689cdfa8dc600c866f5ed502607876ad2680483f011b047f,3544991585
2026-04-14T17:38:09.529763+00:00,Operator A,Concealed_5g,5g,ANON_5G_CON_IMSI_A0_03924f29a8164ab472478fd19a6d827235a228b700d7689cdfa8dc600c866f5ed502607876ad2680483f011b047f,3544991585
2026-04-14T17:38:19.654745+00:00,Operator A,Concealed_5g,5g,ANON_5G_CON_IMSI_A0_03924f29a8164ab472478fd19a6d827235a228b700d7689cdfa8dc600c866f5ed502607876ad2680483f011b047f,3544991585
2026-04-14T17:38:29.774630+00:00,Operator A,Concealed_5g,5g,ANON_5G_CON_IMSI_A0_03924f29a8164ab472478fd19a6d827235a228b700d7689cdfa8dc600c866f5ed502607876ad2680483f011b047f,3544991585
2026-04-14T17:40:27.537777+00:00,Operator A,Quectel,4g,ANON_IMSI_A2,3597092711
2026-04-14T17:40:46.079680+00:00,Operator A,Quectel,4g,ANON_IMSI_A2,3597092711
2026-04-14T17:45:34.420088+00:00,Operator A,Quectel,4g,ANON_IMSI_A2,3597158373
2026-04-14T17:45:54.462893+00:00,Operator A,Quectel,4g,ANON_IMSI_A2,3597158373
2026-04-14T17:54:20.462355+00:00,Operator A,Concealed_5g,5g,ANON_5G_CON_IMSI_A0_030202a15267769a38b5d79a14e130c7df2b7876805d4f4da10307734b4bcc0998fef2bc02c6c4c83ca98ce79d77,3545581526
2026-04-14T17:54:30.622503+00:00,Operator A,Concealed_5g,5g,ANON_5G_CON_IMSI_A0_030202a15267769a38b5d79a14e130c7df2b7876805d4f4da10307734b4bcc0998fef2bc02c6c4c83ca98ce79d77,3545581526
2026-04-14T17:54:40.742352+00:00,Operator A,Concealed_5g,5g,ANON_5G_CON_IMSI_A0_030202a15267769a38b5d79a14e130c7df2b7876805d4f4da10307734b4bcc0998fef2bc02c6c4c83ca98ce79d77,3545581526
2026-04-14T17:54:50.847454+00:00,Operator A,Concealed_5g,5g,ANON_5G_CON_IMSI_A0_030202a15267769a38b5d79a14e130c7df2b7876805d4f4da10307734b4bcc0998fef2bc02c6c4c83ca98ce79d77,3545581526
2026-04-14T17:56:44.839144+00:00,Operator A,Quectel,4g,ANON_IMSI_A2,3597682683
2026-04-14T17:57:09.843133+00:00,Operator A,Quectel,4g,ANON_IMSI_A2,3597682683
2026-04-14T18:02:37.168461+00:00,Operator A,Quectel,4g,ANON_IMSI_A2,3597813702
2026-04-14T18:11:09.274059+00:00,Operator A,Concealed_5g,5g,ANON_5G_CON_IMSI_A0_03e8350ec64651a8e30fff7de1d1ab791b476fbde85346ecaafca52cef61a8a3196062a63af49f3861a7ebf9cb7f,3546236745
2026-04-14T18:11:19.434037+00:00,Operator A,Concealed_5g,5g,ANON_5G_CON_IMSI_A0_03e8350ec64651a8e30fff7de1d1ab791b476fbde85346ecaafca52cef61a8a3196062a63af49f3861a7ebf9cb7f,3546236745
2026-04-14T18:16:38.708492+00:00,Operator A,Concealed_5g,5g,ANON_5G_CON_IMSI_A0_03833e6baccb7adbc9cbb54382efb7b366ebccd82b63edfcebde296ad3735606ee9a87afd3d28715faf878e82006,3546433368
2026-04-14T18:16:48.868430+00:00,Operator A,Concealed_5g,5g,ANON_5G_CON_IMSI_A0_03833e6baccb7adbc9cbb54382efb7b366ebccd82b63edfcebde296ad3735606ee9a87afd3d28715faf878e82006,3546433368
2026-04-14T18:27:15.863978+00:00,Operator A,Concealed_5g,5g,ANON_5G_CON_IMSI_A0_03d87b5773f2648acbc91d69ee664a9447a833a3033b2b3f7df97080bd5fcc22165daa30acaa6c8df5cb550cdd3e,3546761187
2026-04-14T18:27:26.024026+00:00,Operator A,Concealed_5g,5g,ANON_5G_CON_IMSI_A0_03d87b5773f2648acbc91d69ee664a9447a833a3033b2b3f7df97080bd5fcc22165daa30acaa6c8df5cb550cdd3e,3546761187
2026-04-14T18:27:36.163907+00:00,Operator A,Concealed_5g,5g,ANON_5G_CON_IMSI_A0_03d87b5773f2648acbc91d69ee664a9447a833a3033b2b3f7df97080bd5fcc22165daa30acaa6c8df5cb550cdd3e,3546761187
2026-04-14T18:27:46.288937+00:00,Operator A,Concealed_5g,5g,ANON_5G_CON_IMSI_A0_03d87b5773f2648acbc91d69ee664a9447a833a3033b2b3f7df97080bd5fcc22165daa30acaa6c8df5cb550cdd3e,3546761187
2026-04-14T19:05:29.408971+00:00,Operator A,Concealed_5g,5g,ANON_5G_CON_IMSI_A0_03fe1c0fa9db42d31028058d5ae4a992b1294a2b95445c4bc364b8358a1f8309bc1b9fadacffa6e51b93998bb721,3548071933
2026-04-14T19:05:39.589050+00:00,Operator A,Concealed_5g,5g,ANON_5G_CON_IMSI_A0_03fe1c0fa9db42d31028058d5ae4a992b1294a2b95445c4bc364b8358a1f8309bc1b9fadacffa6e51b93998bb721,3548071933
2026-04-14T19:05:49.709075+00:00,Operator A,Concealed_5g,5g,ANON_5G_CON_IMSI_A0_03fe1c0fa9db42d31028058d5ae4a992b1294a2b95445c4bc364b8358a1f8309bc1b9fadacffa6e51b93998bb721,3548071933
2026-04-14T19:05:59.834087+00:00,Operator A,Concealed_5g,5g,ANON_5G_CON_IMSI_A0_03fe1c0fa9db42d31028058d5ae4a992b1294a2b95445c4bc364b8358a1f8309bc1b9fadacffa6e51b93998bb721,3548071933
2026-04-14T19:06:09.974072+00:00,Operator A,Concealed_5g,5g,ANON_5G_CON_IMSI_A0_03fe1c0fa9db42d31028058d5ae4a992b1294a2b95445c4bc364b8358a1f8309bc1b9fadacffa6e51b93998bb721,3548071933
2026-04-14T19:07:51.044060+00:00,Operator A,Quectel,4g,ANON_IMSI_A2,3600238539
2026-04-14T19:08:04.685687+00:00,Operator A,Quectel,4g,ANON_IMSI_A2,3600238539
2026-04-14T19:08:24.541404+00:00,Operator A,Quectel,4g,ANON_IMSI_A2,3600238539
2026-04-14T19:27:46.165725+00:00,Operator A,Concealed_5g,5g,ANON_5G_CON_IMSI_A0_03ca7e017341fdfdeb2b37d67355e1c6c03cd1c25692452bef34f3e6dfdcc256fb60d028d9a74a8da2e5d2fcd003,3548727289
2026-04-14T19:27:56.325686+00:00,Operator A,Concealed_5g,5g,ANON_5G_CON_IMSI_A0_03ca7e017341fdfdeb2b37d67355e1c6c03cd1c25692452bef34f3e6dfdcc256fb60d028d9a74a8da2e5d2fcd003,3548727289
2026-04-14T19:28:06.445586+00:00,Operator A,Concealed_5g,5g,ANON_5G_CON_IMSI_A0_03ca7e017341fdfdeb2b37d67355e1c6c03cd1c25692452bef34f3e6dfdcc256fb60d028d9a74a8da2e5d2fcd003,3548727289
2026-04-14T19:33:22.888294+00:00,Operator A,Concealed_5g,5g,ANON_5G_CON_IMSI_A0_030ad66a9939b77b34912b7eef78619fd408ca19e194396148840cf06f5818dde76843f1b5d10472c7ec02f11066,3548792797
2026-04-14T19:33:33.048156+00:00,Operator A,Concealed_5g,5g,ANON_5G_CON_IMSI_A0_030ad66a9939b77b34912b7eef78619fd408ca19e194396148840cf06f5818dde76843f1b5d10472c7ec02f11066,3548792797
2026-04-14T19:38:51.338006+00:00,Operator A,Concealed_5g,5g,ANON_5G_CON_IMSI_A0_03358f9d527dd4101825bedd962f06ecb261978169e6a53389f991c45c8a0adf64cf43b9b570c8d4b72844a535a4,3548989396
2026-04-14T19:39:01.517868+00:00,Operator A,Concealed_5g,5g,ANON_5G_CON_IMSI_A0_03358f9d527dd4101825bedd962f06ecb261978169e6a53389f991c45c8a0adf64cf43b9b570c8d4b72844a535a4,3548989396
2026-04-14T19:44:19.564665+00:00,Operator A,Concealed_5g,5g,ANON_5G_CON_IMSI_A0_03dc7f384be339d76ace9d747fec7d8d046d0b58944464a158c61b3730910911d7d478385aeae55a9650ae11195b,3549185856
2026-04-14T19:44:29.724799+00:00,Operator A,Concealed_5g,5g,ANON_5G_CON_IMSI_A0_03dc7f384be339d76ace9d747fec7d8d046d0b58944464a158c61b3730910911d7d478385aeae55a9650ae11195b,3549185856
2026-04-14T19:49:48.238294+00:00,Operator A,Concealed_5g,5g,ANON_5G_CON_IMSI_A0_03a2e243d64f64038886ee4b604ecc8252cf13b1697affba528256e3cb4678e67cf3d9228d4eb996d0572635199b,3549316963
2026-04-14T19:49:58.398267+00:00,Operator A,Concealed_5g,5g,ANON_5G_CON_IMSI_A0_03a2e243d64f64038886ee4b604ecc8252cf13b1697affba528256e3cb4678e67cf3d9228d4eb996d0572635199b,3549316963
2026-04-14T19:55:17.213989+00:00,Operator A,Concealed_5g,5g,ANON_5G_CON_IMSI_A0_0390df8ef119a7ba9f44149f58b96499372fc49684dd860fef9df3133ec19cf886ec1309acb1be371979479a4abc,3549448052
2026-04-14T19:55:27.373890+00:00,Operator A,Concealed_5g,5g,ANON_5G_CON_IMSI_A0_0390df8ef119a7ba9f44149f58b96499372fc49684dd860fef9df3133ec19cf886ec1309acb1be371979479a4abc,3549448052
2026-04-14T20:00:46.876993+00:00,Operator A,Concealed_5g,5g,ANON_5G_CON_IMSI_A0_036661e506b24cb7488ed46788f18136ab2df65613a68b4c0a0da746fd1796f521b601d822fa7830d7db5c9c1f6b,3549579129
2026-04-14T20:00:57.036974+00:00,Operator A,Concealed_5g,5g,ANON_5G_CON_IMSI_A0_036661e506b24cb7488ed46788f18136ab2df65613a68b4c0a0da746fd1796f521b601d822fa7830d7db5c9c1f6b,3549579129
2026-04-14T20:06:15.502600+00:00,Operator A,Concealed_5g,5g,ANON_5G_CON_IMSI_A0_037d9976f0e245470471f63260d83bdd7689e6dda8fc0ccd0faa8d5dc6135f7f4b6c84226821d37d15bd0f8e009b,3549710294
2026-04-14T20:06:25.662484+00:00,Operator A,Concealed_5g,5g,ANON_5G_CON_IMSI_A0_037d9976f0e245470471f63260d83bdd7689e6dda8fc0ccd0faa8d5dc6135f7f4b6c84226821d37d15bd0f8e009b,3549710294
2026-04-14T20:11:43.367061+00:00,Operator A,Concealed_5g,5g,ANON_5G_CON_IMSI_A0_035b07c09ea8019e8ecba96d6c1c73f8161c475728a0e1856250d4c679e384a8ad1ef3825f1dd71930997492afa1,3549841376
2026-04-14T20:11:53.547111+00:00,Operator A,Concealed_5g,5g,ANON_5G_CON_IMSI_A0_035b07c09ea8019e8ecba96d6c1c73f8161c475728a0e1856250d4c679e384a8ad1ef3825f1dd71930997492afa1,3549841376
2026-04-14T20:17:12.415192+00:00,Operator A,Concealed_5g,5g,ANON_5G_CON_IMSI_A0_03a9395e24c86a8e4160105809d10e12a0717d0b8b6805528ee225c4c1260e81aa4cd6feac65de1184effc4d4e61,3549972455
2026-04-14T20:17:22.575320+00:00,Operator A,Concealed_5g,5g,ANON_5G_CON_IMSI_A0_03a9395e24c86a8e4160105809d10e12a0717d0b8b6805528ee225c4c1260e81aa4cd6feac65de1184effc4d4e61,3549972455
2026-04-14T20:22:41.043443+00:00,Operator A,Concealed_5g,5g,ANON_5G_CON_IMSI_A0_03adbfedd810389cfc3f69348a176eb296233089344de5ce135cd30416c9c52830f38c2e9e6e4fb0d52189d5c4ce,3550168902
2026-04-14T20:22:51.203552+00:00,Operator A,Concealed_5g,5g,ANON_5G_CON_IMSI_A0_03adbfedd810389cfc3f69348a176eb296233089344de5ce135cd30416c9c52830f38c2e9e6e4fb0d52189d5c4ce,3550168902
2026-04-14T20:28:09.428993+00:00,Operator A,Concealed_5g,5g,ANON_5G_CON_IMSI_A0_03afb3fd5725c4f8e9ff519aab3097fa5b0879924472014a12f0957830a1579a76137a00da6325e55e7a499d0208,3550300018
2026-04-14T20:28:19.588933+00:00,Operator A,Concealed_5g,5g,ANON_5G_CON_IMSI_A0_03afb3fd5725c4f8e9ff519aab3097fa5b0879924472014a12f0957830a1579a76137a00da6325e55e7a499d0208,3550300018
2026-04-14T20:33:38.714925+00:00,Operator A,Concealed_5g,5g,ANON_5G_CON_IMSI_A0_036d0be4f3fbe80d2f8c37084fedf59f35d687c2d99e46bf8556c4144a734564fa37ed5f06a6caf0c5897d43d7af,3550431083
2026-04-14T20:33:48.874901+00:00,Operator A,Concealed_5g,5g,ANON_5G_CON_IMSI_A0_036d0be4f3fbe80d2f8c37084fedf59f35d687c2d99e46bf8556c4144a734564fa37ed5f06a6caf0c5897d43d7af,3550431083
2026-04-14T20:39:07.439296+00:00,Operator A,Concealed_5g,5g,ANON_5G_CON_IMSI_A0_038e60cb65384201dc38a1b0dd99694afaa0832df6b7a76f945d3daee0ba178e6cfb1cde6e48f7452c69c303cc66,3550562170
2026-04-14T20:39:17.599288+00:00,Operator A,Concealed_5g,5g,ANON_5G_CON_IMSI_A0_038e60cb65384201dc38a1b0dd99694afaa0832df6b7a76f945d3daee0ba178e6cfb1cde6e48f7452c69c303cc66,3550562170
2026-04-14T20:44:36.360386+00:00,Operator A,Concealed_5g,5g,ANON_5G_CON_IMSI_A0_03c7aa79d4a95bbc100860c6cb4986b402629794fb5368c9bb7f4c2959a8ea272faf59a1e8e0977d3410c7f5a304,3550693240
2026-04-14T20:44:46.520336+00:00,Operator A,Concealed_5g,5g,ANON_5G_CON_IMSI_A0_03c7aa79d4a95bbc100860c6cb4986b402629794fb5368c9bb7f4c2959a8ea272faf59a1e8e0977d3410c7f5a304,3550693240
2026-04-14T20:50:05.381843+00:00,Operator A,Concealed_5g,5g,ANON_5G_CON_IMSI_A0_03fb9d05cdf044a950fa3fcc6a383c7899159b9411cf34c70179e48ccdc8f125a6327c07c662800c3c689ebafb17,3550824319
2026-04-14T20:50:15.541794+00:00,Operator A,Concealed_5g,5g,ANON_5G_CON_IMSI_A0_03fb9d05cdf044a950fa3fcc6a383c7899159b9411cf34c70179e48ccdc8f125a6327c07c662800c3c689ebafb17,3550824319
2026-04-14T20:55:33.595422+00:00,Operator A,Concealed_5g,5g,ANON_5G_CON_IMSI_A0_0322022e40592d4d06e953f21e398c8645cb6e97506fcab367c2e8e141e3693001f46d54dd7caf6fbf5571fb525d,3550955383
2026-04-14T20:55:43.755264+00:00,Operator A,Concealed_5g,5g,ANON_5G_CON_IMSI_A0_0322022e40592d4d06e953f21e398c8645cb6e97506fcab367c2e8e141e3693001f46d54dd7caf6fbf5571fb525d,3550955383
2026-04-14T21:01:02.141856+00:00,Operator A,Concealed_5g,5g,ANON_5G_CON_IMSI_A0_03c8acf9ec8f1b0f0149f8c9eee706421861c37d293eef3a68f0a5c5cb05b640b127ab41703cf766c27aff1e7502,3551086437
2026-04-14T21:01:12.301848+00:00,Operator A,Concealed_5g,5g,ANON_5G_CON_IMSI_A0_03c8acf9ec8f1b0f0149f8c9eee706421861c37d293eef3a68f0a5c5cb05b640b127ab41703cf766c27aff1e7502,3551086437
2026-04-14T21:06:30.479511+00:00,Operator A,Concealed_5g,5g,ANON_5G_CON_IMSI_A0_030921c54bd80dd00425bcb49b4d18c9a9003252022eef44cd9f26fcc18456297571ab204292b53c552d87a4eecc,3551217485
2026-04-14T21:06:40.639369+00:00,Operator A,Concealed_5g,5g,ANON_5G_CON_IMSI_A0_030921c54bd80dd00425bcb49b4d18c9a9003252022eef44cd9f26fcc18456297571ab204292b53c552d87a4eecc,3551217485
2026-04-14T21:11:59.211422+00:00,Operator A,Concealed_5g,5g,ANON_5G_CON_IMSI_A0_03d7ad3107109434e336ad48a074ca4f9ea65dc4d8fe1064746896af4110a6ceb965bb6bde8278efb279c532bd9e,3551348556
2026-04-14T21:12:09.491357+00:00,Operator A,Concealed_5g,5g,ANON_5G_CON_IMSI_A0_03d7ad3107109434e336ad48a074ca4f9ea65dc4d8fe1064746896af4110a6ceb965bb6bde8278efb279c532bd9e,3551348556
2026-04-14T21:17:27.885617+00:00,Operator A,Concealed_5g,5g,ANON_5G_CON_IMSI_A0_03eb0525be6e4a583fa28769dde5c20776a88f8ef306e44f68399b14f1540ce14ec9f61cb52db8fb3370066d1ef8,3551479635
2026-04-14T21:17:38.045397+00:00,Operator A,Concealed_5g,5g,ANON_5G_CON_IMSI_A0_03eb0525be6e4a583fa28769dde5c20776a88f8ef306e44f68399b14f1540ce14ec9f61cb52db8fb3370066d1ef8,3551479635
2026-04-14T21:22:56.767959+00:00,Operator A,Concealed_5g,5g,ANON_5G_CON_IMSI_A0_038fdd24b855156f1d7f8057cf89570d97b2af5e151efaf529f3b2f8e856d1bb33e48b5db9fe3011f17afcf69113,3551545324
2026-04-14T21:23:06.928017+00:00,Operator A,Concealed_5g,5g,ANON_5G_CON_IMSI_A0_038fdd24b855156f1d7f8057cf89570d97b2af5e151efaf529f3b2f8e856d1bb33e48b5db9fe3011f17afcf69113,3551545324
2026-04-14T21:28:25.508340+00:00,Operator A,Concealed_5g,5g,ANON_5G_CON_IMSI_A0_03a34b4c4f68ccdb3a02ecb6925bd4c0408ce549643e379797af55fff2e534b6e4bac892eedbb3cafdc8b5149a68,3551676377
2026-04-14T21:28:35.668188+00:00,Operator A,Concealed_5g,5g,ANON_5G_CON_IMSI_A0_03a34b4c4f68ccdb3a02ecb6925bd4c0408ce549643e379797af55fff2e534b6e4bac892eedbb3cafdc8b5149a68,3551676377
2026-04-14T21:33:54.032188+00:00,Operator A,Concealed_5g,5g,ANON_5G_CON_IMSI_A0_037938bb49897b69a5d4131c7767d97e9f00b0e74dda894b969316129aa42b1979156e5617f9eaa8174d918eab3c,3551807309
2026-04-14T21:34:04.192165+00:00,Operator A,Concealed_5g,5g,ANON_5G_CON_IMSI_A0_037938bb49897b69a5d4131c7767d97e9f00b0e74dda894b969316129aa42b1979156e5617f9eaa8174d918eab3c,3551807309
2026-04-14T21:39:22.127640+00:00,Operator A,Concealed_5g,5g,ANON_5G_CON_IMSI_A0_03563f24e24eb87e526d1484fe02aa2977f5c31fa83fb06cc83a9ae09734482b3eb25e3613f9b1d57b4b589c341c,3551873014
2026-04-14T21:39:32.287494+00:00,Operator A,Concealed_5g,5g,ANON_5G_CON_IMSI_A0_03563f24e24eb87e526d1484fe02aa2977f5c31fa83fb06cc83a9ae09734482b3eb25e3613f9b1d57b4b589c341c,3551873014
2026-04-14T21:44:51.568326+00:00,Operator A,Concealed_5g,5g,ANON_5G_CON_IMSI_A0_0302ffd532eaa6299778247695b03b01e85838d792daed2443b872ce06f9f9e36c71414adfd5d35765ecec5fef19,3552004043
2026-04-14T21:45:01.728153+00:00,Operator A,Concealed_5g,5g,ANON_5G_CON_IMSI_A0_0302ffd532eaa6299778247695b03b01e85838d792daed2443b872ce06f9f9e36c71414adfd5d35765ecec5fef19,3552004043
2026-04-14T21:50:19.416299+00:00,Operator A,Concealed_5g,5g,ANON_5G_CON_IMSI_A0_0346996d7e2cb0c06a70a7845bc88c85f5e6fb5529bf12240d40788fc313ded175e396498e9526138f843118989e,3552135025
2026-04-14T21:50:29.576271+00:00,Operator A,Concealed_5g,5g,ANON_5G_CON_IMSI_A0_0346996d7e2cb0c06a70a7845bc88c85f5e6fb5529bf12240d40788fc313ded175e396498e9526138f843118989e,3552135025
2026-04-14T21:55:48.089076+00:00,Operator A,Concealed_5g,5g,ANON_5G_CON_IMSI_A0_03f3253a13a0d70fdc0a8729ea7b0017a21147fe1015a0e53b51d852d09ea86cb4711de012706c48894a71c60ec4,3552200666
2026-04-14T21:55:58.248947+00:00,Operator A,Concealed_5g,5g,ANON_5G_CON_IMSI_A0_03f3253a13a0d70fdc0a8729ea7b0017a21147fe1015a0e53b51d852d09ea86cb4711de012706c48894a71c60ec4,3552200666
2026-04-14T22:01:17.108759+00:00,Operator A,Concealed_5g,5g,ANON_5G_CON_IMSI_A0_03b56059403fda4d70954364037189900ee30155e5a0e9125e8b178285e2126282c73520e905e601548481b10103,3552331624
2026-04-14T22:01:27.268887+00:00,Operator A,Concealed_5g,5g,ANON_5G_CON_IMSI_A0_03b56059403fda4d70954364037189900ee30155e5a0e9125e8b178285e2126282c73520e905e601548481b10103,3552331624
2026-04-14T22:06:46.436342+00:00,Operator A,Concealed_5g,5g,ANON_5G_CON_IMSI_A0_03ac5e3a95bf180769ed753ee5b3df16d690d800c5e60f5ede34fea09d165e5a153dfe2b3384e1364cfc33c0df9a,3552462688
2026-04-14T22:06:56.596354+00:00,Operator A,Concealed_5g,5g,ANON_5G_CON_IMSI_A0_03ac5e3a95bf180769ed753ee5b3df16d690d800c5e60f5ede34fea09d165e5a153dfe2b3384e1364cfc33c0df9a,3552462688
2026-04-14T22:12:15.168160+00:00,Operator A,Concealed_5g,5g,ANON_5G_CON_IMSI_A0_036991812acd7c02030ddb688010fbaf9780238218a98297c63c02314d2a2349ee07d9ca4646dc2fa69272bd1bd8,3552528334
2026-04-14T22:12:25.328042+00:00,Operator A,Concealed_5g,5g,ANON_5G_CON_IMSI_A0_036991812acd7c02030ddb688010fbaf9780238218a98297c63c02314d2a2349ee07d9ca4646dc2fa69272bd1bd8,3552528334
2026-04-14T22:17:43.686510+00:00,Operator A,Concealed_5g,5g,ANON_5G_CON_IMSI_A0_037a761c257e6cc103613cc5d040dda8576968d77e86a21fd6ea3e047a214fe39510d6b641963cea3442180311f9,3552659305
2026-04-14T22:17:53.846621+00:00,Operator A,Concealed_5g,5g,ANON_5G_CON_IMSI_A0_037a761c257e6cc103613cc5d040dda8576968d77e86a21fd6ea3e047a214fe39510d6b641963cea3442180311f9,3552659305
2026-04-14T22:23:12.928770+00:00,Operator A,Concealed_5g,5g,ANON_5G_CON_IMSI_A0_03db303513b68075438eedccaf7f7c5d9f5b1bc46b605ca930b7d1b06bce0e08ed3fbb5c6db7c0cf93d73ead814f,3552790370
2026-04-14T22:23:23.088763+00:00,Operator A,Concealed_5g,5g,ANON_5G_CON_IMSI_A0_03db303513b68075438eedccaf7f7c5d9f5b1bc46b605ca930b7d1b06bce0e08ed3fbb5c6db7c0cf93d73ead814f,3552790370
2026-04-14T22:28:31.956774+00:00,Operator A,Concealed_5g,5g,ANON_5G_CON_IMSI_A0_039062888af48ba256a9dcdd2fd0d986e912ff229b3d50bc6ff91dcb6157d3781bb1eb1d2408762d2ca4d03df31d,3552987005
2026-04-14T22:28:42.116721+00:00,Operator A,Concealed_5g,5g,ANON_5G_CON_IMSI_A0_039062888af48ba256a9dcdd2fd0d986e912ff229b3d50bc6ff91dcb6157d3781bb1eb1d2408762d2ca4d03df31d,3552987005
2026-04-14T22:28:52.236736+00:00,Operator A,Concealed_5g,5g,ANON_5G_CON_IMSI_A0_039062888af48ba256a9dcdd2fd0d986e912ff229b3d50bc6ff91dcb6157d3781bb1eb1d2408762d2ca4d03df31d,3552987005
2026-04-14T22:34:10.448353+00:00,Operator A,Concealed_5g,5g,ANON_5G_CON_IMSI_A0_031b6853d90d9bb6cb8862532d3e2e1a36370f1b5636b555949568c092ecbd1d49028c5082134ab4bc1e35955cbe,3552987101
2026-04-14T22:34:20.608148+00:00,Operator A,Concealed_5g,5g,ANON_5G_CON_IMSI_A0_031b6853d90d9bb6cb8862532d3e2e1a36370f1b5636b555949568c092ecbd1d49028c5082134ab4bc1e35955cbe,3552987101
2026-04-14T22:39:38.920046+00:00,Operator A,Concealed_5g,5g,ANON_5G_CON_IMSI_A0_0374b22d41725a306a8021048f337b872a83cd833e7f80512229d5d0997b92320218049fbf30b159f454c7c436f0,3553118153
2026-04-14T22:39:49.079886+00:00,Operator A,Concealed_5g,5g,ANON_5G_CON_IMSI_A0_0374b22d41725a306a8021048f337b872a83cd833e7f80512229d5d0997b92320218049fbf30b159f454c7c436f0,3553118153
2026-04-14T22:45:07.732115+00:00,Operator A,Concealed_5g,5g,ANON_5G_CON_IMSI_A0_03f133c87baad1692502b59d00e86abfea4a26200cf47a3f7f2cbff0f290748c81951df470ed9e3240e05cc9f43d,3553249111
2026-04-14T22:45:17.891926+00:00,Operator A,Concealed_5g,5g,ANON_5G_CON_IMSI_A0_03f133c87baad1692502b59d00e86abfea4a26200cf47a3f7f2cbff0f290748c81951df470ed9e3240e05cc9f43d,3553249111
2026-04-14T22:50:36.317621+00:00,Operator A,Concealed_5g,5g,ANON_5G_CON_IMSI_A0_03b2eb99c52d0059ee9f385fc99d71ed49d383abbc8ed890c648076c8c2baafbb46e909d5d759b9de78862bd757e,3553380180
2026-04-14T22:50:46.477549+00:00,Operator A,Concealed_5g,5g,ANON_5G_CON_IMSI_A0_03b2eb99c52d0059ee9f385fc99d71ed49d383abbc8ed890c648076c8c2baafbb46e909d5d759b9de78862bd757e,3553380180
2026-04-14T22:56:04.934725+00:00,Operator A,Concealed_5g,5g,ANON_5G_CON_IMSI_A0_0344b1366f5c2db5de7e6f5e08c26c75accad707206ddb086f57e3ccbd900166fceac497db1088217f6e5e8c14cd,3553445869
2026-04-14T22:56:15.094605+00:00,Operator A,Concealed_5g,5g,ANON_5G_CON_IMSI_A0_0344b1366f5c2db5de7e6f5e08c26c75accad707206ddb086f57e3ccbd900166fceac497db1088217f6e5e8c14cd,3553445869
2026-04-14T23:01:33.912864+00:00,Operator A,Concealed_5g,5g,ANON_5G_CON_IMSI_A0_032f4b2f41c9fb18db7d433bfba5e7160f4bae6add4decc6f31e7946ab94ae408cb3d4f78daa82592754f5b30741,3553576912
2026-04-14T23:01:44.072853+00:00,Operator A,Concealed_5g,5g,ANON_5G_CON_IMSI_A0_032f4b2f41c9fb18db7d433bfba5e7160f4bae6add4decc6f31e7946ab94ae408cb3d4f78daa82592754f5b30741,3553576912
2026-04-14T23:07:02.510228+00:00,Operator A,Concealed_5g,5g,ANON_5G_CON_IMSI_A0_03385f929326dc33f2306819ed4140c37da9328bd4c8624c1c26e55e83629e7af8485dc1c7794632d134dda112c5,3553707884
2026-04-14T23:07:12.670220+00:00,Operator A,Concealed_5g,5g,ANON_5G_CON_IMSI_A0_03385f929326dc33f2306819ed4140c37da9328bd4c8624c1c26e55e83629e7af8485dc1c7794632d134dda112c5,3553707884
2026-04-14T23:12:31.546967+00:00,Operator A,Concealed_5g,5g,ANON_5G_CON_IMSI_A0_03f696ea4c723446853a3897e3e75730188790270fd47806ce0abd899d0fc7b82e8c9ef232507bdb08b7a6f0e6be,3553773554
2026-04-14T23:12:41.706924+00:00,Operator A,Concealed_5g,5g,ANON_5G_CON_IMSI_A0_03f696ea4c723446853a3897e3e75730188790270fd47806ce0abd899d0fc7b82e8c9ef232507bdb08b7a6f0e6be,3553773554
2026-04-14T23:18:00.431118+00:00,Operator A,Concealed_5g,5g,ANON_5G_CON_IMSI_A0_03fbd95e74079521c0174dc5889d548d16630778ba104dda0c5a484c0a429cc8d703aaf3a36263958ea7af349b0a,3553904582
2026-04-14T23:18:10.591048+00:00,Operator A,Concealed_5g,5g,ANON_5G_CON_IMSI_A0_03fbd95e74079521c0174dc5889d548d16630778ba104dda0c5a484c0a429cc8d703aaf3a36263958ea7af349b0a,3553904582
2026-04-14T23:23:28.904776+00:00,Operator A,Concealed_5g,5g,ANON_5G_CON_IMSI_A0_03067cfd0132ca7eed8e2bed63f1c46c446abf04ecf95a87ea61596de83fd8a861151692b8cd0bc642059bb15fe4,3553970168
2026-04-14T23:23:39.064656+00:00,Operator A,Concealed_5g,5g,ANON_5G_CON_IMSI_A0_03067cfd0132ca7eed8e2bed63f1c46c446abf04ecf95a87ea61596de83fd8a861151692b8cd0bc642059bb15fe4,3553970168
2026-04-14T23:28:58.673704+00:00,Operator A,Concealed_5g,5g,ANON_5G_CON_IMSI_A0_03c848af136d866a3f4559a2088f0f9d4f12d5f8c3176a4c2c6150a834943426477e85d243e4a126d6f04665de22,3554101196
2026-04-14T23:29:08.833641+00:00,Operator A,Concealed_5g,5g,ANON_5G_CON_IMSI_A0_03c848af136d866a3f4559a2088f0f9d4f12d5f8c3176a4c2c6150a834943426477e85d243e4a126d6f04665de22,3554101196
2026-04-14T23:34:27.070172+00:00,Operator A,Concealed_5g,5g,ANON_5G_CON_IMSI_A0_03b111335af4f4126f1fb96ce1362c6ace3fe87a4929a75239eece4944e5af6208cc59d8b9fe46ef45e16fc522f2,3554232157
2026-04-14T23:34:37.230094+00:00,Operator A,Concealed_5g,5g,ANON_5G_CON_IMSI_A0_03b111335af4f4126f1fb96ce1362c6ace3fe87a4929a75239eece4944e5af6208cc59d8b9fe46ef45e16fc522f2,3554232157
2026-04-14T23:39:55.941895+00:00,Operator A,Concealed_5g,5g,ANON_5G_CON_IMSI_A0_0313dac23df785a564c0f59859bc37c4c3cd6a407683dddb9d478d83ba0aed630d5eea5725ae1dd47cfd56956ee4,3554297838
2026-04-14T23:40:06.101904+00:00,Operator A,Concealed_5g,5g,ANON_5G_CON_IMSI_A0_0313dac23df785a564c0f59859bc37c4c3cd6a407683dddb9d478d83ba0aed630d5eea5725ae1dd47cfd56956ee4,3554297838
2026-04-14T23:45:24.929889+00:00,Operator A,Concealed_5g,5g,ANON_5G_CON_IMSI_A0_03b9795acb97109dc7c65d40ecc2b138a47403507c7687af1b8afcce11011d050eee75a596760d598184217baff3,3554428782
2026-04-14T23:45:35.089958+00:00,Operator A,Concealed_5g,5g,ANON_5G_CON_IMSI_A0_03b9795acb97109dc7c65d40ecc2b138a47403507c7687af1b8afcce11011d050eee75a596760d598184217baff3,3554428782
2026-04-14T23:50:54.184749+00:00,Operator A,Concealed_5g,5g,ANON_5G_CON_IMSI_A0_03d8dad3cde9587415cd12a3164d24206876efa88393ca9fede2d7239110aba8c7e0e6cbde18bfa131afcd4341e8,3554494405
2026-04-14T23:51:04.364746+00:00,Operator A,Concealed_5g,5g,ANON_5G_CON_IMSI_A0_03d8dad3cde9587415cd12a3164d24206876efa88393ca9fede2d7239110aba8c7e0e6cbde18bfa131afcd4341e8,3554494405
2026-04-14T23:56:22.546332+00:00,Operator A,Concealed_5g,5g,ANON_5G_CON_IMSI_A0_0308a8a319df0c4f1e527fe0c2edfee7a486fb7fd939a611b74d988d85b4dc3b1395a87a08022a4e5263fc49c669,3554625353
2026-04-14T23:56:32.706344+00:00,Operator A,Concealed_5g,5g,ANON_5G_CON_IMSI_A0_0308a8a319df0c4f1e527fe0c2edfee7a486fb7fd939a611b74d988d85b4dc3b1395a87a08022a4e5263fc49c669,3554625353
2026-04-15T00:01:51.016904+00:00,Operator A,Concealed_5g,5g,ANON_5G_CON_IMSI_A0_03bde8cb5c68e0b7aaa9cfa3f2b7f90cc876a05250f671c55d6db5e62b4de142146532c5cce0b3ab28195a179914,3554691044
2026-04-15T00:02:01.176972+00:00,Operator A,Concealed_5g,5g,ANON_5G_CON_IMSI_A0_03bde8cb5c68e0b7aaa9cfa3f2b7f90cc876a05250f671c55d6db5e62b4de142146532c5cce0b3ab28195a179914,3554691044
2026-04-15T00:07:19.983908+00:00,Operator A,Concealed_5g,5g,ANON_5G_CON_IMSI_A0_030669296c4fe2b3cf09bed10c879e07db01c8df5cb74ed00ddbbf1098f8f7b86e2b82577872d68194633f8b6d4a,3554821987
2026-04-15T00:07:30.143901+00:00,Operator A,Concealed_5g,5g,ANON_5G_CON_IMSI_A0_030669296c4fe2b3cf09bed10c879e07db01c8df5cb74ed00ddbbf1098f8f7b86e2b82577872d68194633f8b6d4a,3554821987
2026-04-15T00:12:48.815567+00:00,Operator A,Concealed_5g,5g,ANON_5G_CON_IMSI_A0_03dd62eba210fb27b310284ae6d8744488a9634656939d834c743c41b953c2cd0e693bdb2c3258862c1bf2a6eb80,3554887661
2026-04-15T00:12:58.975487+00:00,Operator A,Concealed_5g,5g,ANON_5G_CON_IMSI_A0_03dd62eba210fb27b310284ae6d8744488a9634656939d834c743c41b953c2cd0e693bdb2c3258862c1bf2a6eb80,3554887661
2026-04-15T00:18:17.152748+00:00,Operator A,Concealed_5g,5g,ANON_5G_CON_IMSI_A0_030d68654b37862fe8d76134f16b70841b73a8f3ea138d6ce4405e78efb16fed6025c3272ea3d8cc3a009d5a08ef,3555018612
2026-04-15T00:18:27.312519+00:00,Operator A,Concealed_5g,5g,ANON_5G_CON_IMSI_A0_030d68654b37862fe8d76134f16b70841b73a8f3ea138d6ce4405e78efb16fed6025c3272ea3d8cc3a009d5a08ef,3555018612
2026-04-15T00:23:46.584435+00:00,Operator A,Concealed_5g,5g,ANON_5G_CON_IMSI_A0_039a0ae22c03229300ea7fdbb6e0eb075c67d9f5ef3050a8a089a5c717835b21b01b7926165589930ed59b57b3fd,3555149644
2026-04-15T00:23:56.744230+00:00,Operator A,Concealed_5g,5g,ANON_5G_CON_IMSI_A0_039a0ae22c03229300ea7fdbb6e0eb075c67d9f5ef3050a8a089a5c717835b21b01b7926165589930ed59b57b3fd,3555149644
2026-04-15T00:28:15.153712+00:00,Operator A,Concealed_5g,5g,ANON_5G_CON_IMSI_A0_03b701e9fe4f6fe67378cd3494cea9ce293816ddde3b619932fb44d71e3e5f127a1832dff601d16916cd2b001fe1,3555215222
2026-04-15T00:28:25.313598+00:00,Operator A,Concealed_5g,5g,ANON_5G_CON_IMSI_A0_03b701e9fe4f6fe67378cd3494cea9ce293816ddde3b619932fb44d71e3e5f127a1832dff601d16916cd2b001fe1,3555215222
2026-04-15T00:33:43.052296+00:00,Operator A,Concealed_5g,5g,ANON_5G_CON_IMSI_A0_0331b53e0b5225c07c408e784cc56547ab7998c2941abc5619fd9de4e8e4214eeaa9d8ab5479a6d16589f69b4366,3555280836
2026-04-15T00:33:53.212033+00:00,Operator A,Concealed_5g,5g,ANON_5G_CON_IMSI_A0_0331b53e0b5225c07c408e784cc56547ab7998c2941abc5619fd9de4e8e4214eeaa9d8ab5479a6d16589f69b4366,3555280836
2026-04-15T00:39:11.470748+00:00,Operator A,Concealed_5g,5g,ANON_5G_CON_IMSI_A0_0397b10762f65d447aec3b2c0203dedae8199adce0b206dff009ce3d3b5bb3db23352052c524e05c470698644007,3555346418
2026-04-15T00:39:21.630738+00:00,Operator A,Concealed_5g,5g,ANON_5G_CON_IMSI_A0_0397b10762f65d447aec3b2c0203dedae8199adce0b206dff009ce3d3b5bb3db23352052c524e05c470698644007,3555346418
2026-04-15T00:42:41.298721+00:00,Operator A,Concealed_5g,5g,ANON_5G_CON_IMSI_A0_0397292fbd00ebf70e1efd8a4d150004208cdecb13572ea1defced817c7809c07e7b3821281ec025918c89132b7c,3555477347
2026-04-15T00:42:51.458631+00:00,Operator A,Concealed_5g,5g,ANON_5G_CON_IMSI_A0_0397292fbd00ebf70e1efd8a4d150004208cdecb13572ea1defced817c7809c07e7b3821281ec025918c89132b7c,3555477347
2026-04-15T00:48:07.221914+00:00,Operator A,Concealed_5g,5g,ANON_5G_CON_IMSI_A0_03687f5f3df7c9d96a5b0a9593b6cfb3ce80601dc2c8928d3cce13d096d321e80162baeb2f0cf0119e0a717c5894,3555542873
2026-04-15T00:48:17.381792+00:00,Operator A,Concealed_5g,5g,ANON_5G_CON_IMSI_A0_03687f5f3df7c9d96a5b0a9593b6cfb3ce80601dc2c8928d3cce13d096d321e80162baeb2f0cf0119e0a717c5894,3555542873
2026-04-15T00:53:35.804935+00:00,Operator A,Concealed_5g,5g,ANON_5G_CON_IMSI_A0_0329ca40cdb76ec4ef245b6711b75a86c7c6441700b61ad3f0569e0046d71523bc7de74211c3fafd8e36bb4953e6,3555608520
2026-04-15T00:53:45.965129+00:00,Operator A,Concealed_5g,5g,ANON_5G_CON_IMSI_A0_0329ca40cdb76ec4ef245b6711b75a86c7c6441700b61ad3f0569e0046d71523bc7de74211c3fafd8e36bb4953e6,3555608520
2026-04-15T00:59:04.531690+00:00,Operator A,Concealed_5g,5g,ANON_5G_CON_IMSI_A0_03a471f3c5d02a920e98b2eb71621e56b9b68629e9178bc90b1ebf0fa3235cb7c7da1e825761372c7e9ef5508819,3555674109
2026-04-15T00:59:14.691755+00:00,Operator A,Concealed_5g,5g,ANON_5G_CON_IMSI_A0_03a471f3c5d02a920e98b2eb71621e56b9b68629e9178bc90b1ebf0fa3235cb7c7da1e825761372c7e9ef5508819,3555674109
2026-04-15T01:04:33.960565+00:00,Operator A,Concealed_5g,5g,ANON_5G_CON_IMSI_A0_03f444822368b4bac0d66717920679c8b84bbb820e3069acb37e67bcc489d6529041755d1c8314a2aac1852ff84a,3555805025
2026-04-15T01:04:44.120607+00:00,Operator A,Concealed_5g,5g,ANON_5G_CON_IMSI_A0_03f444822368b4bac0d66717920679c8b84bbb820e3069acb37e67bcc489d6529041755d1c8314a2aac1852ff84a,3555805025
2026-04-15T01:10:02.103367+00:00,Operator A,Concealed_5g,5g,ANON_5G_CON_IMSI_A0_031f9edbab545062d93c9bf9f117ca4d86b6254f41fc89dc9d8f496c0bce9185cb0b2494be221cf6ef671c17b162,3555870678
2026-04-15T01:10:12.263501+00:00,Operator A,Concealed_5g,5g,ANON_5G_CON_IMSI_A0_031f9edbab545062d93c9bf9f117ca4d86b6254f41fc89dc9d8f496c0bce9185cb0b2494be221cf6ef671c17b162,3555870678
2026-04-15T01:15:31.591205+00:00,Operator A,Concealed_5g,5g,ANON_5G_CON_IMSI_A0_0343a4917cc8240f5c66a5df4021951f4c67a5d7fe1ce96de3e1fd87c6c3ab6c205e96638ce9cd030853bd8fb555,3556001607
2026-04-15T01:15:41.751395+00:00,Operator A,Concealed_5g,5g,ANON_5G_CON_IMSI_A0_0343a4917cc8240f5c66a5df4021951f4c67a5d7fe1ce96de3e1fd87c6c3ab6c205e96638ce9cd030853bd8fb555,3556001607
2026-04-15T01:20:58.992935+00:00,Operator A,Concealed_5g,5g,ANON_5G_CON_IMSI_A0_03923b2fdbd24cfd6fcc6472df3e8f46902a65c96f5bc6cfa83733aa23f46a10dbebdd215d73fc9a945e90f1cf1c,3556067284
2026-04-15T01:21:09.152844+00:00,Operator A,Concealed_5g,5g,ANON_5G_CON_IMSI_A0_03923b2fdbd24cfd6fcc6472df3e8f46902a65c96f5bc6cfa83733aa23f46a10dbebdd215d73fc9a945e90f1cf1c,3556067284
2026-04-15T01:26:27.873731+00:00,Operator A,Concealed_5g,5g,ANON_5G_CON_IMSI_A0_0306df0a945dd883a91e3eaf0b937efbc24b15026a6ae25ec88c75f9636be642856909d617a7baac3f00728c22ff,3556132837
2026-04-15T01:26:38.033477+00:00,Operator A,Concealed_5g,5g,ANON_5G_CON_IMSI_A0_0306df0a945dd883a91e3eaf0b937efbc24b15026a6ae25ec88c75f9636be642856909d617a7baac3f00728c22ff,3556132837
2026-04-15T01:31:32.597204+00:00,Operator A,Concealed_5g,5g,ANON_5G_CON_IMSI_A0_034aa86b05ff058b8d7d8a120757f67cfc4c65556d2001908d6cd70c5423cad85fcca990e1612e3f200aba668c5b,3556263925
2026-04-15T01:31:42.756958+00:00,Operator A,Concealed_5g,5g,ANON_5G_CON_IMSI_A0_034aa86b05ff058b8d7d8a120757f67cfc4c65556d2001908d6cd70c5423cad85fcca990e1612e3f200aba668c5b,3556263925
2026-04-15T01:31:52.876844+00:00,Operator A,Concealed_5g,5g,ANON_5G_CON_IMSI_A0_034aa86b05ff058b8d7d8a120757f67cfc4c65556d2001908d6cd70c5423cad85fcca990e1612e3f200aba668c5b,3556263925
2026-04-15T01:32:02.981790+00:00,Operator A,Concealed_5g,5g,ANON_5G_CON_IMSI_A0_034aa86b05ff058b8d7d8a120757f67cfc4c65556d2001908d6cd70c5423cad85fcca990e1612e3f200aba668c5b,3556263925
2026-04-15T01:34:19.653822+00:00,Operator A,Quectel,4g,ANON_IMSI_A2,3607578444
2026-04-15T01:39:27.683411+00:00,Operator A,Quectel,4g,ANON_IMSI_A2,3607578575
2026-04-15T01:39:41.147180+00:00,Operator A,Quectel,4g,ANON_IMSI_A2,3607578575
2026-04-15T01:47:52.934446+00:00,Operator A,Concealed_5g,5g,ANON_5G_CON_IMSI_A0_0382ffc830f045627c8963762f2d318aab27db6ffcd25d9997f88bf1e001e92a8b130ab03e832781d6771e1801bc,3556591446
2026-04-15T01:48:03.094377+00:00,Operator A,Concealed_5g,5g,ANON_5G_CON_IMSI_A0_0382ffc830f045627c8963762f2d318aab27db6ffcd25d9997f88bf1e001e92a8b130ab03e832781d6771e1801bc,3556591446
2026-04-15T01:48:13.214443+00:00,Operator A,Concealed_5g,5g,ANON_5G_CON_IMSI_A0_0382ffc830f045627c8963762f2d318aab27db6ffcd25d9997f88bf1e001e92a8b130ab03e832781d6771e1801bc,3556591446
2026-04-15T01:48:23.339414+00:00,Operator A,Concealed_5g,5g,ANON_5G_CON_IMSI_A0_0382ffc830f045627c8963762f2d318aab27db6ffcd25d9997f88bf1e001e92a8b130ab03e832781d6771e1801bc,3556591446
2026-04-15T01:48:33.459346+00:00,Operator A,Concealed_5g,5g,ANON_5G_CON_IMSI_A0_0382ffc830f045627c8963762f2d318aab27db6ffcd25d9997f88bf1e001e92a8b130ab03e832781d6771e1801bc,3556591446
2026-04-15T01:50:43.825470+00:00,Operator A,Quectel,4g,ANON_IMSI_A2,3607775188
2026-04-15T01:56:00.955619+00:00,Operator A,Quectel,4g,ANON_IMSI_A2,3607840584
2026-04-15T01:56:18.217520+00:00,Operator A,Quectel,4g,ANON_IMSI_A2,3607840584
2026-04-15T02:04:30.384004+00:00,Operator A,Concealed_5g,5g,ANON_5G_CON_IMSI_A0_0335bd7a143162e32f5082287b0897f7ab1fa81b629cd683396488b7a79c02a0ff53af864552c674b2f5ee64876b,3556853625
2026-04-15T02:04:40.544065+00:00,Operator A,Concealed_5g,5g,ANON_5G_CON_IMSI_A0_0335bd7a143162e32f5082287b0897f7ab1fa81b629cd683396488b7a79c02a0ff53af864552c674b2f5ee64876b,3556853625
2026-04-15T02:04:50.664330+00:00,Operator A,Concealed_5g,5g,ANON_5G_CON_IMSI_A0_0335bd7a143162e32f5082287b0897f7ab1fa81b629cd683396488b7a79c02a0ff53af864552c674b2f5ee64876b,3556853625
2026-04-15T02:05:00.789351+00:00,Operator A,Concealed_5g,5g,ANON_5G_CON_IMSI_A0_0335bd7a143162e32f5082287b0897f7ab1fa81b629cd683396488b7a79c02a0ff53af864552c674b2f5ee64876b,3556853625
2026-04-15T02:06:39.361526+00:00,Operator A,Quectel,4g,ANON_IMSI_A2,3607971818
2026-04-15T02:07:04.365703+00:00,Operator A,Quectel,4g,ANON_IMSI_A2,3607971818
2026-04-15T02:07:15.719701+00:00,Operator A,Quectel,4g,ANON_IMSI_A2,3607971818
2026-04-15T02:17:34.634722+00:00,Operator A,Quectel,4g,ANON_IMSI_A2,3608037212
2026-04-15T02:17:59.636731+00:00,Operator A,Quectel,4g,ANON_IMSI_A2,3608037212
2026-04-15T02:18:13.052864+00:00,Operator A,Quectel,4g,ANON_IMSI_A2,3608037212
2026-04-15T02:21:15.913043+00:00,Operator A,Concealed_5g,5g,ANON_5G_CON_IMSI_A0_0362b58bcb0328ede248f770416ef9e186c37430d466ecd35e388a6f789f9b10a43444fc819c8e19289413c91e11,3557181260
2026-04-15T02:21:26.072988+00:00,Operator A,Concealed_5g,5g,ANON_5G_CON_IMSI_A0_0362b58bcb0328ede248f770416ef9e186c37430d466ecd35e388a6f789f9b10a43444fc819c8e19289413c91e11,3557181260
2026-04-15T02:26:41.428019+00:00,Operator A,Concealed_5g,5g,ANON_5G_CON_IMSI_A0_034683a3b9f5152713c536c58bba97c2501e1126fe7d660070be65fecf3310424412d98076f8f3c6ae80325f49b0,3557246946
2026-04-15T02:26:51.587836+00:00,Operator A,Concealed_5g,5g,ANON_5G_CON_IMSI_A0_034683a3b9f5152713c536c58bba97c2501e1126fe7d660070be65fecf3310424412d98076f8f3c6ae80325f49b0,3557246946
2026-04-15T02:32:14.009954+00:00,Operator A,Concealed_5g,5g,ANON_5G_CON_IMSI_A0_03a4001470d51e5c7b8cd4998588407e22858a960a96262bf4e37bbb52373cce1d6ff9b906ab2bfeddf754663e3a,3557246972
2026-04-15T02:32:24.169620+00:00,Operator A,Concealed_5g,5g,ANON_5G_CON_IMSI_A0_03a4001470d51e5c7b8cd4998588407e22858a960a96262bf4e37bbb52373cce1d6ff9b906ab2bfeddf754663e3a,3557246972
2026-04-15T02:37:42.987652+00:00,Operator A,Concealed_5g,5g,ANON_5G_CON_IMSI_A0_03da2119c09200cd417420227d881f250e6a813bef06f4ca36dc2cd1bce771d150b2f88f09a1944e9f8a93490f41,3557377918
2026-04-15T02:37:53.147457+00:00,Operator A,Concealed_5g,5g,ANON_5G_CON_IMSI_A0_03da2119c09200cd417420227d881f250e6a813bef06f4ca36dc2cd1bce771d150b2f88f09a1944e9f8a93490f41,3557377918
2026-04-15T02:43:12.124974+00:00,Operator A,Concealed_5g,5g,ANON_5G_CON_IMSI_A0_0355cc52259ee6e9d6c44288d313b0fa274a2a35e592f6be76623b00c0ea66186571bb7eaa0244981c0a9095416d,3557443563
2026-04-15T02:43:22.284790+00:00,Operator A,Concealed_5g,5g,ANON_5G_CON_IMSI_A0_0355cc52259ee6e9d6c44288d313b0fa274a2a35e592f6be76623b00c0ea66186571bb7eaa0244981c0a9095416d,3557443563
2026-04-15T02:48:40.709426+00:00,Operator A,Concealed_5g,5g,ANON_5G_CON_IMSI_A0_03c89d0f771788617f6e984aa6d42a84c737d104d445dc1a49a3f51acd34d923668565f666fa59cf1276a9a40170,3557574509
2026-04-15T02:48:50.869472+00:00,Operator A,Concealed_5g,5g,ANON_5G_CON_IMSI_A0_03c89d0f771788617f6e984aa6d42a84c737d104d445dc1a49a3f51acd34d923668565f666fa59cf1276a9a40170,3557574509
2026-04-15T02:54:09.258203+00:00,Operator A,Concealed_5g,5g,ANON_5G_CON_IMSI_A0_0307a75ec94acce7f03c5a4fb934256a8ffca25124dad7146ba207ebb2a20877010f946536f05288461c1d86f4ca,3557640185
2026-04-15T02:54:19.418036+00:00,Operator A,Concealed_5g,5g,ANON_5G_CON_IMSI_A0_0307a75ec94acce7f03c5a4fb934256a8ffca25124dad7146ba207ebb2a20877010f946536f05288461c1d86f4ca,3557640185
2026-04-15T02:59:38.134407+00:00,Operator A,Concealed_5g,5g,ANON_5G_CON_IMSI_A0_03e355ee4930e2f16ba515c1e88ff2a33869dbc1c04d83b14b185224685670e915930aea0d164faa6b63c2e5dcbf,3557771130
2026-04-15T02:59:48.294270+00:00,Operator A,Concealed_5g,5g,ANON_5G_CON_IMSI_A0_03e355ee4930e2f16ba515c1e88ff2a33869dbc1c04d83b14b185224685670e915930aea0d164faa6b63c2e5dcbf,3557771130
2026-04-15T03:05:07.253805+00:00,Operator A,Concealed_5g,5g,ANON_5G_CON_IMSI_A0_03c88d70c18a8a4f7524f2a4bc1c70c48eaa4b1ce66d80d9548490691152e363a627a43f69ef0b466d933461615f,3557836781
2026-04-15T03:05:17.413841+00:00,Operator A,Concealed_5g,5g,ANON_5G_CON_IMSI_A0_03c88d70c18a8a4f7524f2a4bc1c70c48eaa4b1ce66d80d9548490691152e363a627a43f69ef0b466d933461615f,3557836781
2026-04-15T03:10:35.569700+00:00,Operator A,Concealed_5g,5g,ANON_5G_CON_IMSI_A0_030141e90d1edaaad7ba422359cfa19a883d410108241dc27656806471dd78c496e24e7dedeea29bcbd6dbf00995,3557967723
2026-04-15T03:10:45.729591+00:00,Operator A,Concealed_5g,5g,ANON_5G_CON_IMSI_A0_030141e90d1edaaad7ba422359cfa19a883d410108241dc27656806471dd78c496e24e7dedeea29bcbd6dbf00995,3557967723
2026-04-15T03:16:04.711691+00:00,Operator A,Concealed_5g,5g,ANON_5G_CON_IMSI_A0_0333bc135b3b8582a23fe883cd4683aabb855b818be7e41a76f16a931d6caae60f2037a3b7f9724ab2c138a09d1f,3558033367
2026-04-15T03:16:14.871546+00:00,Operator A,Concealed_5g,5g,ANON_5G_CON_IMSI_A0_0333bc135b3b8582a23fe883cd4683aabb855b818be7e41a76f16a931d6caae60f2037a3b7f9724ab2c138a09d1f,3558033367
2026-04-15T03:21:32.993336+00:00,Operator A,Concealed_5g,5g,ANON_5G_CON_IMSI_A0_034a0c9198906d75b109d203bda1d8662c820355cf73079be05a0a03708031a20178c68ff57f8191e8d5c899932a,3558164312
2026-04-15T03:21:43.153283+00:00,Operator A,Concealed_5g,5g,ANON_5G_CON_IMSI_A0_034a0c9198906d75b109d203bda1d8662c820355cf73079be05a0a03708031a20178c68ff57f8191e8d5c899932a,3558164312
2026-04-15T03:27:01.577380+00:00,Operator A,Concealed_5g,5g,ANON_5G_CON_IMSI_A0_0377bbd9c6aced3e11fa78d4d3610b4d79786c4a3456e040c64f932fee0458a3105f35f9c82ca5cd92a3900ccafe,3558229970
2026-04-15T03:27:11.737385+00:00,Operator A,Concealed_5g,5g,ANON_5G_CON_IMSI_A0_0377bbd9c6aced3e11fa78d4d3610b4d79786c4a3456e040c64f932fee0458a3105f35f9c82ca5cd92a3900ccafe,3558229970
2026-04-15T03:32:30.558380+00:00,Operator A,Concealed_5g,5g,ANON_5G_CON_IMSI_A0_03eb5e99cae65150d05c4d3619e6c434fb13af94f1a8c4a5c2f01cd3f916713274e8b11efde48d8a45a2a0674de4,3558360909
2026-04-15T03:32:40.718285+00:00,Operator A,Concealed_5g,5g,ANON_5G_CON_IMSI_A0_03eb5e99cae65150d05c4d3619e6c434fb13af94f1a8c4a5c2f01cd3f916713274e8b11efde48d8a45a2a0674de4,3558360909
2026-04-15T03:37:58.937506+00:00,Operator A,Concealed_5g,5g,ANON_5G_CON_IMSI_A0_0332db915ff3b11e74a1fb06cb297b07de460f4a3fe95350f2c282ad5627bf8b5fbfe291a063e2a8700001859d61,3558426622
2026-04-15T03:38:09.097398+00:00,Operator A,Concealed_5g,5g,ANON_5G_CON_IMSI_A0_0332db915ff3b11e74a1fb06cb297b07de460f4a3fe95350f2c282ad5627bf8b5fbfe291a063e2a8700001859d61,3558426622
2026-04-15T03:43:28.433344+00:00,Operator A,Concealed_5g,5g,ANON_5G_CON_IMSI_A0_0389ba45bf644c8dac75bc01510a5e25125658b7d946cc9768d87ca2f7ac3ef33467cdfe0ca83947f720a8992ab4,3558557641
2026-04-15T03:43:38.593284+00:00,Operator A,Concealed_5g,5g,ANON_5G_CON_IMSI_A0_0389ba45bf644c8dac75bc01510a5e25125658b7d946cc9768d87ca2f7ac3ef33467cdfe0ca83947f720a8992ab4,3558557641
2026-04-15T03:48:56.877183+00:00,Operator A,Concealed_5g,5g,ANON_5G_CON_IMSI_A0_030934e40e55d3af13988fc19e45fc08e60745b2d7600fe5cdece58f91f9323de362916be9754be7d520089cdbe2,3558688599
2026-04-15T03:49:07.037095+00:00,Operator A,Concealed_5g,5g,ANON_5G_CON_IMSI_A0_030934e40e55d3af13988fc19e45fc08e60745b2d7600fe5cdece58f91f9323de362916be9754be7d520089cdbe2,3558688599
2026-04-15T03:54:25.262630+00:00,Operator A,Concealed_5g,5g,ANON_5G_CON_IMSI_A0_032856f554187ef031977d1df3f861e570d3794435e1368e4ba65813fd4926d8fba4436436e3dc62e650f7bfd1cf,3558819657
2026-04-15T03:54:35.422569+00:00,Operator A,Concealed_5g,5g,ANON_5G_CON_IMSI_A0_032856f554187ef031977d1df3f861e570d3794435e1368e4ba65813fd4926d8fba4436436e3dc62e650f7bfd1cf,3558819657
2026-04-15T03:59:53.755981+00:00,Operator A,Concealed_5g,5g,ANON_5G_CON_IMSI_A0_03ddf2ffd049695dc107f168724aed11f8998e8db329b943c94ed4b28562d8d3505588c422548bcd321ac47a1c41,3558885333
2026-04-15T04:00:03.915796+00:00,Operator A,Concealed_5g,5g,ANON_5G_CON_IMSI_A0_03ddf2ffd049695dc107f168724aed11f8998e8db329b943c94ed4b28562d8d3505588c422548bcd321ac47a1c41,3558885333
2026-04-15T04:05:22.682972+00:00,Operator A,Concealed_5g,5g,ANON_5G_CON_IMSI_A0_035fde3a04f6fa1e03e52ee7960e78c4b0b38575a1ff80e6a316e90c693de8e8303fc69076e273b10d56783d6845,3559016309
2026-04-15T04:05:32.842834+00:00,Operator A,Concealed_5g,5g,ANON_5G_CON_IMSI_A0_035fde3a04f6fa1e03e52ee7960e78c4b0b38575a1ff80e6a316e90c693de8e8303fc69076e273b10d56783d6845,3559016309
2026-04-15T04:10:52.082551+00:00,Operator A,Concealed_5g,5g,ANON_5G_CON_IMSI_A0_034059ec56edc15ed9fd7e0ad497714e4fdccf9ccdc59ddd9d3c3ac707d152397f2c3d3177575b0349c051c9cbdb,3559147353
2026-04-15T04:11:02.242512+00:00,Operator A,Concealed_5g,5g,ANON_5G_CON_IMSI_A0_034059ec56edc15ed9fd7e0ad497714e4fdccf9ccdc59ddd9d3c3ac707d152397f2c3d3177575b0349c051c9cbdb,3559147353
2026-04-15T04:16:19.909787+00:00,Operator A,Concealed_5g,5g,ANON_5G_CON_IMSI_A0_0339a69a1d81de86215ebf23c9855f6331dbc7b998b0a68733056b0b7877b4357c820112fa028b46dcdc7d34542c,3559213039
2026-04-15T04:16:30.069806+00:00,Operator A,Concealed_5g,5g,ANON_5G_CON_IMSI_A0_0339a69a1d81de86215ebf23c9855f6331dbc7b998b0a68733056b0b7877b4357c820112fa028b46dcdc7d34542c,3559213039
2026-04-15T04:21:29.340511+00:00,Operator A,Concealed_5g,5g,ANON_5G_CON_IMSI_A0_037fcaf529da4e01042cf65e39d4a65ea95c866c7f098da4ea9a9126e48349767058dc3b84a8fbf6cd09f0f1b96c,3559344071
2026-04-15T04:21:39.500480+00:00,Operator A,Concealed_5g,5g,ANON_5G_CON_IMSI_A0_037fcaf529da4e01042cf65e39d4a65ea95c866c7f098da4ea9a9126e48349767058dc3b84a8fbf6cd09f0f1b96c,3559344071
2026-04-15T04:21:49.620405+00:00,Operator A,Concealed_5g,5g,ANON_5G_CON_IMSI_A0_037fcaf529da4e01042cf65e39d4a65ea95c866c7f098da4ea9a9126e48349767058dc3b84a8fbf6cd09f0f1b96c,3559344071
2026-04-15T04:21:59.725462+00:00,Operator A,Concealed_5g,5g,ANON_5G_CON_IMSI_A0_037fcaf529da4e01042cf65e39d4a65ea95c866c7f098da4ea9a9126e48349767058dc3b84a8fbf6cd09f0f1b96c,3559344071
2026-04-15T04:24:12.479715+00:00,Operator A,Quectel,4g,ANON_IMSI_A2,3609806833
2026-04-15T04:29:17.104938+00:00,Operator A,Quectel,4g,ANON_IMSI_A2,3609872236
2026-04-15T04:29:42.108904+00:00,Operator A,Quectel,4g,ANON_IMSI_A2,3609872236
2026-04-15T04:38:17.719435+00:00,Operator A,Concealed_5g,5g,ANON_5G_CON_IMSI_A0_03a3b6817b43c43cf3491cc2e73771fad07a8954335c8558661ab8f370ab13ceba4d630d6d7d05cf1b68699e8937,3559868237
2026-04-15T04:38:27.879444+00:00,Operator A,Concealed_5g,5g,ANON_5G_CON_IMSI_A0_03a3b6817b43c43cf3491cc2e73771fad07a8954335c8558661ab8f370ab13ceba4d630d6d7d05cf1b68699e8937,3559868237
2026-04-15T04:43:12.013610+00:00,Operator A,Concealed_5g,5g,ANON_5G_CON_IMSI_A0_034a3ee6ae3a99f5d780e7d8ceb7e3b9feaa1537ccdf91c4da6d22cdc3341c7c5c44117d59465a0032e3f5a297a9,3559999430
2026-04-15T04:43:22.173607+00:00,Operator A,Concealed_5g,5g,ANON_5G_CON_IMSI_A0_034a3ee6ae3a99f5d780e7d8ceb7e3b9feaa1537ccdf91c4da6d22cdc3341c7c5c44117d59465a0032e3f5a297a9,3559999430
2026-04-15T04:43:32.293679+00:00,Operator A,Concealed_5g,5g,ANON_5G_CON_IMSI_A0_034a3ee6ae3a99f5d780e7d8ceb7e3b9feaa1537ccdf91c4da6d22cdc3341c7c5c44117d59465a0032e3f5a297a9,3559999430
2026-04-15T04:43:42.418625+00:00,Operator A,Concealed_5g,5g,ANON_5G_CON_IMSI_A0_034a3ee6ae3a99f5d780e7d8ceb7e3b9feaa1537ccdf91c4da6d22cdc3341c7c5c44117d59465a0032e3f5a297a9,3559999430
2026-04-15T04:43:52.538579+00:00,Operator A,Concealed_5g,5g,ANON_5G_CON_IMSI_A0_034a3ee6ae3a99f5d780e7d8ceb7e3b9feaa1537ccdf91c4da6d22cdc3341c7c5c44117d59465a0032e3f5a297a9,3559999430
2026-04-15T05:05:00.814448+00:00,Operator A,Concealed_5g,5g,ANON_5G_CON_IMSI_A0_03baa739e3d24ef8848177be39b154ce536f1d61acdcb90a19f09a233d2315076db80a9937cb7569f60aa890f508,3560589265
2026-04-15T05:05:10.974362+00:00,Operator A,Concealed_5g,5g,ANON_5G_CON_IMSI_A0_03baa739e3d24ef8848177be39b154ce536f1d61acdcb90a19f09a233d2315076db80a9937cb7569f60aa890f508,3560589265
2026-04-15T05:05:21.094347+00:00,Operator A,Concealed_5g,5g,ANON_5G_CON_IMSI_A0_03baa739e3d24ef8848177be39b154ce536f1d61acdcb90a19f09a233d2315076db80a9937cb7569f60aa890f508,3560589265
2026-04-15T05:05:31.219408+00:00,Operator A,Concealed_5g,5g,ANON_5G_CON_IMSI_A0_03baa739e3d24ef8848177be39b154ce536f1d61acdcb90a19f09a233d2315076db80a9937cb7569f60aa890f508,3560589265
2026-04-15T05:05:41.339398+00:00,Operator A,Concealed_5g,5g,ANON_5G_CON_IMSI_A0_03baa739e3d24ef8848177be39b154ce536f1d61acdcb90a19f09a233d2315076db80a9937cb7569f60aa890f508,3560589265
2026-04-15T05:12:53.648661+00:00,Operator A,Quectel,4g,ANON_IMSI_A2,3572254718
2026-04-15T05:13:18.670616+00:00,Operator A,Quectel,4g,ANON_IMSI_A2,3572254718
2026-04-15T05:21:46.898083+00:00,Operator A,Concealed_5g,5g,ANON_5G_CON_IMSI_A0_03dae2f5c039df59b5508defa501c0adf852b271277381b287d5af057bf1b2e7886f775a4110e3c98976933741b5,3561178949
2026-04-15T05:21:57.058012+00:00,Operator A,Concealed_5g,5g,ANON_5G_CON_IMSI_A0_03dae2f5c039df59b5508defa501c0adf852b271277381b287d5af057bf1b2e7886f775a4110e3c98976933741b5,3561178949
2026-04-15T05:22:07.177988+00:00,Operator A,Concealed_5g,5g,ANON_5G_CON_IMSI_A0_03dae2f5c039df59b5508defa501c0adf852b271277381b287d5af057bf1b2e7886f775a4110e3c98976933741b5,3561178949
2026-04-15T05:22:17.282979+00:00,Operator A,Concealed_5g,5g,ANON_5G_CON_IMSI_A0_03dae2f5c039df59b5508defa501c0adf852b271277381b287d5af057bf1b2e7886f775a4110e3c98976933741b5,3561178949
2026-04-15T05:24:09.279166+00:00,Operator A,Quectel,4g,ANON_IMSI_A2,3572844391
2026-04-15T05:24:34.283025+00:00,Operator A,Quectel,4g,ANON_IMSI_A2,3572844391
2026-04-15T05:29:31.191844+00:00,Operator A,Quectel,4g,ANON_IMSI_A2,3572910038
2026-04-15T05:29:56.195844+00:00,Operator A,Quectel,4g,ANON_IMSI_A2,3572910038
2026-04-15T05:43:53.073062+00:00,Operator A,Concealed_5g,5g,ANON_5G_CON_IMSI_A0_030dd3069f274c4649bb9e3a543a1ebac959ed9569884bc46b178fcef52750a79fc1c057ec1d156dd5b09c2ce011,3562031042
2026-04-15T05:44:03.233091+00:00,Operator A,Concealed_5g,5g,ANON_5G_CON_IMSI_A0_030dd3069f274c4649bb9e3a543a1ebac959ed9569884bc46b178fcef52750a79fc1c057ec1d156dd5b09c2ce011,3562031042
2026-04-15T05:44:13.352975+00:00,Operator A,Concealed_5g,5g,ANON_5G_CON_IMSI_A0_030dd3069f274c4649bb9e3a543a1ebac959ed9569884bc46b178fcef52750a79fc1c057ec1d156dd5b09c2ce011,3562031042
2026-04-15T05:49:00.109799+00:00,Operator A,Concealed_5g,5g,ANON_5G_CON_IMSI_A0_03e5185efc847a3f045179f223d091637e1f5f1acb9beae484610c18ced2a86cbf51613b546f34a7914725d2a0b4,3562227697
2026-04-15T05:49:10.269813+00:00,Operator A,Concealed_5g,5g,ANON_5G_CON_IMSI_A0_03e5185efc847a3f045179f223d091637e1f5f1acb9beae484610c18ced2a86cbf51613b546f34a7914725d2a0b4,3562227697
2026-04-15T05:49:20.389778+00:00,Operator A,Concealed_5g,5g,ANON_5G_CON_IMSI_A0_03e5185efc847a3f045179f223d091637e1f5f1acb9beae484610c18ced2a86cbf51613b546f34a7914725d2a0b4,3562227697
2026-04-15T05:49:30.494682+00:00,Operator A,Concealed_5g,5g,ANON_5G_CON_IMSI_A0_03e5185efc847a3f045179f223d091637e1f5f1acb9beae484610c18ced2a86cbf51613b546f34a7914725d2a0b4,3562227697
2026-04-15T05:49:40.614737+00:00,Operator A,Concealed_5g,5g,ANON_5G_CON_IMSI_A0_03e5185efc847a3f045179f223d091637e1f5f1acb9beae484610c18ced2a86cbf51613b546f34a7914725d2a0b4,3562227697
2026-04-15T05:51:25.277098+00:00,Operator A,Quectel,4g,ANON_IMSI_A2,3573892941
2026-04-15T05:51:45.141022+00:00,Operator A,Quectel,4g,ANON_IMSI_A2,3573892941
2026-04-15T06:05:45.028394+00:00,Operator A,Concealed_5g,5g,ANON_5G_CON_IMSI_A0_039093e9c74368a354359b1bfa3ed451638fb35d363d5182251896a6106f944691e72d69c8593740d8bfd4734b9f,3563013999
2026-04-15T06:05:55.188315+00:00,Operator A,Concealed_5g,5g,ANON_5G_CON_IMSI_A0_039093e9c74368a354359b1bfa3ed451638fb35d363d5182251896a6106f944691e72d69c8593740d8bfd4734b9f,3563013999
2026-04-15T06:06:05.348384+00:00,Operator A,Concealed_5g,5g,ANON_5G_CON_IMSI_A0_039093e9c74368a354359b1bfa3ed451638fb35d363d5182251896a6106f944691e72d69c8593740d8bfd4734b9f,3563013999
2026-04-15T06:16:24.007414+00:00,Operator A,Concealed_5g,5g,ANON_5G_CON_IMSI_A0_03acb46d709069c0e1c925727f6fc0266bb6e1159b54c5ce017efa6293c0fcc640e30eb28489dbd331ed7a0b408a,3563079527
2026-04-15T06:16:34.167318+00:00,Operator A,Concealed_5g,5g,ANON_5G_CON_IMSI_A0_03acb46d709069c0e1c925727f6fc0266bb6e1159b54c5ce017efa6293c0fcc640e30eb28489dbd331ed7a0b408a,3563079527
2026-04-15T06:16:44.287296+00:00,Operator A,Concealed_5g,5g,ANON_5G_CON_IMSI_A0_03acb46d709069c0e1c925727f6fc0266bb6e1159b54c5ce017efa6293c0fcc640e30eb28489dbd331ed7a0b408a,3563079527
2026-04-15T06:16:54.392340+00:00,Operator A,Concealed_5g,5g,ANON_5G_CON_IMSI_A0_03acb46d709069c0e1c925727f6fc0266bb6e1159b54c5ce017efa6293c0fcc640e30eb28489dbd331ed7a0b408a,3563079527
2026-04-15T06:17:04.512354+00:00,Operator A,Concealed_5g,5g,ANON_5G_CON_IMSI_A0_03acb46d709069c0e1c925727f6fc0266bb6e1159b54c5ce017efa6293c0fcc640e30eb28489dbd331ed7a0b408a,3563079527
2026-04-15T06:19:13.597076+00:00,Operator A,Quectel,4g,ANON_IMSI_A2,3574941693
2026-04-15T06:24:29.785483+00:00,Operator A,Quectel,4g,ANON_IMSI_A2,3575072634
2026-04-15T06:32:53.086790+00:00,Operator A,Concealed_5g,5g,ANON_5G_CON_IMSI_A0_03f2be9b7903762b852818d3fe103f4564d23500877c065480c3f36f9f873ece25fe41335a309d3e46a5764b9ec7,3564259288
2026-04-15T06:33:03.246752+00:00,Operator A,Concealed_5g,5g,ANON_5G_CON_IMSI_A0_03f2be9b7903762b852818d3fe103f4564d23500877c065480c3f36f9f873ece25fe41335a309d3e46a5764b9ec7,3564259288
2026-04-15T06:33:13.366773+00:00,Operator A,Concealed_5g,5g,ANON_5G_CON_IMSI_A0_03f2be9b7903762b852818d3fe103f4564d23500877c065480c3f36f9f873ece25fe41335a309d3e46a5764b9ec7,3564259288
2026-04-15T06:33:23.471721+00:00,Operator A,Concealed_5g,5g,ANON_5G_CON_IMSI_A0_03f2be9b7903762b852818d3fe103f4564d23500877c065480c3f36f9f873ece25fe41335a309d3e46a5764b9ec7,3564259288
2026-04-15T06:33:33.591663+00:00,Operator A,Concealed_5g,5g,ANON_5G_CON_IMSI_A0_03f2be9b7903762b852818d3fe103f4564d23500877c065480c3f36f9f873ece25fe41335a309d3e46a5764b9ec7,3564259288
2026-04-15T06:35:27.048479+00:00,Operator A,Quectel,4g,ANON_IMSI_A2,3575597020
2026-04-15T06:41:11.353094+00:00,Operator A,Quectel,4g,ANON_IMSI_A2,3575727966
2026-04-15T06:49:08.408911+00:00,Operator A,Concealed_5g,5g,ANON_5G_CON_IMSI_A0_03372bdd53efceab3473c7df9ba6463b9fdbbbb74d7c35ad306f5c829e35ad71502f7f5caaaeb9325a62e55b4b11,3564980079
2026-04-15T06:49:18.748889+00:00,Operator A,Concealed_5g,5g,ANON_5G_CON_IMSI_A0_03372bdd53efceab3473c7df9ba6463b9fdbbbb74d7c35ad306f5c829e35ad71502f7f5caaaeb9325a62e55b4b11,3564980079
2026-04-15T06:49:28.868922+00:00,Operator A,Concealed_5g,5g,ANON_5G_CON_IMSI_A0_03372bdd53efceab3473c7df9ba6463b9fdbbbb74d7c35ad306f5c829e35ad71502f7f5caaaeb9325a62e55b4b11,3564980079
2026-04-15T06:49:38.973875+00:00,Operator A,Concealed_5g,5g,ANON_5G_CON_IMSI_A0_03372bdd53efceab3473c7df9ba6463b9fdbbbb74d7c35ad306f5c829e35ad71502f7f5caaaeb9325a62e55b4b11,3564980079
2026-04-15T06:49:49.093849+00:00,Operator A,Concealed_5g,5g,ANON_5G_CON_IMSI_A0_03372bdd53efceab3473c7df9ba6463b9fdbbbb74d7c35ad306f5c829e35ad71502f7f5caaaeb9325a62e55b4b11,3564980079
2026-04-15T06:51:53.914422+00:00,Operator A,Quectel,4g,ANON_IMSI_A2,3576317812
2026-04-15T06:57:01.407137+00:00,Operator A,Quectel,4g,ANON_IMSI_A2,3576448837
2026-04-15T06:57:20.094928+00:00,Operator A,Quectel,4g,ANON_IMSI_A2,3576448837
2026-04-15T07:05:42.658527+00:00,Operator A,Concealed_5g,5g,ANON_5G_CON_IMSI_A0_033ca8b8e63332ff940a7bd9f12f257fa7e3c3d299f8be61ca38b1c7b4b9494a35722b3067db4ed176f13c4bb640,3565701060
2026-04-15T07:05:52.818427+00:00,Operator A,Concealed_5g,5g,ANON_5G_CON_IMSI_A0_033ca8b8e63332ff940a7bd9f12f257fa7e3c3d299f8be61ca38b1c7b4b9494a35722b3067db4ed176f13c4bb640,3565701060
2026-04-15T07:06:02.938399+00:00,Operator A,Concealed_5g,5g,ANON_5G_CON_IMSI_A0_033ca8b8e63332ff940a7bd9f12f257fa7e3c3d299f8be61ca38b1c7b4b9494a35722b3067db4ed176f13c4bb640,3565701060
2026-04-15T07:06:13.043413+00:00,Operator A,Concealed_5g,5g,ANON_5G_CON_IMSI_A0_033ca8b8e63332ff940a7bd9f12f257fa7e3c3d299f8be61ca38b1c7b4b9494a35722b3067db4ed176f13c4bb640,3565701060
2026-04-15T07:06:23.163360+00:00,Operator A,Concealed_5g,5g,ANON_5G_CON_IMSI_A0_033ca8b8e63332ff940a7bd9f12f257fa7e3c3d299f8be61ca38b1c7b4b9494a35722b3067db4ed176f13c4bb640,3565701060
2026-04-15T07:08:17.602645+00:00,Operator A,Quectel,4g,ANON_IMSI_A2,3576973287
2026-04-15T07:08:37.484496+00:00,Operator A,Quectel,4g,ANON_IMSI_A2,3576973287
2026-04-15T07:13:46.216791+00:00,Operator A,Quectel,4g,ANON_IMSI_A2,3577104219
2026-04-15T07:22:08.089117+00:00,Operator A,Concealed_5g,5g,ANON_5G_CON_IMSI_A0_03c469b44bfc9e3ddf19c514dbb9727de11f3d4a793a7ad6634785a91df539b76ffcc9395473f67229166305b2a3,3566487389
2026-04-15T07:22:18.249039+00:00,Operator A,Concealed_5g,5g,ANON_5G_CON_IMSI_A0_03c469b44bfc9e3ddf19c514dbb9727de11f3d4a793a7ad6634785a91df539b76ffcc9395473f67229166305b2a3,3566487389
2026-04-15T07:22:28.369006+00:00,Operator A,Concealed_5g,5g,ANON_5G_CON_IMSI_A0_03c469b44bfc9e3ddf19c514dbb9727de11f3d4a793a7ad6634785a91df539b76ffcc9395473f67229166305b2a3,3566487389
2026-04-15T07:22:38.494016+00:00,Operator A,Concealed_5g,5g,ANON_5G_CON_IMSI_A0_03c469b44bfc9e3ddf19c514dbb9727de11f3d4a793a7ad6634785a91df539b76ffcc9395473f67229166305b2a3,3566487389
2026-04-15T07:22:48.614000+00:00,Operator A,Concealed_5g,5g,ANON_5G_CON_IMSI_A0_03c469b44bfc9e3ddf19c514dbb9727de11f3d4a793a7ad6634785a91df539b76ffcc9395473f67229166305b2a3,3566487389
2026-04-15T07:24:24.536610+00:00,Operator A,Quectel,4g,ANON_IMSI_A2,3577628498
2026-04-15T07:24:49.560677+00:00,Operator A,Quectel,4g,ANON_IMSI_A2,3577628498
2026-04-15T07:30:12.153546+00:00,Operator A,Quectel,4g,ANON_IMSI_A2,3577694155
2026-04-15T07:38:25.749724+00:00,Operator A,Concealed_5g,5g,ANON_5G_CON_IMSI_A0_0302055efaa8dfe51253a8cf04e61bf1059f43c63e4257d308535e566ad81383900cc816826b590770c596def204,3567208269
2026-04-15T07:38:35.909662+00:00,Operator A,Concealed_5g,5g,ANON_5G_CON_IMSI_A0_0302055efaa8dfe51253a8cf04e61bf1059f43c63e4257d308535e566ad81383900cc816826b590770c596def204,3567208269
2026-04-15T07:38:46.069626+00:00,Operator A,Concealed_5g,5g,ANON_5G_CON_IMSI_A0_0302055efaa8dfe51253a8cf04e61bf1059f43c63e4257d308535e566ad81383900cc816826b590770c596def204,3567208269
2026-04-15T07:38:56.194875+00:00,Operator A,Concealed_5g,5g,ANON_5G_CON_IMSI_A0_0302055efaa8dfe51253a8cf04e61bf1059f43c63e4257d308535e566ad81383900cc816826b590770c596def204,3567208269
2026-04-15T07:39:06.315073+00:00,Operator A,Concealed_5g,5g,ANON_5G_CON_IMSI_A0_0302055efaa8dfe51253a8cf04e61bf1059f43c63e4257d308535e566ad81383900cc816826b590770c596def204,3567208269
2026-04-15T07:40:49.267701+00:00,Operator A,Quectel,4g,ANON_IMSI_A2,3578218322
2026-04-15T07:41:14.291944+00:00,Operator A,Quectel,4g,ANON_IMSI_A2,3578218322
2026-04-15T07:41:29.166084+00:00,Operator A,Quectel,4g,ANON_IMSI_A2,3578218322
2026-04-15T07:46:39.386709+00:00,Operator A,Quectel,4g,ANON_IMSI_A2,3578283980
2026-04-15T07:46:57.858924+00:00,Operator A,Quectel,4g,ANON_IMSI_A2,3578283980
2026-04-15T07:55:03.863161+00:00,Operator A,Concealed_5g,5g,ANON_5G_CON_IMSI_A0_03a9094e8e39e7bed14ed3ce14f9b4cedcaa499939b3e42404d1274e9c88411dd84de9604c324b9b35d317cdc0cb,3567994716
2026-04-15T07:55:14.022984+00:00,Operator A,Concealed_5g,5g,ANON_5G_CON_IMSI_A0_03a9094e8e39e7bed14ed3ce14f9b4cedcaa499939b3e42404d1274e9c88411dd84de9604c324b9b35d317cdc0cb,3567994716
2026-04-15T07:55:24.143018+00:00,Operator A,Concealed_5g,5g,ANON_5G_CON_IMSI_A0_03a9094e8e39e7bed14ed3ce14f9b4cedcaa499939b3e42404d1274e9c88411dd84de9604c324b9b35d317cdc0cb,3567994716
2026-04-15T07:55:34.268062+00:00,Operator A,Concealed_5g,5g,ANON_5G_CON_IMSI_A0_03a9094e8e39e7bed14ed3ce14f9b4cedcaa499939b3e42404d1274e9c88411dd84de9604c324b9b35d317cdc0cb,3567994716
2026-04-15T08:03:04.316333+00:00,Operator A,Quectel,4g,ANON_IMSI_A2,3578808283
2026-04-15T08:11:26.161920+00:00,Operator A,Concealed_5g,5g,ANON_5G_CON_IMSI_A0_0371e4836a52132983064df637242412e080c78cc26104f1b72663fd2592aaa36d7e79b9fcb696cfb3730158d29f,3568781129
2026-04-15T08:11:36.321938+00:00,Operator A,Concealed_5g,5g,ANON_5G_CON_IMSI_A0_0371e4836a52132983064df637242412e080c78cc26104f1b72663fd2592aaa36d7e79b9fcb696cfb3730158d29f,3568781129
2026-04-15T08:11:46.441950+00:00,Operator A,Concealed_5g,5g,ANON_5G_CON_IMSI_A0_0371e4836a52132983064df637242412e080c78cc26104f1b72663fd2592aaa36d7e79b9fcb696cfb3730158d29f,3568781129
2026-04-15T08:11:56.566892+00:00,Operator A,Concealed_5g,5g,ANON_5G_CON_IMSI_A0_0371e4836a52132983064df637242412e080c78cc26104f1b72663fd2592aaa36d7e79b9fcb696cfb3730158d29f,3568781129
2026-04-15T08:12:06.687021+00:00,Operator A,Concealed_5g,5g,ANON_5G_CON_IMSI_A0_0371e4836a52132983064df637242412e080c78cc26104f1b72663fd2592aaa36d7e79b9fcb696cfb3730158d29f,3568781129
2026-04-15T08:14:25.635161+00:00,Operator A,Quectel,4g,ANON_IMSI_A2,3579463503
2026-04-15T08:19:20.425214+00:00,Operator A,Quectel,4g,ANON_IMSI_A2,3579529180
2026-04-15T08:19:40.271056+00:00,Operator A,Quectel,4g,ANON_IMSI_A2,3579529180
2026-04-15T08:28:33.640890+00:00,Operator A,Concealed_5g,5g,ANON_5G_CON_IMSI_A0_03ac531ccc46a9a3f77fcc0a18cdbc804df963b4aeddc0a027968bda5d4cbcb8a88885fd0408d8a29de6a490a783,3579725810
2026-04-15T08:33:32.254539+00:00,Operator A,Concealed_5g,5g,ANON_5G_CON_IMSI_A0_033a944da872672dd5aa085948e49f2553cc42917f1f4659ba18c6e0554e31a2cb3628c22c173298d32d1e828657,3569829832
2026-04-15T08:33:42.414351+00:00,Operator A,Concealed_5g,5g,ANON_5G_CON_IMSI_A0_033a944da872672dd5aa085948e49f2553cc42917f1f4659ba18c6e0554e31a2cb3628c22c173298d32d1e828657,3569829832
2026-04-15T08:33:52.534373+00:00,Operator A,Concealed_5g,5g,ANON_5G_CON_IMSI_A0_033a944da872672dd5aa085948e49f2553cc42917f1f4659ba18c6e0554e31a2cb3628c22c173298d32d1e828657,3569829832
2026-04-15T08:34:02.659412+00:00,Operator A,Concealed_5g,5g,ANON_5G_CON_IMSI_A0_033a944da872672dd5aa085948e49f2553cc42917f1f4659ba18c6e0554e31a2cb3628c22c173298d32d1e828657,3569829832
2026-04-14T10:14:37.677706+00:00,Operator B,Pixel8,4g,ANON_IMSI_B2,3893613010
2026-04-14T10:20:06.302352+00:00,Operator B,S23,4g,ANON_IMSI_B1,3599150896
2026-04-14T10:22:54.153082+00:00,Operator B,Concealed_5g,5g,ANON_5G_CON_IMSI_B0_8f5815d92d501902684c7d9c143049c991bd1970b396b4726e4cb41cb4c5090af24791ed2a7a11bf76e5efaaf4,3599413048
2026-04-14T10:23:04.342884+00:00,Operator B,Concealed_5g,5g,ANON_5G_CON_IMSI_B0_8f5815d92d501902684c7d9c143049c991bd1970b396b4726e4cb41cb4c5090af24791ed2a7a11bf76e5efaaf4,3599413048
2026-04-14T10:23:14.502880+00:00,Operator B,Concealed_5g,5g,ANON_5G_CON_IMSI_B0_8f5815d92d501902684c7d9c143049c991bd1970b396b4726e4cb41cb4c5090af24791ed2a7a11bf76e5efaaf4,3599413048
2026-04-14T10:25:16.441614+00:00,Operator B,Pixel8,4g,ANON_IMSI_B2,3915501942
2026-04-14T10:28:14.276944+00:00,Operator B,Concealed_5g,5g,ANON_5G_CON_IMSI_B0_9c377d5a41107a0241cbdde7260d35b3a03c83521b036fc95d3e1bd95f1a6e0368b9ae8371da4aca90c76631fb,3725307792
2026-04-14T10:28:24.416914+00:00,Operator B,Concealed_5g,5g,ANON_5G_CON_IMSI_B0_9c377d5a41107a0241cbdde7260d35b3a03c83521b036fc95d3e1bd95f1a6e0368b9ae8371da4aca90c76631fb,3725307792
2026-04-14T10:28:34.556893+00:00,Operator B,Concealed_5g,5g,ANON_5G_CON_IMSI_B0_9c377d5a41107a0241cbdde7260d35b3a03c83521b036fc95d3e1bd95f1a6e0368b9ae8371da4aca90c76631fb,3725307792
2026-04-14T10:28:44.701825+00:00,Operator B,Concealed_5g,5g,ANON_5G_CON_IMSI_B0_9c377d5a41107a0241cbdde7260d35b3a03c83521b036fc95d3e1bd95f1a6e0368b9ae8371da4aca90c76631fb,3725307792
2026-04-14T10:30:25.649839+00:00,Operator B,S23,4g,ANON_IMSI_B1,3725307792
2026-04-14T10:30:50.653652+00:00,Operator B,S23,4g,ANON_IMSI_B1,3725307792
2026-04-14T10:33:53.286247+00:00,Operator B,Concealed_5g,5g,ANON_5G_CON_IMSI_B0_b1ded52a1753362d28da81aac21e371681f14bd4f859faacdad46308e740391596276085835e61d378e5d9dfd1,3915895237
2026-04-14T10:34:04.206321+00:00,Operator B,Concealed_5g,5g,ANON_5G_CON_IMSI_B0_b1ded52a1753362d28da81aac21e371681f14bd4f859faacdad46308e740391596276085835e61d378e5d9dfd1,3915895237
2026-04-14T10:34:14.431139+00:00,Operator B,Concealed_5g,5g,ANON_5G_CON_IMSI_B0_b1ded52a1753362d28da81aac21e371681f14bd4f859faacdad46308e740391596276085835e61d378e5d9dfd1,3915895237
2026-04-14T10:35:51.674290+00:00,Operator B,S23,4g,ANON_IMSI_B1,3725569962
2026-04-14T10:36:16.861918+00:00,Operator B,S23,4g,ANON_IMSI_B1,3725569962
2026-04-14T10:36:29.129797+00:00,Operator B,S23,4g,ANON_IMSI_B1,3725569962
2026-04-14T10:39:00.482812+00:00,Operator B,Concealed_5g,5g,ANON_5G_CON_IMSI_B0_e202715ca14d2c3d00623c63c36cf9351bda71e55c6deccda4b8e0a07fd7e96236391be1a538f4277e0ee18b69,3916157308
2026-04-14T10:39:11.162719+00:00,Operator B,Concealed_5g,5g,ANON_5G_CON_IMSI_B0_e202715ca14d2c3d00623c63c36cf9351bda71e55c6deccda4b8e0a07fd7e96236391be1a538f4277e0ee18b69,3916157308
2026-04-14T10:39:21.402875+00:00,Operator B,Concealed_5g,5g,ANON_5G_CON_IMSI_B0_e202715ca14d2c3d00623c63c36cf9351bda71e55c6deccda4b8e0a07fd7e96236391be1a538f4277e0ee18b69,3916157308
2026-04-14T10:39:31.647865+00:00,Operator B,Concealed_5g,5g,ANON_5G_CON_IMSI_B0_e202715ca14d2c3d00623c63c36cf9351bda71e55c6deccda4b8e0a07fd7e96236391be1a538f4277e0ee18b69,3916157308
2026-04-14T10:39:41.888061+00:00,Operator B,Concealed_5g,5g,ANON_5G_CON_IMSI_B0_e202715ca14d2c3d00623c63c36cf9351bda71e55c6deccda4b8e0a07fd7e96236391be1a538f4277e0ee18b69,3916157308
2026-04-14T10:41:39.746026+00:00,Operator B,Pixel8,4g,ANON_IMSI_B2,3916157308
2026-04-14T10:44:33.840668+00:00,Operator B,Concealed_5g,5g,ANON_5G_CON_IMSI_B0_05096cb703f13b2808bf740adfdb8e16ad29cafdd67124a10d8c1b8c013f45679611259421732aea50a04136cf,3964710675
2026-04-14T10:44:43.960675+00:00,Operator B,Concealed_5g,5g,ANON_5G_CON_IMSI_B0_05096cb703f13b2808bf740adfdb8e16ad29cafdd67124a10d8c1b8c013f45679611259421732aea50a04136cf,3964710675
2026-04-14T10:44:54.100703+00:00,Operator B,Concealed_5g,5g,ANON_5G_CON_IMSI_B0_05096cb703f13b2808bf740adfdb8e16ad29cafdd67124a10d8c1b8c013f45679611259421732aea50a04136cf,3964710675
2026-04-14T10:45:04.225672+00:00,Operator B,Concealed_5g,5g,ANON_5G_CON_IMSI_B0_05096cb703f13b2808bf740adfdb8e16ad29cafdd67124a10d8c1b8c013f45679611259421732aea50a04136cf,3964710675
2026-04-14T10:45:14.385776+00:00,Operator B,Concealed_5g,5g,ANON_5G_CON_IMSI_B0_05096cb703f13b2808bf740adfdb8e16ad29cafdd67124a10d8c1b8c013f45679611259421732aea50a04136cf,3964710675
2026-04-14T10:47:05.604661+00:00,Operator B,S23,4g,ANON_IMSI_B1,3726421816
2026-04-14T10:47:11.770589+00:00,Operator B,Pixel8,4g,ANON_IMSI_B2,3916419570
2026-04-14T10:47:30.614709+00:00,Operator B,S23,4g,ANON_IMSI_B1,3726421816
2026-04-14T10:52:40.067753+00:00,Operator B,S23,4g,ANON_IMSI_B1,3726552867
2026-04-14T10:52:51.153748+00:00,Operator B,S23,4g,ANON_IMSI_B1,3726552867
2026-04-14T10:52:56.828891+00:00,Operator B,Pixel8,4g,ANON_IMSI_B2,3939553609
2026-04-14T10:58:05.879027+00:00,Operator B,Pixel8,4g,ANON_IMSI_B2,3939619142
2026-04-14T11:00:57.188323+00:00,Operator B,Concealed_5g,5g,ANON_5G_CON_IMSI_B0_f2ec4419735fee30fe057a9bc8ce5106f48e0dd42b06c763c105b2ef5bd51521ec24511a02c8893ce44f0f6052,3939881326
2026-04-14T11:01:08.188230+00:00,Operator B,Concealed_5g,5g,ANON_5G_CON_IMSI_B0_f2ec4419735fee30fe057a9bc8ce5106f48e0dd42b06c763c105b2ef5bd51521ec24511a02c8893ce44f0f6052,3939881326
2026-04-14T11:01:09.988186+00:00,Operator B,Concealed_5g,5g,ANON_5G_CON_IMSI_B0_1f565f4ce8c88f796d36b6556bdd2fa714f95a6391acff0aaf1893d01a1aef358e3258329ca0ad3c0379af1d47,3967201044
2026-04-14T11:01:18.413254+00:00,Operator B,Concealed_5g,5g,ANON_5G_CON_IMSI_B0_f2ec4419735fee30fe057a9bc8ce5106f48e0dd42b06c763c105b2ef5bd51521ec24511a02c8893ce44f0f6052,3939881326
2026-04-14T11:01:20.113154+00:00,Operator B,Concealed_5g,5g,ANON_5G_CON_IMSI_B0_1f565f4ce8c88f796d36b6556bdd2fa714f95a6391acff0aaf1893d01a1aef358e3258329ca0ad3c0379af1d47,3967201044
2026-04-14T11:01:28.633588+00:00,Operator B,Concealed_5g,5g,ANON_5G_CON_IMSI_B0_f2ec4419735fee30fe057a9bc8ce5106f48e0dd42b06c763c105b2ef5bd51521ec24511a02c8893ce44f0f6052,3939881326
2026-04-14T11:01:30.258284+00:00,Operator B,Concealed_5g,5g,ANON_5G_CON_IMSI_B0_1f565f4ce8c88f796d36b6556bdd2fa714f95a6391acff0aaf1893d01a1aef358e3258329ca0ad3c0379af1d47,3967201044
2026-04-14T11:01:38.878231+00:00,Operator B,Concealed_5g,5g,ANON_5G_CON_IMSI_B0_f2ec4419735fee30fe057a9bc8ce5106f48e0dd42b06c763c105b2ef5bd51521ec24511a02c8893ce44f0f6052,3939881326
2026-04-14T11:01:40.398192+00:00,Operator B,Concealed_5g,5g,ANON_5G_CON_IMSI_B0_1f565f4ce8c88f796d36b6556bdd2fa714f95a6391acff0aaf1893d01a1aef358e3258329ca0ad3c0379af1d47,3967201044
2026-04-14T11:03:15.504993+00:00,Operator B,S23,4g,ANON_IMSI_B1,3727339291
2026-04-14T11:03:35.010946+00:00,Operator B,Pixel8,4g,ANON_IMSI_B2,3939881326
2026-04-14T11:03:40.512934+00:00,Operator B,S23,4g,ANON_IMSI_B1,3727339291
2026-04-14T11:03:51.118922+00:00,Operator B,S23,4g,ANON_IMSI_B1,3727339291
2026-04-14T11:09:14.606960+00:00,Operator B,S23,4g,ANON_IMSI_B1,3727470376
2026-04-14T11:14:12.309312+00:00,Operator B,S23,4g,ANON_IMSI_B1,3727732642
2026-04-14T11:14:36.321282+00:00,Operator B,Pixel8,4g,ANON_IMSI_B2,4196454752
2026-04-14T11:14:37.335282+00:00,Operator B,S23,4g,ANON_IMSI_B1,3727732642
2026-04-14T11:17:22.143078+00:00,Operator B,Concealed_5g,5g,ANON_5G_CON_IMSI_B0_19c950d84590208209f4696fc79d9d8c05a14cd5bd60f34e0a301430d54d76240641ae4edf3634492e07437449,3728060203
2026-04-14T11:17:32.282672+00:00,Operator B,Concealed_5g,5g,ANON_5G_CON_IMSI_B0_19c950d84590208209f4696fc79d9d8c05a14cd5bd60f34e0a301430d54d76240641ae4edf3634492e07437449,3728060203
2026-04-14T11:17:42.422797+00:00,Operator B,Concealed_5g,5g,ANON_5G_CON_IMSI_B0_19c950d84590208209f4696fc79d9d8c05a14cd5bd60f34e0a301430d54d76240641ae4edf3634492e07437449,3728060203
2026-04-14T11:17:43.327756+00:00,Operator B,Concealed_5g,5g,ANON_5G_CON_IMSI_B0_72247d0e1aa6af6b48b6d51bc4b6b7e6da58787c7e06451482d0c34be5bc0e0c15ba0c03d65794399ee4920330,4196520268
2026-04-14T11:17:52.547732+00:00,Operator B,Concealed_5g,5g,ANON_5G_CON_IMSI_B0_19c950d84590208209f4696fc79d9d8c05a14cd5bd60f34e0a301430d54d76240641ae4edf3634492e07437449,3728060203
2026-04-14T11:17:53.607845+00:00,Operator B,Concealed_5g,5g,ANON_5G_CON_IMSI_B0_72247d0e1aa6af6b48b6d51bc4b6b7e6da58787c7e06451482d0c34be5bc0e0c15ba0c03d65794399ee4920330,4196520268
2026-04-14T11:18:02.692793+00:00,Operator B,Concealed_5g,5g,ANON_5G_CON_IMSI_B0_19c950d84590208209f4696fc79d9d8c05a14cd5bd60f34e0a301430d54d76240641ae4edf3634492e07437449,3728060203
2026-04-14T11:18:03.852838+00:00,Operator B,Concealed_5g,5g,ANON_5G_CON_IMSI_B0_72247d0e1aa6af6b48b6d51bc4b6b7e6da58787c7e06451482d0c34be5bc0e0c15ba0c03d65794399ee4920330,4196520268
2026-04-14T11:19:38.406076+00:00,Operator B,S23,4g,ANON_IMSI_B1,3728060203
2026-04-14T11:20:03.508967+00:00,Operator B,S23,4g,ANON_IMSI_B1,3728060203
2026-04-14T11:23:05.426525+00:00,Operator B,Concealed_5g,5g,ANON_5G_CON_IMSI_B0_038847aaa36a8a5598337b596b801098e60040c485c9d7da44d7222da8393957daab244cf3780d47da53ae8143,4196782446
2026-04-14T11:23:16.066248+00:00,Operator B,Concealed_5g,5g,ANON_5G_CON_IMSI_B0_038847aaa36a8a5598337b596b801098e60040c485c9d7da44d7222da8393957daab244cf3780d47da53ae8143,4196782446
2026-04-14T11:23:26.306403+00:00,Operator B,Concealed_5g,5g,ANON_5G_CON_IMSI_B0_038847aaa36a8a5598337b596b801098e60040c485c9d7da44d7222da8393957daab244cf3780d47da53ae8143,4196782446
2026-04-14T11:23:36.531254+00:00,Operator B,Concealed_5g,5g,ANON_5G_CON_IMSI_B0_038847aaa36a8a5598337b596b801098e60040c485c9d7da44d7222da8393957daab244cf3780d47da53ae8143,4196782446
2026-04-14T11:25:07.908308+00:00,Operator B,S23,4g,ANON_IMSI_B1,3728322469
2026-04-14T11:25:27.796270+00:00,Operator B,S23,4g,ANON_IMSI_B1,3728322469
2026-04-14T11:25:40.266281+00:00,Operator B,Pixel8,4g,ANON_IMSI_B2,4196913661
2026-04-14T11:28:20.096415+00:00,Operator B,Concealed_5g,5g,ANON_5G_CON_IMSI_B0_4961ebc99c560830377cb65c9538db79497116af6598720a31f2a1eee4c1590a801816ae26bb69e98ffe8be529,4197044684
2026-04-14T11:28:31.016360+00:00,Operator B,Concealed_5g,5g,ANON_5G_CON_IMSI_B0_4961ebc99c560830377cb65c9538db79497116af6598720a31f2a1eee4c1590a801816ae26bb69e98ffe8be529,4197044684
2026-04-14T11:28:41.276249+00:00,Operator B,Concealed_5g,5g,ANON_5G_CON_IMSI_B0_4961ebc99c560830377cb65c9538db79497116af6598720a31f2a1eee4c1590a801816ae26bb69e98ffe8be529,4197044684
2026-04-14T11:28:51.481319+00:00,Operator B,Concealed_5g,5g,ANON_5G_CON_IMSI_B0_4961ebc99c560830377cb65c9538db79497116af6598720a31f2a1eee4c1590a801816ae26bb69e98ffe8be529,4197044684
2026-04-14T11:29:01.721351+00:00,Operator B,Concealed_5g,5g,ANON_5G_CON_IMSI_B0_4961ebc99c560830377cb65c9538db79497116af6598720a31f2a1eee4c1590a801816ae26bb69e98ffe8be529,4197044684
2026-04-14T11:30:42.304455+00:00,Operator B,S23,4g,ANON_IMSI_B1,3728650008
2026-04-14T11:31:07.334446+00:00,Operator B,S23,4g,ANON_IMSI_B1,3728650008
2026-04-14T11:31:13.038420+00:00,Operator B,Pixel8,4g,ANON_IMSI_B2,4197044684
2026-04-14T11:33:50.287326+00:00,Operator B,Concealed_5g,5g,ANON_5G_CON_IMSI_B0_46a32001f1291eb51a265cbcb458ce26c14b72a4f83cde5b3aff4635becb1b39c2bb7b8d0a100e60a68a7a857f,3728977805
2026-04-14T11:34:00.427189+00:00,Operator B,Concealed_5g,5g,ANON_5G_CON_IMSI_B0_46a32001f1291eb51a265cbcb458ce26c14b72a4f83cde5b3aff4635becb1b39c2bb7b8d0a100e60a68a7a857f,3728977805
2026-04-14T11:34:10.567251+00:00,Operator B,Concealed_5g,5g,ANON_5G_CON_IMSI_B0_46a32001f1291eb51a265cbcb458ce26c14b72a4f83cde5b3aff4635becb1b39c2bb7b8d0a100e60a68a7a857f,3728977805
2026-04-14T11:34:20.692202+00:00,Operator B,Concealed_5g,5g,ANON_5G_CON_IMSI_B0_46a32001f1291eb51a265cbcb458ce26c14b72a4f83cde5b3aff4635becb1b39c2bb7b8d0a100e60a68a7a857f,3728977805
2026-04-14T11:34:30.852200+00:00,Operator B,Concealed_5g,5g,ANON_5G_CON_IMSI_B0_46a32001f1291eb51a265cbcb458ce26c14b72a4f83cde5b3aff4635becb1b39c2bb7b8d0a100e60a68a7a857f,3728977805
2026-04-14T11:36:13.604053+00:00,Operator B,S23,4g,ANON_IMSI_B1,3728977805
2026-04-14T11:36:28.370035+00:00,Operator B,Pixel8,4g,ANON_IMSI_B2,4197306737
2026-04-14T11:36:38.615999+00:00,Operator B,S23,4g,ANON_IMSI_B1,3728977805
2026-04-14T11:41:40.179981+00:00,Operator B,S23,4g,ANON_IMSI_B1,3729239816
2026-04-14T11:42:05.204002+00:00,Operator B,S23,4g,ANON_IMSI_B1,3729239816
2026-04-14T11:42:16.338074+00:00,Operator B,Pixel8,4g,ANON_IMSI_B2,3414479308
2026-04-14T11:45:02.335563+00:00,Operator B,Concealed_5g,5g,ANON_5G_CON_IMSI_B0_0ae9949a4a3dd2e857713cd5b215034bdfb5c5722ef1ebd695f999c20b848422ac1a852dc1f4c45e959186537d,3414544841
2026-04-14T11:45:13.815464+00:00,Operator B,Concealed_5g,5g,ANON_5G_CON_IMSI_B0_0ae9949a4a3dd2e857713cd5b215034bdfb5c5722ef1ebd695f999c20b848422ac1a852dc1f4c45e959186537d,3414544841
2026-04-14T11:45:24.055527+00:00,Operator B,Concealed_5g,5g,ANON_5G_CON_IMSI_B0_0ae9949a4a3dd2e857713cd5b215034bdfb5c5722ef1ebd695f999c20b848422ac1a852dc1f4c45e959186537d,3414544841
2026-04-14T11:45:34.280514+00:00,Operator B,Concealed_5g,5g,ANON_5G_CON_IMSI_B0_0ae9949a4a3dd2e857713cd5b215034bdfb5c5722ef1ebd695f999c20b848422ac1a852dc1f4c45e959186537d,3414544841
2026-04-14T11:47:12.727241+00:00,Operator B,S23,4g,ANON_IMSI_B1,3729502100
2026-04-14T11:47:33.551315+00:00,Operator B,S23,4g,ANON_IMSI_B1,3729502100
2026-04-14T11:47:45.405288+00:00,Operator B,Pixel8,4g,ANON_IMSI_B2,3414741345
2026-04-14T11:50:15.678048+00:00,Operator B,Concealed_5g,5g,ANON_5G_CON_IMSI_B0_0165e9cca43db9df660a96e654ec21e8d7bb9cb03b65355add9a29ab3d3810031f31022903fcdb0cb9ca95f2aa,3414807037
2026-04-14T11:50:27.138019+00:00,Operator B,Concealed_5g,5g,ANON_5G_CON_IMSI_B0_0165e9cca43db9df660a96e654ec21e8d7bb9cb03b65355add9a29ab3d3810031f31022903fcdb0cb9ca95f2aa,3414807037
2026-04-14T11:50:29.958174+00:00,Operator B,Concealed_5g,5g,ANON_5G_CON_IMSI_B0_a37a2b877a8eda354b24fc2beb0197109b5aaac2640bd45e18685168d2ade429c63ee7edbc64a1276fb486e3c3,3729764272
2026-04-14T11:50:37.363081+00:00,Operator B,Concealed_5g,5g,ANON_5G_CON_IMSI_B0_0165e9cca43db9df660a96e654ec21e8d7bb9cb03b65355add9a29ab3d3810031f31022903fcdb0cb9ca95f2aa,3414807037
2026-04-14T11:50:40.103252+00:00,Operator B,Concealed_5g,5g,ANON_5G_CON_IMSI_B0_a37a2b877a8eda354b24fc2beb0197109b5aaac2640bd45e18685168d2ade429c63ee7edbc64a1276fb486e3c3,3729764272
2026-04-14T11:50:47.643144+00:00,Operator B,Concealed_5g,5g,ANON_5G_CON_IMSI_B0_0165e9cca43db9df660a96e654ec21e8d7bb9cb03b65355add9a29ab3d3810031f31022903fcdb0cb9ca95f2aa,3414807037
2026-04-14T11:50:50.268175+00:00,Operator B,Concealed_5g,5g,ANON_5G_CON_IMSI_B0_a37a2b877a8eda354b24fc2beb0197109b5aaac2640bd45e18685168d2ade429c63ee7edbc64a1276fb486e3c3,3729764272
2026-04-14T11:50:57.848177+00:00,Operator B,Concealed_5g,5g,ANON_5G_CON_IMSI_B0_0165e9cca43db9df660a96e654ec21e8d7bb9cb03b65355add9a29ab3d3810031f31022903fcdb0cb9ca95f2aa,3414807037
2026-04-14T11:51:00.408199+00:00,Operator B,Concealed_5g,5g,ANON_5G_CON_IMSI_B0_a37a2b877a8eda354b24fc2beb0197109b5aaac2640bd45e18685168d2ade429c63ee7edbc64a1276fb486e3c3,3729764272
2026-04-14T11:52:35.200479+00:00,Operator B,S23,4g,ANON_IMSI_B1,3729764272
2026-04-14T11:53:00.216544+00:00,Operator B,S23,4g,ANON_IMSI_B1,3729764272
2026-04-14T11:58:04.465474+00:00,Operator B,S23,4g,ANON_IMSI_B1,3730091781
2026-04-14T11:58:29.477537+00:00,Operator B,S23,4g,ANON_IMSI_B1,3730091781
2026-04-14T12:03:54.752415+00:00,Operator B,Pixel8,4g,ANON_IMSI_B2,3415658982
2026-04-14T12:04:00.108983+00:00,Operator B,S23,4g,ANON_IMSI_B1,3730353946
2026-04-14T12:06:40.001892+00:00,Operator B,Concealed_5g,5g,ANON_5G_CON_IMSI_B0_9dd30ed0b3ca9091989dc104a57d04e557dc998d545e009403053db659a3c708729a1c0999db51084240f9c6ba,3977948973
2026-04-14T12:06:43.221908+00:00,Operator B,Concealed_5g,5g,ANON_5G_CON_IMSI_B0_c6934e4eea6ee7b6f7c55e0f044c3700a33fdd63f6546f3c9f2de607f67a33135bd790864d6d4c7fb23ce66080,3415724510
2026-04-14T12:06:50.142169+00:00,Operator B,Concealed_5g,5g,ANON_5G_CON_IMSI_B0_9dd30ed0b3ca9091989dc104a57d04e557dc998d545e009403053db659a3c708729a1c0999db51084240f9c6ba,3977948973
2026-04-14T12:06:53.626932+00:00,Operator B,Concealed_5g,5g,ANON_5G_CON_IMSI_B0_c6934e4eea6ee7b6f7c55e0f044c3700a33fdd63f6546f3c9f2de607f67a33135bd790864d6d4c7fb23ce66080,3415724510
2026-04-14T12:07:00.306972+00:00,Operator B,Concealed_5g,5g,ANON_5G_CON_IMSI_B0_9dd30ed0b3ca9091989dc104a57d04e557dc998d545e009403053db659a3c708729a1c0999db51084240f9c6ba,3977948973
2026-04-14T12:07:03.866933+00:00,Operator B,Concealed_5g,5g,ANON_5G_CON_IMSI_B0_c6934e4eea6ee7b6f7c55e0f044c3700a33fdd63f6546f3c9f2de607f67a33135bd790864d6d4c7fb23ce66080,3415724510
2026-04-14T12:07:10.431894+00:00,Operator B,Concealed_5g,5g,ANON_5G_CON_IMSI_B0_9dd30ed0b3ca9091989dc104a57d04e557dc998d545e009403053db659a3c708729a1c0999db51084240f9c6ba,3977948973
2026-04-14T12:07:14.132013+00:00,Operator B,Concealed_5g,5g,ANON_5G_CON_IMSI_B0_c6934e4eea6ee7b6f7c55e0f044c3700a33fdd63f6546f3c9f2de607f67a33135bd790864d6d4c7fb23ce66080,3415724510
2026-04-14T12:07:20.571994+00:00,Operator B,Concealed_5g,5g,ANON_5G_CON_IMSI_B0_9dd30ed0b3ca9091989dc104a57d04e557dc998d545e009403053db659a3c708729a1c0999db51084240f9c6ba,3977948973
2026-04-14T12:07:24.316922+00:00,Operator B,Concealed_5g,5g,ANON_5G_CON_IMSI_B0_c6934e4eea6ee7b6f7c55e0f044c3700a33fdd63f6546f3c9f2de607f67a33135bd790864d6d4c7fb23ce66080,3415724510
2026-04-14T12:09:04.314208+00:00,Operator B,S23,4g,ANON_IMSI_B1,3730812684
2026-04-14T12:09:29.347182+00:00,Operator B,S23,4g,ANON_IMSI_B1,3730812684
2026-04-14T12:14:30.711500+00:00,Operator B,S23,4g,ANON_IMSI_B1,3730878386
2026-04-14T12:14:55.435421+00:00,Operator B,Pixel8,4g,ANON_IMSI_B2,3415724510
2026-04-14T12:14:55.940885+00:00,Operator B,S23,4g,ANON_IMSI_B1,3730878386
2026-04-14T12:19:59.678070+00:00,Operator B,S23,4g,ANON_IMSI_B1,3731140535
2026-04-14T12:20:15.732371+00:00,Operator B,Pixel8,4g,ANON_IMSI_B2,3455766985
2026-04-14T12:20:24.690336+00:00,Operator B,S23,4g,ANON_IMSI_B1,3731140535
2026-04-14T12:23:08.412041+00:00,Operator B,Concealed_5g,5g,ANON_5G_CON_IMSI_B0_ec65a8dab128d3f0e30e0ae5d823eb206163d169660c20d124cea1b58d5b04749b8dbd13a5487a480d5dc4de4a,3921859056
2026-04-14T12:23:16.771974+00:00,Operator B,Concealed_5g,5g,ANON_5G_CON_IMSI_B0_7b0787257ac4c8d822b7510e772c7d206f44addedb91465f116b8ff1a42c6d5c248d827d14d9a23871ec0402ae,3731468070
2026-04-14T12:23:18.732036+00:00,Operator B,Concealed_5g,5g,ANON_5G_CON_IMSI_B0_ec65a8dab128d3f0e30e0ae5d823eb206163d169660c20d124cea1b58d5b04749b8dbd13a5487a480d5dc4de4a,3921859056
2026-04-14T12:23:26.917166+00:00,Operator B,Concealed_5g,5g,ANON_5G_CON_IMSI_B0_7b0787257ac4c8d822b7510e772c7d206f44addedb91465f116b8ff1a42c6d5c248d827d14d9a23871ec0402ae,3731468070
2026-04-14T12:23:28.957095+00:00,Operator B,Concealed_5g,5g,ANON_5G_CON_IMSI_B0_ec65a8dab128d3f0e30e0ae5d823eb206163d169660c20d124cea1b58d5b04749b8dbd13a5487a480d5dc4de4a,3921859056
2026-04-14T12:23:37.057076+00:00,Operator B,Concealed_5g,5g,ANON_5G_CON_IMSI_B0_7b0787257ac4c8d822b7510e772c7d206f44addedb91465f116b8ff1a42c6d5c248d827d14d9a23871ec0402ae,3731468070
2026-04-14T12:23:39.202217+00:00,Operator B,Concealed_5g,5g,ANON_5G_CON_IMSI_B0_ec65a8dab128d3f0e30e0ae5d823eb206163d169660c20d124cea1b58d5b04749b8dbd13a5487a480d5dc4de4a,3921859056
2026-04-14T12:23:47.202424+00:00,Operator B,Concealed_5g,5g,ANON_5G_CON_IMSI_B0_7b0787257ac4c8d822b7510e772c7d206f44addedb91465f116b8ff1a42c6d5c248d827d14d9a23871ec0402ae,3731468070
2026-04-14T12:23:49.462321+00:00,Operator B,Concealed_5g,5g,ANON_5G_CON_IMSI_B0_ec65a8dab128d3f0e30e0ae5d823eb206163d169660c20d124cea1b58d5b04749b8dbd13a5487a480d5dc4de4a,3921859056
2026-04-14T12:25:49.439321+00:00,Operator B,S23,4g,ANON_IMSI_B1,3731468070
2026-04-14T12:31:24.244817+00:00,Operator B,S23,4g,ANON_IMSI_B1,3731730329
2026-04-14T12:36:38.397959+00:00,Operator B,S23,4g,ANON_IMSI_B1,3731992504
2026-04-14T12:36:47.914018+00:00,Operator B,Pixel8,4g,ANON_IMSI_B2,3945189723
2026-04-14T12:36:52.999997+00:00,Operator B,S23,4g,ANON_IMSI_B1,3731992504
2026-04-14T12:39:34.376743+00:00,Operator B,Concealed_5g,5g,ANON_5G_CON_IMSI_B0_70843224a7b2e4f4ed056119b063227a49fab3646615d405f039207c978e3d70cca36d0b68f16eac2ad7872245,3732320035
2026-04-14T12:39:44.516639+00:00,Operator B,Concealed_5g,5g,ANON_5G_CON_IMSI_B0_70843224a7b2e4f4ed056119b063227a49fab3646615d405f039207c978e3d70cca36d0b68f16eac2ad7872245,3732320035
2026-04-14T12:39:54.656693+00:00,Operator B,Concealed_5g,5g,ANON_5G_CON_IMSI_B0_70843224a7b2e4f4ed056119b063227a49fab3646615d405f039207c978e3d70cca36d0b68f16eac2ad7872245,3732320035
2026-04-14T12:40:04.801831+00:00,Operator B,Concealed_5g,5g,ANON_5G_CON_IMSI_B0_70843224a7b2e4f4ed056119b063227a49fab3646615d405f039207c978e3d70cca36d0b68f16eac2ad7872245,3732320035
2026-04-14T12:40:14.961861+00:00,Operator B,Concealed_5g,5g,ANON_5G_CON_IMSI_B0_70843224a7b2e4f4ed056119b063227a49fab3646615d405f039207c978e3d70cca36d0b68f16eac2ad7872245,3732320035
2026-04-14T12:40:16.601821+00:00,Operator B,Concealed_5g,5g,ANON_5G_CON_IMSI_B0_7051d2817ccf23137f5cf1a4f0f26aac370ace89ddb7f3db301f9d5f11e73527a18db2a7666e237372db0520b4,3945255274
2026-04-14T12:42:07.252822+00:00,Operator B,S23,4g,ANON_IMSI_B1,3732320035
2026-04-14T12:42:32.166963+00:00,Operator B,S23,4g,ANON_IMSI_B1,3732320035
2026-04-14T12:45:29.253923+00:00,Operator B,Concealed_5g,5g,ANON_5G_CON_IMSI_B0_6746b5cfacdb553a06cf1594a2d3317b65e128afb27986c080012d7f4ad82002f713db9614fedbb438e86b8a1e,3945517422
2026-04-14T12:45:40.433824+00:00,Operator B,Concealed_5g,5g,ANON_5G_CON_IMSI_B0_6746b5cfacdb553a06cf1594a2d3317b65e128afb27986c080012d7f4ad82002f713db9614fedbb438e86b8a1e,3945517422
2026-04-14T12:45:50.673940+00:00,Operator B,Concealed_5g,5g,ANON_5G_CON_IMSI_B0_6746b5cfacdb553a06cf1594a2d3317b65e128afb27986c080012d7f4ad82002f713db9614fedbb438e86b8a1e,3945517422
2026-04-14T12:47:34.447384+00:00,Operator B,S23,4g,ANON_IMSI_B1,3732582197
2026-04-14T12:47:50.373351+00:00,Operator B,Pixel8,4g,ANON_IMSI_B2,3945714130
2026-04-14T12:47:59.461445+00:00,Operator B,S23,4g,ANON_IMSI_B1,3732582197
2026-04-14T12:51:14.935010+00:00,Operator B,Concealed_5g,5g,ANON_5G_CON_IMSI_B0_db4bd5c08519bf1c1fac8e57dbe2d97f5cd8003fdbb2d745a6a8c07bed6f847774e5101370b2bfbccdd465b0fd,3945845078
2026-04-14T12:52:54.770646+00:00,Operator B,S23,4g,ANON_IMSI_B1,3732844417
2026-04-14T12:53:19.332051+00:00,Operator B,S23,4g,ANON_IMSI_B1,3732844417
2026-04-14T12:56:16.824249+00:00,Operator B,Concealed_5g,5g,ANON_5G_CON_IMSI_B0_2a0fa386b589b0c068c3243cbe41204584e60a82699b2fbcf50f0e9c26d1112ed6b3ceb502f5d6276be81be5a5,3733106495
2026-04-14T12:56:27.003860+00:00,Operator B,Concealed_5g,5g,ANON_5G_CON_IMSI_B0_2a0fa386b589b0c068c3243cbe41204584e60a82699b2fbcf50f0e9c26d1112ed6b3ceb502f5d6276be81be5a5,3733106495
2026-04-14T12:56:37.143816+00:00,Operator B,Concealed_5g,5g,ANON_5G_CON_IMSI_B0_2a0fa386b589b0c068c3243cbe41204584e60a82699b2fbcf50f0e9c26d1112ed6b3ceb502f5d6276be81be5a5,3733106495
2026-04-14T12:56:47.308682+00:00,Operator B,Concealed_5g,5g,ANON_5G_CON_IMSI_B0_2a0fa386b589b0c068c3243cbe41204584e60a82699b2fbcf50f0e9c26d1112ed6b3ceb502f5d6276be81be5a5,3733106495
2026-04-14T12:58:18.324650+00:00,Operator B,S23,4g,ANON_IMSI_B1,3733106495
2026-04-14T12:58:42.892291+00:00,Operator B,Pixel8,4g,ANON_IMSI_B2,3946107214
2026-04-14T12:58:43.354343+00:00,Operator B,S23,4g,ANON_IMSI_B1,3733106495
2026-04-14T13:02:07.895161+00:00,Operator B,Concealed_5g,5g,ANON_5G_CON_IMSI_B0_dc438dc2c40690ad2464386ad44fd83c130cb0bc3b752bc410dc42760a92404b6e0f0695b6ee64620570930c92,3946369406
2026-04-14T13:03:58.747809+00:00,Operator B,S23,4g,ANON_IMSI_B1,3733368736
2026-04-14T13:04:12.649656+00:00,Operator B,Pixel8,4g,ANON_IMSI_B2,3946565986
2026-04-14T13:04:23.771562+00:00,Operator B,S23,4g,ANON_IMSI_B1,3733368736
2026-04-14T13:07:04.042358+00:00,Operator B,Concealed_5g,5g,ANON_5G_CON_IMSI_B0_b341e82d26662378022f607aedc74b9e03e35631dd43b2b5e32497d0c6b02f13c3502dbe6fdd5aadbd2e37447a,3946631644
2026-04-14T13:07:14.442149+00:00,Operator B,Concealed_5g,5g,ANON_5G_CON_IMSI_B0_b341e82d26662378022f607aedc74b9e03e35631dd43b2b5e32497d0c6b02f13c3502dbe6fdd5aadbd2e37447a,3946631644
2026-04-14T13:07:24.682030+00:00,Operator B,Concealed_5g,5g,ANON_5G_CON_IMSI_B0_b341e82d26662378022f607aedc74b9e03e35631dd43b2b5e32497d0c6b02f13c3502dbe6fdd5aadbd2e37447a,3946631644
2026-04-14T13:07:34.927084+00:00,Operator B,Concealed_5g,5g,ANON_5G_CON_IMSI_B0_b341e82d26662378022f607aedc74b9e03e35631dd43b2b5e32497d0c6b02f13c3502dbe6fdd5aadbd2e37447a,3946631644
2026-04-14T13:07:45.146940+00:00,Operator B,Concealed_5g,5g,ANON_5G_CON_IMSI_B0_b341e82d26662378022f607aedc74b9e03e35631dd43b2b5e32497d0c6b02f13c3502dbe6fdd5aadbd2e37447a,3946631644
2026-04-14T13:09:16.292048+00:00,Operator B,S23,4g,ANON_IMSI_B1,3733630880
2026-04-14T13:09:36.165864+00:00,Operator B,S23,4g,ANON_IMSI_B1,3733630880
2026-04-14T13:09:41.067885+00:00,Operator B,Pixel8,4g,ANON_IMSI_B2,3946631644
2026-04-14T13:12:41.791820+00:00,Operator B,Concealed_5g,5g,ANON_5G_CON_IMSI_B0_2ed28164dcf5b281552415575b2a20916fe9e1ef18719b9fff9d1b975aab67729c6cf95eb6a5703ac31c6f9ad6,3733893039
2026-04-14T13:12:51.931709+00:00,Operator B,Concealed_5g,5g,ANON_5G_CON_IMSI_B0_2ed28164dcf5b281552415575b2a20916fe9e1ef18719b9fff9d1b975aab67729c6cf95eb6a5703ac31c6f9ad6,3733893039
2026-04-14T13:13:02.071757+00:00,Operator B,Concealed_5g,5g,ANON_5G_CON_IMSI_B0_2ed28164dcf5b281552415575b2a20916fe9e1ef18719b9fff9d1b975aab67729c6cf95eb6a5703ac31c6f9ad6,3733893039
2026-04-14T13:13:12.216696+00:00,Operator B,Concealed_5g,5g,ANON_5G_CON_IMSI_B0_2ed28164dcf5b281552415575b2a20916fe9e1ef18719b9fff9d1b975aab67729c6cf95eb6a5703ac31c6f9ad6,3733893039
2026-04-14T13:15:05.026058+00:00,Operator B,S23,4g,ANON_IMSI_B1,3733893039
2026-04-14T13:15:06.528052+00:00,Operator B,Pixel8,4g,ANON_IMSI_B2,3946893695
2026-04-14T13:20:38.237970+00:00,Operator B,S23,4g,ANON_IMSI_B1,3734155172
2026-04-14T13:23:28.049463+00:00,Operator B,Concealed_5g,5g,ANON_5G_CON_IMSI_B0_407dff80a0ef32537691004af20c1dd0bc705a762356eedd3fbe6e24935d992c82e2184adaa356cf9c934394e3,3947549136
2026-04-14T13:23:38.649382+00:00,Operator B,Concealed_5g,5g,ANON_5G_CON_IMSI_B0_407dff80a0ef32537691004af20c1dd0bc705a762356eedd3fbe6e24935d992c82e2184adaa356cf9c934394e3,3947549136
2026-04-14T13:23:48.889416+00:00,Operator B,Concealed_5g,5g,ANON_5G_CON_IMSI_B0_407dff80a0ef32537691004af20c1dd0bc705a762356eedd3fbe6e24935d992c82e2184adaa356cf9c934394e3,3947549136
2026-04-14T13:23:59.114318+00:00,Operator B,Concealed_5g,5g,ANON_5G_CON_IMSI_B0_407dff80a0ef32537691004af20c1dd0bc705a762356eedd3fbe6e24935d992c82e2184adaa356cf9c934394e3,3947549136
2026-04-14T13:24:09.374333+00:00,Operator B,Concealed_5g,5g,ANON_5G_CON_IMSI_B0_407dff80a0ef32537691004af20c1dd0bc705a762356eedd3fbe6e24935d992c82e2184adaa356cf9c934394e3,3947549136
2026-04-14T13:24:49.909857+00:00,Operator B,S23,4g,ANON_IMSI_B1,3734417321
2026-04-14T13:25:06.711778+00:00,Operator B,Pixel8,4g,ANON_IMSI_B2,3947549136
2026-04-14T13:25:14.933762+00:00,Operator B,S23,4g,ANON_IMSI_B1,3734417321
2026-04-14T13:28:16.248814+00:00,Operator B,Concealed_5g,5g,ANON_5G_CON_IMSI_B0_48d58dc9b80a9afd638598bf62824c0fac40afe78f300d2ff0a87d8165d32f59da29e2af621877a2503999eed7,3734679315
2026-04-14T13:28:26.388580+00:00,Operator B,Concealed_5g,5g,ANON_5G_CON_IMSI_B0_48d58dc9b80a9afd638598bf62824c0fac40afe78f300d2ff0a87d8165d32f59da29e2af621877a2503999eed7,3734679315
2026-04-14T13:28:36.528692+00:00,Operator B,Concealed_5g,5g,ANON_5G_CON_IMSI_B0_48d58dc9b80a9afd638598bf62824c0fac40afe78f300d2ff0a87d8165d32f59da29e2af621877a2503999eed7,3734679315
2026-04-14T13:30:30.524946+00:00,Operator B,S23,4g,ANON_IMSI_B1,3990007743
2026-04-14T13:30:32.923628+00:00,Operator B,Pixel8,4g,ANON_IMSI_B2,3947680074
2026-04-14T13:35:42.356244+00:00,Operator B,S23,4g,ANON_IMSI_B1,3609767706
2026-04-14T13:36:05.858127+00:00,Operator B,Pixel8,4g,ANON_IMSI_B2,3947942248
2026-04-14T13:36:07.382181+00:00,Operator B,S23,4g,ANON_IMSI_B1,3609767706
2026-04-14T13:36:19.630133+00:00,Operator B,S23,4g,ANON_IMSI_B1,3609767706
2026-04-14T13:39:02.493990+00:00,Operator B,Concealed_5g,5g,ANON_5G_CON_IMSI_B0_3841639a9ff2f16b798e3fca51ae1b463969997236bffc0d4f5204de5c678045182b8f39da899d454f456ccbd8,3991187340
2026-04-14T13:39:12.673715+00:00,Operator B,Concealed_5g,5g,ANON_5G_CON_IMSI_B0_3841639a9ff2f16b798e3fca51ae1b463969997236bffc0d4f5204de5c678045182b8f39da899d454f456ccbd8,3991187340
2026-04-14T13:39:22.843846+00:00,Operator B,Concealed_5g,5g,ANON_5G_CON_IMSI_B0_3841639a9ff2f16b798e3fca51ae1b463969997236bffc0d4f5204de5c678045182b8f39da899d454f456ccbd8,3991187340
2026-04-14T13:39:33.018758+00:00,Operator B,Concealed_5g,5g,ANON_5G_CON_IMSI_B0_3841639a9ff2f16b798e3fca51ae1b463969997236bffc0d4f5204de5c678045182b8f39da899d454f456ccbd8,3991187340
2026-04-14T13:41:08.425041+00:00,Operator B,S23,4g,ANON_IMSI_B1,3610160951
2026-04-14T13:41:33.452929+00:00,Operator B,S23,4g,ANON_IMSI_B1,3610160951
2026-04-14T13:46:40.590571+00:00,Operator B,S23,4g,ANON_IMSI_B1,3610291992
2026-04-14T13:46:57.052590+00:00,Operator B,S23,4g,ANON_IMSI_B1,3610291992
2026-04-14T13:47:17.048568+00:00,Operator B,S23,4g,ANON_IMSI_B1,3610291992
2026-04-14T13:52:05.372297+00:00,Operator B,S23,4g,ANON_IMSI_B1,3610488756
2026-04-14T13:52:25.314235+00:00,Operator B,S23,4g,ANON_IMSI_B1,3610488756
2026-04-14T13:55:17.005625+00:00,Operator B,Concealed_5g,5g,ANON_5G_CON_IMSI_B0_f39de87cc72d09a6d5789eb8c12efaddc818baa84bdaf36e7050f266c28620157e6a6c5d476e3e2ba77a076a26,3610750879
2026-04-14T13:55:27.205545+00:00,Operator B,Concealed_5g,5g,ANON_5G_CON_IMSI_B0_f39de87cc72d09a6d5789eb8c12efaddc818baa84bdaf36e7050f266c28620157e6a6c5d476e3e2ba77a076a26,3610750879
2026-04-14T13:55:37.350693+00:00,Operator B,Concealed_5g,5g,ANON_5G_CON_IMSI_B0_f39de87cc72d09a6d5789eb8c12efaddc818baa84bdaf36e7050f266c28620157e6a6c5d476e3e2ba77a076a26,3610750879
2026-04-14T13:55:47.515302+00:00,Operator B,Concealed_5g,5g,ANON_5G_CON_IMSI_B0_f39de87cc72d09a6d5789eb8c12efaddc818baa84bdaf36e7050f266c28620157e6a6c5d476e3e2ba77a076a26,3610750879
2026-04-14T13:55:57.755359+00:00,Operator B,Concealed_5g,5g,ANON_5G_CON_IMSI_B0_f39de87cc72d09a6d5789eb8c12efaddc818baa84bdaf36e7050f266c28620157e6a6c5d476e3e2ba77a076a26,3610750879
2026-04-14T13:57:37.268881+00:00,Operator B,S23,4g,ANON_IMSI_B1,3610750879
2026-04-14T13:57:54.004876+00:00,Operator B,S23,4g,ANON_IMSI_B1,3610750879
2026-04-14T13:58:17.708955+00:00,Operator B,S23,4g,ANON_IMSI_B1,3610750879
2026-04-14T14:03:02.158394+00:00,Operator B,S23,4g,ANON_IMSI_B1,3611013000
2026-04-14T14:03:22.285901+00:00,Operator B,S23,4g,ANON_IMSI_B1,3611013000
2026-04-14T14:08:37.849012+00:00,Operator B,S23,4g,ANON_IMSI_B1,3611275153
2026-04-14T14:09:02.877067+00:00,Operator B,S23,4g,ANON_IMSI_B1,3611275153
2026-04-14T14:11:59.537539+00:00,Operator B,Concealed_5g,5g,ANON_5G_CON_IMSI_B0_33c6f7c5495df1300d5a564cb28e8f0f2800cb9a0580d71fc7d1d06fc0b76e64f52867a884a241ef36a18e9594,3995250610
2026-04-14T14:12:09.697672+00:00,Operator B,Concealed_5g,5g,ANON_5G_CON_IMSI_B0_33c6f7c5495df1300d5a564cb28e8f0f2800cb9a0580d71fc7d1d06fc0b76e64f52867a884a241ef36a18e9594,3995250610
2026-04-14T14:12:19.897552+00:00,Operator B,Concealed_5g,5g,ANON_5G_CON_IMSI_B0_33c6f7c5495df1300d5a564cb28e8f0f2800cb9a0580d71fc7d1d06fc0b76e64f52867a884a241ef36a18e9594,3995250610
2026-04-14T14:12:30.062676+00:00,Operator B,Concealed_5g,5g,ANON_5G_CON_IMSI_B0_33c6f7c5495df1300d5a564cb28e8f0f2800cb9a0580d71fc7d1d06fc0b76e64f52867a884a241ef36a18e9594,3995250610
2026-04-14T14:14:05.386177+00:00,Operator B,S23,4g,ANON_IMSI_B1,3611733805
2026-04-14T14:14:30.388268+00:00,Operator B,S23,4g,ANON_IMSI_B1,3611733805
2026-04-14T14:19:29.088603+00:00,Operator B,S23,4g,ANON_IMSI_B1,3611799476
2026-04-14T14:19:54.110569+00:00,Operator B,S23,4g,ANON_IMSI_B1,3611799476
2026-04-14T14:25:01.748586+00:00,Operator B,S23,4g,ANON_IMSI_B1,3612061595
2026-04-14T14:25:17.670725+00:00,Operator B,S23,4g,ANON_IMSI_B1,3612061595
2026-04-14T14:28:16.215033+00:00,Operator B,Concealed_5g,5g,ANON_5G_CON_IMSI_B0_36efa8a6495922cd99a139c5bc88a9e998ee4553476055af3319311577246562336c7e1e2f22bcc32eb834ec07,3612323748
2026-04-14T14:28:26.354956+00:00,Operator B,Concealed_5g,5g,ANON_5G_CON_IMSI_B0_36efa8a6495922cd99a139c5bc88a9e998ee4553476055af3319311577246562336c7e1e2f22bcc32eb834ec07,3612323748
2026-04-14T14:28:36.495045+00:00,Operator B,Concealed_5g,5g,ANON_5G_CON_IMSI_B0_36efa8a6495922cd99a139c5bc88a9e998ee4553476055af3319311577246562336c7e1e2f22bcc32eb834ec07,3612323748
2026-04-14T14:28:46.640007+00:00,Operator B,Concealed_5g,5g,ANON_5G_CON_IMSI_B0_36efa8a6495922cd99a139c5bc88a9e998ee4553476055af3319311577246562336c7e1e2f22bcc32eb834ec07,3612323748
2026-04-14T14:28:56.779972+00:00,Operator B,Concealed_5g,5g,ANON_5G_CON_IMSI_B0_36efa8a6495922cd99a139c5bc88a9e998ee4553476055af3319311577246562336c7e1e2f22bcc32eb834ec07,3612323748
2026-04-14T14:30:29.457627+00:00,Operator B,S23,4g,ANON_IMSI_B1,3612323748
2026-04-14T14:30:46.439585+00:00,Operator B,S23,4g,ANON_IMSI_B1,3612323748
2026-04-14T14:35:58.703208+00:00,Operator B,S23,4g,ANON_IMSI_B1,3612585859
2026-04-14T14:36:23.727103+00:00,Operator B,S23,4g,ANON_IMSI_B1,3612585859
2026-04-14T14:41:24.062722+00:00,Operator B,S23,4g,ANON_IMSI_B1,3612847932
2026-04-14T14:41:49.092598+00:00,Operator B,S23,4g,ANON_IMSI_B1,3612847932
2026-04-14T14:41:57.827658+00:00,Operator B,Pixel8,4g,ANON_IMSI_B2,3783447025
2026-04-14T14:50:48.761393+00:00,Operator B,Concealed_5g,5g,ANON_5G_CON_IMSI_B0_3263139a5585c17c1286703c3d5215f908725fa29bb8b3e4ead36b0a8361d86716dc62d556a50d3d399c9360d1,3999575952
2026-04-14T14:52:45.031470+00:00,Operator B,Pixel8,4g,ANON_IMSI_B2,3951743464
2026-04-14T14:56:07.957400+00:00,Operator B,Concealed_5g,5g,ANON_5G_CON_IMSI_B0_01b904dc5e090979c78c711f36d4942ea8b7bef14273bd3820df5d013d49752994d67a00c1438c714eecf8636c,4000689976
2026-04-14T14:56:18.097170+00:00,Operator B,Concealed_5g,5g,ANON_5G_CON_IMSI_B0_01b904dc5e090979c78c711f36d4942ea8b7bef14273bd3820df5d013d49752994d67a00c1438c714eecf8636c,4000689976
2026-04-14T14:57:46.496985+00:00,Operator B,Pixel8,4g,ANON_IMSI_B2,3951809017
2026-04-14T14:58:11.645032+00:00,Operator B,Pixel8,4g,ANON_IMSI_B2,3951809017
2026-04-14T15:00:59.875229+00:00,Operator B,Concealed_5g,5g,ANON_5G_CON_IMSI_B0_4e46f23380c97699c4177b4d190e9d4cfe7d1bb766f74e0d7880328e95214f0a3fdee8ea9ccf1d5b458d76e7f5,4001345445
2026-04-14T15:01:10.015182+00:00,Operator B,Concealed_5g,5g,ANON_5G_CON_IMSI_B0_4e46f23380c97699c4177b4d190e9d4cfe7d1bb766f74e0d7880328e95214f0a3fdee8ea9ccf1d5b458d76e7f5,4001345445
2026-04-14T15:01:20.155110+00:00,Operator B,Concealed_5g,5g,ANON_5G_CON_IMSI_B0_4e46f23380c97699c4177b4d190e9d4cfe7d1bb766f74e0d7880328e95214f0a3fdee8ea9ccf1d5b458d76e7f5,4001345445
2026-04-14T15:01:30.300163+00:00,Operator B,Concealed_5g,5g,ANON_5G_CON_IMSI_B0_4e46f23380c97699c4177b4d190e9d4cfe7d1bb766f74e0d7880328e95214f0a3fdee8ea9ccf1d5b458d76e7f5,4001345445
2026-04-14T15:01:40.439978+00:00,Operator B,Concealed_5g,5g,ANON_5G_CON_IMSI_B0_4e46f23380c97699c4177b4d190e9d4cfe7d1bb766f74e0d7880328e95214f0a3fdee8ea9ccf1d5b458d76e7f5,4001345445
2026-04-14T15:03:41.785717+00:00,Operator B,Pixel8,4g,ANON_IMSI_B2,3952136517
2026-04-14T15:06:30.763098+00:00,Operator B,Concealed_5g,5g,ANON_5G_CON_IMSI_B0_d5300d4f9e6edeb544128e6c5ac536fa39f6d01d01b1aa5fbbbe07a70ab71651c297f6ab9d21fac8c6ebcf373a,3952398714
2026-04-14T15:06:42.123026+00:00,Operator B,Concealed_5g,5g,ANON_5G_CON_IMSI_B0_d5300d4f9e6edeb544128e6c5ac536fa39f6d01d01b1aa5fbbbe07a70ab71651c297f6ab9d21fac8c6ebcf373a,3952398714
2026-04-14T15:06:52.342944+00:00,Operator B,Concealed_5g,5g,ANON_5G_CON_IMSI_B0_d5300d4f9e6edeb544128e6c5ac536fa39f6d01d01b1aa5fbbbe07a70ab71651c297f6ab9d21fac8c6ebcf373a,3952398714
2026-04-14T15:07:02.527973+00:00,Operator B,Concealed_5g,5g,ANON_5G_CON_IMSI_B0_d5300d4f9e6edeb544128e6c5ac536fa39f6d01d01b1aa5fbbbe07a70ab71651c297f6ab9d21fac8c6ebcf373a,3952398714
2026-04-14T15:07:12.788007+00:00,Operator B,Concealed_5g,5g,ANON_5G_CON_IMSI_B0_d5300d4f9e6edeb544128e6c5ac536fa39f6d01d01b1aa5fbbbe07a70ab71651c297f6ab9d21fac8c6ebcf373a,3952398714
2026-04-14T15:09:10.274732+00:00,Operator B,Pixel8,4g,ANON_IMSI_B2,3952398714
2026-04-14T15:14:38.707534+00:00,Operator B,Pixel8,4g,ANON_IMSI_B2,3952595447
2026-04-14T15:18:02.091015+00:00,Operator B,Concealed_5g,5g,ANON_5G_CON_IMSI_B0_c93d7b84ebacdcf828597709c40115c34f8e2089f2d34d4a0dce2a2c725a9a1ae28fd7ea714cc38bf83472f593,4003770125
2026-04-14T15:18:12.250932+00:00,Operator B,Concealed_5g,5g,ANON_5G_CON_IMSI_B0_c93d7b84ebacdcf828597709c40115c34f8e2089f2d34d4a0dce2a2c725a9a1ae28fd7ea714cc38bf83472f593,4003770125
2026-04-14T15:20:21.773305+00:00,Operator B,Pixel8,4g,ANON_IMSI_B2,4228043242
2026-04-14T15:25:40.855562+00:00,Operator B,Pixel8,4g,ANON_IMSI_B2,4228174144
2026-04-14T15:31:25.465624+00:00,Operator B,Pixel8,4g,ANON_IMSI_B2,4228174293
2026-04-14T15:36:41.804910+00:00,Operator B,Pixel8,4g,ANON_IMSI_B2,4228370773
2026-04-14T15:44:48.485340+00:00,Operator B,Concealed_5g,5g,ANON_5G_CON_IMSI_B0_82fd58ffadeeb53f98acba5b75abfa8548a1ac77f1f7be8ae2cc54057b4ab211fdef1a903a2eed970d25978522,4007505841
2026-04-14T15:44:58.625122+00:00,Operator B,Concealed_5g,5g,ANON_5G_CON_IMSI_B0_82fd58ffadeeb53f98acba5b75abfa8548a1ac77f1f7be8ae2cc54057b4ab211fdef1a903a2eed970d25978522,4007505841
2026-04-14T15:45:08.765030+00:00,Operator B,Concealed_5g,5g,ANON_5G_CON_IMSI_B0_82fd58ffadeeb53f98acba5b75abfa8548a1ac77f1f7be8ae2cc54057b4ab211fdef1a903a2eed970d25978522,4007505841
2026-04-14T15:45:18.889910+00:00,Operator B,Concealed_5g,5g,ANON_5G_CON_IMSI_B0_82fd58ffadeeb53f98acba5b75abfa8548a1ac77f1f7be8ae2cc54057b4ab211fdef1a903a2eed970d25978522,4007505841
2026-04-14T15:45:29.029819+00:00,Operator B,Concealed_5g,5g,ANON_5G_CON_IMSI_B0_82fd58ffadeeb53f98acba5b75abfa8548a1ac77f1f7be8ae2cc54057b4ab211fdef1a903a2eed970d25978522,4007505841
2026-04-14T15:47:10.774670+00:00,Operator B,S23,4g,ANON_IMSI_B1,3616124693
2026-04-14T15:47:35.796492+00:00,Operator B,S23,4g,ANON_IMSI_B1,3616124693
2026-04-14T15:47:48.292385+00:00,Operator B,S23,4g,ANON_IMSI_B1,3616124693
2026-04-14T15:52:48.015037+00:00,Operator B,S23,4g,ANON_IMSI_B1,3616190391
2026-04-14T15:53:13.062912+00:00,Operator B,S23,4g,ANON_IMSI_B1,3616190391
2026-04-14T15:57:14.345445+00:00,Operator B,S23,4g,ANON_IMSI_B1,3616452527
2026-04-14T15:57:39.247286+00:00,Operator B,S23,4g,ANON_IMSI_B1,3616452527
2026-04-14T16:00:27.798821+00:00,Operator B,Concealed_5g,5g,ANON_5G_CON_IMSI_B0_c7841fdfecb95a74f2ca8d77dac44f8892d3ff0caef49a75c5f0b094cc4c0f0150b04950f6d121a968f6c40bd3,4010258233
2026-04-14T16:00:37.938591+00:00,Operator B,Concealed_5g,5g,ANON_5G_CON_IMSI_B0_c7841fdfecb95a74f2ca8d77dac44f8892d3ff0caef49a75c5f0b094cc4c0f0150b04950f6d121a968f6c40bd3,4010258233
2026-04-14T16:00:48.078529+00:00,Operator B,Concealed_5g,5g,ANON_5G_CON_IMSI_B0_c7841fdfecb95a74f2ca8d77dac44f8892d3ff0caef49a75c5f0b094cc4c0f0150b04950f6d121a968f6c40bd3,4010258233
2026-04-14T16:00:58.223425+00:00,Operator B,Concealed_5g,5g,ANON_5G_CON_IMSI_B0_c7841fdfecb95a74f2ca8d77dac44f8892d3ff0caef49a75c5f0b094cc4c0f0150b04950f6d121a968f6c40bd3,4010258233
2026-04-14T16:02:39.116995+00:00,Operator B,S23,4g,ANON_IMSI_B1,3616845747
2026-04-14T16:02:53.202924+00:00,Operator B,S23,4g,ANON_IMSI_B1,3616845747
2026-04-14T16:08:07.014908+00:00,Operator B,S23,4g,ANON_IMSI_B1,3616976797
2026-04-14T16:08:21.962937+00:00,Operator B,S23,4g,ANON_IMSI_B1,3616976797
2026-04-14T16:22:31.535276+00:00,Operator B,Concealed_5g,5g,ANON_5G_CON_IMSI_B0_c72477f6205b83c691381a80cd41ad5f4ee05a922b54f0e2906911aeab37536ec47109e770f5e142eb6fb167e0,4012093208
2026-04-14T16:22:41.675310+00:00,Operator B,Concealed_5g,5g,ANON_5G_CON_IMSI_B0_c72477f6205b83c691381a80cd41ad5f4ee05a922b54f0e2906911aeab37536ec47109e770f5e142eb6fb167e0,4012093208
2026-04-14T16:22:51.815382+00:00,Operator B,Concealed_5g,5g,ANON_5G_CON_IMSI_B0_c72477f6205b83c691381a80cd41ad5f4ee05a922b54f0e2906911aeab37536ec47109e770f5e142eb6fb167e0,4012093208
2026-04-14T16:28:21.816101+00:00,Operator B,Concealed_5g,5g,ANON_5G_CON_IMSI_B0_199e54b65de496d0db55dee3610cc88c5fa813e6e0a504ebf67e62e1100cdb6acba0bd2434cdfcd1cf5cc81e26,4013404073
2026-04-14T16:38:39.028332+00:00,Operator B,Concealed_5g,5g,ANON_5G_CON_IMSI_B0_8dead24b8f57c6ec0673bae2cce26641e6e3a154d39e4fc777118b890f4b555045a2155c204c4855e04b43d08e,4014190520
2026-04-14T16:38:49.168283+00:00,Operator B,Concealed_5g,5g,ANON_5G_CON_IMSI_B0_8dead24b8f57c6ec0673bae2cce26641e6e3a154d39e4fc777118b890f4b555045a2155c204c4855e04b43d08e,4014190520
2026-04-14T16:38:59.328204+00:00,Operator B,Concealed_5g,5g,ANON_5G_CON_IMSI_B0_8dead24b8f57c6ec0673bae2cce26641e6e3a154d39e4fc777118b890f4b555045a2155c204c4855e04b43d08e,4014190520
2026-04-14T16:39:09.473269+00:00,Operator B,Concealed_5g,5g,ANON_5G_CON_IMSI_B0_8dead24b8f57c6ec0673bae2cce26641e6e3a154d39e4fc777118b890f4b555045a2155c204c4855e04b43d08e,4014190520
2026-04-14T16:39:19.593223+00:00,Operator B,Concealed_5g,5g,ANON_5G_CON_IMSI_B0_8dead24b8f57c6ec0673bae2cce26641e6e3a154d39e4fc777118b890f4b555045a2155c204c4855e04b43d08e,4014190520
2026-04-14T16:40:55.071252+00:00,Operator B,Pixel8,4g,ANON_IMSI_B2,4229681649
2026-04-14T16:41:04.763199+00:00,Operator B,S23,4g,ANON_IMSI_B1,3618811794
2026-04-14T16:41:20.307264+00:00,Operator B,Pixel8,4g,ANON_IMSI_B2,4229681649
2026-04-14T16:41:29.825239+00:00,Operator B,S23,4g,ANON_IMSI_B1,3618811794
2026-04-14T16:44:34.497130+00:00,Operator B,Concealed_5g,5g,ANON_5G_CON_IMSI_B0_ee48943bfb1a65ba1d14eb791ecd56c5b55b18233e0fec5c54df8417f1421714198958f77998fc7a5777395ccc,4229812586
2026-04-14T16:44:44.777121+00:00,Operator B,Concealed_5g,5g,ANON_5G_CON_IMSI_B0_ee48943bfb1a65ba1d14eb791ecd56c5b55b18233e0fec5c54df8417f1421714198958f77998fc7a5777395ccc,4229812586
2026-04-14T16:46:51.259453+00:00,Operator B,S23,4g,ANON_IMSI_B1,3618942766
2026-04-14T16:49:33.745564+00:00,Operator B,Concealed_5g,5g,ANON_5G_CON_IMSI_B0_3033f3b4593433ac006c16d94910fbbd2847606ea4be2c1bf6cc4aa6e407666f8fc9b13aced8eb97ab6c8b30b7,4229878215
2026-04-14T16:49:43.985388+00:00,Operator B,Concealed_5g,5g,ANON_5G_CON_IMSI_B0_3033f3b4593433ac006c16d94910fbbd2847606ea4be2c1bf6cc4aa6e407666f8fc9b13aced8eb97ab6c8b30b7,4229878215
2026-04-14T16:49:54.205459+00:00,Operator B,Concealed_5g,5g,ANON_5G_CON_IMSI_B0_3033f3b4593433ac006c16d94910fbbd2847606ea4be2c1bf6cc4aa6e407666f8fc9b13aced8eb97ab6c8b30b7,4229878215
2026-04-14T16:50:04.430536+00:00,Operator B,Concealed_5g,5g,ANON_5G_CON_IMSI_B0_3033f3b4593433ac006c16d94910fbbd2847606ea4be2c1bf6cc4aa6e407666f8fc9b13aced8eb97ab6c8b30b7,4229878215
2026-04-14T16:50:14.690498+00:00,Operator B,Concealed_5g,5g,ANON_5G_CON_IMSI_B0_3033f3b4593433ac006c16d94910fbbd2847606ea4be2c1bf6cc4aa6e407666f8fc9b13aced8eb97ab6c8b30b7,4229878215
2026-04-14T16:51:57.643529+00:00,Operator B,S23,4g,ANON_IMSI_B1,3619205005
2026-04-14T16:52:12.587408+00:00,Operator B,Pixel8,4g,ANON_IMSI_B2,4229878215
2026-04-14T16:52:22.637415+00:00,Operator B,S23,4g,ANON_IMSI_B1,3619205005
2026-04-14T16:55:08.717386+00:00,Operator B,Concealed_5g,5g,ANON_5G_CON_IMSI_B0_120ee81fc58d1dc4e0c0195049c5931fee63f7e645938d42426eed37c413a723f774788b55ad390d3d85b54a3c,3619532578
2026-04-14T16:55:18.857203+00:00,Operator B,Concealed_5g,5g,ANON_5G_CON_IMSI_B0_120ee81fc58d1dc4e0c0195049c5931fee63f7e645938d42426eed37c413a723f774788b55ad390d3d85b54a3c,3619532578
2026-04-14T16:55:28.997274+00:00,Operator B,Concealed_5g,5g,ANON_5G_CON_IMSI_B0_120ee81fc58d1dc4e0c0195049c5931fee63f7e645938d42426eed37c413a723f774788b55ad390d3d85b54a3c,3619532578
2026-04-14T16:55:39.182273+00:00,Operator B,Concealed_5g,5g,ANON_5G_CON_IMSI_B0_120ee81fc58d1dc4e0c0195049c5931fee63f7e645938d42426eed37c413a723f774788b55ad390d3d85b54a3c,3619532578
2026-04-14T16:55:49.322184+00:00,Operator B,Concealed_5g,5g,ANON_5G_CON_IMSI_B0_120ee81fc58d1dc4e0c0195049c5931fee63f7e645938d42426eed37c413a723f774788b55ad390d3d85b54a3c,3619532578
2026-04-14T16:57:29.648676+00:00,Operator B,S23,4g,ANON_IMSI_B1,3619532578
2026-04-14T16:57:54.630679+00:00,Operator B,S23,4g,ANON_IMSI_B1,3619532578
2026-04-14T17:03:11.513600+00:00,Operator B,Pixel8,4g,ANON_IMSI_B2,3790459344
2026-04-14T17:03:25.834589+00:00,Operator B,S23,4g,ANON_IMSI_B1,3619794699
2026-04-14T17:06:07.259181+00:00,Operator B,Concealed_5g,5g,ANON_5G_CON_IMSI_B0_19dd77f3da8756764c3ba3fcf20ee1c82f3415f35fcfeeb9ebdfcb30579b6163bcd141a6395d60a6fea1cb8f1e,3469988216
2026-04-14T17:06:17.799152+00:00,Operator B,Concealed_5g,5g,ANON_5G_CON_IMSI_B0_19dd77f3da8756764c3ba3fcf20ee1c82f3415f35fcfeeb9ebdfcb30579b6163bcd141a6395d60a6fea1cb8f1e,3469988216
2026-04-14T17:06:28.039180+00:00,Operator B,Concealed_5g,5g,ANON_5G_CON_IMSI_B0_19dd77f3da8756764c3ba3fcf20ee1c82f3415f35fcfeeb9ebdfcb30579b6163bcd141a6395d60a6fea1cb8f1e,3469988216
2026-04-14T17:06:38.264044+00:00,Operator B,Concealed_5g,5g,ANON_5G_CON_IMSI_B0_19dd77f3da8756764c3ba3fcf20ee1c82f3415f35fcfeeb9ebdfcb30579b6163bcd141a6395d60a6fea1cb8f1e,3469988216
2026-04-14T17:06:48.524228+00:00,Operator B,Concealed_5g,5g,ANON_5G_CON_IMSI_B0_19dd77f3da8756764c3ba3fcf20ee1c82f3415f35fcfeeb9ebdfcb30579b6163bcd141a6395d60a6fea1cb8f1e,3469988216
2026-04-14T17:08:33.288148+00:00,Operator B,S23,4g,ANON_IMSI_B1,3620056874
2026-04-14T17:08:41.278135+00:00,Operator B,Pixel8,4g,ANON_IMSI_B2,3469988216
2026-04-14T17:08:58.418192+00:00,Operator B,S23,4g,ANON_IMSI_B1,3620056874
2026-04-14T17:11:34.381757+00:00,Operator B,Concealed_5g,5g,ANON_5G_CON_IMSI_B0_955a98da1ced0305653eb8f978cc501146657345845b9270820f2fb4d30ca72b6780a22ceaeced3d72da5943fa,3620319030
2026-04-14T17:11:44.521685+00:00,Operator B,Concealed_5g,5g,ANON_5G_CON_IMSI_B0_955a98da1ced0305653eb8f978cc501146657345845b9270820f2fb4d30ca72b6780a22ceaeced3d72da5943fa,3620319030
2026-04-14T17:11:54.661713+00:00,Operator B,Concealed_5g,5g,ANON_5G_CON_IMSI_B0_955a98da1ced0305653eb8f978cc501146657345845b9270820f2fb4d30ca72b6780a22ceaeced3d72da5943fa,3620319030
2026-04-14T17:12:04.806665+00:00,Operator B,Concealed_5g,5g,ANON_5G_CON_IMSI_B0_955a98da1ced0305653eb8f978cc501146657345845b9270820f2fb4d30ca72b6780a22ceaeced3d72da5943fa,3620319030
2026-04-14T17:12:14.946700+00:00,Operator B,Concealed_5g,5g,ANON_5G_CON_IMSI_B0_955a98da1ced0305653eb8f978cc501146657345845b9270820f2fb4d30ca72b6780a22ceaeced3d72da5943fa,3620319030
2026-04-14T17:13:54.243426+00:00,Operator B,S23,4g,ANON_IMSI_B1,3620319030
2026-04-14T17:14:09.673421+00:00,Operator B,Pixel8,4g,ANON_IMSI_B2,3470250488
2026-04-14T17:14:19.327417+00:00,Operator B,S23,4g,ANON_IMSI_B1,3620319030
2026-04-14T17:14:30.939489+00:00,Operator B,S23,4g,ANON_IMSI_B1,3620319030
2026-04-14T17:19:31.250651+00:00,Operator B,S23,4g,ANON_IMSI_B1,3620581152
2026-04-14T17:19:56.246657+00:00,Operator B,S23,4g,ANON_IMSI_B1,3620581152
2026-04-14T17:23:15.282552+00:00,Operator B,Concealed_5g,5g,ANON_5G_CON_IMSI_B0_e9eb3ab53827ad9efd417214f42308b76a9b07adb7a85ef02dd64c3684cde05f195e0936cdfbf6c3a934705d9b,3470971338
2026-04-14T17:24:40.783251+00:00,Operator B,S23,4g,ANON_IMSI_B1,3620843308
2026-04-14T17:25:04.546301+00:00,Operator B,S23,4g,ANON_IMSI_B1,3620843308
2026-04-14T17:25:06.756409+00:00,Operator B,Pixel8,4g,ANON_IMSI_B2,3471036788
2026-04-14T17:25:15.450256+00:00,Operator B,S23,4g,ANON_IMSI_B1,3620843308
2026-04-14T17:30:34.726772+00:00,Operator B,Pixel8,4g,ANON_IMSI_B2,3471102429
2026-04-14T17:33:31.849977+00:00,Operator B,Concealed_5g,5g,ANON_5G_CON_IMSI_B0_5ca504f308d6387cecb186fb77ff300653374bd8e0bdc4c12252a5f1714023090afbab27fe73ba6deb1e462ad0,3471429971
2026-04-14T17:33:43.049879+00:00,Operator B,Concealed_5g,5g,ANON_5G_CON_IMSI_B0_5ca504f308d6387cecb186fb77ff300653374bd8e0bdc4c12252a5f1714023090afbab27fe73ba6deb1e462ad0,3471429971
2026-04-14T17:33:53.269814+00:00,Operator B,Concealed_5g,5g,ANON_5G_CON_IMSI_B0_5ca504f308d6387cecb186fb77ff300653374bd8e0bdc4c12252a5f1714023090afbab27fe73ba6deb1e462ad0,3471429971
2026-04-14T17:34:03.494898+00:00,Operator B,Concealed_5g,5g,ANON_5G_CON_IMSI_B0_5ca504f308d6387cecb186fb77ff300653374bd8e0bdc4c12252a5f1714023090afbab27fe73ba6deb1e462ad0,3471429971
2026-04-14T17:36:06.148855+00:00,Operator B,Pixel8,4g,ANON_IMSI_B2,3471626728
2026-04-14T17:38:51.435614+00:00,Operator B,Concealed_5g,5g,ANON_5G_CON_IMSI_B0_9a615179857ba7e07c6684976b166a37edccbe1bd46d2b1af5cec009466c88393abe5c76a63149d66788d41696,3471692240
2026-04-14T17:39:02.835545+00:00,Operator B,Concealed_5g,5g,ANON_5G_CON_IMSI_B0_9a615179857ba7e07c6684976b166a37edccbe1bd46d2b1af5cec009466c88393abe5c76a63149d66788d41696,3471692240
2026-04-14T17:39:13.075557+00:00,Operator B,Concealed_5g,5g,ANON_5G_CON_IMSI_B0_9a615179857ba7e07c6684976b166a37edccbe1bd46d2b1af5cec009466c88393abe5c76a63149d66788d41696,3471692240
2026-04-14T17:39:23.320573+00:00,Operator B,Concealed_5g,5g,ANON_5G_CON_IMSI_B0_9a615179857ba7e07c6684976b166a37edccbe1bd46d2b1af5cec009466c88393abe5c76a63149d66788d41696,3471692240
2026-04-14T17:39:33.540599+00:00,Operator B,Concealed_5g,5g,ANON_5G_CON_IMSI_B0_9a615179857ba7e07c6684976b166a37edccbe1bd46d2b1af5cec009466c88393abe5c76a63149d66788d41696,3471692240
2026-04-14T17:41:31.865657+00:00,Operator B,Pixel8,4g,ANON_IMSI_B2,3471692240
2026-04-14T17:44:28.752232+00:00,Operator B,Concealed_5g,5g,ANON_5G_CON_IMSI_B0_3be5211d5bdf830083b4c7481578805bdf0975ad36440fe1fda38b24ec3b580a48b2c2311d426c3bcfc734dab7,3621957507
2026-04-14T17:44:38.892407+00:00,Operator B,Concealed_5g,5g,ANON_5G_CON_IMSI_B0_3be5211d5bdf830083b4c7481578805bdf0975ad36440fe1fda38b24ec3b580a48b2c2311d426c3bcfc734dab7,3621957507
2026-04-14T17:44:49.032310+00:00,Operator B,Concealed_5g,5g,ANON_5G_CON_IMSI_B0_3be5211d5bdf830083b4c7481578805bdf0975ad36440fe1fda38b24ec3b580a48b2c2311d426c3bcfc734dab7,3621957507
2026-04-14T17:44:59.177265+00:00,Operator B,Concealed_5g,5g,ANON_5G_CON_IMSI_B0_3be5211d5bdf830083b4c7481578805bdf0975ad36440fe1fda38b24ec3b580a48b2c2311d426c3bcfc734dab7,3621957507
2026-04-14T17:45:09.317209+00:00,Operator B,Concealed_5g,5g,ANON_5G_CON_IMSI_B0_3be5211d5bdf830083b4c7481578805bdf0975ad36440fe1fda38b24ec3b580a48b2c2311d426c3bcfc734dab7,3621957507
2026-04-14T17:46:58.922150+00:00,Operator B,S23,4g,ANON_IMSI_B1,3621957507
2026-04-14T17:47:01.632112+00:00,Operator B,Pixel8,4g,ANON_IMSI_B2,3472019814
2026-04-14T17:52:27.480500+00:00,Operator B,S23,4g,ANON_IMSI_B1,3622154173
2026-04-14T17:52:29.720503+00:00,Operator B,Pixel8,4g,ANON_IMSI_B2,3792752995
2026-04-14T17:52:47.641473+00:00,Operator B,S23,4g,ANON_IMSI_B1,3792752995
2026-04-14T17:52:47.641473+00:00,Operator B,Pixel8,4g,ANON_IMSI_B2,3792752995
2026-04-14T17:55:21.577028+00:00,Operator B,Concealed_5g,5g,ANON_5G_CON_IMSI_B0_daca8d26778d1cb8f5114cd5b47c2d86724778380789ff4bf5e706eecc87af4625e5e7cb49843154c0512486ac,3472609601
2026-04-14T17:55:32.137025+00:00,Operator B,Concealed_5g,5g,ANON_5G_CON_IMSI_B0_daca8d26778d1cb8f5114cd5b47c2d86724778380789ff4bf5e706eecc87af4625e5e7cb49843154c0512486ac,3472609601
2026-04-14T17:55:42.376856+00:00,Operator B,Concealed_5g,5g,ANON_5G_CON_IMSI_B0_daca8d26778d1cb8f5114cd5b47c2d86724778380789ff4bf5e706eecc87af4625e5e7cb49843154c0512486ac,3472609601
2026-04-14T17:55:52.601843+00:00,Operator B,Concealed_5g,5g,ANON_5G_CON_IMSI_B0_daca8d26778d1cb8f5114cd5b47c2d86724778380789ff4bf5e706eecc87af4625e5e7cb49843154c0512486ac,3472609601
2026-04-14T17:56:02.842026+00:00,Operator B,Concealed_5g,5g,ANON_5G_CON_IMSI_B0_daca8d26778d1cb8f5114cd5b47c2d86724778380789ff4bf5e706eecc87af4625e5e7cb49843154c0512486ac,3472609601
2026-04-14T17:57:41.627824+00:00,Operator B,S23,4g,ANON_IMSI_B1,3622416295
2026-04-14T17:58:05.257886+00:00,Operator B,Pixel8,4g,ANON_IMSI_B2,3472609601
2026-04-14T17:58:06.531822+00:00,Operator B,S23,4g,ANON_IMSI_B1,3622416295
2026-04-14T17:58:17.403875+00:00,Operator B,S23,4g,ANON_IMSI_B1,3622416295
2026-04-14T18:00:47.498428+00:00,Operator B,Concealed_5g,5g,ANON_5G_CON_IMSI_B0_44a06793e2d2f2b98a268e498368c32c3670eab2d23053e7f15365c105e37d4d490c725f3e1e0e34072268c3e2,3758206893
2026-04-14T18:00:57.638402+00:00,Operator B,Concealed_5g,5g,ANON_5G_CON_IMSI_B0_44a06793e2d2f2b98a268e498368c32c3670eab2d23053e7f15365c105e37d4d490c725f3e1e0e34072268c3e2,3758206893
2026-04-14T18:01:07.798374+00:00,Operator B,Concealed_5g,5g,ANON_5G_CON_IMSI_B0_44a06793e2d2f2b98a268e498368c32c3670eab2d23053e7f15365c105e37d4d490c725f3e1e0e34072268c3e2,3758206893
2026-04-14T18:01:17.963346+00:00,Operator B,Concealed_5g,5g,ANON_5G_CON_IMSI_B0_44a06793e2d2f2b98a268e498368c32c3670eab2d23053e7f15365c105e37d4d490c725f3e1e0e34072268c3e2,3758206893
2026-04-14T18:01:28.103335+00:00,Operator B,Concealed_5g,5g,ANON_5G_CON_IMSI_B0_44a06793e2d2f2b98a268e498368c32c3670eab2d23053e7f15365c105e37d4d490c725f3e1e0e34072268c3e2,3758206893
2026-04-14T18:03:12.746061+00:00,Operator B,S23,4g,ANON_IMSI_B1,3622809534
2026-04-14T18:03:26.036055+00:00,Operator B,Pixel8,4g,ANON_IMSI_B2,3472806377
2026-04-14T18:03:35.030032+00:00,Operator B,S23,4g,ANON_IMSI_B1,3622809534
2026-04-14T18:08:45.843990+00:00,Operator B,S23,4g,ANON_IMSI_B1,3622940576
2026-04-14T18:09:10.849829+00:00,Operator B,S23,4g,ANON_IMSI_B1,3622940576
2026-04-14T18:11:46.620951+00:00,Operator B,Concealed_5g,5g,ANON_5G_CON_IMSI_B0_717835aa36657feb51896cdf7335ef34f4940357c47ea5fa88a814921a2cdd56b409a7a26d9bca742ed2eb38a2,3473396091
2026-04-14T18:11:57.120967+00:00,Operator B,Concealed_5g,5g,ANON_5G_CON_IMSI_B0_717835aa36657feb51896cdf7335ef34f4940357c47ea5fa88a814921a2cdd56b409a7a26d9bca742ed2eb38a2,3473396091
2026-04-14T18:12:07.361023+00:00,Operator B,Concealed_5g,5g,ANON_5G_CON_IMSI_B0_717835aa36657feb51896cdf7335ef34f4940357c47ea5fa88a814921a2cdd56b409a7a26d9bca742ed2eb38a2,3473396091
2026-04-14T18:12:17.625979+00:00,Operator B,Concealed_5g,5g,ANON_5G_CON_IMSI_B0_717835aa36657feb51896cdf7335ef34f4940357c47ea5fa88a814921a2cdd56b409a7a26d9bca742ed2eb38a2,3473396091
2026-04-14T18:12:27.845953+00:00,Operator B,Concealed_5g,5g,ANON_5G_CON_IMSI_B0_717835aa36657feb51896cdf7335ef34f4940357c47ea5fa88a814921a2cdd56b409a7a26d9bca742ed2eb38a2,3473396091
2026-04-14T18:14:10.345196+00:00,Operator B,S23,4g,ANON_IMSI_B1,3623202738
2026-04-14T18:14:25.915122+00:00,Operator B,Pixel8,4g,ANON_IMSI_B2,3473396091
2026-04-14T18:14:35.369107+00:00,Operator B,S23,4g,ANON_IMSI_B1,3623202738
2026-04-14T18:17:26.943475+00:00,Operator B,Concealed_5g,5g,ANON_5G_CON_IMSI_B0_4b717fe82724b899a4ed0f780c95a4121b15e91a6eab92d6f5f515393d9fe36cd311236df6eb92ed8f7581f8c8,3623464885
2026-04-14T18:17:37.083263+00:00,Operator B,Concealed_5g,5g,ANON_5G_CON_IMSI_B0_4b717fe82724b899a4ed0f780c95a4121b15e91a6eab92d6f5f515393d9fe36cd311236df6eb92ed8f7581f8c8,3623464885
2026-04-14T18:17:47.223395+00:00,Operator B,Concealed_5g,5g,ANON_5G_CON_IMSI_B0_4b717fe82724b899a4ed0f780c95a4121b15e91a6eab92d6f5f515393d9fe36cd311236df6eb92ed8f7581f8c8,3623464885
2026-04-14T18:17:57.368388+00:00,Operator B,Concealed_5g,5g,ANON_5G_CON_IMSI_B0_4b717fe82724b899a4ed0f780c95a4121b15e91a6eab92d6f5f515393d9fe36cd311236df6eb92ed8f7581f8c8,3623464885
2026-04-14T18:19:46.421671+00:00,Operator B,S23,4g,ANON_IMSI_B1,3623661350
2026-04-14T18:19:55.151679+00:00,Operator B,Pixel8,4g,ANON_IMSI_B2,3473658232
2026-04-14T18:20:11.617604+00:00,Operator B,S23,4g,ANON_IMSI_B1,3623661350
2026-04-14T18:20:11.900935+00:00,Operator B,Pixel8,4g,ANON_IMSI_B2,3473658232
2026-04-14T18:25:05.338516+00:00,Operator B,S23,4g,ANON_IMSI_B1,3623727008
2026-04-14T18:25:17.380493+00:00,Operator B,S23,4g,ANON_IMSI_B1,3623727008
2026-04-14T18:25:42.370398+00:00,Operator B,S23,4g,ANON_IMSI_B1,3623727008
2026-04-14T18:28:14.056347+00:00,Operator B,Concealed_5g,5g,ANON_5G_CON_IMSI_B0_0866cb4ada51769ae77bbb17da8a753c6b15275fbe96f2f8ef7eb9ef05bfbc0485fe3a016ec75f7ae95a726637,3474182615
2026-04-14T18:28:25.096270+00:00,Operator B,Concealed_5g,5g,ANON_5G_CON_IMSI_B0_0866cb4ada51769ae77bbb17da8a753c6b15275fbe96f2f8ef7eb9ef05bfbc0485fe3a016ec75f7ae95a726637,3474182615
2026-04-14T18:28:35.296267+00:00,Operator B,Concealed_5g,5g,ANON_5G_CON_IMSI_B0_0866cb4ada51769ae77bbb17da8a753c6b15275fbe96f2f8ef7eb9ef05bfbc0485fe3a016ec75f7ae95a726637,3474182615
2026-04-14T18:28:45.541328+00:00,Operator B,Concealed_5g,5g,ANON_5G_CON_IMSI_B0_0866cb4ada51769ae77bbb17da8a753c6b15275fbe96f2f8ef7eb9ef05bfbc0485fe3a016ec75f7ae95a726637,3474182615
2026-04-14T18:28:55.781240+00:00,Operator B,Concealed_5g,5g,ANON_5G_CON_IMSI_B0_0866cb4ada51769ae77bbb17da8a753c6b15275fbe96f2f8ef7eb9ef05bfbc0485fe3a016ec75f7ae95a726637,3474182615
2026-04-14T18:30:52.016853+00:00,Operator B,Pixel8,4g,ANON_IMSI_B2,3474182615
2026-04-14T18:30:52.237899+00:00,Operator B,S23,4g,ANON_IMSI_B1,3623989152
2026-04-14T18:33:51.690592+00:00,Operator B,Concealed_5g,5g,ANON_5G_CON_IMSI_B0_6d02fac55f5e3d6cb8658ffeac6528cdc86fb937244e7343768ddc00a319a826ac345408017712d5c8c28bddf6,3624251177
2026-04-14T18:34:01.830553+00:00,Operator B,Concealed_5g,5g,ANON_5G_CON_IMSI_B0_6d02fac55f5e3d6cb8658ffeac6528cdc86fb937244e7343768ddc00a319a826ac345408017712d5c8c28bddf6,3624251177
2026-04-14T18:34:11.970570+00:00,Operator B,Concealed_5g,5g,ANON_5G_CON_IMSI_B0_6d02fac55f5e3d6cb8658ffeac6528cdc86fb937244e7343768ddc00a319a826ac345408017712d5c8c28bddf6,3624251177
2026-04-14T18:34:22.115692+00:00,Operator B,Concealed_5g,5g,ANON_5G_CON_IMSI_B0_6d02fac55f5e3d6cb8658ffeac6528cdc86fb937244e7343768ddc00a319a826ac345408017712d5c8c28bddf6,3624251177
2026-04-14T18:36:10.040252+00:00,Operator B,S23,4g,ANON_IMSI_B1,3624251177
2026-04-14T18:36:19.746092+00:00,Operator B,Pixel8,4g,ANON_IMSI_B2,3474444661
2026-04-14T18:36:35.056211+00:00,Operator B,S23,4g,ANON_IMSI_B1,3624251177
2026-04-14T18:41:25.706345+00:00,Operator B,Pixel8,4g,ANON_IMSI_B2,3794719088
2026-04-14T18:41:31.552323+00:00,Operator B,S23,4g,ANON_IMSI_B1,3624447906
2026-04-14T18:41:50.911402+00:00,Operator B,Pixel8,4g,ANON_IMSI_B2,3794719088
2026-04-14T18:41:56.596369+00:00,Operator B,S23,4g,ANON_IMSI_B1,3624447906
2026-04-14T18:45:21.624105+00:00,Operator B,Concealed_5g,5g,ANON_5G_CON_IMSI_B0_ff65c10f363d1b4173a2c50132dea153ca1250708a7b676af78d3f69a5e8486e6162971a7ec8a34eaa17e6c030,4217688386
2026-04-14T18:46:49.670007+00:00,Operator B,S23,4g,ANON_IMSI_B1,3624709925
2026-04-14T18:47:14.586008+00:00,Operator B,S23,4g,ANON_IMSI_B1,3624709925
2026-04-14T18:47:15.908987+00:00,Operator B,Pixel8,4g,ANON_IMSI_B2,3794850294
2026-04-14T18:50:12.975965+00:00,Operator B,Concealed_5g,5g,ANON_5G_CON_IMSI_B0_558b694248f5e4cf876c33e835b476248f3c4805867c16b746b8b25df1ce9233491d7d03d1a5cb01484d63809b,3475165690
2026-04-14T18:50:23.396007+00:00,Operator B,Concealed_5g,5g,ANON_5G_CON_IMSI_B0_558b694248f5e4cf876c33e835b476248f3c4805867c16b746b8b25df1ce9233491d7d03d1a5cb01484d63809b,3475165690
2026-04-14T18:50:28.055981+00:00,Operator B,Concealed_5g,5g,ANON_5G_CON_IMSI_B0_b701cdbd63f4743abe81aa3dbb238efc459f7e6c167782706ea4641d2b12a16ecbfdc9fe23c08b07f431fb91ed,3624906625
2026-04-14T18:50:33.661049+00:00,Operator B,Concealed_5g,5g,ANON_5G_CON_IMSI_B0_558b694248f5e4cf876c33e835b476248f3c4805867c16b746b8b25df1ce9233491d7d03d1a5cb01484d63809b,3475165690
2026-04-14T18:50:38.221080+00:00,Operator B,Concealed_5g,5g,ANON_5G_CON_IMSI_B0_b701cdbd63f4743abe81aa3dbb238efc459f7e6c167782706ea4641d2b12a16ecbfdc9fe23c08b07f431fb91ed,3624906625
2026-04-14T18:50:43.901106+00:00,Operator B,Concealed_5g,5g,ANON_5G_CON_IMSI_B0_558b694248f5e4cf876c33e835b476248f3c4805867c16b746b8b25df1ce9233491d7d03d1a5cb01484d63809b,3475165690
2026-04-14T18:50:48.366040+00:00,Operator B,Concealed_5g,5g,ANON_5G_CON_IMSI_B0_b701cdbd63f4743abe81aa3dbb238efc459f7e6c167782706ea4641d2b12a16ecbfdc9fe23c08b07f431fb91ed,3624906625
2026-04-14T18:50:54.126028+00:00,Operator B,Concealed_5g,5g,ANON_5G_CON_IMSI_B0_558b694248f5e4cf876c33e835b476248f3c4805867c16b746b8b25df1ce9233491d7d03d1a5cb01484d63809b,3475165690
2026-04-14T18:52:45.313026+00:00,Operator B,Pixel8,4g,ANON_IMSI_B2,3475165690
2026-04-14T18:55:32.721719+00:00,Operator B,Concealed_5g,5g,ANON_5G_CON_IMSI_B0_28558ec39f6e12ebdf68499270a98aaed9fd02fae998a9a74462485ea97c6870432732911fb7e42bf867d0fbeb,3764694812
2026-04-14T18:55:42.861657+00:00,Operator B,Concealed_5g,5g,ANON_5G_CON_IMSI_B0_28558ec39f6e12ebdf68499270a98aaed9fd02fae998a9a74462485ea97c6870432732911fb7e42bf867d0fbeb,3764694812
2026-04-14T18:55:53.001628+00:00,Operator B,Concealed_5g,5g,ANON_5G_CON_IMSI_B0_28558ec39f6e12ebdf68499270a98aaed9fd02fae998a9a74462485ea97c6870432732911fb7e42bf867d0fbeb,3764694812
2026-04-14T18:56:03.146620+00:00,Operator B,Concealed_5g,5g,ANON_5G_CON_IMSI_B0_28558ec39f6e12ebdf68499270a98aaed9fd02fae998a9a74462485ea97c6870432732911fb7e42bf867d0fbeb,3764694812
2026-04-14T18:56:13.286597+00:00,Operator B,Concealed_5g,5g,ANON_5G_CON_IMSI_B0_28558ec39f6e12ebdf68499270a98aaed9fd02fae998a9a74462485ea97c6870432732911fb7e42bf867d0fbeb,3764694812
2026-04-14T18:58:08.997858+00:00,Operator B,S23,4g,ANON_IMSI_B1,3625299750
2026-04-14T18:58:13.967842+00:00,Operator B,Pixel8,4g,ANON_IMSI_B2,3475427803
2026-04-14T18:58:34.033760+00:00,Operator B,S23,4g,ANON_IMSI_B1,3625299750
2026-04-14T19:03:52.074884+00:00,Operator B,Pixel8,4g,ANON_IMSI_B2,3435581947
2026-04-14T19:04:00.138834+00:00,Operator B,S23,4g,ANON_IMSI_B1,3625365411
2026-04-14T19:06:36.755729+00:00,Operator B,Concealed_5g,5g,ANON_5G_CON_IMSI_B0_3c1be4f8991b0da4030965d1c5ca4fef3cf5277a95e93e76fc91121d33e7604d2325381f61b5236d8504618e5a,3435647358
2026-04-14T19:06:47.555695+00:00,Operator B,Concealed_5g,5g,ANON_5G_CON_IMSI_B0_3c1be4f8991b0da4030965d1c5ca4fef3cf5277a95e93e76fc91121d33e7604d2325381f61b5236d8504618e5a,3435647358
2026-04-14T19:06:57.815500+00:00,Operator B,Concealed_5g,5g,ANON_5G_CON_IMSI_B0_3c1be4f8991b0da4030965d1c5ca4fef3cf5277a95e93e76fc91121d33e7604d2325381f61b5236d8504618e5a,3435647358
2026-04-14T19:07:08.020250+00:00,Operator B,Concealed_5g,5g,ANON_5G_CON_IMSI_B0_3c1be4f8991b0da4030965d1c5ca4fef3cf5277a95e93e76fc91121d33e7604d2325381f61b5236d8504618e5a,3435647358
2026-04-14T19:07:18.260147+00:00,Operator B,Concealed_5g,5g,ANON_5G_CON_IMSI_B0_3c1be4f8991b0da4030965d1c5ca4fef3cf5277a95e93e76fc91121d33e7604d2325381f61b5236d8504618e5a,3435647358
2026-04-14T19:08:54.651491+00:00,Operator B,S23,4g,ANON_IMSI_B1,3625627453
2026-04-14T19:09:10.017170+00:00,Operator B,Pixel8,4g,ANON_IMSI_B2,3435647358
2026-04-14T19:09:19.673081+00:00,Operator B,S23,4g,ANON_IMSI_B1,3625627453
2026-04-14T19:12:05.286842+00:00,Operator B,Concealed_5g,5g,ANON_5G_CON_IMSI_B0_0beef3cd20860a279ab8563ccbce95d7e215893c1da3b46235f53ea7f617682cbec955ec63e0676627e1eaeeff,3625889687
2026-04-14T19:12:15.446682+00:00,Operator B,Concealed_5g,5g,ANON_5G_CON_IMSI_B0_0beef3cd20860a279ab8563ccbce95d7e215893c1da3b46235f53ea7f617682cbec955ec63e0676627e1eaeeff,3625889687
2026-04-14T19:12:25.586549+00:00,Operator B,Concealed_5g,5g,ANON_5G_CON_IMSI_B0_0beef3cd20860a279ab8563ccbce95d7e215893c1da3b46235f53ea7f617682cbec955ec63e0676627e1eaeeff,3625889687
2026-04-14T19:12:35.731394+00:00,Operator B,Concealed_5g,5g,ANON_5G_CON_IMSI_B0_0beef3cd20860a279ab8563ccbce95d7e215893c1da3b46235f53ea7f617682cbec955ec63e0676627e1eaeeff,3625889687
2026-04-14T19:12:45.871284+00:00,Operator B,Concealed_5g,5g,ANON_5G_CON_IMSI_B0_0beef3cd20860a279ab8563ccbce95d7e215893c1da3b46235f53ea7f617682cbec955ec63e0676627e1eaeeff,3625889687
2026-04-14T19:14:35.531202+00:00,Operator B,S23,4g,ANON_IMSI_B1,3625889687
2026-04-14T19:14:39.463146+00:00,Operator B,Pixel8,4g,ANON_IMSI_B2,3435844044
2026-04-14T19:14:47.777040+00:00,Operator B,S23,4g,ANON_IMSI_B1,3625889687
2026-04-14T19:19:50.756787+00:00,Operator B,S23,4g,ANON_IMSI_B1,3626086145
2026-04-14T19:20:15.820608+00:00,Operator B,S23,4g,ANON_IMSI_B1,3626086145
2026-04-14T19:20:18.721502+00:00,Operator B,Pixel8,4g,ANON_IMSI_B2,3796095451
2026-04-14T19:22:57.278535+00:00,Operator B,Concealed_5g,5g,ANON_5G_CON_IMSI_B0_d8b42b13fd739ea4da2ca87650b4582e596796eb917d300171f849f6951d7e19ade5563da81296ffaf6bd038a4,4219261264
2026-04-14T19:23:08.038434+00:00,Operator B,Concealed_5g,5g,ANON_5G_CON_IMSI_B0_d8b42b13fd739ea4da2ca87650b4582e596796eb917d300171f849f6951d7e19ade5563da81296ffaf6bd038a4,4219261264
2026-04-14T19:23:18.278323+00:00,Operator B,Concealed_5g,5g,ANON_5G_CON_IMSI_B0_d8b42b13fd739ea4da2ca87650b4582e596796eb917d300171f849f6951d7e19ade5563da81296ffaf6bd038a4,4219261264
2026-04-14T19:23:28.523293+00:00,Operator B,Concealed_5g,5g,ANON_5G_CON_IMSI_B0_d8b42b13fd739ea4da2ca87650b4582e596796eb917d300171f849f6951d7e19ade5563da81296ffaf6bd038a4,4219261264
2026-04-14T19:23:38.743263+00:00,Operator B,Concealed_5g,5g,ANON_5G_CON_IMSI_B0_d8b42b13fd739ea4da2ca87650b4582e596796eb917d300171f849f6951d7e19ade5563da81296ffaf6bd038a4,4219261264
2026-04-14T19:25:21.049740+00:00,Operator B,S23,4g,ANON_IMSI_B1,3626282756
2026-04-14T19:25:35.531665+00:00,Operator B,Pixel8,4g,ANON_IMSI_B2,4219261264
2026-04-14T19:25:46.053640+00:00,Operator B,S23,4g,ANON_IMSI_B1,3626282756
2026-04-14T19:28:26.390867+00:00,Operator B,Concealed_5g,5g,ANON_5G_CON_IMSI_B0_5497b8c68e63c221f38586cabf7a4837abffc54089bfe70d280c412f8707981b6cabb80531a06fb6a99f551f9b,3626413999
2026-04-14T19:28:36.530677+00:00,Operator B,Concealed_5g,5g,ANON_5G_CON_IMSI_B0_5497b8c68e63c221f38586cabf7a4837abffc54089bfe70d280c412f8707981b6cabb80531a06fb6a99f551f9b,3626413999
2026-04-14T19:28:46.670775+00:00,Operator B,Concealed_5g,5g,ANON_5G_CON_IMSI_B0_5497b8c68e63c221f38586cabf7a4837abffc54089bfe70d280c412f8707981b6cabb80531a06fb6a99f551f9b,3626413999
2026-04-14T19:28:56.815655+00:00,Operator B,Concealed_5g,5g,ANON_5G_CON_IMSI_B0_5497b8c68e63c221f38586cabf7a4837abffc54089bfe70d280c412f8707981b6cabb80531a06fb6a99f551f9b,3626413999
2026-04-14T19:29:06.975444+00:00,Operator B,Concealed_5g,5g,ANON_5G_CON_IMSI_B0_5497b8c68e63c221f38586cabf7a4837abffc54089bfe70d280c412f8707981b6cabb80531a06fb6a99f551f9b,3626413999
2026-04-14T19:31:03.844901+00:00,Operator B,S23,4g,ANON_IMSI_B1,3626413999
2026-04-14T19:31:04.573206+00:00,Operator B,Pixel8,4g,ANON_IMSI_B2,4219457863
2026-04-14T19:36:19.291509+00:00,Operator B,S23,4g,ANON_IMSI_B1,3626675986
2026-04-14T19:36:44.317413+00:00,Operator B,S23,4g,ANON_IMSI_B1,3626675986
2026-04-14T19:36:54.576390+00:00,Operator B,Pixel8,4g,ANON_IMSI_B2,3796685255
2026-04-14T19:36:55.281310+00:00,Operator B,S23,4g,ANON_IMSI_B1,3626675986
2026-04-14T19:39:22.026052+00:00,Operator B,Concealed_5g,5g,ANON_5G_CON_IMSI_B0_b6ebdd0364316ec69bfbf5defbd80180ac758077feb3d3ce2761a4bb4b71bc1e404553d7a48058db1ac326ffc4,3965112770
2026-04-14T19:39:32.465947+00:00,Operator B,Concealed_5g,5g,ANON_5G_CON_IMSI_B0_b6ebdd0364316ec69bfbf5defbd80180ac758077feb3d3ce2761a4bb4b71bc1e404553d7a48058db1ac326ffc4,3965112770
2026-04-14T19:39:42.705901+00:00,Operator B,Concealed_5g,5g,ANON_5G_CON_IMSI_B0_b6ebdd0364316ec69bfbf5defbd80180ac758077feb3d3ce2761a4bb4b71bc1e404553d7a48058db1ac326ffc4,3965112770
2026-04-14T19:39:52.930906+00:00,Operator B,Concealed_5g,5g,ANON_5G_CON_IMSI_B0_b6ebdd0364316ec69bfbf5defbd80180ac758077feb3d3ce2761a4bb4b71bc1e404553d7a48058db1ac326ffc4,3965112770
2026-04-14T19:40:03.170927+00:00,Operator B,Concealed_5g,5g,ANON_5G_CON_IMSI_B0_b6ebdd0364316ec69bfbf5defbd80180ac758077feb3d3ce2761a4bb4b71bc1e404553d7a48058db1ac326ffc4,3965112770
2026-04-14T19:41:45.977227+00:00,Operator B,S23,4g,ANON_IMSI_B1,3626872739
2026-04-14T19:42:04.789423+00:00,Operator B,Pixel8,4g,ANON_IMSI_B2,3965112770
2026-04-14T19:42:11.003412+00:00,Operator B,S23,4g,ANON_IMSI_B1,3626872739
2026-04-14T19:45:10.633919+00:00,Operator B,Concealed_5g,5g,ANON_5G_CON_IMSI_B0_0f555883e52b30a9e9082e865c9babf1fe33aca177f6c515a21394c4c6d18d62e7224ef7e647a85f01816c4118,3627003813
2026-04-14T19:45:20.773963+00:00,Operator B,Concealed_5g,5g,ANON_5G_CON_IMSI_B0_0f555883e52b30a9e9082e865c9babf1fe33aca177f6c515a21394c4c6d18d62e7224ef7e647a85f01816c4118,3627003813
2026-04-14T19:45:30.913916+00:00,Operator B,Concealed_5g,5g,ANON_5G_CON_IMSI_B0_0f555883e52b30a9e9082e865c9babf1fe33aca177f6c515a21394c4c6d18d62e7224ef7e647a85f01816c4118,3627003813
2026-04-14T19:47:31.915914+00:00,Operator B,Pixel8,4g,ANON_IMSI_B2,3965309292
2026-04-14T19:47:37.989874+00:00,Operator B,S23,4g,ANON_IMSI_B1,3627134902
2026-04-14T19:50:28.937407+00:00,Operator B,Concealed_5g,5g,ANON_5G_CON_IMSI_B0_440aa055661b4e4a9b6691484e2586eef3d58d2672340ccc511edd7f5b3c9a1a000c9b2ebbe5ded66a3fc742b0,3627200417
2026-04-14T19:50:39.077428+00:00,Operator B,Concealed_5g,5g,ANON_5G_CON_IMSI_B0_440aa055661b4e4a9b6691484e2586eef3d58d2672340ccc511edd7f5b3c9a1a000c9b2ebbe5ded66a3fc742b0,3627200417
2026-04-14T19:50:49.257465+00:00,Operator B,Concealed_5g,5g,ANON_5G_CON_IMSI_B0_440aa055661b4e4a9b6691484e2586eef3d58d2672340ccc511edd7f5b3c9a1a000c9b2ebbe5ded66a3fc742b0,3627200417
2026-04-14T19:50:59.422459+00:00,Operator B,Concealed_5g,5g,ANON_5G_CON_IMSI_B0_440aa055661b4e4a9b6691484e2586eef3d58d2672340ccc511edd7f5b3c9a1a000c9b2ebbe5ded66a3fc742b0,3627200417
2026-04-14T19:51:09.562372+00:00,Operator B,Concealed_5g,5g,ANON_5G_CON_IMSI_B0_440aa055661b4e4a9b6691484e2586eef3d58d2672340ccc511edd7f5b3c9a1a000c9b2ebbe5ded66a3fc742b0,3627200417
2026-04-14T19:52:43.944651+00:00,Operator B,S23,4g,ANON_IMSI_B1,3627200417
2026-04-14T19:53:01.645631+00:00,Operator B,Pixel8,4g,ANON_IMSI_B2,3797274949
2026-04-14T19:53:08.952600+00:00,Operator B,S23,4g,ANON_IMSI_B1,3627200417
2026-04-14T19:55:51.600997+00:00,Operator B,Concealed_5g,5g,ANON_5G_CON_IMSI_B0_31e2d3e5af7bf633c81a358af80236a5dc24b50840aff53e2e84663812722f2d1112f4041fc04088a175ac6744,3477983581
2026-04-14T19:55:57.300733+00:00,Operator B,Concealed_5g,5g,ANON_5G_CON_IMSI_B0_fe39210e466f0aa7bdc8b464fe70451ec6410090155cc99e720e0707931fe34752abd7f5f8cecd2b412d8afe32,3329099771
2026-04-14T19:55:59.620948+00:00,Operator B,Concealed_5g,5g,ANON_5G_CON_IMSI_B0_fe39210e466f0aa7bdc8b464fe70451ec6410090155cc99e720e0707931fe34752abd7f5f8cecd2b412d8afe32,3329099771
2026-04-14T19:56:01.785792+00:00,Operator B,Concealed_5g,5g,ANON_5G_CON_IMSI_B0_fe39210e466f0aa7bdc8b464fe70451ec6410090155cc99e720e0707931fe34752abd7f5f8cecd2b412d8afe32,3329099771
2026-04-14T19:56:02.805752+00:00,Operator B,Concealed_5g,5g,ANON_5G_CON_IMSI_B0_31e2d3e5af7bf633c81a358af80236a5dc24b50840aff53e2e84663812722f2d1112f4041fc04088a175ac6744,3477983581
2026-04-14T19:56:04.055778+00:00,Operator B,Concealed_5g,5g,ANON_5G_CON_IMSI_B0_fe39210e466f0aa7bdc8b464fe70451ec6410090155cc99e720e0707931fe34752abd7f5f8cecd2b412d8afe32,3329099771
2026-04-14T19:56:06.270758+00:00,Operator B,Concealed_5g,5g,ANON_5G_CON_IMSI_B0_fe39210e466f0aa7bdc8b464fe70451ec6410090155cc99e720e0707931fe34752abd7f5f8cecd2b412d8afe32,3329099771
2026-04-14T19:56:13.070817+00:00,Operator B,Concealed_5g,5g,ANON_5G_CON_IMSI_B0_31e2d3e5af7bf633c81a358af80236a5dc24b50840aff53e2e84663812722f2d1112f4041fc04088a175ac6744,3477983581
2026-04-14T19:56:23.330858+00:00,Operator B,Concealed_5g,5g,ANON_5G_CON_IMSI_B0_31e2d3e5af7bf633c81a358af80236a5dc24b50840aff53e2e84663812722f2d1112f4041fc04088a175ac6744,3477983581
2026-04-14T19:56:33.535880+00:00,Operator B,Concealed_5g,5g,ANON_5G_CON_IMSI_B0_31e2d3e5af7bf633c81a358af80236a5dc24b50840aff53e2e84663812722f2d1112f4041fc04088a175ac6744,3477983581
2026-04-14T19:58:29.816744+00:00,Operator B,Pixel8,4g,ANON_IMSI_B2,3477983581
2026-04-14T19:58:39.052668+00:00,Operator B,S23,4g,ANON_IMSI_B1,3627397007
2026-04-14T20:03:40.942754+00:00,Operator B,S23,4g,ANON_IMSI_B1,3627593629
2026-04-14T20:03:58.426663+00:00,Operator B,Pixel8,4g,ANON_IMSI_B2,3478180210
2026-04-14T20:04:05.948694+00:00,Operator B,S23,4g,ANON_IMSI_B1,3627593629
2026-04-14T20:06:46.891247+00:00,Operator B,Concealed_5g,5g,ANON_5G_CON_IMSI_B0_5fa2c05b3679c605f87f635c14bef63c416ad705527881c65f7d77dd503d536f905114217a0a24ebd79e0e7c67,3627790116
2026-04-14T20:06:57.031127+00:00,Operator B,Concealed_5g,5g,ANON_5G_CON_IMSI_B0_5fa2c05b3679c605f87f635c14bef63c416ad705527881c65f7d77dd503d536f905114217a0a24ebd79e0e7c67,3627790116
2026-04-14T20:07:07.171085+00:00,Operator B,Concealed_5g,5g,ANON_5G_CON_IMSI_B0_5fa2c05b3679c605f87f635c14bef63c416ad705527881c65f7d77dd503d536f905114217a0a24ebd79e0e7c67,3627790116
2026-04-14T20:07:17.336096+00:00,Operator B,Concealed_5g,5g,ANON_5G_CON_IMSI_B0_5fa2c05b3679c605f87f635c14bef63c416ad705527881c65f7d77dd503d536f905114217a0a24ebd79e0e7c67,3627790116
2026-04-14T20:07:27.476067+00:00,Operator B,Concealed_5g,5g,ANON_5G_CON_IMSI_B0_5fa2c05b3679c605f87f635c14bef63c416ad705527881c65f7d77dd503d536f905114217a0a24ebd79e0e7c67,3627790116
2026-04-14T20:09:14.138340+00:00,Operator B,S23,4g,ANON_IMSI_B1,3627790116
2026-04-14T20:09:38.962289+00:00,Operator B,S23,4g,ANON_IMSI_B1,3627790116
2026-04-14T20:09:40.778291+00:00,Operator B,Pixel8,4g,ANON_IMSI_B2,3478573399
2026-04-14T20:12:28.559881+00:00,Operator B,Concealed_5g,5g,ANON_5G_CON_IMSI_B0_8f0be92bf9da50e72f94ce78ba94fab8c6a517efeb989fd6e6bcf345fcdd2526db5e504ede32bce308668b8a8a,3478573529
2026-04-14T20:12:39.059872+00:00,Operator B,Concealed_5g,5g,ANON_5G_CON_IMSI_B0_8f0be92bf9da50e72f94ce78ba94fab8c6a517efeb989fd6e6bcf345fcdd2526db5e504ede32bce308668b8a8a,3478573529
2026-04-14T20:12:49.299955+00:00,Operator B,Concealed_5g,5g,ANON_5G_CON_IMSI_B0_8f0be92bf9da50e72f94ce78ba94fab8c6a517efeb989fd6e6bcf345fcdd2526db5e504ede32bce308668b8a8a,3478573529
2026-04-14T20:12:59.544910+00:00,Operator B,Concealed_5g,5g,ANON_5G_CON_IMSI_B0_8f0be92bf9da50e72f94ce78ba94fab8c6a517efeb989fd6e6bcf345fcdd2526db5e504ede32bce308668b8a8a,3478573529
2026-04-14T20:14:33.162371+00:00,Operator B,S23,4g,ANON_IMSI_B1,3627986713
2026-04-14T20:14:58.184276+00:00,Operator B,S23,4g,ANON_IMSI_B1,3627986713
2026-04-14T20:14:59.234337+00:00,Operator B,Pixel8,4g,ANON_IMSI_B2,3478704577
2026-04-14T20:17:42.655315+00:00,Operator B,Concealed_5g,5g,ANON_5G_CON_IMSI_B0_ccee9bb57bc04aa862e3d0d81a265913be7d27b597d5be9c481247b48b02c729f67b9c38acb7e2a843accad6d3,3478770041
2026-04-14T20:17:54.055168+00:00,Operator B,Concealed_5g,5g,ANON_5G_CON_IMSI_B0_ccee9bb57bc04aa862e3d0d81a265913be7d27b597d5be9c481247b48b02c729f67b9c38acb7e2a843accad6d3,3478770041
2026-04-14T20:18:04.295354+00:00,Operator B,Concealed_5g,5g,ANON_5G_CON_IMSI_B0_ccee9bb57bc04aa862e3d0d81a265913be7d27b597d5be9c481247b48b02c729f67b9c38acb7e2a843accad6d3,3478770041
2026-04-14T20:18:14.540375+00:00,Operator B,Concealed_5g,5g,ANON_5G_CON_IMSI_B0_ccee9bb57bc04aa862e3d0d81a265913be7d27b597d5be9c481247b48b02c729f67b9c38acb7e2a843accad6d3,3478770041
2026-04-14T20:18:24.800414+00:00,Operator B,Concealed_5g,5g,ANON_5G_CON_IMSI_B0_ccee9bb57bc04aa862e3d0d81a265913be7d27b597d5be9c481247b48b02c729f67b9c38acb7e2a843accad6d3,3478770041
2026-04-14T20:20:11.082800+00:00,Operator B,S23,4g,ANON_IMSI_B1,3628117911
2026-04-14T20:20:25.092802+00:00,Operator B,Pixel8,4g,ANON_IMSI_B2,3478770041
2026-04-14T20:20:36.106850+00:00,Operator B,S23,4g,ANON_IMSI_B1,3628117911
2026-04-14T20:23:43.870617+00:00,Operator B,Concealed_5g,5g,ANON_5G_CON_IMSI_B0_92897ff695a1c7a1b06aed17ce3e7bf7ef2d0b128ad34d5330c39223d2a8893b0ab6bb618f9effca3ef2ef3ff3,3628314374
2026-04-14T20:23:54.010551+00:00,Operator B,Concealed_5g,5g,ANON_5G_CON_IMSI_B0_92897ff695a1c7a1b06aed17ce3e7bf7ef2d0b128ad34d5330c39223d2a8893b0ab6bb618f9effca3ef2ef3ff3,3628314374
2026-04-14T20:25:54.536641+00:00,Operator B,Pixel8,4g,ANON_IMSI_B2,3478966632
2026-04-14T20:28:40.454639+00:00,Operator B,Concealed_5g,5g,ANON_5G_CON_IMSI_B0_8b125aed382c0d7ab09765c45c30d59cbda1578a5d11a8c5758e87a34697f41387c254c84ad1021650dcaad1c8,3773607728
2026-04-14T20:28:50.614736+00:00,Operator B,Concealed_5g,5g,ANON_5G_CON_IMSI_B0_8b125aed382c0d7ab09765c45c30d59cbda1578a5d11a8c5758e87a34697f41387c254c84ad1021650dcaad1c8,3773607728
2026-04-14T20:29:00.754699+00:00,Operator B,Concealed_5g,5g,ANON_5G_CON_IMSI_B0_8b125aed382c0d7ab09765c45c30d59cbda1578a5d11a8c5758e87a34697f41387c254c84ad1021650dcaad1c8,3773607728
2026-04-14T20:29:10.899766+00:00,Operator B,Concealed_5g,5g,ANON_5G_CON_IMSI_B0_8b125aed382c0d7ab09765c45c30d59cbda1578a5d11a8c5758e87a34697f41387c254c84ad1021650dcaad1c8,3773607728
2026-04-14T20:29:21.039718+00:00,Operator B,Concealed_5g,5g,ANON_5G_CON_IMSI_B0_8b125aed382c0d7ab09765c45c30d59cbda1578a5d11a8c5758e87a34697f41387c254c84ad1021650dcaad1c8,3773607728
2026-04-14T20:31:40.800157+00:00,Operator B,S23,4g,ANON_IMSI_B1,3628511166
2026-04-14T20:34:11.182486+00:00,Operator B,Concealed_5g,5g,ANON_5G_CON_IMSI_B0_ee165250006d999101176d8bd39d2489401ea7ee85d065547f2b31aa16971157bc652ccb3bc8bcfc17ebd3532c,4221686090
2026-04-14T20:34:22.582431+00:00,Operator B,Concealed_5g,5g,ANON_5G_CON_IMSI_B0_ee165250006d999101176d8bd39d2489401ea7ee85d065547f2b31aa16971157bc652ccb3bc8bcfc17ebd3532c,4221686090
2026-04-14T20:34:32.802481+00:00,Operator B,Concealed_5g,5g,ANON_5G_CON_IMSI_B0_ee165250006d999101176d8bd39d2489401ea7ee85d065547f2b31aa16971157bc652ccb3bc8bcfc17ebd3532c,4221686090
2026-04-14T20:34:43.067477+00:00,Operator B,Concealed_5g,5g,ANON_5G_CON_IMSI_B0_ee165250006d999101176d8bd39d2489401ea7ee85d065547f2b31aa16971157bc652ccb3bc8bcfc17ebd3532c,4221686090
2026-04-14T20:34:53.307490+00:00,Operator B,Concealed_5g,5g,ANON_5G_CON_IMSI_B0_ee165250006d999101176d8bd39d2489401ea7ee85d065547f2b31aa16971157bc652ccb3bc8bcfc17ebd3532c,4221686090
2026-04-14T20:36:23.031397+00:00,Operator B,S23,4g,ANON_IMSI_B1,3628642063
2026-04-14T20:36:48.049322+00:00,Operator B,S23,4g,ANON_IMSI_B1,3628642063
2026-04-14T20:36:51.583370+00:00,Operator B,Pixel8,4g,ANON_IMSI_B2,4221686090
2026-04-14T20:37:08.271414+00:00,Operator B,S23,4g,ANON_IMSI_B1,3628642063
2026-04-14T20:41:59.438010+00:00,Operator B,S23,4g,ANON_IMSI_B1,3628773172
2026-04-14T20:42:20.167929+00:00,Operator B,Pixel8,4g,ANON_IMSI_B2,4221817292
2026-04-14T20:42:25.737868+00:00,Operator B,S23,4g,ANON_IMSI_B1,3628773172
2026-04-14T20:42:36.693927+00:00,Operator B,S23,4g,ANON_IMSI_B1,3628773172
2026-04-14T20:45:22.106732+00:00,Operator B,Concealed_5g,5g,ANON_5G_CON_IMSI_B0_a05028aa25f3d713589d6fe0f069733f553107203cd74f36e43518f1da49cd6b9fb5b50d30f07b30a359d7e985,3628904338
2026-04-14T20:45:32.246600+00:00,Operator B,Concealed_5g,5g,ANON_5G_CON_IMSI_B0_a05028aa25f3d713589d6fe0f069733f553107203cd74f36e43518f1da49cd6b9fb5b50d30f07b30a359d7e985,3628904338
2026-04-14T20:45:42.406725+00:00,Operator B,Concealed_5g,5g,ANON_5G_CON_IMSI_B0_a05028aa25f3d713589d6fe0f069733f553107203cd74f36e43518f1da49cd6b9fb5b50d30f07b30a359d7e985,3628904338
2026-04-14T20:45:52.551717+00:00,Operator B,Concealed_5g,5g,ANON_5G_CON_IMSI_B0_a05028aa25f3d713589d6fe0f069733f553107203cd74f36e43518f1da49cd6b9fb5b50d30f07b30a359d7e985,3628904338
2026-04-14T20:47:30.262510+00:00,Operator B,S23,4g,ANON_IMSI_B1,3628904338
2026-04-14T20:47:48.354522+00:00,Operator B,Pixel8,4g,ANON_IMSI_B2,3967340925
2026-04-14T20:47:55.324530+00:00,Operator B,S23,4g,ANON_IMSI_B1,3628904338
2026-04-14T20:50:41.193777+00:00,Operator B,Concealed_5g,5g,ANON_5G_CON_IMSI_B0_aafb6ef6f334795df76243baa79224037a244c528a1d38ce3c66a2771167a44f238f98cbeb143d0429dcf22123,3967341051
2026-04-14T20:50:52.613677+00:00,Operator B,Concealed_5g,5g,ANON_5G_CON_IMSI_B0_aafb6ef6f334795df76243baa79224037a244c528a1d38ce3c66a2771167a44f238f98cbeb143d0429dcf22123,3967341051
2026-04-14T20:51:02.873631+00:00,Operator B,Concealed_5g,5g,ANON_5G_CON_IMSI_B0_aafb6ef6f334795df76243baa79224037a244c528a1d38ce3c66a2771167a44f238f98cbeb143d0429dcf22123,3967341051
2026-04-14T20:51:13.098745+00:00,Operator B,Concealed_5g,5g,ANON_5G_CON_IMSI_B0_aafb6ef6f334795df76243baa79224037a244c528a1d38ce3c66a2771167a44f238f98cbeb143d0429dcf22123,3967341051
2026-04-14T20:51:23.338785+00:00,Operator B,Concealed_5g,5g,ANON_5G_CON_IMSI_B0_aafb6ef6f334795df76243baa79224037a244c528a1d38ce3c66a2771167a44f238f98cbeb143d0429dcf22123,3967341051
2026-04-14T20:52:59.238155+00:00,Operator B,S23,4g,ANON_IMSI_B1,3629100805
2026-04-14T20:53:16.948162+00:00,Operator B,Pixel8,4g,ANON_IMSI_B2,3967341051
2026-04-14T20:53:24.302107+00:00,Operator B,S23,4g,ANON_IMSI_B1,3629100805
2026-04-14T20:58:26.558832+00:00,Operator B,S23,4g,ANON_IMSI_B1,3629231914
2026-04-14T20:58:45.322665+00:00,Operator B,Pixel8,4g,ANON_IMSI_B2,3967537620
2026-04-14T20:59:05.565746+00:00,Operator B,S23,4g,ANON_IMSI_B1,3629231914
2026-04-14T21:01:34.602220+00:00,Operator B,Concealed_5g,5g,ANON_5G_CON_IMSI_B0_a01506a5f62b400f2bd19bedd4ba60770b683a23638d58c100ccce211a12b744f5c4893080e04807c812ef19f0,3629363098
2026-04-14T21:01:44.742247+00:00,Operator B,Concealed_5g,5g,ANON_5G_CON_IMSI_B0_a01506a5f62b400f2bd19bedd4ba60770b683a23638d58c100ccce211a12b744f5c4893080e04807c812ef19f0,3629363098
2026-04-14T21:01:54.882208+00:00,Operator B,Concealed_5g,5g,ANON_5G_CON_IMSI_B0_a01506a5f62b400f2bd19bedd4ba60770b683a23638d58c100ccce211a12b744f5c4893080e04807c812ef19f0,3629363098
2026-04-14T21:02:05.027204+00:00,Operator B,Concealed_5g,5g,ANON_5G_CON_IMSI_B0_a01506a5f62b400f2bd19bedd4ba60770b683a23638d58c100ccce211a12b744f5c4893080e04807c812ef19f0,3629363098
2026-04-14T21:02:15.167140+00:00,Operator B,Concealed_5g,5g,ANON_5G_CON_IMSI_B0_a01506a5f62b400f2bd19bedd4ba60770b683a23638d58c100ccce211a12b744f5c4893080e04807c812ef19f0,3629363098
2026-04-14T21:03:51.434447+00:00,Operator B,S23,4g,ANON_IMSI_B1,3629363098
2026-04-14T21:04:16.472401+00:00,Operator B,S23,4g,ANON_IMSI_B1,3629363098
2026-04-14T21:07:10.002373+00:00,Operator B,Concealed_5g,5g,ANON_5G_CON_IMSI_B0_e49d7cabed10474d94b6d88353f864090d92c6d4773737486f7378209b8db12ec42025d6c9e019d0fe05e04640,3799241060
2026-04-14T21:07:21.202387+00:00,Operator B,Concealed_5g,5g,ANON_5G_CON_IMSI_B0_e49d7cabed10474d94b6d88353f864090d92c6d4773737486f7378209b8db12ec42025d6c9e019d0fe05e04640,3799241060
2026-04-14T21:07:31.422392+00:00,Operator B,Concealed_5g,5g,ANON_5G_CON_IMSI_B0_e49d7cabed10474d94b6d88353f864090d92c6d4773737486f7378209b8db12ec42025d6c9e019d0fe05e04640,3799241060
2026-04-14T21:07:41.667338+00:00,Operator B,Concealed_5g,5g,ANON_5G_CON_IMSI_B0_e49d7cabed10474d94b6d88353f864090d92c6d4773737486f7378209b8db12ec42025d6c9e019d0fe05e04640,3799241060
2026-04-14T21:09:49.140120+00:00,Operator B,S23,4g,ANON_IMSI_B1,3629559577
2026-04-14T21:12:56.313534+00:00,Operator B,Concealed_5g,5g,ANON_5G_CON_IMSI_B0_d24080a2b9e6969677774ffd9ee776cbb0d259cd4efa399071eced9cc952106501ed65e886b071ea4cd81d27ee,3968127317
2026-04-14T21:13:06.693364+00:00,Operator B,Concealed_5g,5g,ANON_5G_CON_IMSI_B0_d24080a2b9e6969677774ffd9ee776cbb0d259cd4efa399071eced9cc952106501ed65e886b071ea4cd81d27ee,3968127317
2026-04-14T21:13:16.933432+00:00,Operator B,Concealed_5g,5g,ANON_5G_CON_IMSI_B0_d24080a2b9e6969677774ffd9ee776cbb0d259cd4efa399071eced9cc952106501ed65e886b071ea4cd81d27ee,3968127317
2026-04-14T21:14:52.271883+00:00,Operator B,S23,4g,ANON_IMSI_B1,3629690763
2026-04-14T21:15:17.289772+00:00,Operator B,S23,4g,ANON_IMSI_B1,3629690763
2026-04-14T21:15:28.893838+00:00,Operator B,S23,4g,ANON_IMSI_B1,3629690763
2026-04-14T21:17:58.256415+00:00,Operator B,Concealed_5g,5g,ANON_5G_CON_IMSI_B0_7ea5139207493ee6cf5debfea57861f6ae94b312bdd1ba9633cf70d81b14c837a6cf26f8f82068fec462920e2a,3629821880
2026-04-14T21:18:08.396379+00:00,Operator B,Concealed_5g,5g,ANON_5G_CON_IMSI_B0_7ea5139207493ee6cf5debfea57861f6ae94b312bdd1ba9633cf70d81b14c837a6cf26f8f82068fec462920e2a,3629821880
2026-04-14T21:18:18.536321+00:00,Operator B,Concealed_5g,5g,ANON_5G_CON_IMSI_B0_7ea5139207493ee6cf5debfea57861f6ae94b312bdd1ba9633cf70d81b14c837a6cf26f8f82068fec462920e2a,3629821880
2026-04-14T21:18:28.681418+00:00,Operator B,Concealed_5g,5g,ANON_5G_CON_IMSI_B0_7ea5139207493ee6cf5debfea57861f6ae94b312bdd1ba9633cf70d81b14c837a6cf26f8f82068fec462920e2a,3629821880
2026-04-14T21:18:38.821380+00:00,Operator B,Concealed_5g,5g,ANON_5G_CON_IMSI_B0_7ea5139207493ee6cf5debfea57861f6ae94b312bdd1ba9633cf70d81b14c837a6cf26f8f82068fec462920e2a,3629821880
2026-04-14T21:20:25.329877+00:00,Operator B,S23,4g,ANON_IMSI_B1,3629821880
2026-04-14T21:20:51.651919+00:00,Operator B,S23,4g,ANON_IMSI_B1,3629821880
2026-04-14T21:25:49.398096+00:00,Operator B,S23,4g,ANON_IMSI_B1,3630018332
2026-04-14T21:26:14.456032+00:00,Operator B,S23,4g,ANON_IMSI_B1,3630018332
2026-04-14T21:31:18.812208+00:00,Operator B,S23,4g,ANON_IMSI_B1,3630149417
2026-04-14T21:31:43.854118+00:00,Operator B,S23,4g,ANON_IMSI_B1,3630149417
2026-04-14T21:34:35.498391+00:00,Operator B,Concealed_5g,5g,ANON_5G_CON_IMSI_B0_9d7cbdacbda2c0167bbb742f0404106ee8a1e0050525b03ac4dc364a33c1b4407ef29df670437ec1cd578c9b9f,3630280466
2026-04-14T21:34:45.638282+00:00,Operator B,Concealed_5g,5g,ANON_5G_CON_IMSI_B0_9d7cbdacbda2c0167bbb742f0404106ee8a1e0050525b03ac4dc364a33c1b4407ef29df670437ec1cd578c9b9f,3630280466
2026-04-14T21:34:55.778331+00:00,Operator B,Concealed_5g,5g,ANON_5G_CON_IMSI_B0_9d7cbdacbda2c0167bbb742f0404106ee8a1e0050525b03ac4dc364a33c1b4407ef29df670437ec1cd578c9b9f,3630280466
2026-04-14T21:35:05.923357+00:00,Operator B,Concealed_5g,5g,ANON_5G_CON_IMSI_B0_9d7cbdacbda2c0167bbb742f0404106ee8a1e0050525b03ac4dc364a33c1b4407ef29df670437ec1cd578c9b9f,3630280466
2026-04-14T21:36:46.143044+00:00,Operator B,S23,4g,ANON_IMSI_B1,3630280466
2026-04-14T21:37:11.161052+00:00,Operator B,S23,4g,ANON_IMSI_B1,3630280466
2026-04-14T21:42:12.515380+00:00,Operator B,S23,4g,ANON_IMSI_B1,3630411542
2026-04-14T21:47:43.938969+00:00,Operator B,S23,4g,ANON_IMSI_B1,3630542621
2026-04-14T21:48:07.340965+00:00,Operator B,S23,4g,ANON_IMSI_B1,3630542621
2026-04-14T21:50:55.535993+00:00,Operator B,Concealed_5g,5g,ANON_5G_CON_IMSI_B0_c5be6b0ee3aa901011757bec75060bf2798c8adb6dcc547a83332ccc58c1dd142c32a68ddcc57e3388c287139f,3630673683
2026-04-14T21:51:05.676018+00:00,Operator B,Concealed_5g,5g,ANON_5G_CON_IMSI_B0_c5be6b0ee3aa901011757bec75060bf2798c8adb6dcc547a83332ccc58c1dd142c32a68ddcc57e3388c287139f,3630673683
2026-04-14T21:51:15.815906+00:00,Operator B,Concealed_5g,5g,ANON_5G_CON_IMSI_B0_c5be6b0ee3aa901011757bec75060bf2798c8adb6dcc547a83332ccc58c1dd142c32a68ddcc57e3388c287139f,3630673683
2026-04-14T21:51:25.961047+00:00,Operator B,Concealed_5g,5g,ANON_5G_CON_IMSI_B0_c5be6b0ee3aa901011757bec75060bf2798c8adb6dcc547a83332ccc58c1dd142c32a68ddcc57e3388c287139f,3630673683
2026-04-14T21:51:36.140915+00:00,Operator B,Concealed_5g,5g,ANON_5G_CON_IMSI_B0_c5be6b0ee3aa901011757bec75060bf2798c8adb6dcc547a83332ccc58c1dd142c32a68ddcc57e3388c287139f,3630673683
2026-04-14T21:53:12.067776+00:00,Operator B,S23,4g,ANON_IMSI_B1,3630673683
2026-04-14T21:53:37.109760+00:00,Operator B,S23,4g,ANON_IMSI_B1,3630673683
2026-04-14T21:58:41.757318+00:00,Operator B,S23,4g,ANON_IMSI_B1,3630739391
2026-04-14T21:59:06.779639+00:00,Operator B,S23,4g,ANON_IMSI_B1,3630739391
2026-04-14T22:01:54.526494+00:00,Operator B,Concealed_5g,5g,ANON_5G_CON_IMSI_B0_1916ed031cff1d7b6aadc1acf59860cb14fd0653061832e244760d5e0a741057ae9c60a2dd26eb304c81080f7a,3800617325
2026-04-14T22:02:05.666512+00:00,Operator B,Concealed_5g,5g,ANON_5G_CON_IMSI_B0_1916ed031cff1d7b6aadc1acf59860cb14fd0653061832e244760d5e0a741057ae9c60a2dd26eb304c81080f7a,3800617325
2026-04-14T22:02:15.906511+00:00,Operator B,Concealed_5g,5g,ANON_5G_CON_IMSI_B0_1916ed031cff1d7b6aadc1acf59860cb14fd0653061832e244760d5e0a741057ae9c60a2dd26eb304c81080f7a,3800617325
2026-04-14T22:02:26.131739+00:00,Operator B,Concealed_5g,5g,ANON_5G_CON_IMSI_B0_1916ed031cff1d7b6aadc1acf59860cb14fd0653061832e244760d5e0a741057ae9c60a2dd26eb304c81080f7a,3800617325
2026-04-14T22:02:36.371633+00:00,Operator B,Concealed_5g,5g,ANON_5G_CON_IMSI_B0_1916ed031cff1d7b6aadc1acf59860cb14fd0653061832e244760d5e0a741057ae9c60a2dd26eb304c81080f7a,3800617325
2026-04-14T22:04:20.189754+00:00,Operator B,S23,4g,ANON_IMSI_B1,3630870437
2026-04-14T22:04:34.539827+00:00,Operator B,Pixel8,4g,ANON_IMSI_B2,3969307105
2026-04-14T22:04:45.193884+00:00,Operator B,S23,4g,ANON_IMSI_B1,3630870437
2026-04-14T22:07:27.204248+00:00,Operator B,Concealed_5g,5g,ANON_5G_CON_IMSI_B0_b906342a89460294d301bd9564ac2bfa53a32524edc6b784cebe9a7b26481052cc91a0b771df00c7c2795b3617,3631001476
2026-04-14T22:07:37.344291+00:00,Operator B,Concealed_5g,5g,ANON_5G_CON_IMSI_B0_b906342a89460294d301bd9564ac2bfa53a32524edc6b784cebe9a7b26481052cc91a0b771df00c7c2795b3617,3631001476
2026-04-14T22:07:47.484373+00:00,Operator B,Concealed_5g,5g,ANON_5G_CON_IMSI_B0_b906342a89460294d301bd9564ac2bfa53a32524edc6b784cebe9a7b26481052cc91a0b771df00c7c2795b3617,3631001476
2026-04-14T22:07:57.629435+00:00,Operator B,Concealed_5g,5g,ANON_5G_CON_IMSI_B0_b906342a89460294d301bd9564ac2bfa53a32524edc6b784cebe9a7b26481052cc91a0b771df00c7c2795b3617,3631001476
2026-04-14T22:09:49.247462+00:00,Operator B,S23,4g,ANON_IMSI_B1,3631001476
2026-04-14T22:09:55.639432+00:00,Operator B,Pixel8,4g,ANON_IMSI_B2,3969372611
2026-04-14T22:10:14.109600+00:00,Operator B,S23,4g,ANON_IMSI_B1,3631001476
2026-04-14T22:15:15.396734+00:00,Operator B,S23,4g,ANON_IMSI_B1,3631132419
2026-04-14T22:15:40.454775+00:00,Operator B,S23,4g,ANON_IMSI_B1,3631132419
2026-04-14T22:20:39.167003+00:00,Operator B,S23,4g,ANON_IMSI_B1,3631198011
2026-04-14T22:21:04.364996+00:00,Operator B,S23,4g,ANON_IMSI_B1,3631198011
2026-04-14T22:23:41.895002+00:00,Operator B,Concealed_5g,5g,ANON_5G_CON_IMSI_B0_d60e2ceb6e20012f91d669c22fb278681729f15394a49697eded5a561e75417f3b487ee81041fb9ae8ec82cf06,3631329041
2026-04-14T22:23:52.034835+00:00,Operator B,Concealed_5g,5g,ANON_5G_CON_IMSI_B0_d60e2ceb6e20012f91d669c22fb278681729f15394a49697eded5a561e75417f3b487ee81041fb9ae8ec82cf06,3631329041
2026-04-14T22:24:02.194823+00:00,Operator B,Concealed_5g,5g,ANON_5G_CON_IMSI_B0_d60e2ceb6e20012f91d669c22fb278681729f15394a49697eded5a561e75417f3b487ee81041fb9ae8ec82cf06,3631329041
2026-04-14T22:24:12.339905+00:00,Operator B,Concealed_5g,5g,ANON_5G_CON_IMSI_B0_d60e2ceb6e20012f91d669c22fb278681729f15394a49697eded5a561e75417f3b487ee81041fb9ae8ec82cf06,3631329041
2026-04-14T22:24:22.480034+00:00,Operator B,Concealed_5g,5g,ANON_5G_CON_IMSI_B0_d60e2ceb6e20012f91d669c22fb278681729f15394a49697eded5a561e75417f3b487ee81041fb9ae8ec82cf06,3631329041
2026-04-14T22:26:10.909173+00:00,Operator B,S23,4g,ANON_IMSI_B1,3631329041
2026-04-14T22:26:37.232083+00:00,Operator B,S23,4g,ANON_IMSI_B1,3631329041
2026-04-14T22:31:34.070629+00:00,Operator B,S23,4g,ANON_IMSI_B1,3631394710
2026-04-14T22:31:59.112643+00:00,Operator B,S23,4g,ANON_IMSI_B1,3631394710
2026-04-14T22:37:07.340942+00:00,Operator B,S23,4g,ANON_IMSI_B1,3631525656
2026-04-14T22:40:21.087699+00:00,Operator B,Concealed_5g,5g,ANON_5G_CON_IMSI_B0_60e6723723dc677a0d7103811c26149324df219fb8a141d9c69cb87a874401753ef8a48bd261a784d44f41275f,3631591338
2026-04-14T22:40:31.227596+00:00,Operator B,Concealed_5g,5g,ANON_5G_CON_IMSI_B0_60e6723723dc677a0d7103811c26149324df219fb8a141d9c69cb87a874401753ef8a48bd261a784d44f41275f,3631591338
2026-04-14T22:40:41.387440+00:00,Operator B,Concealed_5g,5g,ANON_5G_CON_IMSI_B0_60e6723723dc677a0d7103811c26149324df219fb8a141d9c69cb87a874401753ef8a48bd261a784d44f41275f,3631591338
2026-04-14T22:40:51.532450+00:00,Operator B,Concealed_5g,5g,ANON_5G_CON_IMSI_B0_60e6723723dc677a0d7103811c26149324df219fb8a141d9c69cb87a874401753ef8a48bd261a784d44f41275f,3631591338
2026-04-14T22:42:36.533498+00:00,Operator B,S23,4g,ANON_IMSI_B1,3631591338
2026-04-14T22:43:01.595254+00:00,Operator B,S23,4g,ANON_IMSI_B1,3631591338
2026-04-14T22:48:00.030957+00:00,Operator B,S23,4g,ANON_IMSI_B1,3631722287
2026-04-14T22:48:10.793018+00:00,Operator B,S23,4g,ANON_IMSI_B1,3631722287
2026-04-14T22:48:35.868812+00:00,Operator B,S23,4g,ANON_IMSI_B1,3631722287
2026-04-14T22:53:29.935324+00:00,Operator B,S23,4g,ANON_IMSI_B1,3631853318
2026-04-14T22:53:54.997208+00:00,Operator B,S23,4g,ANON_IMSI_B1,3631853318
2026-04-14T22:56:36.210458+00:00,Operator B,Concealed_5g,5g,ANON_5G_CON_IMSI_B0_053ce544238437d9fe0b94f774849059ee2daf72b7ac676bd9f2eaace2c1de25d34cffaa38ff508ea9a0ef48c7,3631918979
2026-04-14T22:56:46.350381+00:00,Operator B,Concealed_5g,5g,ANON_5G_CON_IMSI_B0_053ce544238437d9fe0b94f774849059ee2daf72b7ac676bd9f2eaace2c1de25d34cffaa38ff508ea9a0ef48c7,3631918979
2026-04-14T22:56:56.510434+00:00,Operator B,Concealed_5g,5g,ANON_5G_CON_IMSI_B0_053ce544238437d9fe0b94f774849059ee2daf72b7ac676bd9f2eaace2c1de25d34cffaa38ff508ea9a0ef48c7,3631918979
2026-04-14T22:57:06.655433+00:00,Operator B,Concealed_5g,5g,ANON_5G_CON_IMSI_B0_053ce544238437d9fe0b94f774849059ee2daf72b7ac676bd9f2eaace2c1de25d34cffaa38ff508ea9a0ef48c7,3631918979
2026-04-14T22:57:16.815310+00:00,Operator B,Concealed_5g,5g,ANON_5G_CON_IMSI_B0_053ce544238437d9fe0b94f774849059ee2daf72b7ac676bd9f2eaace2c1de25d34cffaa38ff508ea9a0ef48c7,3631918979
2026-04-14T22:58:57.921611+00:00,Operator B,S23,4g,ANON_IMSI_B1,3631918979
2026-04-14T22:59:22.899471+00:00,Operator B,S23,4g,ANON_IMSI_B1,3631918979
2026-04-14T23:04:26.235350+00:00,Operator B,S23,4g,ANON_IMSI_B1,3632049930
2026-04-14T23:04:51.297259+00:00,Operator B,S23,4g,ANON_IMSI_B1,3632049930
2026-04-14T23:09:55.320206+00:00,Operator B,S23,4g,ANON_IMSI_B1,3632115587
2026-04-14T23:10:20.242304+00:00,Operator B,S23,4g,ANON_IMSI_B1,3632115587
2026-04-14T23:13:02.619015+00:00,Operator B,Concealed_5g,5g,ANON_5G_CON_IMSI_B0_6549f4a23a8d6d76d552e6ff98169233e5858fbe73c596968185451ce02a9665fddbda7c6241245fd6df9a24cf,3632246542
2026-04-14T23:13:12.759128+00:00,Operator B,Concealed_5g,5g,ANON_5G_CON_IMSI_B0_6549f4a23a8d6d76d552e6ff98169233e5858fbe73c596968185451ce02a9665fddbda7c6241245fd6df9a24cf,3632246542
2026-04-14T23:13:22.919027+00:00,Operator B,Concealed_5g,5g,ANON_5G_CON_IMSI_B0_6549f4a23a8d6d76d552e6ff98169233e5858fbe73c596968185451ce02a9665fddbda7c6241245fd6df9a24cf,3632246542
2026-04-14T23:13:33.064096+00:00,Operator B,Concealed_5g,5g,ANON_5G_CON_IMSI_B0_6549f4a23a8d6d76d552e6ff98169233e5858fbe73c596968185451ce02a9665fddbda7c6241245fd6df9a24cf,3632246542
2026-04-14T23:13:43.203979+00:00,Operator B,Concealed_5g,5g,ANON_5G_CON_IMSI_B0_6549f4a23a8d6d76d552e6ff98169233e5858fbe73c596968185451ce02a9665fddbda7c6241245fd6df9a24cf,3632246542
2026-04-14T23:15:29.741743+00:00,Operator B,S23,4g,ANON_IMSI_B1,3632246542
2026-04-14T23:15:41.083702+00:00,Operator B,S23,4g,ANON_IMSI_B1,3632246542
2026-04-14T23:20:55.370508+00:00,Operator B,S23,4g,ANON_IMSI_B1,3632312207
2026-04-14T23:21:20.513163+00:00,Operator B,S23,4g,ANON_IMSI_B1,3632312207
2026-04-14T23:26:25.968774+00:00,Operator B,S23,4g,ANON_IMSI_B1,3632377767
2026-04-14T23:26:51.010655+00:00,Operator B,S23,4g,ANON_IMSI_B1,3632377767
2026-04-14T23:29:30.730623+00:00,Operator B,Concealed_5g,5g,ANON_5G_CON_IMSI_B0_c6722fec4469d34258551adc9d1b3027e3ed3acdeef0a8f6116034210794c03f4e5e1cb188e24daaa765aec10e,3632508725
2026-04-14T23:29:40.870594+00:00,Operator B,Concealed_5g,5g,ANON_5G_CON_IMSI_B0_c6722fec4469d34258551adc9d1b3027e3ed3acdeef0a8f6116034210794c03f4e5e1cb188e24daaa765aec10e,3632508725
2026-04-14T23:29:51.010564+00:00,Operator B,Concealed_5g,5g,ANON_5G_CON_IMSI_B0_c6722fec4469d34258551adc9d1b3027e3ed3acdeef0a8f6116034210794c03f4e5e1cb188e24daaa765aec10e,3632508725
2026-04-14T23:30:01.155544+00:00,Operator B,Concealed_5g,5g,ANON_5G_CON_IMSI_B0_c6722fec4469d34258551adc9d1b3027e3ed3acdeef0a8f6116034210794c03f4e5e1cb188e24daaa765aec10e,3632508725
2026-04-14T23:30:11.295533+00:00,Operator B,Concealed_5g,5g,ANON_5G_CON_IMSI_B0_c6722fec4469d34258551adc9d1b3027e3ed3acdeef0a8f6116034210794c03f4e5e1cb188e24daaa765aec10e,3632508725
2026-04-14T23:31:50.346007+00:00,Operator B,S23,4g,ANON_IMSI_B1,3632508725
2026-04-14T23:32:01.404020+00:00,Operator B,S23,4g,ANON_IMSI_B1,3632508725
2026-04-14T23:32:27.868594+00:00,Operator B,S23,4g,ANON_IMSI_B1,3632508725
2026-04-14T23:35:08.813304+00:00,Operator B,Concealed_5g,5g,ANON_5G_CON_IMSI_B0_7ce5c1591efd98a124c17561476e06737f1212b47705e1459d06e2fe04c79e4d5d5f03dc4c6dc62fec9cc871bb,3802190321
2026-04-14T23:35:19.353339+00:00,Operator B,Concealed_5g,5g,ANON_5G_CON_IMSI_B0_7ce5c1591efd98a124c17561476e06737f1212b47705e1459d06e2fe04c79e4d5d5f03dc4c6dc62fec9cc871bb,3802190321
2026-04-14T23:35:29.593324+00:00,Operator B,Concealed_5g,5g,ANON_5G_CON_IMSI_B0_7ce5c1591efd98a124c17561476e06737f1212b47705e1459d06e2fe04c79e4d5d5f03dc4c6dc62fec9cc871bb,3802190321
2026-04-14T23:35:39.838333+00:00,Operator B,Concealed_5g,5g,ANON_5G_CON_IMSI_B0_7ce5c1591efd98a124c17561476e06737f1212b47705e1459d06e2fe04c79e4d5d5f03dc4c6dc62fec9cc871bb,3802190321
2026-04-14T23:37:22.037511+00:00,Operator B,S23,4g,ANON_IMSI_B1,3632574373
2026-04-14T23:37:47.019439+00:00,Operator B,S23,4g,ANON_IMSI_B1,3632574373
2026-04-14T23:42:52.886284+00:00,Operator B,S23,4g,ANON_IMSI_B1,3632705289
2026-04-14T23:43:17.848489+00:00,Operator B,S23,4g,ANON_IMSI_B1,3632705289
2026-04-14T23:45:59.337023+00:00,Operator B,Concealed_5g,5g,ANON_5G_CON_IMSI_B0_17a52ceda086ef26024b7b36af39ecac99f16a412d7dadb2e52919bdde4d156a237e621242ecfffe8c168e134f,3632770864
2026-04-14T23:46:00.456936+00:00,Operator B,Concealed_5g,5g,ANON_5G_CON_IMSI_B0_f70cb659f1255d67e53bc00fea9fc8b11c620a2f52e598bb90c13205df365053ff2833de1eb497370fb1ca9c91,3802386810
2026-04-14T23:46:09.477026+00:00,Operator B,Concealed_5g,5g,ANON_5G_CON_IMSI_B0_17a52ceda086ef26024b7b36af39ecac99f16a412d7dadb2e52919bdde4d156a237e621242ecfffe8c168e134f,3632770864
2026-04-14T23:46:11.861946+00:00,Operator B,Concealed_5g,5g,ANON_5G_CON_IMSI_B0_f70cb659f1255d67e53bc00fea9fc8b11c620a2f52e598bb90c13205df365053ff2833de1eb497370fb1ca9c91,3802386810
2026-04-14T23:46:19.642119+00:00,Operator B,Concealed_5g,5g,ANON_5G_CON_IMSI_B0_17a52ceda086ef26024b7b36af39ecac99f16a412d7dadb2e52919bdde4d156a237e621242ecfffe8c168e134f,3632770864
2026-04-14T23:46:22.102091+00:00,Operator B,Concealed_5g,5g,ANON_5G_CON_IMSI_B0_f70cb659f1255d67e53bc00fea9fc8b11c620a2f52e598bb90c13205df365053ff2833de1eb497370fb1ca9c91,3802386810
2026-04-14T23:46:29.787137+00:00,Operator B,Concealed_5g,5g,ANON_5G_CON_IMSI_B0_17a52ceda086ef26024b7b36af39ecac99f16a412d7dadb2e52919bdde4d156a237e621242ecfffe8c168e134f,3632770864
2026-04-14T23:46:32.347177+00:00,Operator B,Concealed_5g,5g,ANON_5G_CON_IMSI_B0_f70cb659f1255d67e53bc00fea9fc8b11c620a2f52e598bb90c13205df365053ff2833de1eb497370fb1ca9c91,3802386810
2026-04-14T23:46:39.927230+00:00,Operator B,Concealed_5g,5g,ANON_5G_CON_IMSI_B0_17a52ceda086ef26024b7b36af39ecac99f16a412d7dadb2e52919bdde4d156a237e621242ecfffe8c168e134f,3632770864
2026-04-14T23:46:42.572201+00:00,Operator B,Concealed_5g,5g,ANON_5G_CON_IMSI_B0_f70cb659f1255d67e53bc00fea9fc8b11c620a2f52e598bb90c13205df365053ff2833de1eb497370fb1ca9c91,3802386810
2026-04-14T23:48:17.251019+00:00,Operator B,S23,4g,ANON_IMSI_B1,3632770864
2026-04-14T23:48:35.421177+00:00,Operator B,Pixel8,4g,ANON_IMSI_B2,3971338587
2026-04-14T23:48:42.255148+00:00,Operator B,S23,4g,ANON_IMSI_B1,3632770864
2026-04-14T23:53:47.985676+00:00,Operator B,S23,4g,ANON_IMSI_B1,3632836495
2026-04-14T23:53:59.200977+00:00,Operator B,S23,4g,ANON_IMSI_B1,3632836495
2026-04-14T23:54:06.774940+00:00,Operator B,Pixel8,4g,ANON_IMSI_B2,3971338741
2026-04-14T23:54:24.103083+00:00,Operator B,S23,4g,ANON_IMSI_B1,3632836495
2026-04-14T23:59:20.779910+00:00,Operator B,S23,4g,ANON_IMSI_B1,3632902057
2026-04-14T23:59:45.797915+00:00,Operator B,S23,4g,ANON_IMSI_B1,3632902057
2026-04-15T00:04:47.405429+00:00,Operator B,S23,4g,ANON_IMSI_B1,3633032971
2026-04-15T00:05:13.728269+00:00,Operator B,S23,4g,ANON_IMSI_B1,3633032971
2026-04-15T00:05:24.804698+00:00,Operator B,S23,4g,ANON_IMSI_B1,3633032971
2026-04-15T00:07:54.235596+00:00,Operator B,Concealed_5g,5g,ANON_5G_CON_IMSI_B0_bcf7c59de34223ac8f61311d0bb5baf7cc5112087a9271868a64f210703ca643bdde64802c1de591969fe6ab0d,3633098559
2026-04-15T00:08:04.375585+00:00,Operator B,Concealed_5g,5g,ANON_5G_CON_IMSI_B0_bcf7c59de34223ac8f61311d0bb5baf7cc5112087a9271868a64f210703ca643bdde64802c1de591969fe6ab0d,3633098559
2026-04-15T00:08:14.515584+00:00,Operator B,Concealed_5g,5g,ANON_5G_CON_IMSI_B0_bcf7c59de34223ac8f61311d0bb5baf7cc5112087a9271868a64f210703ca643bdde64802c1de591969fe6ab0d,3633098559
2026-04-15T00:08:24.660613+00:00,Operator B,Concealed_5g,5g,ANON_5G_CON_IMSI_B0_bcf7c59de34223ac8f61311d0bb5baf7cc5112087a9271868a64f210703ca643bdde64802c1de591969fe6ab0d,3633098559
2026-04-15T00:08:34.800635+00:00,Operator B,Concealed_5g,5g,ANON_5G_CON_IMSI_B0_bcf7c59de34223ac8f61311d0bb5baf7cc5112087a9271868a64f210703ca643bdde64802c1de591969fe6ab0d,3633098559
2026-04-15T00:10:12.137071+00:00,Operator B,S23,4g,ANON_IMSI_B1,3633098559
2026-04-15T00:10:50.139195+00:00,Operator B,S23,4g,ANON_IMSI_B1,3633098559
2026-04-15T00:13:27.591981+00:00,Operator B,Concealed_5g,5g,ANON_5G_CON_IMSI_B0_9f7465defeafde4b1f0b1e1481fd84bdeaf85955f5f0eb5f140106ce4a6613144ce7a37239f038315a7f2fc55c,3234189670
2026-04-15T00:13:38.311997+00:00,Operator B,Concealed_5g,5g,ANON_5G_CON_IMSI_B0_9f7465defeafde4b1f0b1e1481fd84bdeaf85955f5f0eb5f140106ce4a6613144ce7a37239f038315a7f2fc55c,3234189670
2026-04-15T00:13:48.551940+00:00,Operator B,Concealed_5g,5g,ANON_5G_CON_IMSI_B0_9f7465defeafde4b1f0b1e1481fd84bdeaf85955f5f0eb5f140106ce4a6613144ce7a37239f038315a7f2fc55c,3234189670
2026-04-15T00:13:58.796879+00:00,Operator B,Concealed_5g,5g,ANON_5G_CON_IMSI_B0_9f7465defeafde4b1f0b1e1481fd84bdeaf85955f5f0eb5f140106ce4a6613144ce7a37239f038315a7f2fc55c,3234189670
2026-04-15T00:14:09.036967+00:00,Operator B,Concealed_5g,5g,ANON_5G_CON_IMSI_B0_9f7465defeafde4b1f0b1e1481fd84bdeaf85955f5f0eb5f140106ce4a6613144ce7a37239f038315a7f2fc55c,3234189670
2026-04-15T00:15:41.873138+00:00,Operator B,S23,4g,ANON_IMSI_B1,3633426307
2026-04-15T00:15:59.502831+00:00,Operator B,Pixel8,4g,ANON_IMSI_B2,4226928994
2026-04-15T00:16:06.916756+00:00,Operator B,S23,4g,ANON_IMSI_B1,3633426307
2026-04-15T00:16:18.468507+00:00,Operator B,S23,4g,ANON_IMSI_B1,3633426307
2026-04-15T00:21:13.374912+00:00,Operator B,S23,4g,ANON_IMSI_B1,3633557260
2026-04-15T00:21:24.456236+00:00,Operator B,S23,4g,ANON_IMSI_B1,3633557260
2026-04-15T00:21:27.986137+00:00,Operator B,Pixel8,4g,ANON_IMSI_B2,4226994496
2026-04-15T00:21:49.510037+00:00,Operator B,S23,4g,ANON_IMSI_B1,3633557260
2026-04-15T00:24:43.335932+00:00,Operator B,Concealed_5g,5g,ANON_5G_CON_IMSI_B0_071c63cfa59dce1cf83b956f2d2ee5a58c20ade11b9f74c7e7ac060e11a19a1a5795bd4d0fe2523de64990451d,3633622937
2026-04-15T00:24:53.475881+00:00,Operator B,Concealed_5g,5g,ANON_5G_CON_IMSI_B0_071c63cfa59dce1cf83b956f2d2ee5a58c20ade11b9f74c7e7ac060e11a19a1a5795bd4d0fe2523de64990451d,3633622937
2026-04-15T00:25:03.635748+00:00,Operator B,Concealed_5g,5g,ANON_5G_CON_IMSI_B0_071c63cfa59dce1cf83b956f2d2ee5a58c20ade11b9f74c7e7ac060e11a19a1a5795bd4d0fe2523de64990451d,3633622937
2026-04-15T00:28:54.208646+00:00,Operator B,Concealed_5g,5g,ANON_5G_CON_IMSI_B0_5041f7bb1e3c61930a474058ab3037ec813934bc176608c8bdf56d3006268f1f1944320d9b62b7d8235f30b4cf,3786911654
2026-04-15T00:29:04.328445+00:00,Operator B,Concealed_5g,5g,ANON_5G_CON_IMSI_B0_5041f7bb1e3c61930a474058ab3037ec813934bc176608c8bdf56d3006268f1f1944320d9b62b7d8235f30b4cf,3786911654
2026-04-15T00:29:14.468492+00:00,Operator B,Concealed_5g,5g,ANON_5G_CON_IMSI_B0_5041f7bb1e3c61930a474058ab3037ec813934bc176608c8bdf56d3006268f1f1944320d9b62b7d8235f30b4cf,3786911654
2026-04-15T00:29:24.613441+00:00,Operator B,Concealed_5g,5g,ANON_5G_CON_IMSI_B0_5041f7bb1e3c61930a474058ab3037ec813934bc176608c8bdf56d3006268f1f1944320d9b62b7d8235f30b4cf,3786911654
2026-04-15T00:29:34.753402+00:00,Operator B,Concealed_5g,5g,ANON_5G_CON_IMSI_B0_5041f7bb1e3c61930a474058ab3037ec813934bc176608c8bdf56d3006268f1f1944320d9b62b7d8235f30b4cf,3786911654
2026-04-15T00:30:58.527608+00:00,Operator B,S23,4g,ANON_IMSI_B1,3633754030
2026-04-15T00:31:23.669604+00:00,Operator B,S23,4g,ANON_IMSI_B1,3633754030
2026-04-15T00:36:35.238628+00:00,Operator B,S23,4g,ANON_IMSI_B1,3633819453
2026-04-15T00:37:00.280576+00:00,Operator B,S23,4g,ANON_IMSI_B1,3633819453
2026-04-15T00:43:14.766508+00:00,Operator B,Concealed_5g,5g,ANON_5G_CON_IMSI_B0_2a41ce505744aead01c26613f6d3684252771450cdfda7272ff4085a505b0b611e2a220e30bd4ff24c7fc21ce5,3633885118
2026-04-15T00:43:24.906329+00:00,Operator B,Concealed_5g,5g,ANON_5G_CON_IMSI_B0_2a41ce505744aead01c26613f6d3684252771450cdfda7272ff4085a505b0b611e2a220e30bd4ff24c7fc21ce5,3633885118
2026-04-15T00:43:35.046374+00:00,Operator B,Concealed_5g,5g,ANON_5G_CON_IMSI_B0_2a41ce505744aead01c26613f6d3684252771450cdfda7272ff4085a505b0b611e2a220e30bd4ff24c7fc21ce5,3633885118
2026-04-15T00:43:45.191403+00:00,Operator B,Concealed_5g,5g,ANON_5G_CON_IMSI_B0_2a41ce505744aead01c26613f6d3684252771450cdfda7272ff4085a505b0b611e2a220e30bd4ff24c7fc21ce5,3633885118
2026-04-15T00:43:55.331396+00:00,Operator B,Concealed_5g,5g,ANON_5G_CON_IMSI_B0_2a41ce505744aead01c26613f6d3684252771450cdfda7272ff4085a505b0b611e2a220e30bd4ff24c7fc21ce5,3633885118
2026-04-15T00:45:34.715059+00:00,Operator B,S23,4g,ANON_IMSI_B1,3633885118
2026-04-15T00:46:01.037008+00:00,Operator B,S23,4g,ANON_IMSI_B1,3633885118
2026-04-15T00:46:12.152951+00:00,Operator B,S23,4g,ANON_IMSI_B1,3633885118
2026-04-15T00:51:01.794831+00:00,Operator B,S23,4g,ANON_IMSI_B1,3634081569
2026-04-15T00:51:26.793260+00:00,Operator B,S23,4g,ANON_IMSI_B1,3634081569
2026-04-15T00:56:20.481558+00:00,Operator B,S23,4g,ANON_IMSI_B1,3634147208
2026-04-15T00:56:45.479826+00:00,Operator B,S23,4g,ANON_IMSI_B1,3634147208
2026-04-15T00:59:38.275250+00:00,Operator B,Concealed_5g,5g,ANON_5G_CON_IMSI_B0_2aae72ea972960c8f11de6c381206d581f7abaf9d2abfeb27999803bd3e1cb4ebb324989f30c3aa2ad58b40d84,3634278172
2026-04-15T00:59:48.415307+00:00,Operator B,Concealed_5g,5g,ANON_5G_CON_IMSI_B0_2aae72ea972960c8f11de6c381206d581f7abaf9d2abfeb27999803bd3e1cb4ebb324989f30c3aa2ad58b40d84,3634278172
2026-04-15T00:59:58.555372+00:00,Operator B,Concealed_5g,5g,ANON_5G_CON_IMSI_B0_2aae72ea972960c8f11de6c381206d581f7abaf9d2abfeb27999803bd3e1cb4ebb324989f30c3aa2ad58b40d84,3634278172
2026-04-15T01:00:08.700445+00:00,Operator B,Concealed_5g,5g,ANON_5G_CON_IMSI_B0_2aae72ea972960c8f11de6c381206d581f7abaf9d2abfeb27999803bd3e1cb4ebb324989f30c3aa2ad58b40d84,3634278172
2026-04-15T01:00:18.860529+00:00,Operator B,Concealed_5g,5g,ANON_5G_CON_IMSI_B0_2aae72ea972960c8f11de6c381206d581f7abaf9d2abfeb27999803bd3e1cb4ebb324989f30c3aa2ad58b40d84,3634278172
2026-04-15T01:01:56.770504+00:00,Operator B,S23,4g,ANON_IMSI_B1,3634278172
2026-04-15T01:02:21.792613+00:00,Operator B,S23,4g,ANON_IMSI_B1,3634278172
2026-04-15T01:07:28.349537+00:00,Operator B,S23,4g,ANON_IMSI_B1,3634343819
2026-04-15T01:07:43.031517+00:00,Operator B,S23,4g,ANON_IMSI_B1,3634343819
2026-04-15T01:12:55.463998+00:00,Operator B,S23,4g,ANON_IMSI_B1,3634409399
2026-04-15T01:13:20.366034+00:00,Operator B,S23,4g,ANON_IMSI_B1,3634409399
2026-04-15T01:16:01.673461+00:00,Operator B,Concealed_5g,5g,ANON_5G_CON_IMSI_B0_5043dc74b00a26ee80004f424157915f683111639dbfcf47643930af89b25b217bbcaed9c97cbd913b6e062da7,3634540427
2026-04-15T01:16:11.813345+00:00,Operator B,Concealed_5g,5g,ANON_5G_CON_IMSI_B0_5043dc74b00a26ee80004f424157915f683111639dbfcf47643930af89b25b217bbcaed9c97cbd913b6e062da7,3634540427
2026-04-15T01:16:19.093510+00:00,Operator B,Concealed_5g,5g,ANON_5G_CON_IMSI_B0_30224bed5b5204df4f559822d2df548d2af86fa4d4a188d77cc25b59f6b44922aa438d8183774b5d9b2b51a1f9,3237663045
2026-04-15T01:16:21.958549+00:00,Operator B,Concealed_5g,5g,ANON_5G_CON_IMSI_B0_5043dc74b00a26ee80004f424157915f683111639dbfcf47643930af89b25b217bbcaed9c97cbd913b6e062da7,3634540427
2026-04-15T01:16:29.818814+00:00,Operator B,Concealed_5g,5g,ANON_5G_CON_IMSI_B0_30224bed5b5204df4f559822d2df548d2af86fa4d4a188d77cc25b59f6b44922aa438d8183774b5d9b2b51a1f9,3237663045
2026-04-15T01:16:32.078547+00:00,Operator B,Concealed_5g,5g,ANON_5G_CON_IMSI_B0_5043dc74b00a26ee80004f424157915f683111639dbfcf47643930af89b25b217bbcaed9c97cbd913b6e062da7,3634540427
2026-04-15T01:16:40.063637+00:00,Operator B,Concealed_5g,5g,ANON_5G_CON_IMSI_B0_30224bed5b5204df4f559822d2df548d2af86fa4d4a188d77cc25b59f6b44922aa438d8183774b5d9b2b51a1f9,3237663045
2026-04-15T01:16:42.203516+00:00,Operator B,Concealed_5g,5g,ANON_5G_CON_IMSI_B0_5043dc74b00a26ee80004f424157915f683111639dbfcf47643930af89b25b217bbcaed9c97cbd913b6e062da7,3634540427
2026-04-15T01:16:50.303625+00:00,Operator B,Concealed_5g,5g,ANON_5G_CON_IMSI_B0_30224bed5b5204df4f559822d2df548d2af86fa4d4a188d77cc25b59f6b44922aa438d8183774b5d9b2b51a1f9,3237663045
2026-04-15T01:18:22.717461+00:00,Operator B,S23,4g,ANON_IMSI_B1,3634540427
2026-04-15T01:18:47.699512+00:00,Operator B,S23,4g,ANON_IMSI_B1,3634540427
2026-04-15T01:21:45.263685+00:00,Operator B,Concealed_5g,5g,ANON_5G_CON_IMSI_B0_d5782648ec72d9255821f3e52cd9318f0ecc55f3045d61823c4df5d6330e6f09e5dc519b14b35e16083a4833d7,3238252917
2026-04-15T01:21:56.483688+00:00,Operator B,Concealed_5g,5g,ANON_5G_CON_IMSI_B0_d5782648ec72d9255821f3e52cd9318f0ecc55f3045d61823c4df5d6330e6f09e5dc519b14b35e16083a4833d7,3238252917
2026-04-15T01:22:06.723660+00:00,Operator B,Concealed_5g,5g,ANON_5G_CON_IMSI_B0_d5782648ec72d9255821f3e52cd9318f0ecc55f3045d61823c4df5d6330e6f09e5dc519b14b35e16083a4833d7,3238252917
2026-04-15T01:22:16.948673+00:00,Operator B,Concealed_5g,5g,ANON_5G_CON_IMSI_B0_d5782648ec72d9255821f3e52cd9318f0ecc55f3045d61823c4df5d6330e6f09e5dc519b14b35e16083a4833d7,3238252917
2026-04-15T01:23:53.603523+00:00,Operator B,S23,4g,ANON_IMSI_B1,3634671372
2026-04-15T01:24:05.085230+00:00,Operator B,S23,4g,ANON_IMSI_B1,3634671372
2026-04-15T01:24:29.920785+00:00,Operator B,S23,4g,ANON_IMSI_B1,3634671372
2026-04-15T01:29:39.981009+00:00,Operator B,S23,4g,ANON_IMSI_B1,3634867996
2026-04-15T01:32:39.001502+00:00,Operator B,Concealed_5g,5g,ANON_5G_CON_IMSI_B0_64606f20183b2f39e409d4816f1b54cf5b58bd34a5154e58780ea77a8aac5e251d441b5821d1b3dcc0ec89c038,3634868012
2026-04-15T01:32:49.161408+00:00,Operator B,Concealed_5g,5g,ANON_5G_CON_IMSI_B0_64606f20183b2f39e409d4816f1b54cf5b58bd34a5154e58780ea77a8aac5e251d441b5821d1b3dcc0ec89c038,3634868012
2026-04-15T01:32:59.301320+00:00,Operator B,Concealed_5g,5g,ANON_5G_CON_IMSI_B0_64606f20183b2f39e409d4816f1b54cf5b58bd34a5154e58780ea77a8aac5e251d441b5821d1b3dcc0ec89c038,3634868012
2026-04-15T01:33:09.446267+00:00,Operator B,Concealed_5g,5g,ANON_5G_CON_IMSI_B0_64606f20183b2f39e409d4816f1b54cf5b58bd34a5154e58780ea77a8aac5e251d441b5821d1b3dcc0ec89c038,3634868012
2026-04-15T01:34:54.535842+00:00,Operator B,S23,4g,ANON_IMSI_B1,3634868012
2026-04-15T01:35:05.633927+00:00,Operator B,S23,4g,ANON_IMSI_B1,3634868012
2026-04-15T01:35:30.659812+00:00,Operator B,S23,4g,ANON_IMSI_B1,3634868012
2026-04-15T01:38:04.315105+00:00,Operator B,Concealed_5g,5g,ANON_5G_CON_IMSI_B0_046f95ab7eb46ebe8c291c007e2518f775cd8285358d3d1f9ff658a7c8f8cd7986254aa653aaac1878899ac271,3238580678
2026-04-15T01:38:15.715178+00:00,Operator B,Concealed_5g,5g,ANON_5G_CON_IMSI_B0_046f95ab7eb46ebe8c291c007e2518f775cd8285358d3d1f9ff658a7c8f8cd7986254aa653aaac1878899ac271,3238580678
2026-04-15T01:38:25.955167+00:00,Operator B,Concealed_5g,5g,ANON_5G_CON_IMSI_B0_046f95ab7eb46ebe8c291c007e2518f775cd8285358d3d1f9ff658a7c8f8cd7986254aa653aaac1878899ac271,3238580678
2026-04-15T01:38:36.180123+00:00,Operator B,Concealed_5g,5g,ANON_5G_CON_IMSI_B0_046f95ab7eb46ebe8c291c007e2518f775cd8285358d3d1f9ff658a7c8f8cd7986254aa653aaac1878899ac271,3238580678
2026-04-15T01:40:22.762191+00:00,Operator B,S23,4g,ANON_IMSI_B1,3634933674
2026-04-15T01:40:33.841452+00:00,Operator B,S23,4g,ANON_IMSI_B1,3634933674
2026-04-15T01:40:58.877357+00:00,Operator B,S23,4g,ANON_IMSI_B1,3634933674
2026-04-15T01:45:50.243370+00:00,Operator B,S23,4g,ANON_IMSI_B1,3635064592
2026-04-15T01:46:16.446141+00:00,Operator B,S23,4g,ANON_IMSI_B1,3635064592
2026-04-15T01:46:27.521229+00:00,Operator B,S23,4g,ANON_IMSI_B1,3635064592
2026-04-15T01:49:20.168994+00:00,Operator B,Concealed_5g,5g,ANON_5G_CON_IMSI_B0_5fd4e43f8e6ffc59aa3dfc194b404ef9ed2ccd728e1fd2b572442d7fc6794915d4ba0727f4550c598c236e0f80,3635130261
2026-04-15T01:49:30.308852+00:00,Operator B,Concealed_5g,5g,ANON_5G_CON_IMSI_B0_5fd4e43f8e6ffc59aa3dfc194b404ef9ed2ccd728e1fd2b572442d7fc6794915d4ba0727f4550c598c236e0f80,3635130261
2026-04-15T01:49:40.448900+00:00,Operator B,Concealed_5g,5g,ANON_5G_CON_IMSI_B0_5fd4e43f8e6ffc59aa3dfc194b404ef9ed2ccd728e1fd2b572442d7fc6794915d4ba0727f4550c598c236e0f80,3635130261
2026-04-15T01:51:07.931483+00:00,Operator B,S23,4g,ANON_IMSI_B1,3635195796
2026-04-15T01:51:33.009319+00:00,Operator B,S23,4g,ANON_IMSI_B1,3635195796
2026-04-15T01:54:28.361505+00:00,Operator B,Concealed_5g,5g,ANON_5G_CON_IMSI_B0_93c33c5ef71176182edf6f8bfb806f35f5625407b93a33558f6c8eb302c81b3179c517d9e482336fcbf33ea10c,3635261202
2026-04-15T01:54:38.501390+00:00,Operator B,Concealed_5g,5g,ANON_5G_CON_IMSI_B0_93c33c5ef71176182edf6f8bfb806f35f5625407b93a33558f6c8eb302c81b3179c517d9e482336fcbf33ea10c,3635261202
2026-04-15T01:54:48.641385+00:00,Operator B,Concealed_5g,5g,ANON_5G_CON_IMSI_B0_93c33c5ef71176182edf6f8bfb806f35f5625407b93a33558f6c8eb302c81b3179c517d9e482336fcbf33ea10c,3635261202
2026-04-15T01:54:58.786379+00:00,Operator B,Concealed_5g,5g,ANON_5G_CON_IMSI_B0_93c33c5ef71176182edf6f8bfb806f35f5625407b93a33558f6c8eb302c81b3179c517d9e482336fcbf33ea10c,3635261202
2026-04-15T01:55:08.926408+00:00,Operator B,Concealed_5g,5g,ANON_5G_CON_IMSI_B0_93c33c5ef71176182edf6f8bfb806f35f5625407b93a33558f6c8eb302c81b3179c517d9e482336fcbf33ea10c,3635261202
2026-04-15T01:56:52.375935+00:00,Operator B,S23,4g,ANON_IMSI_B1,3635261202
2026-04-15T01:57:17.294250+00:00,Operator B,S23,4g,ANON_IMSI_B1,3635261202
2026-04-15T02:00:07.196414+00:00,Operator B,Concealed_5g,5g,ANON_5G_CON_IMSI_B0_44d96ee75ad73d14d2f197ff390e485f4d2228bebd0e3213aeab0ff9f36c1c428bf4d18487e0b01acfda424bec,3239956989
2026-04-15T02:00:17.856453+00:00,Operator B,Concealed_5g,5g,ANON_5G_CON_IMSI_B0_44d96ee75ad73d14d2f197ff390e485f4d2228bebd0e3213aeab0ff9f36c1c428bf4d18487e0b01acfda424bec,3239956989
2026-04-15T02:00:28.096656+00:00,Operator B,Concealed_5g,5g,ANON_5G_CON_IMSI_B0_44d96ee75ad73d14d2f197ff390e485f4d2228bebd0e3213aeab0ff9f36c1c428bf4d18487e0b01acfda424bec,3239956989
2026-04-15T02:00:38.321760+00:00,Operator B,Concealed_5g,5g,ANON_5G_CON_IMSI_B0_44d96ee75ad73d14d2f197ff390e485f4d2228bebd0e3213aeab0ff9f36c1c428bf4d18487e0b01acfda424bec,3239956989
2026-04-15T02:02:13.733586+00:00,Operator B,S23,4g,ANON_IMSI_B1,3635326887
2026-04-15T02:02:38.731638+00:00,Operator B,S23,4g,ANON_IMSI_B1,3635326887
2026-04-15T02:02:49.795805+00:00,Operator B,S23,4g,ANON_IMSI_B1,3635326887
2026-04-15T02:07:39.373718+00:00,Operator B,S23,4g,ANON_IMSI_B1,3635457824
2026-04-15T02:08:05.676739+00:00,Operator B,S23,4g,ANON_IMSI_B1,3635457824
2026-04-15T02:08:16.755950+00:00,Operator B,S23,4g,ANON_IMSI_B1,3635457824
2026-04-15T02:10:51.189189+00:00,Operator B,Concealed_5g,5g,ANON_5G_CON_IMSI_B0_47fb25066a31a0c8b5a87a4a70bda14a76a52b9419c4f6c04bbc548ffe862816a58f7b1cd607220a82d22b81ec,3635523468
2026-04-15T02:11:01.329240+00:00,Operator B,Concealed_5g,5g,ANON_5G_CON_IMSI_B0_47fb25066a31a0c8b5a87a4a70bda14a76a52b9419c4f6c04bbc548ffe862816a58f7b1cd607220a82d22b81ec,3635523468
2026-04-15T02:11:11.469336+00:00,Operator B,Concealed_5g,5g,ANON_5G_CON_IMSI_B0_47fb25066a31a0c8b5a87a4a70bda14a76a52b9419c4f6c04bbc548ffe862816a58f7b1cd607220a82d22b81ec,3635523468
2026-04-15T02:11:21.614341+00:00,Operator B,Concealed_5g,5g,ANON_5G_CON_IMSI_B0_47fb25066a31a0c8b5a87a4a70bda14a76a52b9419c4f6c04bbc548ffe862816a58f7b1cd607220a82d22b81ec,3635523468
2026-04-15T02:11:31.754449+00:00,Operator B,Concealed_5g,5g,ANON_5G_CON_IMSI_B0_47fb25066a31a0c8b5a87a4a70bda14a76a52b9419c4f6c04bbc548ffe862816a58f7b1cd607220a82d22b81ec,3635523468
2026-04-15T02:13:11.643324+00:00,Operator B,S23,4g,ANON_IMSI_B1,3635523468
2026-04-15T02:13:36.665402+00:00,Operator B,S23,4g,ANON_IMSI_B1,3635523468
2026-04-15T02:13:48.881460+00:00,Operator B,S23,4g,ANON_IMSI_B1,3635523468
2026-04-15T02:18:39.981344+00:00,Operator B,S23,4g,ANON_IMSI_B1,3635589033
2026-04-15T02:19:04.999399+00:00,Operator B,S23,4g,ANON_IMSI_B1,3635589033
2026-04-15T02:24:08.637325+00:00,Operator B,S23,4g,ANON_IMSI_B1,3635719975
2026-04-15T02:24:45.819365+00:00,Operator B,S23,4g,ANON_IMSI_B1,3635719975
2026-04-15T02:27:15.838135+00:00,Operator B,Concealed_5g,5g,ANON_5G_CON_IMSI_B0_80de8aec3106ef5401056c8a718e40eb7ca88b6f07cae7af96adc68cdc47f86bde4b286caaefbb626cc465ee20,3635785641
2026-04-15T02:27:25.998032+00:00,Operator B,Concealed_5g,5g,ANON_5G_CON_IMSI_B0_80de8aec3106ef5401056c8a718e40eb7ca88b6f07cae7af96adc68cdc47f86bde4b286caaefbb626cc465ee20,3635785641
2026-04-15T02:27:36.158085+00:00,Operator B,Concealed_5g,5g,ANON_5G_CON_IMSI_B0_80de8aec3106ef5401056c8a718e40eb7ca88b6f07cae7af96adc68cdc47f86bde4b286caaefbb626cc465ee20,3635785641
2026-04-15T02:27:46.303005+00:00,Operator B,Concealed_5g,5g,ANON_5G_CON_IMSI_B0_80de8aec3106ef5401056c8a718e40eb7ca88b6f07cae7af96adc68cdc47f86bde4b286caaefbb626cc465ee20,3635785641
2026-04-15T02:27:56.423106+00:00,Operator B,Concealed_5g,5g,ANON_5G_CON_IMSI_B0_80de8aec3106ef5401056c8a718e40eb7ca88b6f07cae7af96adc68cdc47f86bde4b286caaefbb626cc465ee20,3635785641
2026-04-15T02:29:35.441342+00:00,Operator B,S23,4g,ANON_IMSI_B1,3635785641
2026-04-15T02:29:46.561277+00:00,Operator B,S23,4g,ANON_IMSI_B1,3635785641
2026-04-15T02:30:11.557346+00:00,Operator B,S23,4g,ANON_IMSI_B1,3635785641
2026-04-15T02:32:50.303756+00:00,Operator B,Concealed_5g,5g,ANON_5G_CON_IMSI_B0_bbd52c2f35cbd03ed9f099d55c1bac5c3ebd0de3d2ce982982fc277ff382ed699244a950aabe8081a99a107d85,3241595230
2026-04-15T02:33:00.983473+00:00,Operator B,Concealed_5g,5g,ANON_5G_CON_IMSI_B0_bbd52c2f35cbd03ed9f099d55c1bac5c3ebd0de3d2ce982982fc277ff382ed699244a950aabe8081a99a107d85,3241595230
2026-04-15T02:33:11.203360+00:00,Operator B,Concealed_5g,5g,ANON_5G_CON_IMSI_B0_bbd52c2f35cbd03ed9f099d55c1bac5c3ebd0de3d2ce982982fc277ff382ed699244a950aabe8081a99a107d85,3241595230
2026-04-15T02:33:21.448006+00:00,Operator B,Concealed_5g,5g,ANON_5G_CON_IMSI_B0_bbd52c2f35cbd03ed9f099d55c1bac5c3ebd0de3d2ce982982fc277ff382ed699244a950aabe8081a99a107d85,3241595230
2026-04-15T02:33:31.688003+00:00,Operator B,Concealed_5g,5g,ANON_5G_CON_IMSI_B0_bbd52c2f35cbd03ed9f099d55c1bac5c3ebd0de3d2ce982982fc277ff382ed699244a950aabe8081a99a107d85,3241595230
2026-04-15T02:35:16.556913+00:00,Operator B,S23,4g,ANON_IMSI_B1,3635916553
2026-04-15T02:35:24.846739+00:00,Operator B,Pixel8,4g,ANON_IMSI_B2,4229419389
2026-04-15T02:35:28.520645+00:00,Operator B,S23,4g,ANON_IMSI_B1,3635916553
2026-04-15T02:40:39.726117+00:00,Operator B,S23,4g,ANON_IMSI_B1,3635982131
2026-04-15T02:40:53.552037+00:00,Operator B,Pixel8,4g,ANON_IMSI_B2,4229484883
2026-04-15T02:41:04.787968+00:00,Operator B,S23,4g,ANON_IMSI_B1,3635982131
2026-04-15T02:43:57.681514+00:00,Operator B,Concealed_5g,5g,ANON_5G_CON_IMSI_B0_b5fca17ac4f098ce355da2731b95fa0d56538a2348e18cbdea5cc362aa9bbc2262c6500ace5a15ec3636d71573,3636047758
2026-04-15T02:44:07.821436+00:00,Operator B,Concealed_5g,5g,ANON_5G_CON_IMSI_B0_b5fca17ac4f098ce355da2731b95fa0d56538a2348e18cbdea5cc362aa9bbc2262c6500ace5a15ec3636d71573,3636047758
2026-04-15T02:44:17.961290+00:00,Operator B,Concealed_5g,5g,ANON_5G_CON_IMSI_B0_b5fca17ac4f098ce355da2731b95fa0d56538a2348e18cbdea5cc362aa9bbc2262c6500ace5a15ec3636d71573,3636047758
2026-04-15T02:44:28.106306+00:00,Operator B,Concealed_5g,5g,ANON_5G_CON_IMSI_B0_b5fca17ac4f098ce355da2731b95fa0d56538a2348e18cbdea5cc362aa9bbc2262c6500ace5a15ec3636d71573,3636047758
2026-04-15T02:46:03.786319+00:00,Operator B,S23,4g,ANON_IMSI_B1,3636047758
2026-04-15T02:46:28.848126+00:00,Operator B,S23,4g,ANON_IMSI_B1,3636047758
2026-04-15T02:51:30.110072+00:00,Operator B,S23,4g,ANON_IMSI_B1,3636113326
2026-04-15T02:51:55.187954+00:00,Operator B,S23,4g,ANON_IMSI_B1,3636113326
2026-04-15T02:56:53.737828+00:00,Operator B,S23,4g,ANON_IMSI_B1,3636244270
2026-04-15T02:57:18.755756+00:00,Operator B,S23,4g,ANON_IMSI_B1,3636244270
2026-04-15T02:57:38.717671+00:00,Operator B,S23,4g,ANON_IMSI_B1,3636244270
2026-04-15T03:00:12.498862+00:00,Operator B,Concealed_5g,5g,ANON_5G_CON_IMSI_B0_a08b113d0396eea306e0a35a5914ada796146a4232f5d06b6fa0827f3b43d96c270fa1c30600ea93da6dac2c48,3636309924
2026-04-15T03:00:22.638736+00:00,Operator B,Concealed_5g,5g,ANON_5G_CON_IMSI_B0_a08b113d0396eea306e0a35a5914ada796146a4232f5d06b6fa0827f3b43d96c270fa1c30600ea93da6dac2c48,3636309924
2026-04-15T03:00:32.778642+00:00,Operator B,Concealed_5g,5g,ANON_5G_CON_IMSI_B0_a08b113d0396eea306e0a35a5914ada796146a4232f5d06b6fa0827f3b43d96c270fa1c30600ea93da6dac2c48,3636309924
2026-04-15T03:00:42.943739+00:00,Operator B,Concealed_5g,5g,ANON_5G_CON_IMSI_B0_a08b113d0396eea306e0a35a5914ada796146a4232f5d06b6fa0827f3b43d96c270fa1c30600ea93da6dac2c48,3636309924
2026-04-15T03:00:53.083680+00:00,Operator B,Concealed_5g,5g,ANON_5G_CON_IMSI_B0_a08b113d0396eea306e0a35a5914ada796146a4232f5d06b6fa0827f3b43d96c270fa1c30600ea93da6dac2c48,3636309924
2026-04-15T03:02:22.047395+00:00,Operator B,S23,4g,ANON_IMSI_B1,3636309924
2026-04-15T03:02:47.165302+00:00,Operator B,S23,4g,ANON_IMSI_B1,3636309924
2026-04-15T03:05:43.600341+00:00,Operator B,Concealed_5g,5g,ANON_5G_CON_IMSI_B0_a06c23f179f2be98cc80835f21718d745023df2638b4a4daba26dab82471a7236079a22ed6b3bab0e9025625e3,3243037158
2026-04-15T03:05:54.820342+00:00,Operator B,Concealed_5g,5g,ANON_5G_CON_IMSI_B0_a06c23f179f2be98cc80835f21718d745023df2638b4a4daba26dab82471a7236079a22ed6b3bab0e9025625e3,3243037158
2026-04-15T03:06:05.060597+00:00,Operator B,Concealed_5g,5g,ANON_5G_CON_IMSI_B0_a06c23f179f2be98cc80835f21718d745023df2638b4a4daba26dab82471a7236079a22ed6b3bab0e9025625e3,3243037158
2026-04-15T03:06:15.305514+00:00,Operator B,Concealed_5g,5g,ANON_5G_CON_IMSI_B0_a06c23f179f2be98cc80835f21718d745023df2638b4a4daba26dab82471a7236079a22ed6b3bab0e9025625e3,3243037158
2026-04-15T03:06:25.545528+00:00,Operator B,Concealed_5g,5g,ANON_5G_CON_IMSI_B0_a06c23f179f2be98cc80835f21718d745023df2638b4a4daba26dab82471a7236079a22ed6b3bab0e9025625e3,3243037158
2026-04-15T03:07:59.478456+00:00,Operator B,S23,4g,ANON_IMSI_B1,3636440838
2026-04-15T03:08:16.134403+00:00,Operator B,S23,4g,ANON_IMSI_B1,3636440838
2026-04-15T03:08:17.208415+00:00,Operator B,Pixel8,4g,ANON_IMSI_B2,4230009284
2026-04-15T03:13:25.148045+00:00,Operator B,S23,4g,ANON_IMSI_B1,3636506429
2026-04-15T03:13:47.445919+00:00,Operator B,Pixel8,4g,ANON_IMSI_B2,4230074708
2026-04-15T03:13:50.277929+00:00,Operator B,S23,4g,ANON_IMSI_B1,3636506429
2026-04-15T03:17:01.292885+00:00,Operator B,Concealed_5g,5g,ANON_5G_CON_IMSI_B0_abfcc95d1b6af5f68a38ecd00fe9269ba682f92d54a4aa4217de18e4c43660372a0b01580ca40f415ead8b61f7,3636637458
2026-04-15T03:17:11.432828+00:00,Operator B,Concealed_5g,5g,ANON_5G_CON_IMSI_B0_abfcc95d1b6af5f68a38ecd00fe9269ba682f92d54a4aa4217de18e4c43660372a0b01580ca40f415ead8b61f7,3636637458
2026-04-15T03:17:21.592782+00:00,Operator B,Concealed_5g,5g,ANON_5G_CON_IMSI_B0_abfcc95d1b6af5f68a38ecd00fe9269ba682f92d54a4aa4217de18e4c43660372a0b01580ca40f415ead8b61f7,3636637458
2026-04-15T03:22:07.044624+00:00,Operator B,Concealed_5g,5g,ANON_5G_CON_IMSI_B0_f80546cd8c9a732cca6ea683580d9c541a0f3fe9c32e54f94277ce5b078c7d4c3f5fe5750663fd4b310fcff5bd,3796283167
2026-04-15T03:22:17.184470+00:00,Operator B,Concealed_5g,5g,ANON_5G_CON_IMSI_B0_f80546cd8c9a732cca6ea683580d9c541a0f3fe9c32e54f94277ce5b078c7d4c3f5fe5750663fd4b310fcff5bd,3796283167
2026-04-15T03:22:27.324521+00:00,Operator B,Concealed_5g,5g,ANON_5G_CON_IMSI_B0_f80546cd8c9a732cca6ea683580d9c541a0f3fe9c32e54f94277ce5b078c7d4c3f5fe5750663fd4b310fcff5bd,3796283167
2026-04-15T03:22:37.469510+00:00,Operator B,Concealed_5g,5g,ANON_5G_CON_IMSI_B0_f80546cd8c9a732cca6ea683580d9c541a0f3fe9c32e54f94277ce5b078c7d4c3f5fe5750663fd4b310fcff5bd,3796283167
2026-04-15T03:22:47.609596+00:00,Operator B,Concealed_5g,5g,ANON_5G_CON_IMSI_B0_f80546cd8c9a732cca6ea683580d9c541a0f3fe9c32e54f94277ce5b078c7d4c3f5fe5750663fd4b310fcff5bd,3796283167
2026-04-15T03:24:24.920796+00:00,Operator B,S23,4g,ANON_IMSI_B1,3636768561
2026-04-15T03:24:49.938667+00:00,Operator B,S23,4g,ANON_IMSI_B1,3636768561
2026-04-15T03:25:01.042752+00:00,Operator B,S23,4g,ANON_IMSI_B1,3636768561
2026-04-15T03:29:53.562721+00:00,Operator B,S23,4g,ANON_IMSI_B1,3636768690
2026-04-15T03:30:23.425521+00:00,Operator B,S23,4g,ANON_IMSI_B1,3636768690
2026-04-15T03:30:34.500701+00:00,Operator B,S23,4g,ANON_IMSI_B1,3636768690
2026-04-15T03:35:28.455779+00:00,Operator B,S23,4g,ANON_IMSI_B1,3636899644
2026-04-15T03:35:39.530945+00:00,Operator B,S23,4g,ANON_IMSI_B1,3636899644
2026-04-15T03:35:50.514878+00:00,Operator B,S23,4g,ANON_IMSI_B1,3636899644
2026-04-15T03:38:36.477964+00:00,Operator B,Concealed_5g,5g,ANON_5G_CON_IMSI_B0_f178a567d1d46cafd0284c73a333a0088da72653ae923809d664e0bd61e344257723c1a3f62153221e909099a4,3636965297
2026-04-15T03:38:46.637841+00:00,Operator B,Concealed_5g,5g,ANON_5G_CON_IMSI_B0_f178a567d1d46cafd0284c73a333a0088da72653ae923809d664e0bd61e344257723c1a3f62153221e909099a4,3636965297
2026-04-15T03:38:56.777841+00:00,Operator B,Concealed_5g,5g,ANON_5G_CON_IMSI_B0_f178a567d1d46cafd0284c73a333a0088da72653ae923809d664e0bd61e344257723c1a3f62153221e909099a4,3636965297
2026-04-15T03:39:06.922862+00:00,Operator B,Concealed_5g,5g,ANON_5G_CON_IMSI_B0_f178a567d1d46cafd0284c73a333a0088da72653ae923809d664e0bd61e344257723c1a3f62153221e909099a4,3636965297
2026-04-15T03:39:17.062906+00:00,Operator B,Concealed_5g,5g,ANON_5G_CON_IMSI_B0_f178a567d1d46cafd0284c73a333a0088da72653ae923809d664e0bd61e344257723c1a3f62153221e909099a4,3636965297
2026-04-15T03:40:52.545665+00:00,Operator B,S23,4g,ANON_IMSI_B1,3636965297
2026-04-15T03:41:18.847689+00:00,Operator B,S23,4g,ANON_IMSI_B1,3636965297
2026-04-15T03:41:29.943660+00:00,Operator B,S23,4g,ANON_IMSI_B1,3636965297
2026-04-15T03:46:20.753127+00:00,Operator B,S23,4g,ANON_IMSI_B1,3637096349
2026-04-15T03:46:45.771021+00:00,Operator B,S23,4g,ANON_IMSI_B1,3637096349
2026-04-15T03:51:48.800030+00:00,Operator B,S23,4g,ANON_IMSI_B1,3637227313
2026-04-15T03:52:06.241951+00:00,Operator B,S23,4g,ANON_IMSI_B1,3637227313
2026-04-15T03:55:19.489494+00:00,Operator B,Concealed_5g,5g,ANON_5G_CON_IMSI_B0_cf8d4bb2dd1b69e1ee331cb5ddc9b97436469f6e07d5bc112a1da4a5e3f6ca501c6f28bbb665f17d0271c9b088,3637292981
2026-04-15T03:55:29.629381+00:00,Operator B,Concealed_5g,5g,ANON_5G_CON_IMSI_B0_cf8d4bb2dd1b69e1ee331cb5ddc9b97436469f6e07d5bc112a1da4a5e3f6ca501c6f28bbb665f17d0271c9b088,3637292981
2026-04-15T03:55:39.749465+00:00,Operator B,Concealed_5g,5g,ANON_5G_CON_IMSI_B0_cf8d4bb2dd1b69e1ee331cb5ddc9b97436469f6e07d5bc112a1da4a5e3f6ca501c6f28bbb665f17d0271c9b088,3637292981
2026-04-15T03:57:17.504654+00:00,Operator B,S23,4g,ANON_IMSI_B1,3637358515
2026-04-15T03:57:42.526679+00:00,Operator B,S23,4g,ANON_IMSI_B1,3637358515
2026-04-15T04:00:48.558102+00:00,Operator B,Concealed_5g,5g,ANON_5G_CON_IMSI_B0_b664e8311c94e4b293e4a6295db761e8c9c4c3f74f20180d76c5ef1d8facda74aba7b852d3eec9fb9ae7647e5a,3637423923
2026-04-15T04:00:58.697907+00:00,Operator B,Concealed_5g,5g,ANON_5G_CON_IMSI_B0_b664e8311c94e4b293e4a6295db761e8c9c4c3f74f20180d76c5ef1d8facda74aba7b852d3eec9fb9ae7647e5a,3637423923
2026-04-15T04:01:08.837979+00:00,Operator B,Concealed_5g,5g,ANON_5G_CON_IMSI_B0_b664e8311c94e4b293e4a6295db761e8c9c4c3f74f20180d76c5ef1d8facda74aba7b852d3eec9fb9ae7647e5a,3637423923
2026-04-15T04:05:53.454436+00:00,Operator B,Concealed_5g,5g,ANON_5G_CON_IMSI_B0_1ad5e6473739610044d2dfcf782ce0f1cd695d70b3dca5ad5c57d260564a640e3d477663372ff613eaa6302244,3798773652
2026-04-15T04:06:03.594350+00:00,Operator B,Concealed_5g,5g,ANON_5G_CON_IMSI_B0_1ad5e6473739610044d2dfcf782ce0f1cd695d70b3dca5ad5c57d260564a640e3d477663372ff613eaa6302244,3798773652
2026-04-15T04:06:13.754371+00:00,Operator B,Concealed_5g,5g,ANON_5G_CON_IMSI_B0_1ad5e6473739610044d2dfcf782ce0f1cd695d70b3dca5ad5c57d260564a640e3d477663372ff613eaa6302244,3798773652
2026-04-15T04:06:23.899324+00:00,Operator B,Concealed_5g,5g,ANON_5G_CON_IMSI_B0_1ad5e6473739610044d2dfcf782ce0f1cd695d70b3dca5ad5c57d260564a640e3d477663372ff613eaa6302244,3798773652
2026-04-15T04:06:34.039390+00:00,Operator B,Concealed_5g,5g,ANON_5G_CON_IMSI_B0_1ad5e6473739610044d2dfcf782ce0f1cd695d70b3dca5ad5c57d260564a640e3d477663372ff613eaa6302244,3798773652
2026-04-15T04:08:14.251075+00:00,Operator B,S23,4g,ANON_IMSI_B1,3637620485
2026-04-15T04:08:39.272941+00:00,Operator B,S23,4g,ANON_IMSI_B1,3637620485
2026-04-15T04:11:25.333155+00:00,Operator B,Concealed_5g,5g,ANON_5G_CON_IMSI_B0_d426308bb633a4b1b5e4dc983cf6dc0308e584f262b5d321239e82c440edb510d283c31f7867d436ea22c33c5a,4026913275
2026-04-15T04:11:35.813093+00:00,Operator B,Concealed_5g,5g,ANON_5G_CON_IMSI_B0_d426308bb633a4b1b5e4dc983cf6dc0308e584f262b5d321239e82c440edb510d283c31f7867d436ea22c33c5a,4026913275
2026-04-15T04:11:46.053093+00:00,Operator B,Concealed_5g,5g,ANON_5G_CON_IMSI_B0_d426308bb633a4b1b5e4dc983cf6dc0308e584f262b5d321239e82c440edb510d283c31f7867d436ea22c33c5a,4026913275
2026-04-15T04:11:56.278137+00:00,Operator B,Concealed_5g,5g,ANON_5G_CON_IMSI_B0_d426308bb633a4b1b5e4dc983cf6dc0308e584f262b5d321239e82c440edb510d283c31f7867d436ea22c33c5a,4026913275
2026-04-15T04:12:06.518077+00:00,Operator B,Concealed_5g,5g,ANON_5G_CON_IMSI_B0_d426308bb633a4b1b5e4dc983cf6dc0308e584f262b5d321239e82c440edb510d283c31f7867d436ea22c33c5a,4026913275
2026-04-15T04:13:44.356194+00:00,Operator B,S23,4g,ANON_IMSI_B1,3637686022
2026-04-15T04:13:55.378151+00:00,Operator B,S23,4g,ANON_IMSI_B1,3637686022
2026-04-15T04:14:01.404202+00:00,Operator B,Pixel8,4g,ANON_IMSI_B2,4231319923
2026-04-15T04:19:04.749795+00:00,Operator B,S23,4g,ANON_IMSI_B1,3637751714
2026-04-15T04:19:29.791790+00:00,Operator B,S23,4g,ANON_IMSI_B1,3637751714
2026-04-15T04:19:30.521892+00:00,Operator B,Pixel8,4g,ANON_IMSI_B2,4231385441
2026-04-15T04:22:23.615129+00:00,Operator B,Concealed_5g,5g,ANON_5G_CON_IMSI_B0_ec3c57d250d94410ba4627943a4844dd98d24f9e3a9a63e4c639deeddcbf0736cbe0cebda39b20db5af990f354,3637882791
2026-04-15T04:22:33.755005+00:00,Operator B,Concealed_5g,5g,ANON_5G_CON_IMSI_B0_ec3c57d250d94410ba4627943a4844dd98d24f9e3a9a63e4c639deeddcbf0736cbe0cebda39b20db5af990f354,3637882791
2026-04-15T04:22:43.895028+00:00,Operator B,Concealed_5g,5g,ANON_5G_CON_IMSI_B0_ec3c57d250d94410ba4627943a4844dd98d24f9e3a9a63e4c639deeddcbf0736cbe0cebda39b20db5af990f354,3637882791
2026-04-15T04:22:54.040026+00:00,Operator B,Concealed_5g,5g,ANON_5G_CON_IMSI_B0_ec3c57d250d94410ba4627943a4844dd98d24f9e3a9a63e4c639deeddcbf0736cbe0cebda39b20db5af990f354,3637882791
2026-04-15T04:23:04.180064+00:00,Operator B,Concealed_5g,5g,ANON_5G_CON_IMSI_B0_ec3c57d250d94410ba4627943a4844dd98d24f9e3a9a63e4c639deeddcbf0736cbe0cebda39b20db5af990f354,3637882791
2026-04-15T04:24:41.001719+00:00,Operator B,S23,4g,ANON_IMSI_B1,3637882791
2026-04-15T04:24:58.363633+00:00,Operator B,S23,4g,ANON_IMSI_B1,3637882791
2026-04-15T04:25:18.399622+00:00,Operator B,S23,4g,ANON_IMSI_B1,3637882791
2026-04-15T04:27:53.843984+00:00,Operator B,Concealed_5g,5g,ANON_5G_CON_IMSI_B0_de612b70d4317cdd9e958d722c86bf6a2183737f9f13a601aacde9bfea6ec93a9f90e639f36fd1d0c55ed09925,4027830599
2026-04-15T04:28:04.123829+00:00,Operator B,Concealed_5g,5g,ANON_5G_CON_IMSI_B0_de612b70d4317cdd9e958d722c86bf6a2183737f9f13a601aacde9bfea6ec93a9f90e639f36fd1d0c55ed09925,4027830599
2026-04-15T04:28:14.363849+00:00,Operator B,Concealed_5g,5g,ANON_5G_CON_IMSI_B0_de612b70d4317cdd9e958d722c86bf6a2183737f9f13a601aacde9bfea6ec93a9f90e639f36fd1d0c55ed09925,4027830599
2026-04-15T04:28:24.608821+00:00,Operator B,Concealed_5g,5g,ANON_5G_CON_IMSI_B0_de612b70d4317cdd9e958d722c86bf6a2183737f9f13a601aacde9bfea6ec93a9f90e639f36fd1d0c55ed09925,4027830599
2026-04-15T04:28:34.828795+00:00,Operator B,Concealed_5g,5g,ANON_5G_CON_IMSI_B0_de612b70d4317cdd9e958d722c86bf6a2183737f9f13a601aacde9bfea6ec93a9f90e639f36fd1d0c55ed09925,4027830599
2026-04-15T04:30:10.214756+00:00,Operator B,S23,4g,ANON_IMSI_B1,3638013864
2026-04-15T04:30:27.896780+00:00,Operator B,Pixel8,4g,ANON_IMSI_B2,4231713263
2026-04-15T04:30:35.218755+00:00,Operator B,S23,4g,ANON_IMSI_B1,3638013864
2026-04-15T04:35:51.026823+00:00,Operator B,S23,4g,ANON_IMSI_B1,3638144953
2026-04-15T04:35:56.452883+00:00,Operator B,Pixel8,4g,ANON_IMSI_B2,4231778790
2026-04-15T04:36:03.408790+00:00,Operator B,S23,4g,ANON_IMSI_B1,3638144953
2026-04-15T04:38:46.451869+00:00,Operator B,Concealed_5g,5g,ANON_5G_CON_IMSI_B0_df8cc2449fccd03f2770c2ea70d7fafabb6b07da0e7f3f5cb34172eab9043a15aeaf34e73b0b27ab54121cba0b,3638341392
2026-04-15T04:38:56.591758+00:00,Operator B,Concealed_5g,5g,ANON_5G_CON_IMSI_B0_df8cc2449fccd03f2770c2ea70d7fafabb6b07da0e7f3f5cb34172eab9043a15aeaf34e73b0b27ab54121cba0b,3638341392
2026-04-15T04:39:06.731800+00:00,Operator B,Concealed_5g,5g,ANON_5G_CON_IMSI_B0_df8cc2449fccd03f2770c2ea70d7fafabb6b07da0e7f3f5cb34172eab9043a15aeaf34e73b0b27ab54121cba0b,3638341392
2026-04-15T04:39:16.876771+00:00,Operator B,Concealed_5g,5g,ANON_5G_CON_IMSI_B0_df8cc2449fccd03f2770c2ea70d7fafabb6b07da0e7f3f5cb34172eab9043a15aeaf34e73b0b27ab54121cba0b,3638341392
2026-04-15T04:39:27.016719+00:00,Operator B,Concealed_5g,5g,ANON_5G_CON_IMSI_B0_df8cc2449fccd03f2770c2ea70d7fafabb6b07da0e7f3f5cb34172eab9043a15aeaf34e73b0b27ab54121cba0b,3638341392
2026-04-15T04:41:05.603058+00:00,Operator B,S23,4g,ANON_IMSI_B1,3638341392
2026-04-15T04:41:23.673018+00:00,Operator B,Pixel8,4g,ANON_IMSI_B2,3977695708
2026-04-15T04:41:30.667035+00:00,Operator B,S23,4g,ANON_IMSI_B1,3638341392
2026-04-15T04:41:42.818967+00:00,Operator B,S23,4g,ANON_IMSI_B1,3638341392
2026-04-15T04:41:48.968907+00:00,Operator B,Pixel8,4g,ANON_IMSI_B2,3977695708
2026-04-15T04:46:34.371735+00:00,Operator B,S23,4g,ANON_IMSI_B1,3638472484
2026-04-15T04:46:59.313681+00:00,Operator B,S23,4g,ANON_IMSI_B1,3638472484
2026-04-15T04:52:03.922914+00:00,Operator B,S23,4g,ANON_IMSI_B1,3638603545
2026-04-15T04:52:28.904871+00:00,Operator B,S23,4g,ANON_IMSI_B1,3638603545
2026-04-15T04:55:14.749193+00:00,Operator B,Concealed_5g,5g,ANON_5G_CON_IMSI_B0_01f9ce544f9dca3451b313d400dff2416510f7024fe96894b094152f2890a940deac2dbbf21d956897c2852fdd,3638734638
2026-04-15T04:55:24.889019+00:00,Operator B,Concealed_5g,5g,ANON_5G_CON_IMSI_B0_01f9ce544f9dca3451b313d400dff2416510f7024fe96894b094152f2890a940deac2dbbf21d956897c2852fdd,3638734638
2026-04-15T04:55:35.029065+00:00,Operator B,Concealed_5g,5g,ANON_5G_CON_IMSI_B0_01f9ce544f9dca3451b313d400dff2416510f7024fe96894b094152f2890a940deac2dbbf21d956897c2852fdd,3638734638
2026-04-15T04:55:45.174193+00:00,Operator B,Concealed_5g,5g,ANON_5G_CON_IMSI_B0_01f9ce544f9dca3451b313d400dff2416510f7024fe96894b094152f2890a940deac2dbbf21d956897c2852fdd,3638734638
2026-04-15T04:55:55.314163+00:00,Operator B,Concealed_5g,5g,ANON_5G_CON_IMSI_B0_01f9ce544f9dca3451b313d400dff2416510f7024fe96894b094152f2890a940deac2dbbf21d956897c2852fdd,3638734638
2026-04-15T04:57:35.057676+00:00,Operator B,S23,4g,ANON_IMSI_B1,3638734638
2026-04-15T04:58:00.059765+00:00,Operator B,S23,4g,ANON_IMSI_B1,3638734638
2026-04-15T05:03:15.513733+00:00,Operator B,S23,4g,ANON_IMSI_B1,3638865808
2026-04-15T05:03:26.335720+00:00,Operator B,S23,4g,ANON_IMSI_B1,3638865808
2026-04-15T05:08:31.855510+00:00,Operator B,S23,4g,ANON_IMSI_B1,3639062303
2026-04-15T05:09:09.057461+00:00,Operator B,S23,4g,ANON_IMSI_B1,3639062303
2026-04-15T05:12:07.040988+00:00,Operator B,Concealed_5g,5g,ANON_5G_CON_IMSI_B0_6742c324859334531472be3bc2e47d064142b6ed0ab2a0b9a8c5872eb73fec301fe63974e9b09b981620676694,3639258880
2026-04-15T05:12:17.180921+00:00,Operator B,Concealed_5g,5g,ANON_5G_CON_IMSI_B0_6742c324859334531472be3bc2e47d064142b6ed0ab2a0b9a8c5872eb73fec301fe63974e9b09b981620676694,3639258880
2026-04-15T05:12:27.320979+00:00,Operator B,Concealed_5g,5g,ANON_5G_CON_IMSI_B0_6742c324859334531472be3bc2e47d064142b6ed0ab2a0b9a8c5872eb73fec301fe63974e9b09b981620676694,3639258880
2026-04-15T05:14:10.294501+00:00,Operator B,S23,4g,ANON_IMSI_B1,3804409610
2026-04-15T05:14:35.176515+00:00,Operator B,S23,4g,ANON_IMSI_B1,3804409610
2026-04-15T05:17:16.305531+00:00,Operator B,Concealed_5g,5g,ANON_5G_CON_IMSI_B0_2b54d9e80b299e1bd802a326a7e0152384d9ef17903252b1bc99b826d0835137d1a38331ef5da42b07e39de9bf,4030058972
2026-04-15T05:17:27.725489+00:00,Operator B,Concealed_5g,5g,ANON_5G_CON_IMSI_B0_2b54d9e80b299e1bd802a326a7e0152384d9ef17903252b1bc99b826d0835137d1a38331ef5da42b07e39de9bf,4030058972
2026-04-15T05:17:33.285538+00:00,Operator B,Concealed_5g,5g,ANON_5G_CON_IMSI_B0_1e42b44d53abf12e6c34a9f434a77dbb6a6cc882097bf8e68870fed4fe54690a69b4e1779ac25d06682e22c287,3515592589
2026-04-15T05:17:37.990584+00:00,Operator B,Concealed_5g,5g,ANON_5G_CON_IMSI_B0_2b54d9e80b299e1bd802a326a7e0152384d9ef17903252b1bc99b826d0835137d1a38331ef5da42b07e39de9bf,4030058972
2026-04-15T05:17:43.430555+00:00,Operator B,Concealed_5g,5g,ANON_5G_CON_IMSI_B0_1e42b44d53abf12e6c34a9f434a77dbb6a6cc882097bf8e68870fed4fe54690a69b4e1779ac25d06682e22c287,3515592589
2026-04-15T05:17:48.230406+00:00,Operator B,Concealed_5g,5g,ANON_5G_CON_IMSI_B0_2b54d9e80b299e1bd802a326a7e0152384d9ef17903252b1bc99b826d0835137d1a38331ef5da42b07e39de9bf,4030058972
2026-04-15T05:17:53.575471+00:00,Operator B,Concealed_5g,5g,ANON_5G_CON_IMSI_B0_1e42b44d53abf12e6c34a9f434a77dbb6a6cc882097bf8e68870fed4fe54690a69b4e1779ac25d06682e22c287,3515592589
2026-04-15T05:19:33.750291+00:00,Operator B,S23,4g,ANON_IMSI_B1,3515723663
2026-04-15T05:19:58.812361+00:00,Operator B,S23,4g,ANON_IMSI_B1,3515723663
2026-04-15T05:22:36.722367+00:00,Operator B,Concealed_5g,5g,ANON_5G_CON_IMSI_B0_ff96f01771822b8a15aef73f933f8786559be2bd4670a22afa324a1eb0b6222123005f4057dba3bb672501e7aa,3515789103
2026-04-15T05:22:46.862225+00:00,Operator B,Concealed_5g,5g,ANON_5G_CON_IMSI_B0_ff96f01771822b8a15aef73f933f8786559be2bd4670a22afa324a1eb0b6222123005f4057dba3bb672501e7aa,3515789103
2026-04-15T05:22:57.002202+00:00,Operator B,Concealed_5g,5g,ANON_5G_CON_IMSI_B0_ff96f01771822b8a15aef73f933f8786559be2bd4670a22afa324a1eb0b6222123005f4057dba3bb672501e7aa,3515789103
2026-04-15T05:23:07.147188+00:00,Operator B,Concealed_5g,5g,ANON_5G_CON_IMSI_B0_ff96f01771822b8a15aef73f933f8786559be2bd4670a22afa324a1eb0b6222123005f4057dba3bb672501e7aa,3515789103
2026-04-15T05:23:17.287169+00:00,Operator B,Concealed_5g,5g,ANON_5G_CON_IMSI_B0_ff96f01771822b8a15aef73f933f8786559be2bd4670a22afa324a1eb0b6222123005f4057dba3bb672501e7aa,3515789103
2026-04-15T05:24:57.934165+00:00,Operator B,S23,4g,ANON_IMSI_B1,3515789103
2026-04-15T05:25:22.936092+00:00,Operator B,S23,4g,ANON_IMSI_B1,3515789103
2026-04-15T05:30:29.483052+00:00,Operator B,S23,4g,ANON_IMSI_B1,3515985800
2026-04-15T05:30:44.365108+00:00,Operator B,S23,4g,ANON_IMSI_B1,3515985800
2026-04-15T05:36:01.323357+00:00,Operator B,S23,4g,ANON_IMSI_B1,3516182401
2026-04-15T05:36:26.365357+00:00,Operator B,S23,4g,ANON_IMSI_B1,3516182401
2026-04-15T05:39:04.859552+00:00,Operator B,Concealed_5g,5g,ANON_5G_CON_IMSI_B0_8ed7a7f66a047089347614c3fe5aee0ba8f2fecdb1d4d3cfb36e4b18b8bf9302d2cc6a9d71b330841a6ff598cc,3516379012
2026-04-15T05:39:14.999409+00:00,Operator B,Concealed_5g,5g,ANON_5G_CON_IMSI_B0_8ed7a7f66a047089347614c3fe5aee0ba8f2fecdb1d4d3cfb36e4b18b8bf9302d2cc6a9d71b330841a6ff598cc,3516379012
2026-04-15T05:39:25.139471+00:00,Operator B,Concealed_5g,5g,ANON_5G_CON_IMSI_B0_8ed7a7f66a047089347614c3fe5aee0ba8f2fecdb1d4d3cfb36e4b18b8bf9302d2cc6a9d71b330841a6ff598cc,3516379012
2026-04-15T05:39:35.284508+00:00,Operator B,Concealed_5g,5g,ANON_5G_CON_IMSI_B0_8ed7a7f66a047089347614c3fe5aee0ba8f2fecdb1d4d3cfb36e4b18b8bf9302d2cc6a9d71b330841a6ff598cc,3516379012
2026-04-15T05:39:45.444478+00:00,Operator B,Concealed_5g,5g,ANON_5G_CON_IMSI_B0_8ed7a7f66a047089347614c3fe5aee0ba8f2fecdb1d4d3cfb36e4b18b8bf9302d2cc6a9d71b330841a6ff598cc,3516379012
2026-04-15T05:41:17.516694+00:00,Operator B,S23,4g,ANON_IMSI_B1,3516379012
2026-04-15T05:41:42.434654+00:00,Operator B,S23,4g,ANON_IMSI_B1,3516379012
2026-04-15T05:42:01.956614+00:00,Operator B,S23,4g,ANON_IMSI_B1,3516379012
2026-04-15T05:46:45.468549+00:00,Operator B,S23,4g,ANON_IMSI_B1,3516575642
2026-04-15T05:47:10.486444+00:00,Operator B,S23,4g,ANON_IMSI_B1,3516575642
2026-04-15T05:47:30.848554+00:00,Operator B,S23,4g,ANON_IMSI_B1,3516575642
2026-04-15T05:52:33.850193+00:00,Operator B,S23,4g,ANON_IMSI_B1,3516772274
2026-04-15T05:53:00.174066+00:00,Operator B,S23,4g,ANON_IMSI_B1,3516772274
2026-04-15T05:55:35.317790+00:00,Operator B,Concealed_5g,5g,ANON_5G_CON_IMSI_B0_1174d878c00bf5d8d73dffbf6f52180e7bc1eee1b3941d45a02c62f276712c38659a957bfb7ed2a086783080da,3517034250
2026-04-15T05:55:45.457659+00:00,Operator B,Concealed_5g,5g,ANON_5G_CON_IMSI_B0_1174d878c00bf5d8d73dffbf6f52180e7bc1eee1b3941d45a02c62f276712c38659a957bfb7ed2a086783080da,3517034250
2026-04-15T05:55:55.597683+00:00,Operator B,Concealed_5g,5g,ANON_5G_CON_IMSI_B0_1174d878c00bf5d8d73dffbf6f52180e7bc1eee1b3941d45a02c62f276712c38659a957bfb7ed2a086783080da,3517034250
2026-04-15T05:56:05.742573+00:00,Operator B,Concealed_5g,5g,ANON_5G_CON_IMSI_B0_1174d878c00bf5d8d73dffbf6f52180e7bc1eee1b3941d45a02c62f276712c38659a957bfb7ed2a086783080da,3517034250
2026-04-15T05:56:15.882578+00:00,Operator B,Concealed_5g,5g,ANON_5G_CON_IMSI_B0_1174d878c00bf5d8d73dffbf6f52180e7bc1eee1b3941d45a02c62f276712c38659a957bfb7ed2a086783080da,3517034250
2026-04-15T05:57:53.375011+00:00,Operator B,S23,4g,ANON_IMSI_B1,3517034250
2026-04-15T05:58:05.876969+00:00,Operator B,S23,4g,ANON_IMSI_B1,3517034250
2026-04-15T05:58:30.829049+00:00,Operator B,S23,4g,ANON_IMSI_B1,3517034250
2026-04-15T06:03:20.871093+00:00,Operator B,S23,4g,ANON_IMSI_B1,3517230988
2026-04-15T06:03:31.993068+00:00,Operator B,S23,4g,ANON_IMSI_B1,3517230988
2026-04-15T06:03:56.989049+00:00,Operator B,S23,4g,ANON_IMSI_B1,3517230988
2026-04-15T06:08:45.884407+00:00,Operator B,S23,4g,ANON_IMSI_B1,3517493020
2026-04-15T06:09:10.886422+00:00,Operator B,S23,4g,ANON_IMSI_B1,3517493020
2026-04-15T06:12:03.811240+00:00,Operator B,Concealed_5g,5g,ANON_5G_CON_IMSI_B0_645f91dd5f01ca0195f361454ea40227c4650ba2a48a55178e1bcbd315e44a1df17787d9840084003122880d4a,3517689738
2026-04-15T06:12:13.951181+00:00,Operator B,Concealed_5g,5g,ANON_5G_CON_IMSI_B0_645f91dd5f01ca0195f361454ea40227c4650ba2a48a55178e1bcbd315e44a1df17787d9840084003122880d4a,3517689738
2026-04-15T06:12:24.091166+00:00,Operator B,Concealed_5g,5g,ANON_5G_CON_IMSI_B0_645f91dd5f01ca0195f361454ea40227c4650ba2a48a55178e1bcbd315e44a1df17787d9840084003122880d4a,3517689738
2026-04-15T06:12:34.236202+00:00,Operator B,Concealed_5g,5g,ANON_5G_CON_IMSI_B0_645f91dd5f01ca0195f361454ea40227c4650ba2a48a55178e1bcbd315e44a1df17787d9840084003122880d4a,3517689738
2026-04-15T06:12:44.376149+00:00,Operator B,Concealed_5g,5g,ANON_5G_CON_IMSI_B0_645f91dd5f01ca0195f361454ea40227c4650ba2a48a55178e1bcbd315e44a1df17787d9840084003122880d4a,3517689738
2026-04-15T06:14:17.663055+00:00,Operator B,S23,4g,ANON_IMSI_B1,3517689738
2026-04-15T06:14:54.745028+00:00,Operator B,S23,4g,ANON_IMSI_B1,3517689738
2026-04-15T06:19:46.538043+00:00,Operator B,S23,4g,ANON_IMSI_B1,3517951777
2026-04-15T06:20:11.556063+00:00,Operator B,S23,4g,ANON_IMSI_B1,3517951777
2026-04-15T06:25:06.589278+00:00,Operator B,S23,4g,ANON_IMSI_B1,3518213899
2026-04-15T06:25:31.627272+00:00,Operator B,S23,4g,ANON_IMSI_B1,3518213899
2026-04-15T06:28:35.046265+00:00,Operator B,Concealed_5g,5g,ANON_5G_CON_IMSI_B0_4b0ff6b858a27e0ff285ba736087fe7be0b114af1440e23c12cd23e5c22baa06ef83f73ec53a70a722fc808733,3518541583
2026-04-15T06:28:45.186150+00:00,Operator B,Concealed_5g,5g,ANON_5G_CON_IMSI_B0_4b0ff6b858a27e0ff285ba736087fe7be0b114af1440e23c12cd23e5c22baa06ef83f73ec53a70a722fc808733,3518541583
2026-04-15T06:28:55.326095+00:00,Operator B,Concealed_5g,5g,ANON_5G_CON_IMSI_B0_4b0ff6b858a27e0ff285ba736087fe7be0b114af1440e23c12cd23e5c22baa06ef83f73ec53a70a722fc808733,3518541583
2026-04-15T06:29:05.491007+00:00,Operator B,Concealed_5g,5g,ANON_5G_CON_IMSI_B0_4b0ff6b858a27e0ff285ba736087fe7be0b114af1440e23c12cd23e5c22baa06ef83f73ec53a70a722fc808733,3518541583
2026-04-15T06:36:09.522291+00:00,Operator B,S23,4g,ANON_IMSI_B1,3518803713
2026-04-15T06:36:34.524269+00:00,Operator B,S23,4g,ANON_IMSI_B1,3518803713
2026-04-15T06:41:51.097194+00:00,Operator B,S23,4g,ANON_IMSI_B1,3518869421
2026-04-15T06:42:01.779241+00:00,Operator B,S23,4g,ANON_IMSI_B1,3518869421
2026-04-15T06:44:50.486062+00:00,Operator B,Concealed_5g,5g,ANON_5G_CON_IMSI_B0_fc9ece4a9625d1cc9cda5e1f35e7b91e8e7d79aa10950d2fbb0a6417e57ac270613d51f7c4326ab7ca121d3896,3519197071
2026-04-15T06:45:00.646005+00:00,Operator B,Concealed_5g,5g,ANON_5G_CON_IMSI_B0_fc9ece4a9625d1cc9cda5e1f35e7b91e8e7d79aa10950d2fbb0a6417e57ac270613d51f7c4326ab7ca121d3896,3519197071
2026-04-15T06:45:10.785961+00:00,Operator B,Concealed_5g,5g,ANON_5G_CON_IMSI_B0_fc9ece4a9625d1cc9cda5e1f35e7b91e8e7d79aa10950d2fbb0a6417e57ac270613d51f7c4326ab7ca121d3896,3519197071
2026-04-15T06:45:20.930921+00:00,Operator B,Concealed_5g,5g,ANON_5G_CON_IMSI_B0_fc9ece4a9625d1cc9cda5e1f35e7b91e8e7d79aa10950d2fbb0a6417e57ac270613d51f7c4326ab7ca121d3896,3519197071
2026-04-15T06:45:31.070936+00:00,Operator B,Concealed_5g,5g,ANON_5G_CON_IMSI_B0_fc9ece4a9625d1cc9cda5e1f35e7b91e8e7d79aa10950d2fbb0a6417e57ac270613d51f7c4326ab7ca121d3896,3519197071
2026-04-15T06:47:01.785129+00:00,Operator B,S23,4g,ANON_IMSI_B1,3519197071
2026-04-15T06:47:26.803094+00:00,Operator B,S23,4g,ANON_IMSI_B1,3519197071
2026-04-15T06:52:38.191039+00:00,Operator B,S23,4g,ANON_IMSI_B1,3519328187
2026-04-15T06:53:03.133000+00:00,Operator B,S23,4g,ANON_IMSI_B1,3519328187
2026-04-15T06:53:15.923486+00:00,Operator B,S23,4g,ANON_IMSI_B1,3519328187
2026-04-15T06:55:46.964398+00:00,Operator B,Concealed_5g,5g,ANON_5G_CON_IMSI_B0_546f401697be6d3d5aaaeb8753c68e4422871d96669afde52792e69adcef7b2a7c8028d43f4ec530f01647dd54,4036678141
2026-04-15T06:55:58.084426+00:00,Operator B,Concealed_5g,5g,ANON_5G_CON_IMSI_B0_546f401697be6d3d5aaaeb8753c68e4422871d96669afde52792e69adcef7b2a7c8028d43f4ec530f01647dd54,4036678141
2026-04-15T06:56:08.324428+00:00,Operator B,Concealed_5g,5g,ANON_5G_CON_IMSI_B0_546f401697be6d3d5aaaeb8753c68e4422871d96669afde52792e69adcef7b2a7c8028d43f4ec530f01647dd54,4036678141
2026-04-15T06:56:18.549372+00:00,Operator B,Concealed_5g,5g,ANON_5G_CON_IMSI_B0_546f401697be6d3d5aaaeb8753c68e4422871d96669afde52792e69adcef7b2a7c8028d43f4ec530f01647dd54,4036678141
2026-04-15T06:56:28.789396+00:00,Operator B,Concealed_5g,5g,ANON_5G_CON_IMSI_B0_546f401697be6d3d5aaaeb8753c68e4422871d96669afde52792e69adcef7b2a7c8028d43f4ec530f01647dd54,4036678141
2026-04-15T06:58:09.370210+00:00,Operator B,S23,4g,ANON_IMSI_B1,3519590324
2026-04-15T06:58:20.132211+00:00,Operator B,S23,4g,ANON_IMSI_B1,3519590324
2026-04-15T06:58:24.778097+00:00,Operator B,Pixel8,4g,ANON_IMSI_B2,3983266289
2026-04-15T06:58:45.186094+00:00,Operator B,S23,4g,ANON_IMSI_B1,3519590324
2026-04-15T07:01:30.718345+00:00,Operator B,Concealed_5g,5g,ANON_5G_CON_IMSI_B0_8c85acbb2529f07d5c7a43af7e2730da958a7cae925b21bdb3115345b4996c4b988f49b630ed6694cf672b6cb7,3519852458
2026-04-15T07:01:40.858262+00:00,Operator B,Concealed_5g,5g,ANON_5G_CON_IMSI_B0_8c85acbb2529f07d5c7a43af7e2730da958a7cae925b21bdb3115345b4996c4b988f49b630ed6694cf672b6cb7,3519852458
2026-04-15T07:01:50.998325+00:00,Operator B,Concealed_5g,5g,ANON_5G_CON_IMSI_B0_8c85acbb2529f07d5c7a43af7e2730da958a7cae925b21bdb3115345b4996c4b988f49b630ed6694cf672b6cb7,3519852458
2026-04-15T07:02:01.143294+00:00,Operator B,Concealed_5g,5g,ANON_5G_CON_IMSI_B0_8c85acbb2529f07d5c7a43af7e2730da958a7cae925b21bdb3115345b4996c4b988f49b630ed6694cf672b6cb7,3519852458
2026-04-15T07:03:35.777655+00:00,Operator B,S23,4g,ANON_IMSI_B1,3519852458
2026-04-15T07:03:53.799686+00:00,Operator B,Pixel8,4g,ANON_IMSI_B2,3983397321
2026-04-15T07:04:00.781666+00:00,Operator B,S23,4g,ANON_IMSI_B1,3519852458
2026-04-15T07:09:02.077985+00:00,Operator B,S23,4g,ANON_IMSI_B1,3520114482
2026-04-15T07:09:14.411917+00:00,Operator B,S23,4g,ANON_IMSI_B1,3520114482
2026-04-15T07:12:14.513553+00:00,Operator B,Concealed_5g,5g,ANON_5G_CON_IMSI_B0_43de9bac05026851d981e9aadddd01d6c95892945b4407b555fba29ba9fbc3127c8c26c912b72e247f210f0acc,4040085974
2026-04-15T07:12:25.053444+00:00,Operator B,Concealed_5g,5g,ANON_5G_CON_IMSI_B0_43de9bac05026851d981e9aadddd01d6c95892945b4407b555fba29ba9fbc3127c8c26c912b72e247f210f0acc,4040085974
2026-04-15T07:12:35.293416+00:00,Operator B,Concealed_5g,5g,ANON_5G_CON_IMSI_B0_43de9bac05026851d981e9aadddd01d6c95892945b4407b555fba29ba9fbc3127c8c26c912b72e247f210f0acc,4040085974
2026-04-15T07:12:45.518480+00:00,Operator B,Concealed_5g,5g,ANON_5G_CON_IMSI_B0_43de9bac05026851d981e9aadddd01d6c95892945b4407b555fba29ba9fbc3127c8c26c912b72e247f210f0acc,4040085974
2026-04-15T07:12:55.758410+00:00,Operator B,Concealed_5g,5g,ANON_5G_CON_IMSI_B0_43de9bac05026851d981e9aadddd01d6c95892945b4407b555fba29ba9fbc3127c8c26c912b72e247f210f0acc,4040085974
2026-04-15T07:14:42.413970+00:00,Operator B,S23,4g,ANON_IMSI_B1,3520376595
2026-04-15T07:14:51.537923+00:00,Operator B,Pixel8,4g,ANON_IMSI_B2,3984118103
2026-04-15T07:15:00.487964+00:00,Operator B,S23,4g,ANON_IMSI_B1,3520376595
2026-04-15T07:17:40.268585+00:00,Operator B,Concealed_5g,5g,ANON_5G_CON_IMSI_B0_bde74beb44a7400811327fff71339aa3a3f265d913ea0ff2c830920e3a972f574c4da85bfa2c0de07b735f1f34,3520704318
2026-04-15T07:17:50.408463+00:00,Operator B,Concealed_5g,5g,ANON_5G_CON_IMSI_B0_bde74beb44a7400811327fff71339aa3a3f265d913ea0ff2c830920e3a972f574c4da85bfa2c0de07b735f1f34,3520704318
2026-04-15T07:18:00.573492+00:00,Operator B,Concealed_5g,5g,ANON_5G_CON_IMSI_B0_bde74beb44a7400811327fff71339aa3a3f265d913ea0ff2c830920e3a972f574c4da85bfa2c0de07b735f1f34,3520704318
2026-04-15T07:18:10.753299+00:00,Operator B,Concealed_5g,5g,ANON_5G_CON_IMSI_B0_bde74beb44a7400811327fff71339aa3a3f265d913ea0ff2c830920e3a972f574c4da85bfa2c0de07b735f1f34,3520704318
2026-04-15T07:18:20.878412+00:00,Operator B,Concealed_5g,5g,ANON_5G_CON_IMSI_B0_bde74beb44a7400811327fff71339aa3a3f265d913ea0ff2c830920e3a972f574c4da85bfa2c0de07b735f1f34,3520704318
2026-04-15T07:19:56.876241+00:00,Operator B,Pixel8,4g,ANON_IMSI_B2,3984183789
2026-04-15T07:20:07.680243+00:00,Operator B,S23,4g,ANON_IMSI_B1,3520704318
2026-04-15T07:20:19.294091+00:00,Operator B,S23,4g,ANON_IMSI_B1,3520704318
2026-04-15T07:20:21.956214+00:00,Operator B,Pixel8,4g,ANON_IMSI_B2,3984183789
2026-04-15T07:20:39.294056+00:00,Operator B,S23,4g,ANON_IMSI_B1,3520704318
2026-04-15T07:25:52.863690+00:00,Operator B,Pixel8,4g,ANON_IMSI_B2,3961442678
2026-04-15T07:25:57.495651+00:00,Operator B,S23,4g,ANON_IMSI_B1,3520900922
2026-04-15T07:28:41.374271+00:00,Operator B,Concealed_5g,5g,ANON_5G_CON_IMSI_B0_ca025739ff927c8dc9a47d500ac205f8625a202f49511cf90db998488c5918566664699de2532929e8be9ff346,4041920860
2026-04-15T07:28:51.994175+00:00,Operator B,Concealed_5g,5g,ANON_5G_CON_IMSI_B0_ca025739ff927c8dc9a47d500ac205f8625a202f49511cf90db998488c5918566664699de2532929e8be9ff346,4041920860
2026-04-15T07:29:02.234181+00:00,Operator B,Concealed_5g,5g,ANON_5G_CON_IMSI_B0_ca025739ff927c8dc9a47d500ac205f8625a202f49511cf90db998488c5918566664699de2532929e8be9ff346,4041920860
2026-04-15T07:29:12.479188+00:00,Operator B,Concealed_5g,5g,ANON_5G_CON_IMSI_B0_ca025739ff927c8dc9a47d500ac205f8625a202f49511cf90db998488c5918566664699de2532929e8be9ff346,4041920860
2026-04-15T07:29:22.739140+00:00,Operator B,Concealed_5g,5g,ANON_5G_CON_IMSI_B0_ca025739ff927c8dc9a47d500ac205f8625a202f49511cf90db998488c5918566664699de2532929e8be9ff346,4041920860
2026-04-15T07:30:56.167351+00:00,Operator B,S23,4g,ANON_IMSI_B1,3521163140
2026-04-15T07:31:16.837293+00:00,Operator B,Pixel8,4g,ANON_IMSI_B2,3961639394
2026-04-15T07:31:21.191306+00:00,Operator B,S23,4g,ANON_IMSI_B1,3521163140
2026-04-15T07:34:05.411420+00:00,Operator B,Concealed_5g,5g,ANON_5G_CON_IMSI_B0_f2e2085fe92cb6d83005b5f46bfe5a054a76b1d129b2ba67a43d0b177c781568a73736f140fa87c658820e638b,3521425291
2026-04-15T07:34:15.551319+00:00,Operator B,Concealed_5g,5g,ANON_5G_CON_IMSI_B0_f2e2085fe92cb6d83005b5f46bfe5a054a76b1d129b2ba67a43d0b177c781568a73736f140fa87c658820e638b,3521425291
2026-04-15T07:34:25.711263+00:00,Operator B,Concealed_5g,5g,ANON_5G_CON_IMSI_B0_f2e2085fe92cb6d83005b5f46bfe5a054a76b1d129b2ba67a43d0b177c781568a73736f140fa87c658820e638b,3521425291
2026-04-15T07:34:35.876201+00:00,Operator B,Concealed_5g,5g,ANON_5G_CON_IMSI_B0_f2e2085fe92cb6d83005b5f46bfe5a054a76b1d129b2ba67a43d0b177c781568a73736f140fa87c658820e638b,3521425291
2026-04-15T07:34:46.036301+00:00,Operator B,Concealed_5g,5g,ANON_5G_CON_IMSI_B0_f2e2085fe92cb6d83005b5f46bfe5a054a76b1d129b2ba67a43d0b177c781568a73736f140fa87c658820e638b,3521425291
2026-04-15T07:36:27.496495+00:00,Operator B,S23,4g,ANON_IMSI_B1,3521425291
2026-04-15T07:36:45.240296+00:00,Operator B,Pixel8,4g,ANON_IMSI_B2,3961770364
2026-04-15T07:36:52.502407+00:00,Operator B,S23,4g,ANON_IMSI_B1,3521425291
2026-04-15T07:41:55.890040+00:00,Operator B,S23,4g,ANON_IMSI_B1,3521687439
2026-04-15T07:42:18.081292+00:00,Operator B,Pixel8,4g,ANON_IMSI_B2,4043493743
2026-04-15T07:42:20.854269+00:00,Operator B,S23,4g,ANON_IMSI_B1,3521687439
2026-04-15T07:47:34.223251+00:00,Operator B,S23,4g,ANON_IMSI_B1,3521949573
2026-04-15T07:47:59.229338+00:00,Operator B,S23,4g,ANON_IMSI_B1,3521949573
2026-04-15T07:50:32.161508+00:00,Operator B,Concealed_5g,5g,ANON_5G_CON_IMSI_B0_a625f91661ce6bcf542666abbb3a680f337e7d281ec7649f7b10ea4f13c6fc40daf1c0910e77b564b3caa85f37,3522211620
2026-04-15T07:50:42.301566+00:00,Operator B,Concealed_5g,5g,ANON_5G_CON_IMSI_B0_a625f91661ce6bcf542666abbb3a680f337e7d281ec7649f7b10ea4f13c6fc40daf1c0910e77b564b3caa85f37,3522211620
2026-04-15T07:50:52.461588+00:00,Operator B,Concealed_5g,5g,ANON_5G_CON_IMSI_B0_a625f91661ce6bcf542666abbb3a680f337e7d281ec7649f7b10ea4f13c6fc40daf1c0910e77b564b3caa85f37,3522211620
2026-04-15T07:51:02.626635+00:00,Operator B,Concealed_5g,5g,ANON_5G_CON_IMSI_B0_a625f91661ce6bcf542666abbb3a680f337e7d281ec7649f7b10ea4f13c6fc40daf1c0910e77b564b3caa85f37,3522211620
2026-04-15T07:51:12.786688+00:00,Operator B,Concealed_5g,5g,ANON_5G_CON_IMSI_B0_a625f91661ce6bcf542666abbb3a680f337e7d281ec7649f7b10ea4f13c6fc40daf1c0910e77b564b3caa85f37,3522211620
2026-04-15T07:52:51.182807+00:00,Operator B,S23,4g,ANON_IMSI_B1,3522211620
2026-04-15T07:53:16.204893+00:00,Operator B,S23,4g,ANON_IMSI_B1,3522211620
2026-04-15T07:56:03.420354+00:00,Operator B,Concealed_5g,5g,ANON_5G_CON_IMSI_B0_e05357503bcf0e938c7b03f84e8f74c425b0d435f5835085b951bc913d9b651b1613e8d3c6b1c0a53db4e7cdc7,4043690307
2026-04-15T07:56:14.080310+00:00,Operator B,Concealed_5g,5g,ANON_5G_CON_IMSI_B0_e05357503bcf0e938c7b03f84e8f74c425b0d435f5835085b951bc913d9b651b1613e8d3c6b1c0a53db4e7cdc7,4043690307
2026-04-15T07:56:24.340357+00:00,Operator B,Concealed_5g,5g,ANON_5G_CON_IMSI_B0_e05357503bcf0e938c7b03f84e8f74c425b0d435f5835085b951bc913d9b651b1613e8d3c6b1c0a53db4e7cdc7,4043690307
2026-04-15T07:56:34.545281+00:00,Operator B,Concealed_5g,5g,ANON_5G_CON_IMSI_B0_e05357503bcf0e938c7b03f84e8f74c425b0d435f5835085b951bc913d9b651b1613e8d3c6b1c0a53db4e7cdc7,4043690307
2026-04-15T07:56:44.805360+00:00,Operator B,Concealed_5g,5g,ANON_5G_CON_IMSI_B0_e05357503bcf0e938c7b03f84e8f74c425b0d435f5835085b951bc913d9b651b1613e8d3c6b1c0a53db4e7cdc7,4043690307
2026-04-15T07:58:26.248203+00:00,Operator B,S23,4g,ANON_IMSI_B1,3522473791
2026-04-15T07:58:39.802269+00:00,Operator B,S23,4g,ANON_IMSI_B1,3522473791
2026-04-15T07:58:40.544196+00:00,Operator B,Pixel8,4g,ANON_IMSI_B2,3986280923
2026-04-15T08:03:49.198367+00:00,Operator B,S23,4g,ANON_IMSI_B1,3522736002
2026-04-15T08:04:09.726335+00:00,Operator B,Pixel8,4g,ANON_IMSI_B2,3986411887
2026-04-15T08:04:14.208358+00:00,Operator B,S23,4g,ANON_IMSI_B1,3522736002
2026-04-15T08:07:00.442424+00:00,Operator B,Concealed_5g,5g,ANON_5G_CON_IMSI_B0_14946725eda60d5d759063a1efb99913ead57a894645eea9598bdc4606cfb240f1cb6ec4519814390593323f3d,3522998187
2026-04-15T08:07:10.602455+00:00,Operator B,Concealed_5g,5g,ANON_5G_CON_IMSI_B0_14946725eda60d5d759063a1efb99913ead57a894645eea9598bdc4606cfb240f1cb6ec4519814390593323f3d,3522998187
2026-04-15T08:07:20.762494+00:00,Operator B,Concealed_5g,5g,ANON_5G_CON_IMSI_B0_14946725eda60d5d759063a1efb99913ead57a894645eea9598bdc4606cfb240f1cb6ec4519814390593323f3d,3522998187
2026-04-15T08:07:30.927581+00:00,Operator B,Concealed_5g,5g,ANON_5G_CON_IMSI_B0_14946725eda60d5d759063a1efb99913ead57a894645eea9598bdc4606cfb240f1cb6ec4519814390593323f3d,3522998187
2026-04-15T08:07:41.067530+00:00,Operator B,Concealed_5g,5g,ANON_5G_CON_IMSI_B0_14946725eda60d5d759063a1efb99913ead57a894645eea9598bdc4606cfb240f1cb6ec4519814390593323f3d,3522998187
2026-04-15T08:09:19.216208+00:00,Operator B,S23,4g,ANON_IMSI_B1,3522998187
2026-04-15T08:09:36.470325+00:00,Operator B,Pixel8,4g,ANON_IMSI_B2,4240626139
2026-04-15T08:09:44.232250+00:00,Operator B,S23,4g,ANON_IMSI_B1,3522998187
2026-04-15T08:10:01.844263+00:00,Operator B,Pixel8,4g,ANON_IMSI_B2,4240626139
2026-04-15T08:15:09.938604+00:00,Operator B,S23,4g,ANON_IMSI_B1,3523325718
2026-04-15T08:20:25.989795+00:00,Operator B,S23,4g,ANON_IMSI_B1,3523587881
2026-04-15T08:20:51.019605+00:00,Operator B,S23,4g,ANON_IMSI_B1,3523587881
2026-04-15T08:23:33.084217+00:00,Operator B,Concealed_5g,5g,ANON_5G_CON_IMSI_B0_0228acc07fa495b53d71dc5855c9618adc15b990ffdf1ce5fee194f1bf365303f3fd19da85cfecd10a1907a33d,3523850112
2026-04-15T08:23:43.224252+00:00,Operator B,Concealed_5g,5g,ANON_5G_CON_IMSI_B0_0228acc07fa495b53d71dc5855c9618adc15b990ffdf1ce5fee194f1bf365303f3fd19da85cfecd10a1907a33d,3523850112
2026-04-15T08:23:53.364115+00:00,Operator B,Concealed_5g,5g,ANON_5G_CON_IMSI_B0_0228acc07fa495b53d71dc5855c9618adc15b990ffdf1ce5fee194f1bf365303f3fd19da85cfecd10a1907a33d,3523850112
2026-04-15T08:24:03.509088+00:00,Operator B,Concealed_5g,5g,ANON_5G_CON_IMSI_B0_0228acc07fa495b53d71dc5855c9618adc15b990ffdf1ce5fee194f1bf365303f3fd19da85cfecd10a1907a33d,3523850112
2026-04-15T08:24:13.649078+00:00,Operator B,Concealed_5g,5g,ANON_5G_CON_IMSI_B0_0228acc07fa495b53d71dc5855c9618adc15b990ffdf1ce5fee194f1bf365303f3fd19da85cfecd10a1907a33d,3523850112
2026-04-15T08:25:45.221358+00:00,Operator B,S23,4g,ANON_IMSI_B1,3523850112
2026-04-15T08:26:10.265225+00:00,Operator B,S23,4g,ANON_IMSI_B1,3523850112
2026-04-15T08:28:59.435121+00:00,Operator B,Concealed_5g,5g,ANON_5G_CON_IMSI_B0_2f3fcf50f2529aac9b0ccecc7c004a144ca33f330e7f4e96984c6ad32b8e9c5ab8b6678814d2a211d336a392dd,3457470808
2026-04-15T08:29:09.734890+00:00,Operator B,Concealed_5g,5g,ANON_5G_CON_IMSI_B0_2f3fcf50f2529aac9b0ccecc7c004a144ca33f330e7f4e96984c6ad32b8e9c5ab8b6678814d2a211d336a392dd,3457470808
2026-04-15T08:29:19.894963+00:00,Operator B,Concealed_5g,5g,ANON_5G_CON_IMSI_B0_2f3fcf50f2529aac9b0ccecc7c004a144ca33f330e7f4e96984c6ad32b8e9c5ab8b6678814d2a211d336a392dd,3457470808
2026-04-15T08:29:30.139890+00:00,Operator B,Concealed_5g,5g,ANON_5G_CON_IMSI_B0_2f3fcf50f2529aac9b0ccecc7c004a144ca33f330e7f4e96984c6ad32b8e9c5ab8b6678814d2a211d336a392dd,3457470808
2026-04-15T08:29:40.379927+00:00,Operator B,Concealed_5g,5g,ANON_5G_CON_IMSI_B0_2f3fcf50f2529aac9b0ccecc7c004a144ca33f330e7f4e96984c6ad32b8e9c5ab8b6678814d2a211d336a392dd,3457470808
2026-04-15T08:31:27.319414+00:00,Operator B,S23,4g,ANON_IMSI_B1,3524112298
2026-04-15T08:31:41.145201+00:00,Operator B,Pixel8,4g,ANON_IMSI_B2,3457470808
2026-04-15T08:31:42.671459+00:00,Operator B,S23,4g,ANON_IMSI_B1,3524112298
2026-03-20T14:39:06.351728+00:00,Operator C,Pixel8,4g,ANON_IMSI_C1,4013220499
2026-03-20T14:50:21.043564+00:00,Operator C,Pixel8,4g,ANON_IMSI_C1,3846488793
2026-03-20T14:55:50.169533+00:00,Operator C,Pixel8,4g,ANON_IMSI_C1,3344881403
2026-03-20T15:01:11.164826+00:00,Operator C,Pixel8,4g,ANON_IMSI_C1,3960427984
2026-03-20T15:17:27.785799+00:00,Operator C,Pixel8,4g,ANON_IMSI_C1,3778414429
2026-03-20T15:22:56.799545+00:00,Operator C,Pixel8,4g,ANON_IMSI_C1,3641756389
2026-03-20T15:33:54.077471+00:00,Operator C,Pixel8,4g,ANON_IMSI_C1,3329573370
2026-03-20T15:50:23.492848+00:00,Operator C,Pixel8,4g,ANON_IMSI_C1,4064137422
2026-03-20T16:12:18.696745+00:00,Operator C,Pixel8,4g,ANON_IMSI_C1,3876769499
2026-03-20T16:18:02.025344+00:00,Operator C,Pixel8,4g,ANON_IMSI_C1,3529574766
2026-03-20T16:34:12.851183+00:00,Operator C,Pixel8,4g,ANON_IMSI_C1,4043493069
2026-03-20T16:39:49.926180+00:00,Operator C,Pixel8,4g,ANON_IMSI_C1,3927757526
2026-03-20T16:56:04.866026+00:00,Operator C,Pixel8,4g,ANON_IMSI_C1,3372556597
2026-03-20T17:01:36.856069+00:00,Operator C,Pixel8,4g,ANON_IMSI_C1,3561904104
2026-03-20T17:18:01.360271+00:00,Operator C,Pixel8,4g,ANON_IMSI_C1,3272269567
2026-03-20T17:45:26.011533+00:00,Operator C,Pixel8,4g,ANON_IMSI_C1,3514563757
2026-03-20T17:50:56.822448+00:00,Operator C,Pixel8,4g,ANON_IMSI_C1,3710866913
2026-03-20T18:01:51.540107+00:00,Operator C,Pixel8,4g,ANON_IMSI_C1,3263157502
2026-03-20T18:07:39.835452+00:00,Operator C,Pixel8,4g,ANON_IMSI_C1,4129451914
2026-03-20T18:29:15.118424+00:00,Operator C,Pixel8,4g,ANON_IMSI_C1,4194315014
2026-03-20T18:40:29.003523+00:00,Operator C,Pixel8,4g,ANON_IMSI_C1,3342635643
2026-03-20T19:24:02.195944+00:00,Operator C,Pixel8,4g,ANON_IMSI_C1,4078565519
2026-03-20T19:29:31.834017+00:00,Operator C,Pixel8,4g,ANON_IMSI_C1,3575175913
2026-03-20T19:35:16.035997+00:00,Operator C,Pixel8,4g,ANON_IMSI_C1,4146357131
2026-03-20T19:56:54.919064+00:00,Operator C,Pixel8,4g,ANON_IMSI_C1,3660210150
2026-03-20T20:02:20.293230+00:00,Operator C,Pixel8,4g,ANON_IMSI_C1,3799694878
2026-03-20T20:07:51.998670+00:00,Operator C,Pixel8,4g,ANON_IMSI_C1,4216351623
2026-03-20T20:23:16.051608+00:00,Operator C,Pixel8,4g,ANON_IMSI_C1,3356399220
2026-03-20T20:29:03.695949+00:00,Operator C,Pixel8,4g,ANON_IMSI_C1,3828931288
2026-03-20T20:34:25.031003+00:00,Operator C,Pixel8,4g,ANON_IMSI_C1,3827370328
2026-03-20T20:45:18.336002+00:00,Operator C,Pixel8,4g,ANON_IMSI_C1,3642577381
2026-03-20T21:18:03.065549+00:00,Operator C,Pixel8,4g,ANON_IMSI_C1,3239688253
2026-03-20T21:23:35.322222+00:00,Operator C,Pixel8,4g,ANON_IMSI_C1,3713695649
2026-03-20T21:34:39.521863+00:00,Operator C,Pixel8,4g,ANON_IMSI_C1,3357472436
2026-03-20T21:50:52.819157+00:00,Operator C,Pixel8,4g,ANON_IMSI_C1,3392235958
2026-03-20T22:02:13.889919+00:00,Operator C,Pixel8,4g,ANON_IMSI_C1,3745705635
2026-03-20T22:18:24.301419+00:00,Operator C,Pixel8,4g,ANON_IMSI_C1,3238599037
2026-03-20T22:23:50.069887+00:00,Operator C,Pixel8,4g,ANON_IMSI_C1,3223571708
2026-03-20T22:29:24.212891+00:00,Operator C,Pixel8,4g,ANON_IMSI_C1,4149724363
2026-03-20T22:34:53.194902+00:00,Operator C,Pixel8,4g,ANON_IMSI_C1,3225780348
2026-03-20T22:40:20.067294+00:00,Operator C,Pixel8,4g,ANON_IMSI_C1,3814366815
2026-03-20T22:45:49.535898+00:00,Operator C,Pixel8,4g,ANON_IMSI_C1,3691827936
2026-03-20T22:51:15.409872+00:00,Operator C,Pixel8,4g,ANON_IMSI_C1,4285169539
2026-03-20T22:56:45.557816+00:00,Operator C,Pixel8,4g,ANON_IMSI_C1,4261740866
2026-03-20T23:02:08.185835+00:00,Operator C,Pixel8,4g,ANON_IMSI_C1,3696769824
2026-03-20T23:07:39.017416+00:00,Operator C,Pixel8,4g,ANON_IMSI_C1,3743656995
2026-03-20T23:13:09.345436+00:00,Operator C,Pixel8,4g,ANON_IMSI_C1,4196688774
2026-03-20T23:18:33.285122+00:00,Operator C,Pixel8,4g,ANON_IMSI_C1,4049507917
2026-03-20T23:24:00.829348+00:00,Operator C,Pixel8,4g,ANON_IMSI_C1,4280290115
2026-03-20T23:29:32.981293+00:00,Operator C,Pixel8,4g,ANON_IMSI_C1,3309626041
2026-03-20T23:35:03.303167+00:00,Operator C,Pixel8,4g,ANON_IMSI_C1,4181260933
2026-03-20T23:40:27.635215+00:00,Operator C,Pixel8,4g,ANON_IMSI_C1,4215058951
2026-03-20T23:45:59.959529+00:00,Operator C,Pixel8,4g,ANON_IMSI_C1,3997932626
2026-03-20T23:51:26.991034+00:00,Operator C,Pixel8,4g,ANON_IMSI_C1,3473026867
2026-03-20T23:56:52.710294+00:00,Operator C,Pixel8,4g,ANON_IMSI_C1,3377964085
2026-03-21T00:02:25.535945+00:00,Operator C,Pixel8,4g,ANON_IMSI_C1,3929011350
2026-03-21T00:07:55.014371+00:00,Operator C,Pixel8,4g,ANON_IMSI_C1,3827299480
2026-03-21T00:13:22.886304+00:00,Operator C,Pixel8,4g,ANON_IMSI_C1,3239991293
2026-03-21T00:19:08.361012+00:00,Operator C,Pixel8,4g,ANON_IMSI_C1,3441998385
2026-03-21T00:24:23.295146+00:00,Operator C,Pixel8,4g,ANON_IMSI_C1,3977349201
2026-03-21T00:29:50.287617+00:00,Operator C,Pixel8,4g,ANON_IMSI_C1,3497345516
2026-03-21T00:35:17.233051+00:00,Operator C,Pixel8,4g,ANON_IMSI_C1,3444032753
2026-03-21T00:40:43.094451+00:00,Operator C,Pixel8,4g,ANON_IMSI_C1,4133443018
2026-03-21T00:46:18.392112+00:00,Operator C,Pixel8,4g,ANON_IMSI_C1,3440106737
2026-03-21T00:51:42.880597+00:00,Operator C,Pixel8,4g,ANON_IMSI_C1,3246142269
2026-03-21T00:57:13.168524+00:00,Operator C,Pixel8,4g,ANON_IMSI_C1,4048800973
2026-03-21T01:02:39.661944+00:00,Operator C,Pixel8,4g,ANON_IMSI_C1,3346775099
2026-03-21T01:08:08.467254+00:00,Operator C,Pixel8,4g,ANON_IMSI_C1,3610615851
2026-03-21T01:13:39.395820+00:00,Operator C,Pixel8,4g,ANON_IMSI_C1,3812706783
2026-03-21T01:19:08.433440+00:00,Operator C,Pixel8,4g,ANON_IMSI_C1,3912272469
2026-03-21T01:24:36.586094+00:00,Operator C,Pixel8,4g,ANON_IMSI_C1,3630222052
2026-03-21T01:24:56.252059+00:00,Operator C,Pixel8,4g,ANON_IMSI_C1,3630222052
2026-03-21T01:30:04.569757+00:00,Operator C,Pixel8,4g,ANON_IMSI_C1,3396934006
2026-03-21T01:35:35.357184+00:00,Operator C,Pixel8,4g,ANON_IMSI_C1,3277764159
2026-03-21T01:41:04.118496+00:00,Operator C,Pixel8,4g,ANON_IMSI_C1,4248613377
2026-03-21T01:46:29.381510+00:00,Operator C,Pixel8,4g,ANON_IMSI_C1,4266839746
2026-03-21T01:52:00.748609+00:00,Operator C,Pixel8,4g,ANON_IMSI_C1,3489804076
2026-03-21T01:57:41.983168+00:00,Operator C,Pixel8,4g,ANON_IMSI_C1,4031121228
2026-03-21T02:02:59.314857+00:00,Operator C,Pixel8,4g,ANON_IMSI_C1,3460840242
2026-03-21T02:08:28.418277+00:00,Operator C,Pixel8,4g,ANON_IMSI_C1,3691179680
2026-03-21T02:13:52.811916+00:00,Operator C,Pixel8,4g,ANON_IMSI_C1,3576405097
2026-03-21T02:19:21.068802+00:00,Operator C,Pixel8,4g,ANON_IMSI_C1,4182862213
2026-03-21T02:24:53.340827+00:00,Operator C,Pixel8,4g,ANON_IMSI_C1,3828353880
2026-03-21T02:30:17.708777+00:00,Operator C,Pixel8,4g,ANON_IMSI_C1,3926944662
2026-03-21T02:35:47.467079+00:00,Operator C,Pixel8,4g,ANON_IMSI_C1,4043596685
2026-03-21T02:41:20.171629+00:00,Operator C,Pixel8,4g,ANON_IMSI_C1,4010903635
2026-03-21T02:46:47.137338+00:00,Operator C,Pixel8,4g,ANON_IMSI_C1,3597083946
2026-03-21T02:52:17.067689+00:00,Operator C,Pixel8,4g,ANON_IMSI_C1,3240316413
2026-03-21T02:57:44.452831+00:00,Operator C,Pixel8,4g,ANON_IMSI_C1,3833101208
2026-03-21T03:03:14.117953+00:00,Operator C,Pixel8,4g,ANON_IMSI_C1,3859567578
2026-03-21T03:08:39.346976+00:00,Operator C,Pixel8,4g,ANON_IMSI_C1,3358705908
2026-03-21T03:14:23.708974+00:00,Operator C,Pixel8,4g,ANON_IMSI_C1,3325671482
2026-03-21T03:19:34.639801+00:00,Operator C,Pixel8,4g,ANON_IMSI_C1,3663152614
2026-03-21T03:25:07.322351+00:00,Operator C,Pixel8,4g,ANON_IMSI_C1,3678084455
2026-03-21T03:30:34.399505+00:00,Operator C,Pixel8,4g,ANON_IMSI_C1,3697779744
2026-03-21T03:36:02.773079+00:00,Operator C,Pixel8,4g,ANON_IMSI_C1,3845328217
2026-03-21T03:41:33.070121+00:00,Operator C,Pixel8,4g,ANON_IMSI_C1,3793596446
2026-03-21T03:47:00.706556+00:00,Operator C,Pixel8,4g,ANON_IMSI_C1,3296435320
2026-03-21T03:52:27.824934+00:00,Operator C,Pixel8,4g,ANON_IMSI_C1,4017625939
2026-03-21T03:57:59.395342+00:00,Operator C,Pixel8,4g,ANON_IMSI_C1,3929870678
2026-03-21T04:03:28.744964+00:00,Operator C,Pixel8,4g,ANON_IMSI_C1,4196845254
2026-03-21T04:08:54.548925+00:00,Operator C,Pixel8,4g,ANON_IMSI_C1,3896519444
2026-03-21T04:14:24.946676+00:00,Operator C,Pixel8,4g,ANON_IMSI_C1,3646210789
2026-03-21T04:19:53.830220+00:00,Operator C,Pixel8,4g,ANON_IMSI_C1,3495272492
2026-03-21T04:25:20.957793+00:00,Operator C,Pixel8,4g,ANON_IMSI_C1,4200955974
2026-03-21T04:30:52.378187+00:00,Operator C,Pixel8,4g,ANON_IMSI_C1,4078012495
2026-03-21T04:36:18.227529+00:00,Operator C,Pixel8,4g,ANON_IMSI_C1,4202104134
2026-03-21T04:41:49.682843+00:00,Operator C,Pixel8,4g,ANON_IMSI_C1,3272430079
2026-03-21T04:47:14.184678+00:00,Operator C,Pixel8,4g,ANON_IMSI_C1,3933544726
2026-03-21T04:52:41.170104+00:00,Operator C,Pixel8,4g,ANON_IMSI_C1,3847994393
2026-03-21T04:58:13.869352+00:00,Operator C,Pixel8,4g,ANON_IMSI_C1,3527185006
2026-03-21T04:58:33.587399+00:00,Operator C,Pixel8,4g,ANON_IMSI_C1,3527185006
2026-03-21T05:03:40.505848+00:00,Operator C,Pixel8,4g,ANON_IMSI_C1,3694845664
2026-03-21T05:09:15.196948+00:00,Operator C,Pixel8,4g,ANON_IMSI_C1,3324338618
2026-03-21T05:14:38.262386+00:00,Operator C,Pixel8,4g,ANON_IMSI_C1,4262165890
2026-03-21T05:20:09.947951+00:00,Operator C,Pixel8,4g,ANON_IMSI_C1,3463303410
2026-03-21T05:25:39.325802+00:00,Operator C,Pixel8,4g,ANON_IMSI_C1,3678385191
2026-03-21T05:31:06.487841+00:00,Operator C,Pixel8,4g,ANON_IMSI_C1,3324111034
2026-03-21T05:36:36.761288+00:00,Operator C,Pixel8,4g,ANON_IMSI_C1,3430488432
2026-03-21T05:42:16.608733+00:00,Operator C,Pixel8,4g,ANON_IMSI_C1,3830508184
2026-03-21T05:47:32.699114+00:00,Operator C,Pixel8,4g,ANON_IMSI_C1,4197794246
2026-03-21T05:52:59.679425+00:00,Operator C,Pixel8,4g,ANON_IMSI_C1,3288386296
2026-03-21T05:58:30.518902+00:00,Operator C,Pixel8,4g,ANON_IMSI_C1,3425052464
2026-03-21T06:03:56.989089+00:00,Operator C,Pixel8,4g,ANON_IMSI_C1,3414070903
2026-03-21T06:09:27.157570+00:00,Operator C,Pixel8,4g,ANON_IMSI_C1,3424676784
2026-03-21T06:14:57.456995+00:00,Operator C,Pixel8,4g,ANON_IMSI_C1,3811398111
2026-03-21T06:20:22.515553+00:00,Operator C,Pixel8,4g,ANON_IMSI_C1,4263702146
2026-03-21T06:25:56.125610+00:00,Operator C,Pixel8,4g,ANON_IMSI_C1,4147202507
2026-03-21T06:31:24.466113+00:00,Operator C,Pixel8,4g,ANON_IMSI_C1,3626360996
2026-03-21T06:36:54.075694+00:00,Operator C,Pixel8,4g,ANON_IMSI_C1,3460208242
2026-03-21T06:42:22.297164+00:00,Operator C,Pixel8,4g,ANON_IMSI_C1,4096222600
2026-03-21T06:47:46.067543+00:00,Operator C,Pixel8,4g,ANON_IMSI_C1,3359640436
2026-03-21T06:53:17.000673+00:00,Operator C,Pixel8,4g,ANON_IMSI_C1,4268164418
2026-03-21T06:58:48.590766+00:00,Operator C,Pixel8,4g,ANON_IMSI_C1,3863146138
2026-03-21T07:04:15.766981+00:00,Operator C,Pixel8,4g,ANON_IMSI_C1,3327183610
2026-03-21T07:09:41.860873+00:00,Operator C,Pixel8,4g,ANON_IMSI_C1,3607813867
2026-03-21T07:15:08.476088+00:00,Operator C,Pixel8,4g,ANON_IMSI_C1,3960271504
2026-03-21T07:20:54.758843+00:00,Operator C,Pixel8,4g,ANON_IMSI_C1,3863867546
2026-03-21T07:26:12.201246+00:00,Operator C,Pixel8,4g,ANON_IMSI_C1,3680718311
2026-03-21T07:31:40.303918+00:00,Operator C,Pixel8,4g,ANON_IMSI_C1,3929366934
2026-03-21T07:37:07.964021+00:00,Operator C,Pixel8,4g,ANON_IMSI_C1,4201736582
2026-03-21T07:42:37.159251+00:00,Operator C,Pixel8,4g,ANON_IMSI_C1,3648480677
2026-03-21T07:48:09.079897+00:00,Operator C,Pixel8,4g,ANON_IMSI_C1,3694778592
2026-03-21T07:53:36.840535+00:00,Operator C,Pixel8,4g,ANON_IMSI_C1,3866324378
2026-03-21T07:59:05.262906+00:00,Operator C,Pixel8,4g,ANON_IMSI_C1,4133790218
2026-03-21T08:04:32.890680+00:00,Operator C,Pixel8,4g,ANON_IMSI_C1,3943114007
2026-03-21T08:10:00.426469+00:00,Operator C,Pixel8,4g,ANON_IMSI_C1,3980578513
2026-03-21T08:15:27.571475+00:00,Operator C,Pixel8,4g,ANON_IMSI_C1,3730448226
2026-03-21T08:21:12.700476+00:00,Operator C,Pixel8,4g,ANON_IMSI_C1,3916151829
2026-03-21T08:26:44.617746+00:00,Operator C,Pixel8,4g,ANON_IMSI_C1,3575039721
2026-03-21T08:32:00.773818+00:00,Operator C,Pixel8,4g,ANON_IMSI_C1,3495664748
2026-03-21T08:37:24.682425+00:00,Operator C,Pixel8,4g,ANON_IMSI_C1,3675521895
2026-03-21T08:42:53.037718+00:00,Operator C,Pixel8,4g,ANON_IMSI_C1,4216668615
2026-03-21T08:48:21.273979+00:00,Operator C,Pixel8,4g,ANON_IMSI_C1,4033527308
2026-03-21T08:53:47.242386+00:00,Operator C,Pixel8,4g,ANON_IMSI_C1,4235291008
2026-03-21T08:59:39.765494+00:00,Operator C,Pixel8,4g,ANON_IMSI_C1,4094856776
2026-03-21T09:04:52.152133+00:00,Operator C,Pixel8,4g,ANON_IMSI_C1,3731342562
2026-03-21T09:21:22.052433+00:00,Operator C,Pixel8,4g,ANON_IMSI_C1,4183725637
2026-03-21T09:26:44.196747+00:00,Operator C,Pixel8,4g,ANON_IMSI_C1,3545224431
2026-03-21T09:32:28.980573+00:00,Operator C,Pixel8,4g,ANON_IMSI_C1,3846872665
2026-03-21T09:43:07.265285+00:00,Operator C,Pixel8,4g,ANON_IMSI_C1,3424808880
2026-03-21T09:48:47.097755+00:00,Operator C,Pixel8,4g,ANON_IMSI_C1,3473236403
2026-03-21T09:54:03.669842+00:00,Operator C,Pixel8,4g,ANON_IMSI_C1,3558439336
2026-03-21T09:59:34.106527+00:00,Operator C,Pixel8,4g,ANON_IMSI_C1,3732309602
2026-03-21T10:16:03.767252+00:00,Operator C,Pixel8,4g,ANON_IMSI_C1,4044785229
2026-03-21T10:27:04.028757+00:00,Operator C,Pixel8,4g,ANON_IMSI_C1,3816545503
2026-03-21T10:32:29.725458+00:00,Operator C,Pixel8,4g,ANON_IMSI_C1,4249987073
2026-03-21T10:38:02.476579+00:00,Operator C,Pixel8,4g,ANON_IMSI_C1,3256231742
2026-03-21T10:48:52.764392+00:00,Operator C,Pixel8,4g,ANON_IMSI_C1,4084523663
2026-03-21T10:54:19.670002+00:00,Operator C,Pixel8,4g,ANON_IMSI_C1,4235138368
2026-03-21T11:00:07.873573+00:00,Operator C,Pixel8,4g,ANON_IMSI_C1,3476441075
2026-03-21T11:21:46.375446+00:00,Operator C,Pixel8,4g,ANON_IMSI_C1,3795524958
2026-03-21T11:27:20.424337+00:00,Operator C,Pixel8,4g,ANON_IMSI_C1,3947704599
2026-03-21T11:38:08.908577+00:00,Operator C,Pixel8,4g,ANON_IMSI_C1,3741362723
2026-03-21T11:43:44.251702+00:00,Operator C,Pixel8,4g,ANON_IMSI_C1,4201031174
2026-03-21T11:49:17.643513+00:00,Operator C,Pixel8,4g,ANON_IMSI_C1,4049792653
2026-03-21T12:00:05.873285+00:00,Operator C,Pixel8,4g,ANON_IMSI_C1,3279332927
2026-03-21T12:38:40.967739+00:00,Operator C,Pixel8,4g,ANON_IMSI_C1,3259231422
2026-03-21T12:43:58.430348+00:00,Operator C,Pixel8,4g,ANON_IMSI_C1,3372737717
2026-03-21T12:49:41.330483+00:00,Operator C,Pixel8,4g,ANON_IMSI_C1,3309902201
2026-03-21T12:55:04.537146+00:00,Operator C,Pixel8,4g,ANON_IMSI_C1,4096318152
2026-03-21T13:00:34.178670+00:00,Operator C,Pixel8,4g,ANON_IMSI_C1,3826834136
2026-03-21T13:05:54.193829+00:00,Operator C,Pixel8,4g,ANON_IMSI_C1,3607226539
2026-03-21T13:33:23.573925+00:00,Operator C,Pixel8,4g,ANON_IMSI_C1,3495648748
2026-03-21T14:11:35.225104+00:00,Operator C,Pixel8,4g,ANON_IMSI_C1,3782698397
2026-03-21T14:17:19.138338+00:00,Operator C,Pixel8,4g,ANON_IMSI_C1,3360486068
2026-03-21T14:22:30.777767+00:00,Operator C,Pixel8,4g,ANON_IMSI_C1,3245331709
2026-03-21T14:28:02.071298+00:00,Operator C,Pixel8,4g,ANON_IMSI_C1,3494923244
2026-03-21T14:38:56.879491+00:00,Operator C,Pixel8,4g,ANON_IMSI_C1,4249645953
2026-03-21T14:55:23.801471+00:00,Operator C,Pixel8,4g,ANON_IMSI_C1,3393463094
2026-03-21T15:28:16.258108+00:00,Operator C,Pixel8,4g,ANON_IMSI_C1,4100652680
2026-03-21T15:44:50.181895+00:00,Operator C,Pixel8,4g,ANON_IMSI_C1,3864665946
2026-03-21T16:00:09.235166+00:00,Operator C,Pixel8,4g,ANON_IMSI_C1,3581575081
2026-03-21T16:05:34.827930+00:00,Operator C,Pixel8,4g,ANON_IMSI_C1,4150967819
2026-03-21T16:33:00.391421+00:00,Operator C,Pixel8,4g,ANON_IMSI_C1,3765929052
2026-03-21T16:55:00.738658+00:00,Operator C,Pixel8,4g,ANON_IMSI_C1,3979066385
2026-03-21T17:11:20.049188+00:00,Operator C,Pixel8,4g,ANON_IMSI_C1,3866527322
2026-03-21T17:17:09.253737+00:00,Operator C,Pixel8,4g,ANON_IMSI_C1,3927497430
2026-03-21T17:33:31.611710+00:00,Operator C,Pixel8,4g,ANON_IMSI_C1,3782706269
2026-03-21T17:44:20.586693+00:00,Operator C,Pixel8,4g,ANON_IMSI_C1,3393259894
2026-03-21T17:55:13.850949+00:00,Operator C,Pixel8,4g,ANON_IMSI_C1,3324706490
2026-03-21T18:00:43.687202+00:00,Operator C,Pixel8,4g,ANON_IMSI_C1,3511661613
2026-03-21T18:11:50.948220+00:00,Operator C,Pixel8,4g,ANON_IMSI_C1,3260271870
2026-03-21T19:05:39.298863+00:00,Operator C,Pixel8,4g,ANON_IMSI_C1,3977064721
2026-03-21T19:10:59.679135+00:00,Operator C,Pixel8,4g,ANON_IMSI_C1,4198950534
2026-03-21T19:16:27.209102+00:00,Operator C,Pixel8,4g,ANON_IMSI_C1,3590701290
2026-03-21T19:21:59.175190+00:00,Operator C,Pixel8,4g,ANON_IMSI_C1,3912128469
2026-03-21T19:27:24.403555+00:00,Operator C,Pixel8,4g,ANON_IMSI_C1,3607513067
2026-03-21T19:38:21.050298+00:00,Operator C,Pixel8,4g,ANON_IMSI_C1,3311414073
2026-03-21T19:44:08.590911+00:00,Operator C,Pixel8,4g,ANON_IMSI_C1,3392227830
2026-03-21T19:55:03.276087+00:00,Operator C,Pixel8,4g,ANON_IMSI_C1,3372883829
2026-03-21T20:00:36.690488+00:00,Operator C,Pixel8,4g,ANON_IMSI_C1,4112137993
2026-03-21T20:16:58.998446+00:00,Operator C,Pixel8,4g,ANON_IMSI_C1,3562976808
2026-03-21T20:22:14.086489+00:00,Operator C,Pixel8,4g,ANON_IMSI_C1,3410461815
2026-03-21T20:33:15.048499+00:00,Operator C,Pixel8,4g,ANON_IMSI_C1,3648732453
2026-03-21T20:39:00.697324+00:00,Operator C,Pixel8,4g,ANON_IMSI_C1,4194804742
2026-03-21T20:49:36.755254+00:00,Operator C,Pixel8,4g,ANON_IMSI_C1,4047947469
2026-03-21T20:55:09.700659+00:00,Operator C,Pixel8,4g,ANON_IMSI_C1,3793931998
2026-03-21T21:17:07.504936+00:00,Operator C,Pixel8,4g,ANON_IMSI_C1,4011862803
2026-03-21T21:33:30.526339+00:00,Operator C,Pixel8,4g,ANON_IMSI_C1,3339955259
2026-03-21T21:38:55.567335+00:00,Operator C,Pixel8,4g,ANON_IMSI_C1,3376799925
2026-03-21T21:49:52.896807+00:00,Operator C,Pixel8,4g,ANON_IMSI_C1,3307083641
2026-03-21T22:00:50.896023+00:00,Operator C,Pixel8,4g,ANON_IMSI_C1,3329540858
2026-03-21T22:11:50.606273+00:00,Operator C,Pixel8,4g,ANON_IMSI_C1,3556953832
2026-03-21T22:17:17.715387+00:00,Operator C,Pixel8,4g,ANON_IMSI_C1,3827453912
2026-03-21T22:28:16.418195+00:00,Operator C,Pixel8,4g,ANON_IMSI_C1,3242381053
2026-03-21T22:33:41.332742+00:00,Operator C,Pixel8,4g,ANON_IMSI_C1,4062511438
2026-03-21T22:39:09.098453+00:00,Operator C,Pixel8,4g,ANON_IMSI_C1,3294785464
2026-03-21T22:44:50.157706+00:00,Operator C,Pixel8,4g,ANON_IMSI_C1,4032771340
2026-03-21T22:50:20.431163+00:00,Operator C,Pixel8,4g,ANON_IMSI_C1,3913825045
2026-03-21T23:01:09.365265+00:00,Operator C,Pixel8,4g,ANON_IMSI_C1,3779347421
2026-03-21T23:06:38.525852+00:00,Operator C,Pixel8,4g,ANON_IMSI_C1,3892985620
2026-03-21T23:17:34.348556+00:00,Operator C,Pixel8,4g,ANON_IMSI_C1,3661987942
2026-03-21T23:23:06.906083+00:00,Operator C,Pixel8,4g,ANON_IMSI_C1,3378303733
2026-03-21T23:28:33.687612+00:00,Operator C,Pixel8,4g,ANON_IMSI_C1,4269121538
2026-03-21T23:34:02.524174+00:00,Operator C,Pixel8,4g,ANON_IMSI_C1,3580174633
2026-03-21T23:50:30.128948+00:00,Operator C,Pixel8,4g,ANON_IMSI_C1,3946560535
2026-03-21T23:55:55.908482+00:00,Operator C,Pixel8,4g,ANON_IMSI_C1,4196641798
2026-03-22T00:01:20.149048+00:00,Operator C,Pixel8,4g,ANON_IMSI_C1,3326183546
2026-03-22T00:06:51.838152+00:00,Operator C,Pixel8,4g,ANON_IMSI_C1,4128760970
2026-03-22T00:12:18.756593+00:00,Operator C,Pixel8,4g,ANON_IMSI_C1,3760621148
2026-03-22T00:17:45.837990+00:00,Operator C,Pixel8,4g,ANON_IMSI_C1,4011651731
2026-03-22T00:23:16.174779+00:00,Operator C,Pixel8,4g,ANON_IMSI_C1,3607413483
2026-03-22T00:28:48.574754+00:00,Operator C,Pixel8,4g,ANON_IMSI_C1,3223065468
2026-03-22T00:34:12.635997+00:00,Operator C,Pixel8,4g,ANON_IMSI_C1,3674327271
2026-03-22T00:39:42.955321+00:00,Operator C,Pixel8,4g,ANON_IMSI_C1,3963904912
2026-04-08T08:10:43.364883+00:00,Operator C,S23,4g,ANON_IMSI_C1,3909896767
2026-04-08T08:11:08.275468+00:00,Operator C,S23,4g,ANON_IMSI_C1,3909896767
2026-04-08T08:16:11.783413+00:00,Operator C,S23,4g,ANON_IMSI_C1,4249040107
2026-04-08T08:16:36.777504+00:00,Operator C,S23,4g,ANON_IMSI_C1,4249040107
2026-04-08T08:22:07.275662+00:00,Operator C,S23,4g,ANON_IMSI_C1,3925881596
2026-04-08T08:32:31.851911+00:00,Operator C,S23,4g,ANON_IMSI_C1,3615007681
2026-04-08T08:32:51.731883+00:00,Operator C,S23,4g,ANON_IMSI_C1,3615007681
2026-04-08T08:38:09.315572+00:00,Operator C,S23,4g,ANON_IMSI_C1,4077849765
2026-04-08T08:38:34.517012+00:00,Operator C,S23,4g,ANON_IMSI_C1,4077849765
2026-04-08T08:43:31.684337+00:00,Operator C,S23,4g,ANON_IMSI_C1,3425883930
2026-04-08T08:44:01.990395+00:00,Operator C,S23,4g,ANON_IMSI_C1,3425883930
2026-04-08T08:49:10.247260+00:00,Operator C,S23,4g,ANON_IMSI_C1,4247150123
2026-04-08T08:49:35.239304+00:00,Operator C,S23,4g,ANON_IMSI_C1,4247150123
2026-04-08T08:54:42.480402+00:00,Operator C,S23,4g,ANON_IMSI_C1,3540690885
2026-04-08T08:55:07.692989+00:00,Operator C,S23,4g,ANON_IMSI_C1,3540690885
2026-04-08T08:59:57.985234+00:00,Operator C,S23,4g,ANON_IMSI_C1,4197602860
2026-04-08T09:00:23.001248+00:00,Operator C,S23,4g,ANON_IMSI_C1,4197602860
2026-04-08T09:05:31.421485+00:00,Operator C,S23,4g,ANON_IMSI_C1,3776569719
2026-04-08T09:05:56.413403+00:00,Operator C,S23,4g,ANON_IMSI_C1,3776569719
2026-04-08T09:10:59.721008+00:00,Operator C,S23,4g,ANON_IMSI_C1,4099646946
2026-04-08T09:11:24.713030+00:00,Operator C,S23,4g,ANON_IMSI_C1,4099646946
2026-04-08T09:16:28.053340+00:00,Operator C,S23,4g,ANON_IMSI_C1,3341097105
2026-04-08T09:16:53.063443+00:00,Operator C,S23,4g,ANON_IMSI_C1,3341097105
2026-04-08T09:21:51.425732+00:00,Operator C,S23,4g,ANON_IMSI_C1,4265817320
2026-04-08T09:22:16.455766+00:00,Operator C,S23,4g,ANON_IMSI_C1,4265817320
2026-04-08T09:27:25.337550+00:00,Operator C,S23,4g,ANON_IMSI_C1,3809331509
2026-04-08T09:27:50.369351+00:00,Operator C,S23,4g,ANON_IMSI_C1,3809331509
2026-04-08T09:32:54.923638+00:00,Operator C,S23,4g,ANON_IMSI_C1,3559993538
2026-04-08T09:33:19.921541+00:00,Operator C,S23,4g,ANON_IMSI_C1,3559993538
2026-04-08T09:38:25.312841+00:00,Operator C,S23,4g,ANON_IMSI_C1,3831995826
2026-04-08T09:38:50.284653+00:00,Operator C,S23,4g,ANON_IMSI_C1,3831995826
2026-04-08T09:43:53.486799+00:00,Operator C,S23,4g,ANON_IMSI_C1,3296561554
2026-04-08T09:44:18.084818+00:00,Operator C,S23,4g,ANON_IMSI_C1,3296561554
2026-04-08T09:49:19.917229+00:00,Operator C,S23,4g,ANON_IMSI_C1,3782811895
2026-04-08T09:49:44.921106+00:00,Operator C,S23,4g,ANON_IMSI_C1,3782811895
2026-04-08T09:54:55.267029+00:00,Operator C,S23,4g,ANON_IMSI_C1,3698834890
2026-04-08T09:55:20.272982+00:00,Operator C,S23,4g,ANON_IMSI_C1,3698834890
2026-04-08T10:05:42.921034+00:00,Operator C,S23,4g,ANON_IMSI_C1,3579016259
2026-04-08T10:06:07.929218+00:00,Operator C,S23,4g,ANON_IMSI_C1,3579016259
2026-04-08T10:11:15.578296+00:00,Operator C,S23,4g,ANON_IMSI_C1,3682116557
2026-04-08T10:11:40.586449+00:00,Operator C,S23,4g,ANON_IMSI_C1,3682116557
2026-04-08T10:16:46.854003+00:00,Operator C,S23,4g,ANON_IMSI_C1,3346663057
2026-04-08T10:17:11.876047+00:00,Operator C,S23,4g,ANON_IMSI_C1,3346663057
2026-04-08T10:22:35.427248+00:00,Operator C,S23,4g,ANON_IMSI_C1,4095131618
2026-04-08T10:27:36.072608+00:00,Operator C,S23,4g,ANON_IMSI_C1,3343137489
2026-04-08T10:28:01.100677+00:00,Operator C,S23,4g,ANON_IMSI_C1,3343137489
2026-04-08T10:33:06.563619+00:00,Operator C,S23,4g,ANON_IMSI_C1,3926434812
2026-04-08T10:33:31.588347+00:00,Operator C,S23,4g,ANON_IMSI_C1,3926434812
2026-04-08T10:33:43.966077+00:00,Operator C,S23,4g,ANON_IMSI_C1,3926434812
2026-04-08T10:55:05.642856+00:00,Operator C,S23,4g,ANON_IMSI_C1,3228379350
2026-04-08T10:55:30.636805+00:00,Operator C,S23,4g,ANON_IMSI_C1,3228379350
2026-04-08T11:11:25.579132+00:00,Operator C,S23,4g,ANON_IMSI_C1,3962506426
2026-04-08T11:11:50.603465+00:00,Operator C,S23,4g,ANON_IMSI_C1,3962506426
2026-04-08T11:12:04.969620+00:00,Operator C,S23,4g,ANON_IMSI_C1,3962506426
2026-04-08T11:17:36.646409+00:00,Operator C,S23,4g,ANON_IMSI_C1,3694938634
2026-04-08T11:22:30.090048+00:00,Operator C,S23,4g,ANON_IMSI_C1,3932462012
2026-04-08T11:22:55.108179+00:00,Operator C,S23,4g,ANON_IMSI_C1,3932462012
2026-04-08T11:28:05.731431+00:00,Operator C,S23,4g,ANON_IMSI_C1,4233748842
2026-04-08T11:28:30.757472+00:00,Operator C,S23,4g,ANON_IMSI_C1,4233748842
2026-04-08T11:33:25.850271+00:00,Operator C,S23,4g,ANON_IMSI_C1,3679094669
2026-04-08T11:33:50.860322+00:00,Operator C,S23,4g,ANON_IMSI_C1,3679094669
2026-04-08T11:44:36.185223+00:00,Operator C,S23,4g,ANON_IMSI_C1,4184069423
2026-04-08T11:45:01.197267+00:00,Operator C,S23,4g,ANON_IMSI_C1,4184069423
2026-04-08T11:49:58.948290+00:00,Operator C,S23,4g,ANON_IMSI_C1,3812560053
2026-04-08T11:50:23.964357+00:00,Operator C,S23,4g,ANON_IMSI_C1,3812560053
2026-04-08T11:55:22.138925+00:00,Operator C,S23,4g,ANON_IMSI_C1,4112502051
2026-04-08T11:55:47.164899+00:00,Operator C,S23,4g,ANON_IMSI_C1,4112502051
2026-04-08T12:01:10.311016+00:00,Operator C,S23,4g,ANON_IMSI_C1,3524557380
2026-04-08T12:06:29.762337+00:00,Operator C,S23,4g,ANON_IMSI_C1,3293646994
2026-04-08T12:06:54.754369+00:00,Operator C,S23,4g,ANON_IMSI_C1,3293646994
2026-04-08T12:11:46.452004+00:00,Operator C,S23,4g,ANON_IMSI_C1,3546156677
2026-04-08T12:17:16.167420+00:00,Operator C,S23,4g,ANON_IMSI_C1,3496410950
2026-04-08T12:17:29.783299+00:00,Operator C,S23,4g,ANON_IMSI_C1,3496410950
2026-04-08T12:22:44.388857+00:00,Operator C,S23,4g,ANON_IMSI_C1,3456349656
2026-04-08T12:23:09.392759+00:00,Operator C,S23,4g,ANON_IMSI_C1,3456349656
2026-04-08T12:28:19.751819+00:00,Operator C,S23,4g,ANON_IMSI_C1,3462551064
2026-04-08T12:28:44.759621+00:00,Operator C,S23,4g,ANON_IMSI_C1,3462551064
2026-04-08T12:39:41.361229+00:00,Operator C,S23,4g,ANON_IMSI_C1,4201507180
2026-04-08T12:50:08.540561+00:00,Operator C,S23,4g,ANON_IMSI_C1,4013078521
2026-04-08T12:50:33.546572+00:00,Operator C,S23,4g,ANON_IMSI_C1,4013078521
2026-04-08T13:01:07.829439+00:00,Operator C,S23,4g,ANON_IMSI_C1,3877944305
2026-04-08T13:01:32.843386+00:00,Operator C,S23,4g,ANON_IMSI_C1,3877944305
2026-04-08T13:06:30.443519+00:00,Operator C,S23,4g,ANON_IMSI_C1,3644987023
2026-04-08T13:06:55.445533+00:00,Operator C,S23,4g,ANON_IMSI_C1,3644987023
2026-04-08T13:07:08.701484+00:00,Operator C,S23,4g,ANON_IMSI_C1,3644987023
2026-04-08T13:11:59.207165+00:00,Operator C,S23,4g,ANON_IMSI_C1,3813121461
2026-04-08T13:12:24.211086+00:00,Operator C,S23,4g,ANON_IMSI_C1,3813121461
2026-04-08T13:17:28.857101+00:00,Operator C,S23,4g,ANON_IMSI_C1,4147808161
2026-04-08T13:17:53.863161+00:00,Operator C,S23,4g,ANON_IMSI_C1,4147808161
2026-04-08T13:22:57.175099+00:00,Operator C,S23,4g,ANON_IMSI_C1,3742892681
2026-04-08T13:23:22.201115+00:00,Operator C,S23,4g,ANON_IMSI_C1,3742892681
2026-04-08T13:39:27.989078+00:00,Operator C,S23,4g,ANON_IMSI_C1,4016025081
2026-04-08T13:39:53.001258+00:00,Operator C,S23,4g,ANON_IMSI_C1,4016025081
2026-04-08T13:44:55.164869+00:00,Operator C,S23,4g,ANON_IMSI_C1,3545593925
2026-04-08T13:45:20.302876+00:00,Operator C,S23,4g,ANON_IMSI_C1,3545593925
2026-04-08T13:50:21.660251+00:00,Operator C,S23,4g,ANON_IMSI_C1,3949180413
2026-04-08T13:50:46.680250+00:00,Operator C,S23,4g,ANON_IMSI_C1,3949180413
2026-04-08T13:55:56.805280+00:00,Operator C,S23,4g,ANON_IMSI_C1,3665298060
2026-04-08T13:56:21.835319+00:00,Operator C,S23,4g,ANON_IMSI_C1,3665298060
2026-04-08T14:01:18.878465+00:00,Operator C,S23,4g,ANON_IMSI_C1,3242507223
2026-04-08T14:01:36.610104+00:00,Operator C,S23,4g,ANON_IMSI_C1,3242507223
2026-04-08T14:12:42.702078+00:00,Operator C,S23,4g,ANON_IMSI_C1,3861859376
2026-04-08T14:28:46.646734+00:00,Operator C,S23,4g,ANON_IMSI_C1,3674560525
2026-04-08T14:29:10.712666+00:00,Operator C,S23,4g,ANON_IMSI_C1,3674560525
2026-04-08T14:34:20.052196+00:00,Operator C,S23,4g,ANON_IMSI_C1,3309863827
2026-04-08T14:34:39.470204+00:00,Operator C,S23,4g,ANON_IMSI_C1,3309863827
2026-04-08T14:45:13.638214+00:00,Operator C,S23,4g,ANON_IMSI_C1,3479682521
2026-04-08T14:45:38.648092+00:00,Operator C,S23,4g,ANON_IMSI_C1,3479682521
2026-04-08T14:51:11.264030+00:00,Operator C,S23,4g,ANON_IMSI_C1,3523829828
2026-04-08T14:56:39.593197+00:00,Operator C,S23,4g,ANON_IMSI_C1,4012994681
2026-04-08T15:07:06.913783+00:00,Operator C,S23,4g,ANON_IMSI_C1,4196355116
2026-04-08T15:07:31.924107+00:00,Operator C,S23,4g,ANON_IMSI_C1,4196355116
2026-04-08T15:12:40.866809+00:00,Operator C,S23,4g,ANON_IMSI_C1,4217178285
2026-04-08T15:18:32.991002+00:00,Operator C,S23,4g,ANON_IMSI_C1,3546634245
2026-04-08T15:23:39.401633+00:00,Operator C,S23,4g,ANON_IMSI_C1,4212248877
2026-04-08T15:24:04.435782+00:00,Operator C,S23,4g,ANON_IMSI_C1,4212248877
2026-04-08T15:34:38.629647+00:00,Operator C,S23,4g,ANON_IMSI_C1,3581213507
2026-04-08T15:34:55.661626+00:00,Operator C,S23,4g,ANON_IMSI_C1,3581213507
2026-04-08T15:39:55.669378+00:00,Operator C,S23,4g,ANON_IMSI_C1,3692445386
2026-04-08T15:40:20.695503+00:00,Operator C,S23,4g,ANON_IMSI_C1,3692445386
2026-04-08T15:45:30.875955+00:00,Operator C,S23,4g,ANON_IMSI_C1,4097443490
2026-04-08T15:45:53.151818+00:00,Operator C,S23,4g,ANON_IMSI_C1,4097443490
2026-04-08T16:01:55.736773+00:00,Operator C,S23,4g,ANON_IMSI_C1,3526778372
2026-04-08T16:02:19.326715+00:00,Operator C,S23,4g,ANON_IMSI_C1,3526778372
2026-04-08T16:12:54.281484+00:00,Operator C,S23,4g,ANON_IMSI_C1,3355901790
2026-04-08T16:13:19.283431+00:00,Operator C,S23,4g,ANON_IMSI_C1,3355901790
2026-04-08T16:18:28.372800+00:00,Operator C,S23,4g,ANON_IMSI_C1,3967765562
2026-04-08T16:18:53.374627+00:00,Operator C,S23,4g,ANON_IMSI_C1,3967765562
2026-04-08T16:23:51.104420+00:00,Operator C,S23,4g,ANON_IMSI_C1,3475314841
2026-04-08T16:24:16.112329+00:00,Operator C,S23,4g,ANON_IMSI_C1,3475314841
2026-04-08T16:40:15.985457+00:00,Operator C,S23,4g,ANON_IMSI_C1,3509793991
2026-04-08T16:40:40.995539+00:00,Operator C,S23,4g,ANON_IMSI_C1,3509793991
2026-04-08T16:51:13.813011+00:00,Operator C,S23,4g,ANON_IMSI_C1,4266404584
2026-04-08T16:51:50.841512+00:00,Operator C,S23,4g,ANON_IMSI_C1,4266404584
2026-04-08T17:07:55.950346+00:00,Operator C,S23,4g,ANON_IMSI_C1,4251781291
2026-04-08T17:13:09.653447+00:00,Operator C,S23,4g,ANON_IMSI_C1,3692998602
2026-04-08T17:13:34.655398+00:00,Operator C,S23,4g,ANON_IMSI_C1,3692998602
2026-04-08T17:18:43.736359+00:00,Operator C,S23,4g,ANON_IMSI_C1,3917442175
2026-04-08T17:19:01.822380+00:00,Operator C,S23,4g,ANON_IMSI_C1,3917442175
2026-04-08T17:24:06.949587+00:00,Operator C,S23,4g,ANON_IMSI_C1,3610540609
2026-04-08T17:24:31.953044+00:00,Operator C,S23,4g,ANON_IMSI_C1,3610540609
2026-04-08T17:35:12.480290+00:00,Operator C,S23,4g,ANON_IMSI_C1,3228495702
2026-04-08T17:35:37.484101+00:00,Operator C,S23,4g,ANON_IMSI_C1,3228495702
2026-04-08T17:57:08.364551+00:00,Operator C,S23,4g,ANON_IMSI_C1,3462848280
2026-04-08T17:57:33.448898+00:00,Operator C,S23,4g,ANON_IMSI_C1,3462848280
2026-04-08T18:13:24.939789+00:00,Operator C,S23,4g,ANON_IMSI_C1,4250881067
2026-04-08T18:13:49.941836+00:00,Operator C,S23,4g,ANON_IMSI_C1,4250881067
2026-04-08T18:18:57.808357+00:00,Operator C,S23,4g,ANON_IMSI_C1,3760172534
2026-04-08T18:19:22.814477+00:00,Operator C,S23,4g,ANON_IMSI_C1,3760172534
2026-04-08T18:24:23.610772+00:00,Operator C,S23,4g,ANON_IMSI_C1,3665215436
2026-04-08T18:24:48.614780+00:00,Operator C,S23,4g,ANON_IMSI_C1,3665215436
2026-04-08T18:35:15.316983+00:00,Operator C,S23,4g,ANON_IMSI_C1,3792381172
2026-04-08T18:35:34.900739+00:00,Operator C,S23,4g,ANON_IMSI_C1,3792381172
2026-04-08T18:41:04.439499+00:00,Operator C,S23,4g,ANON_IMSI_C1,3696985482
2026-04-08T18:51:46.495107+00:00,Operator C,S23,4g,ANON_IMSI_C1,3227322518
2026-04-08T18:52:11.499032+00:00,Operator C,S23,4g,ANON_IMSI_C1,3227322518
2026-04-08T18:57:15.395382+00:00,Operator C,S23,4g,ANON_IMSI_C1,4031613350
2026-04-08T18:57:40.397251+00:00,Operator C,S23,4g,ANON_IMSI_C1,4031613350
2026-04-08T19:03:18.508759+00:00,Operator C,S23,4g,ANON_IMSI_C1,3710583947
2026-04-08T19:08:13.327470+00:00,Operator C,S23,4g,ANON_IMSI_C1,3927127292
2026-04-08T19:08:38.329495+00:00,Operator C,S23,4g,ANON_IMSI_C1,3927127292
2026-04-08T19:25:07.007789+00:00,Operator C,S23,4g,ANON_IMSI_C1,4082003557
2026-04-08T19:41:00.322364+00:00,Operator C,S23,4g,ANON_IMSI_C1,3255419156
2026-04-08T19:41:25.326412+00:00,Operator C,S23,4g,ANON_IMSI_C1,3255419156
2026-04-08T19:46:36.878481+00:00,Operator C,S23,4g,ANON_IMSI_C1,3473506713
2026-04-08T19:47:01.882437+00:00,Operator C,S23,4g,ANON_IMSI_C1,3473506713
2026-04-08T20:02:59.731797+00:00,Operator C,S23,4g,ANON_IMSI_C1,4127397024
2026-04-08T20:03:24.735694+00:00,Operator C,S23,4g,ANON_IMSI_C1,4127397024
2026-04-08T20:03:35.449700+00:00,Operator C,S23,4g,ANON_IMSI_C1,4127397024
2026-04-08T20:08:29.267762+00:00,Operator C,S23,4g,ANON_IMSI_C1,4212018733
2026-04-08T20:13:54.686009+00:00,Operator C,S23,4g,ANON_IMSI_C1,4118340451
2026-04-08T20:14:12.568004+00:00,Operator C,S23,4g,ANON_IMSI_C1,4118340451
2026-04-08T20:19:26.860894+00:00,Operator C,S23,4g,ANON_IMSI_C1,3863272240
2026-04-08T20:19:51.864793+00:00,Operator C,S23,4g,ANON_IMSI_C1,3863272240
2026-04-08T20:24:52.436406+00:00,Operator C,S23,4g,ANON_IMSI_C1,3543472261
2026-04-08T20:25:17.434392+00:00,Operator C,S23,4g,ANON_IMSI_C1,3543472261
2026-04-08T20:30:25.943036+00:00,Operator C,S23,4g,ANON_IMSI_C1,3546485893
2026-04-08T20:31:01.860947+00:00,Operator C,S23,4g,ANON_IMSI_C1,3546485893
2026-04-08T20:41:29.375312+00:00,Operator C,S23,4g,ANON_IMSI_C1,3927300412
2026-04-08T20:41:47.274921+00:00,Operator C,S23,4g,ANON_IMSI_C1,3927300412
2026-04-08T20:52:15.048717+00:00,Operator C,S23,4g,ANON_IMSI_C1,3361333598
2026-04-08T20:52:46.904689+00:00,Operator C,S23,4g,ANON_IMSI_C1,3361333598
2026-04-08T20:57:49.322353+00:00,Operator C,S23,4g,ANON_IMSI_C1,3478296473
2026-04-08T20:58:14.324286+00:00,Operator C,S23,4g,ANON_IMSI_C1,3478296473
2026-04-08T21:09:01.062371+00:00,Operator C,S23,4g,ANON_IMSI_C1,3242183959
2026-04-08T21:14:15.635970+00:00,Operator C,S23,4g,ANON_IMSI_C1,4282405417
2026-04-08T21:14:40.102012+00:00,Operator C,S23,4g,ANON_IMSI_C1,4282405417
2026-04-08T21:19:50.873124+00:00,Operator C,S23,4g,ANON_IMSI_C1,4214874477
2026-04-08T21:20:15.877059+00:00,Operator C,S23,4g,ANON_IMSI_C1,4214874477
2026-04-08T21:25:16.335277+00:00,Operator C,S23,4g,ANON_IMSI_C1,3577242179
2026-04-08T21:25:41.339253+00:00,Operator C,S23,4g,ANON_IMSI_C1,3577242179
2026-04-08T21:30:43.076140+00:00,Operator C,S23,4g,ANON_IMSI_C1,3623956686
2026-04-08T21:36:13.962699+00:00,Operator C,S23,4g,ANON_IMSI_C1,3612678273
2026-04-08T21:36:39.004640+00:00,Operator C,S23,4g,ANON_IMSI_C1,3612678273
2026-04-08T21:41:39.093428+00:00,Operator C,S23,4g,ANON_IMSI_C1,3782307959
2026-04-08T21:42:04.095323+00:00,Operator C,S23,4g,ANON_IMSI_C1,3782307959
2026-04-08T21:47:13.778062+00:00,Operator C,S23,4g,ANON_IMSI_C1,3477568601
2026-04-08T21:47:38.781973+00:00,Operator C,S23,4g,ANON_IMSI_C1,3477568601
2026-04-08T21:52:33.318195+00:00,Operator C,S23,4g,ANON_IMSI_C1,3223872086
2026-04-08T21:52:58.320271+00:00,Operator C,S23,4g,ANON_IMSI_C1,3223872086
2026-04-08T21:58:06.583578+00:00,Operator C,S23,4g,ANON_IMSI_C1,4114558179
2026-04-08T21:58:31.587782+00:00,Operator C,S23,4g,ANON_IMSI_C1,4114558179
2026-04-08T22:03:38.033829+00:00,Operator C,S23,4g,ANON_IMSI_C1,4264760488
2026-04-08T22:04:03.037911+00:00,Operator C,S23,4g,ANON_IMSI_C1,4264760488
2026-04-08T22:09:11.139988+00:00,Operator C,S23,4g,ANON_IMSI_C1,3711549707
2026-04-08T22:09:27.822004+00:00,Operator C,S23,4g,ANON_IMSI_C1,3711549707
2026-04-08T22:14:28.409822+00:00,Operator C,S23,4g,ANON_IMSI_C1,3326748368
2026-04-08T22:14:53.411834+00:00,Operator C,S23,4g,ANON_IMSI_C1,3326748368
2026-04-08T22:19:56.701316+00:00,Operator C,S23,4g,ANON_IMSI_C1,3866897136
2026-04-08T22:20:21.703333+00:00,Operator C,S23,4g,ANON_IMSI_C1,3866897136
2026-04-08T22:25:25.585433+00:00,Operator C,S23,4g,ANON_IMSI_C1,3440563995
2026-04-08T22:25:50.609436+00:00,Operator C,S23,4g,ANON_IMSI_C1,3440563995
2026-04-08T22:31:14.817689+00:00,Operator C,S23,4g,ANON_IMSI_C1,4094479138
2026-04-08T22:36:23.134425+00:00,Operator C,S23,4g,ANON_IMSI_C1,3781706295
2026-04-08T22:36:48.136187+00:00,Operator C,S23,4g,ANON_IMSI_C1,3781706295
2026-04-08T22:37:01.738020+00:00,Operator C,S23,4g,ANON_IMSI_C1,3781706295
2026-04-08T22:41:51.920127+00:00,Operator C,S23,4g,ANON_IMSI_C1,4178281903
2026-04-08T22:42:16.921965+00:00,Operator C,S23,4g,ANON_IMSI_C1,4178281903
2026-04-08T22:42:30.343940+00:00,Operator C,S23,4g,ANON_IMSI_C1,4178281903
2026-04-08T22:47:25.404235+00:00,Operator C,S23,4g,ANON_IMSI_C1,3540302789
2026-04-08T22:47:50.406098+00:00,Operator C,S23,4g,ANON_IMSI_C1,3540302789
2026-04-08T22:52:54.315000+00:00,Operator C,S23,4g,ANON_IMSI_C1,3244248087
2026-04-08T22:53:19.319009+00:00,Operator C,S23,4g,ANON_IMSI_C1,3244248087
2026-04-08T22:58:25.159962+00:00,Operator C,S23,4g,ANON_IMSI_C1,4131756448
2026-04-08T22:58:50.221816+00:00,Operator C,S23,4g,ANON_IMSI_C1,4131756448
2026-04-08T23:03:51.544961+00:00,Operator C,S23,4g,ANON_IMSI_C1,3628523278
2026-04-08T23:04:06.026894+00:00,Operator C,S23,4g,ANON_IMSI_C1,3628523278
2026-04-08T23:09:27.587157+00:00,Operator C,S23,4g,ANON_IMSI_C1,3256923092
2026-04-08T23:09:52.591157+00:00,Operator C,S23,4g,ANON_IMSI_C1,3256923092
2026-04-08T23:15:00.994050+00:00,Operator C,S23,4g,ANON_IMSI_C1,3526795140
2026-04-08T23:15:13.375991+00:00,Operator C,S23,4g,ANON_IMSI_C1,3526795140
2026-04-08T23:25:47.422535+00:00,Operator C,S23,4g,ANON_IMSI_C1,3862983280
2026-04-08T23:26:12.424529+00:00,Operator C,S23,4g,ANON_IMSI_C1,3862983280
2026-04-08T23:31:33.002853+00:00,Operator C,S23,4g,ANON_IMSI_C1,4232031722
2026-04-08T23:36:44.041892+00:00,Operator C,S23,4g,ANON_IMSI_C1,4115210467
2026-04-08T23:37:09.045760+00:00,Operator C,S23,4g,ANON_IMSI_C1,4115210467
2026-04-08T23:42:13.103340+00:00,Operator C,S23,4g,ANON_IMSI_C1,3627630606
2026-04-08T23:42:38.105416+00:00,Operator C,S23,4g,ANON_IMSI_C1,3627630606
2026-04-08T23:47:42.620757+00:00,Operator C,S23,4g,ANON_IMSI_C1,3543200581
2026-04-08T23:48:05.964836+00:00,Operator C,S23,4g,ANON_IMSI_C1,3543200581
2026-04-08T23:53:08.276647+00:00,Operator C,S23,4g,ANON_IMSI_C1,3594019392
2026-04-08T23:53:33.278729+00:00,Operator C,S23,4g,ANON_IMSI_C1,3594019392
2026-04-08T23:58:39.183166+00:00,Operator C,S23,4g,ANON_IMSI_C1,3674577293
2026-04-08T23:59:04.179095+00:00,Operator C,S23,4g,ANON_IMSI_C1,3674577293
2026-04-09T00:04:09.418858+00:00,Operator C,S23,4g,ANON_IMSI_C1,3328291280
2026-04-09T00:04:34.476918+00:00,Operator C,S23,4g,ANON_IMSI_C1,3328291280
2026-04-09T00:09:53.378402+00:00,Operator C,S23,4g,ANON_IMSI_C1,3346480337
2026-04-09T00:15:00.444424+00:00,Operator C,S23,4g,ANON_IMSI_C1,3447688603
2026-04-09T00:15:25.468122+00:00,Operator C,S23,4g,ANON_IMSI_C1,3447688603
2026-04-09T00:21:00.617717+00:00,Operator C,S23,4g,ANON_IMSI_C1,3506697543
2026-04-09T00:25:59.452686+00:00,Operator C,S23,4g,ANON_IMSI_C1,3441950043
2026-04-09T00:26:24.454629+00:00,Operator C,S23,4g,ANON_IMSI_C1,3441950043
2026-04-09T00:31:32.284992+00:00,Operator C,S23,4g,ANON_IMSI_C1,3661358412
2026-04-09T00:31:56.246861+00:00,Operator C,S23,4g,ANON_IMSI_C1,3661358412
2026-04-09T00:36:59.313508+00:00,Operator C,S23,4g,ANON_IMSI_C1,4044015399
2026-04-09T00:37:24.317415+00:00,Operator C,S23,4g,ANON_IMSI_C1,4044015399
2026-04-09T00:42:29.630810+00:00,Operator C,S23,4g,ANON_IMSI_C1,4199005676
2026-04-09T00:42:54.632759+00:00,Operator C,S23,4g,ANON_IMSI_C1,4199005676
2026-04-09T00:47:57.952504+00:00,Operator C,S23,4g,ANON_IMSI_C1,4111471267
2026-04-09T00:48:22.950657+00:00,Operator C,S23,4g,ANON_IMSI_C1,4111471267
2026-04-09T00:53:34.613905+00:00,Operator C,S23,4g,ANON_IMSI_C1,3993979960
2026-04-09T00:53:59.638353+00:00,Operator C,S23,4g,ANON_IMSI_C1,3993979960
2026-04-09T00:58:55.898653+00:00,Operator C,S23,4g,ANON_IMSI_C1,4095600994
2026-04-09T00:59:20.900629+00:00,Operator C,S23,4g,ANON_IMSI_C1,4095600994
2026-04-09T01:04:24.187834+00:00,Operator C,S23,4g,ANON_IMSI_C1,3815260725
2026-04-09T01:04:49.191986+00:00,Operator C,S23,4g,ANON_IMSI_C1,3815260725
2026-04-09T01:10:04.575009+00:00,Operator C,S23,4g,ANON_IMSI_C1,3814129525
2026-04-09T01:10:17.776993+00:00,Operator C,S23,4g,ANON_IMSI_C1,3814129525
2026-04-09T01:15:37.335214+00:00,Operator C,S23,4g,ANON_IMSI_C1,3341172433
2026-04-09T01:20:47.784295+00:00,Operator C,S23,4g,ANON_IMSI_C1,3994657272
2026-04-09T01:21:12.782247+00:00,Operator C,S23,4g,ANON_IMSI_C1,3994657272
2026-04-09T01:32:08.790106+00:00,Operator C,S23,4g,ANON_IMSI_C1,3240426327
2026-04-09T01:37:16.046302+00:00,Operator C,S23,4g,ANON_IMSI_C1,3730672008
2026-04-09T01:37:41.050246+00:00,Operator C,S23,4g,ANON_IMSI_C1,3730672008
2026-04-09T01:42:45.019912+00:00,Operator C,S23,4g,ANON_IMSI_C1,3799259828
2026-04-09T01:43:10.023940+00:00,Operator C,S23,4g,ANON_IMSI_C1,3799259828
2026-04-09T01:48:13.875336+00:00,Operator C,S23,4g,ANON_IMSI_C1,3490730502
2026-04-09T01:48:40.019223+00:00,Operator C,S23,4g,ANON_IMSI_C1,3490730502
2026-04-09T01:53:42.282212+00:00,Operator C,S23,4g,ANON_IMSI_C1,3272478357
2026-04-09T01:54:07.326150+00:00,Operator C,S23,4g,ANON_IMSI_C1,3272478357
2026-04-09T01:59:10.585818+00:00,Operator C,S23,4g,ANON_IMSI_C1,3776900983
2026-04-09T01:59:35.587852+00:00,Operator C,S23,4g,ANON_IMSI_C1,3776900983
2026-04-09T02:04:40.193667+00:00,Operator C,S23,4g,ANON_IMSI_C1,4151679393
2026-04-09T02:05:05.189612+00:00,Operator C,S23,4g,ANON_IMSI_C1,4151679393
2026-04-09T02:10:09.162848+00:00,Operator C,S23,4g,ANON_IMSI_C1,3343986897
2026-04-09T02:10:34.166869+00:00,Operator C,S23,4g,ANON_IMSI_C1,3343986897
2026-04-09T02:15:41.553727+00:00,Operator C,S23,4g,ANON_IMSI_C1,3930289276
2026-04-09T02:16:01.475683+00:00,Operator C,S23,4g,ANON_IMSI_C1,3930289276
2026-04-09T02:21:06.018467+00:00,Operator C,S23,4g,ANON_IMSI_C1,3693699146
2026-04-09T02:21:31.022415+00:00,Operator C,S23,4g,ANON_IMSI_C1,3693699146
2026-04-09T02:26:42.392273+00:00,Operator C,S23,4g,ANON_IMSI_C1,3780905655
2026-04-09T02:27:07.396309+00:00,Operator C,S23,4g,ANON_IMSI_C1,3780905655
2026-04-09T02:32:10.765296+00:00,Operator C,S23,4g,ANON_IMSI_C1,3815862389
2026-04-09T02:32:27.861460+00:00,Operator C,S23,4g,ANON_IMSI_C1,3815862389
2026-04-09T02:37:35.825008+00:00,Operator C,S23,4g,ANON_IMSI_C1,3934171132
2026-04-09T02:38:00.829041+00:00,Operator C,S23,4g,ANON_IMSI_C1,3934171132
2026-04-09T02:43:05.576275+00:00,Operator C,S23,4g,ANON_IMSI_C1,3730027976
2026-04-09T02:43:30.592297+00:00,Operator C,S23,4g,ANON_IMSI_C1,3730027976
2026-04-09T02:48:30.497481+00:00,Operator C,S23,4g,ANON_IMSI_C1,3794874612
2026-04-09T02:48:55.493476+00:00,Operator C,S23,4g,ANON_IMSI_C1,3794874612
2026-04-09T02:53:59.573846+00:00,Operator C,S23,4g,ANON_IMSI_C1,4093678498
2026-04-09T02:54:13.917971+00:00,Operator C,S23,4g,ANON_IMSI_C1,4093678498
2026-04-09T02:59:25.731467+00:00,Operator C,S23,4g,ANON_IMSI_C1,4200088108
2026-04-09T02:59:50.729523+00:00,Operator C,S23,4g,ANON_IMSI_C1,4200088108
2026-04-09T03:04:51.708796+00:00,Operator C,S23,4g,ANON_IMSI_C1,3329876304
2026-04-09T03:05:16.706392+00:00,Operator C,S23,4g,ANON_IMSI_C1,3329876304
2026-04-09T03:10:41.683176+00:00,Operator C,S23,4g,ANON_IMSI_C1,3930438140
2026-04-09T03:15:56.034430+00:00,Operator C,S23,4g,ANON_IMSI_C1,3409189533
2026-04-09T03:16:21.036295+00:00,Operator C,S23,4g,ANON_IMSI_C1,3409189533
2026-04-09T03:21:29.596297+00:00,Operator C,S23,4g,ANON_IMSI_C1,3479708377
2026-04-09T03:21:54.592253+00:00,Operator C,S23,4g,ANON_IMSI_C1,3479708377
2026-04-09T03:26:55.179645+00:00,Operator C,S23,4g,ANON_IMSI_C1,3290477522
2026-04-09T03:27:28.817522+00:00,Operator C,S23,4g,ANON_IMSI_C1,3290477522
2026-04-09T03:32:21.651006+00:00,Operator C,S23,4g,ANON_IMSI_C1,3241383319
2026-04-09T03:32:46.655038+00:00,Operator C,S23,4g,ANON_IMSI_C1,3241383319
2026-04-09T03:38:00.804557+00:00,Operator C,S23,4g,ANON_IMSI_C1,4100341474
2026-04-09T03:38:25.806579+00:00,Operator C,S23,4g,ANON_IMSI_C1,4100341474
2026-04-09T03:43:20.829340+00:00,Operator C,S23,4g,ANON_IMSI_C1,3999430264
2026-04-09T03:43:45.825324+00:00,Operator C,S23,4g,ANON_IMSI_C1,3999430264
2026-04-09T03:48:54.868331+00:00,Operator C,S23,4g,ANON_IMSI_C1,3526075844
2026-04-09T03:49:19.932354+00:00,Operator C,S23,4g,ANON_IMSI_C1,3526075844
2026-04-09T03:59:41.962736+00:00,Operator C,S23,4g,ANON_IMSI_C1,4067264932
2026-04-09T04:05:13.569963+00:00,Operator C,S23,4g,ANON_IMSI_C1,3713061643
2026-04-09T04:05:38.571919+00:00,Operator C,S23,4g,ANON_IMSI_C1,3713061643
2026-04-09T04:10:42.383271+00:00,Operator C,S23,4g,ANON_IMSI_C1,3428029850
2026-04-09T04:11:07.379186+00:00,Operator C,S23,4g,ANON_IMSI_C1,3428029850
2026-04-09T04:16:12.261150+00:00,Operator C,S23,4g,ANON_IMSI_C1,3492852678
2026-04-09T04:16:37.265152+00:00,Operator C,S23,4g,ANON_IMSI_C1,3492852678
2026-04-09T04:27:16.897135+00:00,Operator C,S23,4g,ANON_IMSI_C1,4197024172
2026-04-09T04:27:41.901193+00:00,Operator C,S23,4g,ANON_IMSI_C1,4197024172
2026-04-09T04:32:54.491724+00:00,Operator C,S23,4g,ANON_IMSI_C1,3307254739
2026-04-09T04:38:18.758407+00:00,Operator C,S23,4g,ANON_IMSI_C1,4013126777
2026-04-09T04:38:43.762475+00:00,Operator C,S23,4g,ANON_IMSI_C1,4013126777
2026-04-09T04:43:39.333864+00:00,Operator C,S23,4g,ANON_IMSI_C1,3846049459
2026-04-09T04:44:04.337962+00:00,Operator C,S23,4g,ANON_IMSI_C1,3846049459
2026-04-09T04:49:08.315043+00:00,Operator C,S23,4g,ANON_IMSI_C1,4250906091
2026-04-09T04:49:33.319099+00:00,Operator C,S23,4g,ANON_IMSI_C1,4250906091
2026-04-09T04:54:36.605308+00:00,Operator C,S23,4g,ANON_IMSI_C1,4281165929
2026-04-09T04:55:01.609284+00:00,Operator C,S23,4g,ANON_IMSI_C1,4281165929
2026-04-09T05:00:34.278369+00:00,Operator C,S23,4g,ANON_IMSI_C1,3774894647
2026-04-09T05:05:32.621339+00:00,Operator C,S23,4g,ANON_IMSI_C1,3442264859
2026-04-09T05:06:09.659223+00:00,Operator C,S23,4g,ANON_IMSI_C1,3442264859
2026-04-09T05:11:02.266799+00:00,Operator C,S23,4g,ANON_IMSI_C1,3311680211
2026-04-09T05:11:27.270744+00:00,Operator C,S23,4g,ANON_IMSI_C1,3311680211
2026-04-09T05:16:24.985636+00:00,Operator C,S23,4g,ANON_IMSI_C1,3708230795
2026-04-09T05:16:50.007609+00:00,Operator C,S23,4g,ANON_IMSI_C1,3708230795
2026-04-09T05:21:59.501802+00:00,Operator C,S23,4g,ANON_IMSI_C1,4165782318
2026-04-09T05:22:24.506073+00:00,Operator C,S23,4g,ANON_IMSI_C1,4165782318
2026-04-09T05:27:28.470905+00:00,Operator C,S23,4g,ANON_IMSI_C1,4012061945
2026-04-09T05:27:53.467152+00:00,Operator C,S23,4g,ANON_IMSI_C1,4012061945
2026-04-09T05:32:55.565733+00:00,Operator C,S23,4g,ANON_IMSI_C1,3982364347
2026-04-09T05:33:20.569930+00:00,Operator C,S23,4g,ANON_IMSI_C1,3982364347
2026-04-09T05:38:26.378986+00:00,Operator C,S23,4g,ANON_IMSI_C1,3412764637
2026-04-09T05:43:53.003564+00:00,Operator C,S23,4g,ANON_IMSI_C1,3357651422
2026-04-09T05:44:17.999656+00:00,Operator C,S23,4g,ANON_IMSI_C1,3357651422
2026-04-09T05:49:21.166997+00:00,Operator C,S23,4g,ANON_IMSI_C1,3728096968
2026-04-09T05:49:48.004925+00:00,Operator C,S23,4g,ANON_IMSI_C1,3728096968
2026-04-09T05:54:50.759496+00:00,Operator C,S23,4g,ANON_IMSI_C1,3497384198
2026-04-09T05:55:15.762880+00:00,Operator C,S23,4g,ANON_IMSI_C1,3497384198
2026-04-09T06:00:49.956187+00:00,Operator C,S23,4g,ANON_IMSI_C1,3844249523
2026-04-09T06:05:48.682212+00:00,Operator C,S23,4g,ANON_IMSI_C1,3546799365
2026-04-09T06:06:13.686003+00:00,Operator C,S23,4g,ANON_IMSI_C1,3546799365
2026-04-09T06:11:18.923179+00:00,Operator C,S23,4g,ANON_IMSI_C1,3929572284
2026-04-09T06:11:43.925123+00:00,Operator C,S23,4g,ANON_IMSI_C1,3929572284
2026-04-09T06:16:45.962669+00:00,Operator C,S23,4g,ANON_IMSI_C1,3573806403
2026-04-09T06:17:10.964575+00:00,Operator C,S23,4g,ANON_IMSI_C1,3573806403
2026-04-09T06:22:09.518898+00:00,Operator C,S23,4g,ANON_IMSI_C1,3612414081
2026-04-09T06:22:29.540882+00:00,Operator C,S23,4g,ANON_IMSI_C1,3612414081
2026-04-09T06:27:39.963427+00:00,Operator C,S23,4g,ANON_IMSI_C1,3473407321
2026-04-09T06:28:04.961652+00:00,Operator C,S23,4g,ANON_IMSI_C1,3473407321
2026-04-09T06:33:08.335653+00:00,Operator C,S23,4g,ANON_IMSI_C1,4234739882
2026-04-09T06:33:33.337864+00:00,Operator C,S23,4g,ANON_IMSI_C1,4234739882
2026-04-09T06:38:37.544005+00:00,Operator C,S23,4g,ANON_IMSI_C1,3307386835
2026-04-09T06:39:02.542150+00:00,Operator C,S23,4g,ANON_IMSI_C1,3307386835
2026-04-09T06:44:05.713603+00:00,Operator C,S23,4g,ANON_IMSI_C1,3896034110
2026-04-09T06:44:30.715640+00:00,Operator C,S23,4g,ANON_IMSI_C1,3896034110
2026-04-09T06:49:40.926029+00:00,Operator C,S23,4g,ANON_IMSI_C1,3590947200
2026-04-09T06:55:10.818461+00:00,Operator C,S23,4g,ANON_IMSI_C1,3391553372
2026-04-09T06:55:35.826563+00:00,Operator C,S23,4g,ANON_IMSI_C1,3391553372
2026-04-09T07:05:58.940238+00:00,Operator C,S23,4g,ANON_IMSI_C1,3424158618
2026-04-09T07:06:23.946096+00:00,Operator C,S23,4g,ANON_IMSI_C1,3424158618
2026-04-09T07:06:38.857974+00:00,Operator C,S23,4g,ANON_IMSI_C1,3424158618
2026-04-09T07:11:32.941604+00:00,Operator C,S23,4g,ANON_IMSI_C1,4179487087
2026-04-09T07:12:09.977493+00:00,Operator C,S23,4g,ANON_IMSI_C1,4179487087
2026-04-09T07:17:01.403267+00:00,Operator C,S23,4g,ANON_IMSI_C1,3362853022
2026-04-09T07:17:26.753265+00:00,Operator C,S23,4g,ANON_IMSI_C1,3362853022
2026-04-09T07:22:30.936299+00:00,Operator C,S23,4g,ANON_IMSI_C1,4094676258
2026-04-09T07:22:56.068882+00:00,Operator C,S23,4g,ANON_IMSI_C1,4094676258
2026-04-09T07:27:59.309525+00:00,Operator C,S23,4g,ANON_IMSI_C1,3816746869
2026-04-09T07:28:24.325422+00:00,Operator C,S23,4g,ANON_IMSI_C1,3816746869
2026-04-09T07:33:41.676505+00:00,Operator C,S23,4g,ANON_IMSI_C1,3424150106
2026-04-09T07:34:06.684510+00:00,Operator C,S23,4g,ANON_IMSI_C1,3424150106
2026-04-09T07:44:28.826652+00:00,Operator C,S23,4g,ANON_IMSI_C1,3446516187
2026-04-09T07:44:40.528592+00:00,Operator C,S23,4g,ANON_IMSI_C1,3446516187
2026-04-09T07:49:59.570228+00:00,Operator C,S23,4g,ANON_IMSI_C1,3812741429
2026-04-09T07:50:24.596017+00:00,Operator C,S23,4g,ANON_IMSI_C1,3812741429
2026-04-09T07:55:25.399129+00:00,Operator C,S23,4g,ANON_IMSI_C1,3547691077
2026-04-09T07:55:50.435068+00:00,Operator C,S23,4g,ANON_IMSI_C1,3547691077
2026-04-09T08:00:57.508109+00:00,Operator C,S23,4g,ANON_IMSI_C1,4262935784
2026-04-09T08:01:22.532963+00:00,Operator C,S23,4g,ANON_IMSI_C1,4262935784
2026-04-09T08:06:35.237904+00:00,Operator C,S23,4g,ANON_IMSI_C1,3540913797
2026-04-09T08:11:49.644317+00:00,Operator C,S23,4g,ANON_IMSI_C1,3982354811
2026-04-09T08:12:14.656321+00:00,Operator C,S23,4g,ANON_IMSI_C1,3982354811
2026-04-09T08:17:21.831626+00:00,Operator C,S23,4g,ANON_IMSI_C1,3743033033
2026-04-09T08:17:46.841658+00:00,Operator C,S23,4g,ANON_IMSI_C1,3743033033
2026-04-09T08:22:49.503685+00:00,Operator C,S23,4g,ANON_IMSI_C1,4151052961
2026-04-09T08:23:14.537617+00:00,Operator C,S23,4g,ANON_IMSI_C1,4151052961
2026-04-09T08:28:20.341281+00:00,Operator C,S23,4g,ANON_IMSI_C1,3830418866
2026-04-09T08:28:45.351242+00:00,Operator C,S23,4g,ANON_IMSI_C1,3830418866
2026-04-09T08:33:44.197777+00:00,Operator C,S23,4g,ANON_IMSI_C1,3491827846
2026-04-09T08:34:09.195699+00:00,Operator C,S23,4g,ANON_IMSI_C1,3491827846
2026-04-09T08:39:27.786288+00:00,Operator C,S23,4g,ANON_IMSI_C1,3726477704
2026-04-09T08:44:55.687746+00:00,Operator C,S23,4g,ANON_IMSI_C1,3708198795
2026-04-09T08:45:20.553885+00:00,Operator C,S23,4g,ANON_IMSI_C1,3708198795
2026-04-09T08:50:11.118224+00:00,Operator C,S23,4g,ANON_IMSI_C1,3678326541
2026-04-09T08:50:36.120366+00:00,Operator C,S23,4g,ANON_IMSI_C1,3678326541
2026-04-09T08:55:47.116863+00:00,Operator C,S23,4g,ANON_IMSI_C1,3394789980
2026-04-09T08:56:12.114941+00:00,Operator C,S23,4g,ANON_IMSI_C1,3394789980
2026-04-09T09:01:14.137773+00:00,Operator C,S23,4g,ANON_IMSI_C1,3897527742
2026-04-09T09:01:39.147748+00:00,Operator C,S23,4g,ANON_IMSI_C1,3897527742
2026-04-09T09:06:37.331637+00:00,Operator C,S23,4g,ANON_IMSI_C1,4245689003
2026-04-09T09:07:02.327486+00:00,Operator C,S23,4g,ANON_IMSI_C1,4245689003
2026-04-09T09:12:06.286134+00:00,Operator C,S23,4g,ANON_IMSI_C1,4145272097
2026-04-09T09:12:31.405008+00:00,Operator C,S23,4g,ANON_IMSI_C1,4145272097
2026-04-09T09:17:31.344460+00:00,Operator C,S23,4g,ANON_IMSI_C1,3828760306
2026-04-09T09:17:56.412433+00:00,Operator C,S23,4g,ANON_IMSI_C1,3828760306
2026-04-09T09:18:09.854491+00:00,Operator C,S23,4g,ANON_IMSI_C1,3828760306
2026-04-09T09:23:12.563374+00:00,Operator C,S23,4g,ANON_IMSI_C1,3475034905
2026-04-09T09:23:37.575475+00:00,Operator C,S23,4g,ANON_IMSI_C1,3475034905
2026-04-09T09:28:33.729124+00:00,Operator C,S23,4g,ANON_IMSI_C1,4217755949
2026-04-09T09:28:58.735083+00:00,Operator C,S23,4g,ANON_IMSI_C1,4217755949
2026-04-09T09:39:33.707712+00:00,Operator C,S23,4g,ANON_IMSI_C1,3980092539
2026-04-09T09:39:58.703867+00:00,Operator C,S23,4g,ANON_IMSI_C1,3980092539
2026-04-09T09:49:32.697967+00:00,Operator C,S23,4g,ANON_IMSI_C1,4083092645
2026-04-09T10:05:52.527555+00:00,Operator C,S23,4g,ANON_IMSI_C1,4216105965
2026-04-09T10:06:17.535426+00:00,Operator C,S23,4g,ANON_IMSI_C1,4216105965
2026-04-09T10:11:22.902610+00:00,Operator C,S23,4g,ANON_IMSI_C1,4195207468
2026-04-09T10:11:47.448470+00:00,Operator C,S23,4g,ANON_IMSI_C1,4195207468
2026-04-09T10:38:46.996658+00:00,Operator C,S23,4g,ANON_IMSI_C1,3476387929
2026-04-09T10:39:11.994617+00:00,Operator C,S23,4g,ANON_IMSI_C1,3476387929
2026-04-09T10:44:15.886225+00:00,Operator C,S23,4g,ANON_IMSI_C1,4135208480
2026-04-09T10:44:40.900137+00:00,Operator C,S23,4g,ANON_IMSI_C1,4135208480
2026-04-09T10:49:43.129200+00:00,Operator C,S23,4g,ANON_IMSI_C1,3813872821
2026-04-09T10:50:00.595116+00:00,Operator C,S23,4g,ANON_IMSI_C1,3813872821
2026-04-09T10:55:14.582492+00:00,Operator C,S23,4g,ANON_IMSI_C1,4146824609
2026-04-09T10:55:39.602471+00:00,Operator C,S23,4g,ANON_IMSI_C1,4146824609
2026-04-09T11:06:11.230213+00:00,Operator C,S23,4g,ANON_IMSI_C1,3308351571
2026-04-09T11:06:25.974233+00:00,Operator C,S23,4g,ANON_IMSI_C1,3308351571
2026-04-09T11:11:47.187698+00:00,Operator C,S23,4g,ANON_IMSI_C1,3373347039
2026-04-09T11:12:12.193661+00:00,Operator C,S23,4g,ANON_IMSI_C1,3373347039
2026-04-09T11:17:08.328947+00:00,Operator C,S23,4g,ANON_IMSI_C1,3508812487
2026-04-09T11:17:33.332922+00:00,Operator C,S23,4g,ANON_IMSI_C1,3508812487
2026-04-09T11:23:03.370837+00:00,Operator C,S23,4g,ANON_IMSI_C1,3808738293
2026-04-09T11:28:07.573348+00:00,Operator C,S23,4g,ANON_IMSI_C1,3325344720
2026-04-09T11:28:30.689296+00:00,Operator C,S23,4g,ANON_IMSI_C1,3325344720
2026-04-09T11:33:38.481672+00:00,Operator C,S23,4g,ANON_IMSI_C1,4219094573
2026-04-09T11:34:03.497597+00:00,Operator C,S23,4g,ANON_IMSI_C1,4219094573
2026-04-09T11:39:27.949475+00:00,Operator C,S23,4g,ANON_IMSI_C1,3996498424
2026-04-09T11:44:40.203210+00:00,Operator C,S23,4g,ANON_IMSI_C1,3646299791
2026-04-09T11:45:05.221922+00:00,Operator C,S23,4g,ANON_IMSI_C1,3646299791
2026-04-09T11:50:18.778868+00:00,Operator C,S23,4g,ANON_IMSI_C1,3394367836
2026-04-09T11:55:31.734044+00:00,Operator C,S23,4g,ANON_IMSI_C1,3662193612
2026-04-09T11:55:55.019988+00:00,Operator C,S23,4g,ANON_IMSI_C1,3662193612
2026-04-09T12:23:01.022918+00:00,Operator C,S23,4g,ANON_IMSI_C1,4029796646
2026-04-09T12:23:26.012929+00:00,Operator C,S23,4g,ANON_IMSI_C1,4029796646
2026-04-09T12:39:25.988309+00:00,Operator C,S23,4g,ANON_IMSI_C1,4213628717
2026-04-09T12:39:51.000323+00:00,Operator C,S23,4g,ANON_IMSI_C1,4213628717
2026-04-09T12:44:55.674205+00:00,Operator C,S23,4g,ANON_IMSI_C1,4048018727
2026-04-09T12:45:20.796878+00:00,Operator C,S23,4g,ANON_IMSI_C1,4048018727
2026-04-09T12:50:19.491381+00:00,Operator C,S23,4g,ANON_IMSI_C1,3933535100
2026-04-09T12:50:43.763409+00:00,Operator C,S23,4g,ANON_IMSI_C1,3933535100
2026-04-09T13:06:58.659540+00:00,Operator C,S23,4g,ANON_IMSI_C1,3850225971
2026-04-09T13:07:23.693595+00:00,Operator C,S23,4g,ANON_IMSI_C1,3850225971
2026-04-09T13:17:42.303675+00:00,Operator C,S23,4g,ANON_IMSI_C1,3628383182
2026-04-09T13:18:07.295990+00:00,Operator C,S23,4g,ANON_IMSI_C1,3628383182
2026-04-09T13:18:17.884049+00:00,Operator C,S23,4g,ANON_IMSI_C1,3628383182
2026-04-09T13:34:32.736009+00:00,Operator C,S23,4g,ANON_IMSI_C1,3395871580
2026-04-09T13:40:01.401434+00:00,Operator C,S23,4g,ANON_IMSI_C1,3528776452
2026-04-09T13:45:10.924141+00:00,Operator C,S23,4g,ANON_IMSI_C1,4034850662
2026-04-09T13:45:35.932236+00:00,Operator C,S23,4g,ANON_IMSI_C1,4034850662
2026-04-09T14:01:51.265933+00:00,Operator C,S23,4g,ANON_IMSI_C1,3895149630
2026-04-09T14:07:08.056865+00:00,Operator C,S23,4g,ANON_IMSI_C1,3530560132
2026-04-09T14:07:33.060868+00:00,Operator C,S23,4g,ANON_IMSI_C1,3530560132
2026-04-09T14:12:46.610479+00:00,Operator C,S23,4g,ANON_IMSI_C1,3714051403
2026-04-09T14:34:26.448394+00:00,Operator C,S23,4g,ANON_IMSI_C1,3511618695
2026-04-09T14:34:49.720534+00:00,Operator C,S23,4g,ANON_IMSI_C1,3511618695
2026-04-09T14:39:52.451445+00:00,Operator C,S23,4g,ANON_IMSI_C1,3775496631
2026-04-09T14:40:17.455622+00:00,Operator C,S23,4g,ANON_IMSI_C1,3775496631
2026-04-09T14:45:57.635986+00:00,Operator C,S23,4g,ANON_IMSI_C1,3997225784
2026-04-09T14:56:22.464565+00:00,Operator C,S23,4g,ANON_IMSI_C1,3344118993
2026-04-09T14:56:34.628589+00:00,Operator C,S23,4g,ANON_IMSI_C1,3344118993
2026-04-09T15:07:15.930280+00:00,Operator C,S23,4g,ANON_IMSI_C1,3511206663
2026-04-09T15:07:40.966013+00:00,Operator C,S23,4g,ANON_IMSI_C1,3511206663
2026-04-09T15:12:46.808507+00:00,Operator C,S23,4g,ANON_IMSI_C1,4081846949
2026-04-09T15:13:11.812347+00:00,Operator C,S23,4g,ANON_IMSI_C1,4081846949
2026-04-09T15:18:20.694351+00:00,Operator C,S23,4g,ANON_IMSI_C1,4079155045
2026-04-09T15:23:46.117508+00:00,Operator C,S23,4g,ANON_IMSI_C1,3375320095
2026-04-09T15:24:11.123397+00:00,Operator C,S23,4g,ANON_IMSI_C1,3375320095
2026-04-09T15:35:08.677428+00:00,Operator C,S23,4g,ANON_IMSI_C1,4099598178
2026-04-09T15:40:07.103659+00:00,Operator C,S23,4g,ANON_IMSI_C1,3948058557
2026-04-09T15:40:32.111687+00:00,Operator C,S23,4g,ANON_IMSI_C1,3948058557
2026-04-09T15:45:34.998776+00:00,Operator C,S23,4g,ANON_IMSI_C1,3897066430
2026-04-09T15:46:00.002759+00:00,Operator C,S23,4g,ANON_IMSI_C1,3897066430
2026-04-09T15:51:09.398370+00:00,Operator C,S23,4g,ANON_IMSI_C1,3339380561
2026-04-09T15:51:26.204327+00:00,Operator C,S23,4g,ANON_IMSI_C1,3339380561
2026-04-09T15:56:52.604921+00:00,Operator C,S23,4g,ANON_IMSI_C1,3912843327
2026-04-09T16:02:07.235969+00:00,Operator C,S23,4g,ANON_IMSI_C1,3979895419
2026-04-09T16:02:31.039961+00:00,Operator C,S23,4g,ANON_IMSI_C1,3979895419
2026-04-09T16:07:43.307736+00:00,Operator C,S23,4g,ANON_IMSI_C1,3344126993
2026-04-09T16:08:08.331679+00:00,Operator C,S23,4g,ANON_IMSI_C1,3344126993
2026-04-09T16:23:56.832129+00:00,Operator C,S23,4g,ANON_IMSI_C1,3355769694
2026-04-09T16:24:21.838174+00:00,Operator C,S23,4g,ANON_IMSI_C1,3355769694
2026-04-09T16:29:35.437134+00:00,Operator C,S23,4g,ANON_IMSI_C1,3765870518
2026-04-09T16:30:00.469164+00:00,Operator C,S23,4g,ANON_IMSI_C1,3765870518
2026-04-09T16:35:03.545516+00:00,Operator C,S23,4g,ANON_IMSI_C1,3529519812
2026-04-09T16:35:28.577437+00:00,Operator C,S23,4g,ANON_IMSI_C1,3529519812
2026-04-09T16:40:28.110133+00:00,Operator C,S23,4g,ANON_IMSI_C1,3732836232
2026-04-09T16:40:53.116064+00:00,Operator C,S23,4g,ANON_IMSI_C1,3732836232
2026-04-09T16:56:51.712844+00:00,Operator C,S23,4g,ANON_IMSI_C1,4201690092
2026-04-09T16:57:16.724863+00:00,Operator C,S23,4g,ANON_IMSI_C1,4201690092
2026-04-09T17:13:22.033794+00:00,Operator C,S23,4g,ANON_IMSI_C1,3542639173
2026-04-09T17:13:36.735791+00:00,Operator C,S23,4g,ANON_IMSI_C1,3542639173
2026-04-09T17:35:42.640760+00:00,Operator C,S23,4g,ANON_IMSI_C1,3993575672
2026-04-09T17:46:14.910215+00:00,Operator C,S23,4g,ANON_IMSI_C1,3693774730
2026-04-09T17:46:39.908112+00:00,Operator C,S23,4g,ANON_IMSI_C1,3693774730
2026-04-09T17:52:03.242264+00:00,Operator C,S23,4g,ANON_IMSI_C1,3916856959
2026-04-09T17:57:12.996675+00:00,Operator C,S23,4g,ANON_IMSI_C1,3897626814
2026-04-09T17:57:37.992867+00:00,Operator C,S23,4g,ANON_IMSI_C1,3897626814
2026-04-09T18:02:41.187444+00:00,Operator C,S23,4g,ANON_IMSI_C1,3543159301
2026-04-09T18:03:06.191534+00:00,Operator C,S23,4g,ANON_IMSI_C1,3543159301
2026-04-09T18:08:46.618383+00:00,Operator C,S23,4g,ANON_IMSI_C1,4265280680
2026-04-09T18:19:07.417331+00:00,Operator C,S23,4g,ANON_IMSI_C1,3592467392
2026-04-09T18:19:32.419261+00:00,Operator C,S23,4g,ANON_IMSI_C1,3592467392
2026-04-09T18:30:18.292790+00:00,Operator C,S23,4g,ANON_IMSI_C1,3288560722
2026-04-09T18:35:32.550471+00:00,Operator C,S23,4g,ANON_IMSI_C1,4130378656
2026-04-09T18:35:57.554301+00:00,Operator C,S23,4g,ANON_IMSI_C1,4130378656
2026-04-09T18:41:25.438145+00:00,Operator C,S23,4g,ANON_IMSI_C1,4114104867
2026-04-09T18:46:30.282948+00:00,Operator C,S23,4g,ANON_IMSI_C1,3847344435
2026-04-09T19:03:13.885806+00:00,Operator C,S23,4g,ANON_IMSI_C1,3747680393
2026-04-09T19:13:54.333070+00:00,Operator C,S23,4g,ANON_IMSI_C1,3375527519
2026-04-09T19:14:19.339057+00:00,Operator C,S23,4g,ANON_IMSI_C1,3375527519
2026-04-09T19:30:32.898399+00:00,Operator C,S23,4g,ANON_IMSI_C1,4178984687
2026-04-09T19:30:57.902295+00:00,Operator C,S23,4g,ANON_IMSI_C1,4178984687
2026-04-09T19:36:00.021016+00:00,Operator C,S23,4g,ANON_IMSI_C1,3776496439
2026-04-09T19:36:25.075175+00:00,Operator C,S23,4g,ANON_IMSI_C1,3776496439
2026-04-09T19:41:17.315047+00:00,Operator C,S23,4g,ANON_IMSI_C1,4265734504
2026-04-09T19:41:42.320938+00:00,Operator C,S23,4g,ANON_IMSI_C1,4265734504
2026-04-09T19:52:11.399670+00:00,Operator C,S23,4g,ANON_IMSI_C1,3262810004
2026-04-09T19:52:36.401622+00:00,Operator C,S23,4g,ANON_IMSI_C1,3262810004
2026-04-09T19:57:46.138015+00:00,Operator C,S23,4g,ANON_IMSI_C1,3607915073
2026-04-09T19:58:11.162032+00:00,Operator C,S23,4g,ANON_IMSI_C1,3607915073
2026-04-09T20:08:40.868976+00:00,Operator C,S23,4g,ANON_IMSI_C1,3881073265
2026-04-09T20:09:05.131171+00:00,Operator C,S23,4g,ANON_IMSI_C1,3881073265
2026-04-09T20:19:38.792044+00:00,Operator C,S23,4g,ANON_IMSI_C1,3743470345
2026-04-09T20:20:03.794138+00:00,Operator C,S23,4g,ANON_IMSI_C1,3743470345
2026-04-09T20:30:41.793114+00:00,Operator C,S23,4g,ANON_IMSI_C1,3796971764
2026-04-09T20:31:06.803303+00:00,Operator C,S23,4g,ANON_IMSI_C1,3796971764
2026-04-09T20:36:05.659258+00:00,Operator C,S23,4g,ANON_IMSI_C1,3392633948
2026-04-09T20:36:30.701201+00:00,Operator C,S23,4g,ANON_IMSI_C1,3392633948
2026-04-09T20:47:06.763263+00:00,Operator C,S23,4g,ANON_IMSI_C1,3474349593
2026-04-09T20:47:31.767209+00:00,Operator C,S23,4g,ANON_IMSI_C1,3474349593
2026-04-09T20:52:30.168332+00:00,Operator C,S23,4g,ANON_IMSI_C1,3948478653
2026-04-09T20:52:55.170285+00:00,Operator C,S23,4g,ANON_IMSI_C1,3948478653
2026-04-09T21:14:23.221284+00:00,Operator C,S23,4g,ANON_IMSI_C1,3915271743
2026-04-09T21:14:48.223240+00:00,Operator C,S23,4g,ANON_IMSI_C1,3915271743
2026-04-09T21:25:35.481948+00:00,Operator C,S23,4g,ANON_IMSI_C1,3478625689
2026-04-09T21:26:00.497745+00:00,Operator C,S23,4g,ANON_IMSI_C1,3478625689
2026-04-09T21:30:53.314313+00:00,Operator C,S23,4g,ANON_IMSI_C1,3428302298
2026-04-09T21:31:18.316082+00:00,Operator C,S23,4g,ANON_IMSI_C1,3428302298
2026-04-09T21:36:17.785033+00:00,Operator C,S23,4g,ANON_IMSI_C1,4097079906
2026-04-09T21:36:42.787029+00:00,Operator C,S23,4g,ANON_IMSI_C1,4097079906
2026-04-09T21:41:50.595199+00:00,Operator C,S23,4g,ANON_IMSI_C1,4279853161
2026-04-09T21:47:16.424385+00:00,Operator C,S23,4g,ANON_IMSI_C1,3628473998
2026-04-09T21:47:41.428341+00:00,Operator C,S23,4g,ANON_IMSI_C1,3628473998
2026-04-09T21:52:44.632507+00:00,Operator C,S23,4g,ANON_IMSI_C1,4264933864
2026-04-09T21:53:09.634572+00:00,Operator C,S23,4g,ANON_IMSI_C1,4264933864
2026-04-09T21:58:13.760426+00:00,Operator C,S23,4g,ANON_IMSI_C1,4063674340
2026-04-09T21:58:38.764375+00:00,Operator C,S23,4g,ANON_IMSI_C1,4063674340
2026-04-09T22:03:41.914421+00:00,Operator C,S23,4g,ANON_IMSI_C1,3376352415
2026-04-09T22:04:06.916374+00:00,Operator C,S23,4g,ANON_IMSI_C1,3376352415
2026-04-09T22:09:10.957332+00:00,Operator C,S23,4g,ANON_IMSI_C1,3747721673
2026-04-09T22:09:35.980903+00:00,Operator C,S23,4g,ANON_IMSI_C1,3747721673
2026-04-09T22:14:39.843569+00:00,Operator C,S23,4g,ANON_IMSI_C1,4280877225
2026-04-09T22:15:04.867593+00:00,Operator C,S23,4g,ANON_IMSI_C1,4280877225
2026-04-09T22:20:08.158993+00:00,Operator C,S23,4g,ANON_IMSI_C1,3373123871
2026-04-09T22:20:33.220976+00:00,Operator C,S23,4g,ANON_IMSI_C1,3373123871
2026-04-09T22:25:36.111101+00:00,Operator C,S23,4g,ANON_IMSI_C1,3558764098
2026-04-09T22:26:01.115359+00:00,Operator C,S23,4g,ANON_IMSI_C1,3558764098
2026-04-09T22:31:17.022813+00:00,Operator C,S23,4g,ANON_IMSI_C1,3596297408
2026-04-09T22:31:42.026932+00:00,Operator C,S23,4g,ANON_IMSI_C1,3596297408
2026-04-09T22:36:42.134870+00:00,Operator C,S23,4g,ANON_IMSI_C1,3408082141
2026-04-09T22:37:05.690868+00:00,Operator C,S23,4g,ANON_IMSI_C1,3408082141
2026-04-09T22:47:50.740374+00:00,Operator C,S23,4g,ANON_IMSI_C1,4247447403
2026-04-09T22:53:04.533444+00:00,Operator C,S23,4g,ANON_IMSI_C1,4067051044
2026-04-09T22:53:29.535425+00:00,Operator C,S23,4g,ANON_IMSI_C1,4067051044
2026-04-09T22:58:32.849315+00:00,Operator C,S23,4g,ANON_IMSI_C1,3747325385
2026-04-09T22:58:57.486685+00:00,Operator C,S23,4g,ANON_IMSI_C1,3747325385
2026-04-09T23:03:57.989167+00:00,Operator C,S23,4g,ANON_IMSI_C1,3724992264
2026-04-09T23:04:22.992869+00:00,Operator C,S23,4g,ANON_IMSI_C1,3724992264
2026-04-09T23:09:27.085013+00:00,Operator C,S23,4g,ANON_IMSI_C1,3245388759
2026-04-09T23:09:52.088965+00:00,Operator C,S23,4g,ANON_IMSI_C1,3245388759
2026-04-09T23:15:03.586007+00:00,Operator C,S23,4g,ANON_IMSI_C1,3524754500
2026-04-09T23:20:22.247506+00:00,Operator C,S23,4g,ANON_IMSI_C1,4127809632
2026-04-09T23:20:47.263438+00:00,Operator C,S23,4g,ANON_IMSI_C1,4127809632
2026-04-09T23:25:51.078122+00:00,Operator C,S23,4g,ANON_IMSI_C1,3783241207
2026-04-09T23:26:10.962114+00:00,Operator C,S23,4g,ANON_IMSI_C1,3783241207
2026-04-09T23:31:26.010804+00:00,Operator C,S23,4g,ANON_IMSI_C1,3544067781
2026-04-09T23:31:51.026710+00:00,Operator C,S23,4g,ANON_IMSI_C1,3544067781
2026-04-09T23:37:02.683544+00:00,Operator C,S23,4g,ANON_IMSI_C1,3322932560
2026-04-09T23:37:27.687745+00:00,Operator C,S23,4g,ANON_IMSI_C1,3322932560
2026-04-09T23:42:18.725193+00:00,Operator C,S23,4g,ANON_IMSI_C1,4033273638
2026-04-09T23:42:43.723242+00:00,Operator C,S23,4g,ANON_IMSI_C1,4033273638
2026-04-09T23:47:47.679442+00:00,Operator C,S23,4g,ANON_IMSI_C1,3710419851
2026-04-09T23:48:12.683399+00:00,Operator C,S23,4g,ANON_IMSI_C1,3710419851
2026-04-09T23:53:16.724099+00:00,Operator C,S23,4g,ANON_IMSI_C1,3511305735
2026-04-09T23:53:41.728130+00:00,Operator C,S23,4g,ANON_IMSI_C1,3511305735
2026-04-09T23:58:45.020116+00:00,Operator C,S23,4g,ANON_IMSI_C1,3761493302
2026-04-09T23:59:10.016122+00:00,Operator C,S23,4g,ANON_IMSI_C1,3761493302
2026-04-10T00:04:19.078138+00:00,Operator C,S23,4g,ANON_IMSI_C1,3309028627
2026-04-10T00:04:44.074158+00:00,Operator C,S23,4g,ANON_IMSI_C1,3309028627
2026-04-10T00:09:41.864543+00:00,Operator C,S23,4g,ANON_IMSI_C1,3292903890
2026-04-10T00:10:06.880803+00:00,Operator C,S23,4g,ANON_IMSI_C1,3292903890
2026-04-10T00:15:15.919847+00:00,Operator C,S23,4g,ANON_IMSI_C1,3226034262
2026-04-10T00:15:52.958179+00:00,Operator C,S23,4g,ANON_IMSI_C1,3226034262
2026-04-10T00:20:40.300959+00:00,Operator C,S23,4g,ANON_IMSI_C1,3994508344
2026-04-10T00:21:05.317045+00:00,Operator C,S23,4g,ANON_IMSI_C1,3994508344
2026-04-10T00:26:14.323182+00:00,Operator C,S23,4g,ANON_IMSI_C1,3863032048
2026-04-10T00:26:37.605231+00:00,Operator C,S23,4g,ANON_IMSI_C1,3863032048
2026-04-10T00:31:56.809324+00:00,Operator C,S23,4g,ANON_IMSI_C1,4116185763
2026-04-10T00:37:12.853129+00:00,Operator C,S23,4g,ANON_IMSI_C1,3573683843
2026-04-10T00:42:55.143978+00:00,Operator C,S23,4g,ANON_IMSI_C1,4017717689
2026-04-10T00:48:19.086653+00:00,Operator C,S23,4g,ANON_IMSI_C1,3675056973
2026-04-10T00:48:44.102637+00:00,Operator C,S23,4g,ANON_IMSI_C1,3675056973
2026-04-10T00:53:35.243231+00:00,Operator C,S23,4g,ANON_IMSI_C1,3777056823
2026-04-10T00:54:00.247211+00:00,Operator C,S23,4g,ANON_IMSI_C1,3777056823
2026-04-10T00:59:05.512453+00:00,Operator C,S23,4g,ANON_IMSI_C1,3981521147
2026-04-10T00:59:30.528435+00:00,Operator C,S23,4g,ANON_IMSI_C1,3981521147
2026-04-10T01:04:34.986240+00:00,Operator C,S23,4g,ANON_IMSI_C1,3380026527
2026-04-10T01:04:49.950215+00:00,Operator C,S23,4g,ANON_IMSI_C1,3380026527
2026-04-10T01:10:03.975949+00:00,Operator C,S23,4g,ANON_IMSI_C1,3238733015
2026-04-10T01:10:28.971961+00:00,Operator C,S23,4g,ANON_IMSI_C1,3238733015
2026-04-10T01:21:01.270079+00:00,Operator C,S23,4g,ANON_IMSI_C1,3761633654
2026-04-10T01:21:26.267975+00:00,Operator C,S23,4g,ANON_IMSI_C1,3761633654
2026-04-10T01:26:38.601126+00:00,Operator C,S23,4g,ANON_IMSI_C1,3542399941
2026-04-10T01:31:59.194738+00:00,Operator C,S23,4g,ANON_IMSI_C1,3916765375
2026-04-10T01:32:22.610696+00:00,Operator C,S23,4g,ANON_IMSI_C1,3916765375
2026-04-10T01:37:28.214710+00:00,Operator C,S23,4g,ANON_IMSI_C1,3313001043
2026-04-10T01:38:05.250639+00:00,Operator C,S23,4g,ANON_IMSI_C1,3313001043
2026-04-10T01:42:51.371889+00:00,Operator C,S23,4g,ANON_IMSI_C1,4231082218
2026-04-10T01:43:22.689836+00:00,Operator C,S23,4g,ANON_IMSI_C1,4231082218
2026-04-10T01:48:28.061686+00:00,Operator C,S23,4g,ANON_IMSI_C1,3447407643
2026-04-10T01:48:53.065734+00:00,Operator C,S23,4g,ANON_IMSI_C1,3447407643
2026-04-10T01:54:00.835792+00:00,Operator C,S23,4g,ANON_IMSI_C1,3967444602
2026-04-10T01:54:25.839483+00:00,Operator C,S23,4g,ANON_IMSI_C1,3967444602
2026-04-10T02:04:59.962860+00:00,Operator C,S23,4g,ANON_IMSI_C1,3424670234
2026-04-10T02:05:24.986660+00:00,Operator C,S23,4g,ANON_IMSI_C1,3424670234
2026-04-10T02:16:01.162925+00:00,Operator C,S23,4g,ANON_IMSI_C1,3709131531
2026-04-10T02:16:26.160807+00:00,Operator C,S23,4g,ANON_IMSI_C1,3709131531
2026-04-10T02:21:30.116426+00:00,Operator C,S23,4g,ANON_IMSI_C1,4050074855
2026-04-10T02:21:55.114490+00:00,Operator C,S23,4g,ANON_IMSI_C1,4050074855
2026-04-10T02:27:05.385142+00:00,Operator C,S23,4g,ANON_IMSI_C1,3259588692
2026-04-10T02:32:17.157565+00:00,Operator C,S23,4g,ANON_IMSI_C1,3563651202
2026-04-10T02:32:42.161669+00:00,Operator C,S23,4g,ANON_IMSI_C1,3563651202
2026-04-10T02:37:46.016348+00:00,Operator C,S23,4g,ANON_IMSI_C1,3530633412
2026-04-10T02:38:23.060525+00:00,Operator C,S23,4g,ANON_IMSI_C1,3530633412
2026-04-10T02:43:16.284106+00:00,Operator C,S23,4g,ANON_IMSI_C1,3928151868
2026-04-10T02:43:41.280149+00:00,Operator C,S23,4g,ANON_IMSI_C1,3928151868
2026-04-10T02:48:44.053190+00:00,Operator C,S23,4g,ANON_IMSI_C1,3444022683
2026-04-10T02:49:09.069236+00:00,Operator C,S23,4g,ANON_IMSI_C1,3444022683
2026-04-10T02:54:11.806969+00:00,Operator C,S23,4g,ANON_IMSI_C1,3847575603
2026-04-10T02:54:36.868898+00:00,Operator C,S23,4g,ANON_IMSI_C1,3847575603
2026-04-10T02:59:35.084829+00:00,Operator C,S23,4g,ANON_IMSI_C1,4149385121
2026-04-10T03:00:00.108550+00:00,Operator C,S23,4g,ANON_IMSI_C1,4149385121
2026-04-10T03:05:09.123978+00:00,Operator C,S23,4g,ANON_IMSI_C1,3375420191
2026-04-10T03:05:34.125834+00:00,Operator C,S23,4g,ANON_IMSI_C1,3375420191
2026-04-10T03:10:36.115078+00:00,Operator C,S23,4g,ANON_IMSI_C1,3358783326
2026-04-10T03:11:01.118915+00:00,Operator C,S23,4g,ANON_IMSI_C1,3358783326
2026-04-10T03:16:06.926921+00:00,Operator C,S23,4g,ANON_IMSI_C1,3830047090
2026-04-10T03:16:31.922857+00:00,Operator C,S23,4g,ANON_IMSI_C1,3830047090
2026-04-10T03:21:42.279780+00:00,Operator C,S23,4g,ANON_IMSI_C1,3641543055
2026-04-10T03:22:07.301716+00:00,Operator C,S23,4g,ANON_IMSI_C1,3641543055
2026-04-10T03:27:08.193160+00:00,Operator C,S23,4g,ANON_IMSI_C1,3849961779
2026-04-10T03:27:33.197116+00:00,Operator C,S23,4g,ANON_IMSI_C1,3849961779
2026-04-10T03:37:55.853998+00:00,Operator C,S23,4g,ANON_IMSI_C1,4015488121
2026-04-10T03:38:20.858037+00:00,Operator C,S23,4g,ANON_IMSI_C1,4015488121
2026-04-10T03:43:30.443189+00:00,Operator C,S23,4g,ANON_IMSI_C1,3729598664
2026-04-10T03:43:54.259200+00:00,Operator C,S23,4g,ANON_IMSI_C1,3729598664
2026-04-10T03:48:58.114358+00:00,Operator C,S23,4g,ANON_IMSI_C1,3560538498
2026-04-10T03:49:23.112260+00:00,Operator C,S23,4g,ANON_IMSI_C1,3560538498
2026-04-10T03:54:27.068283+00:00,Operator C,S23,4g,ANON_IMSI_C1,4115994787
2026-04-10T03:54:52.072169+00:00,Operator C,S23,4g,ANON_IMSI_C1,4115994787
2026-04-10T03:59:56.036522+00:00,Operator C,S23,4g,ANON_IMSI_C1,3810059125
2026-04-10T04:00:33.074394+00:00,Operator C,S23,4g,ANON_IMSI_C1,3810059125
2026-04-10T04:05:24.367040+00:00,Operator C,S23,4g,ANON_IMSI_C1,4148179681
2026-04-10T04:05:49.389106+00:00,Operator C,S23,4g,ANON_IMSI_C1,4148179681
2026-04-10T04:11:20.193894+00:00,Operator C,S23,4g,ANON_IMSI_C1,4067851876
2026-04-10T04:16:58.799914+00:00,Operator C,S23,4g,ANON_IMSI_C1,4045872295
2026-04-10T04:21:53.153055+00:00,Operator C,S23,4g,ANON_IMSI_C1,3678021325
2026-04-10T04:22:18.155031+00:00,Operator C,S23,4g,ANON_IMSI_C1,3678021325
2026-04-10T04:33:27.579296+00:00,Operator C,S23,4g,ANON_IMSI_C1,3613975361
2026-04-10T04:38:26.445174+00:00,Operator C,S23,4g,ANON_IMSI_C1,4114153635
2026-04-10T04:38:51.449026+00:00,Operator C,S23,4g,ANON_IMSI_C1,4114153635
2026-04-10T04:43:50.281659+00:00,Operator C,S23,4g,ANON_IMSI_C1,3476190809
2026-04-10T04:44:15.285534+00:00,Operator C,S23,4g,ANON_IMSI_C1,3476190809
2026-04-10T04:49:18.611182+00:00,Operator C,S23,4g,ANON_IMSI_C1,4112784035
2026-04-10T04:54:45.634210+00:00,Operator C,S23,4g,ANON_IMSI_C1,3764945846
2026-04-10T04:55:10.658225+00:00,Operator C,S23,4g,ANON_IMSI_C1,3764945846
2026-04-10T05:00:19.155851+00:00,Operator C,S23,4g,ANON_IMSI_C1,4163750190
2026-04-10T05:00:44.157809+00:00,Operator C,S23,4g,ANON_IMSI_C1,4163750190
2026-04-10T05:05:41.636299+00:00,Operator C,S23,4g,ANON_IMSI_C1,3447300571
2026-04-10T05:06:06.640247+00:00,Operator C,S23,4g,ANON_IMSI_C1,3447300571
2026-04-10T05:11:13.800753+00:00,Operator C,S23,4g,ANON_IMSI_C1,3358030942
2026-04-10T05:11:38.804648+00:00,Operator C,S23,4g,ANON_IMSI_C1,3358030942
2026-04-10T05:17:14.956840+00:00,Operator C,S23,4g,ANON_IMSI_C1,4265099816
2026-04-10T05:22:08.526156+00:00,Operator C,S23,4g,ANON_IMSI_C1,4078535077
2026-04-10T05:22:33.530118+00:00,Operator C,S23,4g,ANON_IMSI_C1,4078535077
2026-04-10T05:33:05.246134+00:00,Operator C,S23,4g,ANON_IMSI_C1,3797839476
2026-04-10T05:33:30.250198+00:00,Operator C,S23,4g,ANON_IMSI_C1,3797839476
2026-04-10T05:38:41.134829+00:00,Operator C,S23,4g,ANON_IMSI_C1,4000999032
2026-04-10T05:39:06.130823+00:00,Operator C,S23,4g,ANON_IMSI_C1,4000999032
2026-04-10T05:44:09.575929+00:00,Operator C,S23,4g,ANON_IMSI_C1,3794767284
2026-04-10T05:44:27.657950+00:00,Operator C,S23,4g,ANON_IMSI_C1,3794767284
2026-04-10T05:49:31.400007+00:00,Operator C,S23,4g,ANON_IMSI_C1,3305793107
2026-04-10T05:49:56.404108+00:00,Operator C,S23,4g,ANON_IMSI_C1,3305793107
2026-04-10T05:55:00.459283+00:00,Operator C,S23,4g,ANON_IMSI_C1,3730491144
2026-04-10T05:55:25.463152+00:00,Operator C,S23,4g,ANON_IMSI_C1,3730491144
2026-04-10T06:00:26.349629+00:00,Operator C,S23,4g,ANON_IMSI_C1,3809258485
2026-04-10T06:00:51.347627+00:00,Operator C,S23,4g,ANON_IMSI_C1,3809258485
2026-04-10T06:11:27.976911+00:00,Operator C,S23,4g,ANON_IMSI_C1,3308467411
2026-04-10T06:11:53.020761+00:00,Operator C,S23,4g,ANON_IMSI_C1,3308467411
2026-04-10T06:16:52.941374+00:00,Operator C,S23,4g,ANON_IMSI_C1,3843274227
2026-04-10T06:17:17.965390+00:00,Operator C,S23,4g,ANON_IMSI_C1,3843274227
2026-04-10T06:22:23.235581+00:00,Operator C,S23,4g,ANON_IMSI_C1,3977078907
2026-04-10T06:22:48.237586+00:00,Operator C,S23,4g,ANON_IMSI_C1,3977078907
2026-04-10T06:22:59.939541+00:00,Operator C,S23,4g,ANON_IMSI_C1,3977078907
2026-04-10T06:27:53.592903+00:00,Operator C,S23,4g,ANON_IMSI_C1,3309920339
2026-04-10T06:28:18.777860+00:00,Operator C,S23,4g,ANON_IMSI_C1,3309920339
2026-04-10T06:33:23.726449+00:00,Operator C,S23,4g,ANON_IMSI_C1,3494354310
2026-04-10T06:33:48.742477+00:00,Operator C,S23,4g,ANON_IMSI_C1,3494354310
2026-04-10T06:38:47.688572+00:00,Operator C,S23,4g,ANON_IMSI_C1,3897313854
2026-04-10T06:39:12.746659+00:00,Operator C,S23,4g,ANON_IMSI_C1,3897313854
2026-04-10T06:44:28.074870+00:00,Operator C,S23,4g,ANON_IMSI_C1,3999627384
2026-04-10T06:44:53.076918+00:00,Operator C,S23,4g,ANON_IMSI_C1,3999627384
2026-04-10T06:49:53.805067+00:00,Operator C,S23,4g,ANON_IMSI_C1,3646985103
2026-04-10T06:50:18.809000+00:00,Operator C,S23,4g,ANON_IMSI_C1,3646985103
2026-04-10T06:55:18.306735+00:00,Operator C,S23,4g,ANON_IMSI_C1,3848896947
2026-04-10T06:55:43.310663+00:00,Operator C,S23,4g,ANON_IMSI_C1,3848896947
2026-04-10T07:00:47.816975+00:00,Operator C,S23,4g,ANON_IMSI_C1,4282223017
2026-04-10T07:01:12.833309+00:00,Operator C,S23,4g,ANON_IMSI_C1,4282223017
2026-04-10T07:06:17.532406+00:00,Operator C,S23,4g,ANON_IMSI_C1,4282734633
2026-04-10T07:11:43.349547+00:00,Operator C,S23,4g,ANON_IMSI_C1,3326697552
2026-04-10T07:12:08.353584+00:00,Operator C,S23,4g,ANON_IMSI_C1,3326697552
