1776160138297078,1,0,ANON_5G_CON_IMSI_A0_03f41ae254bbc034abef25ac0e828182a5d1e20f123f3c384d8e894b21067f6bc27d6d7775027d206c29c8fbeec1
1776160148417047,2,0,ANON_5G_CON_IMSI_A0_03f41ae254bbc034abef25ac0e828182a5d1e20f123f3c384d8e894b21067f6bc27d6d7775027d206c29c8fbeec1
1776160158536978,3,0,ANON_5G_CON_IMSI_A0_03f41ae254bbc034abef25ac0e828182a5d1e20f123f3c384d8e894b21067f6bc27d6d7775027d206c29c8fbeec1
1776160477976357,1,0,ANON_5G_CON_IMSI_A0_037c6b4c7e6818781804dea5013c4f1ad8999cd8552701edeb119b4da9cc9c070db26bf94c633c73f3ea0eb8bf16
1776160488096290,2,0,ANON_5G_CON_IMSI_A0_037c6b4c7e6818781804dea5013c4f1ad8999cd8552701edeb119b4da9cc9c070db26bf94c633c73f3ea0eb8bf16
1776160806750714,1,0,ANON_5G_CON_IMSI_A0_0352212f6400a4004bd34e47f70a9a2b7440cb82ea2cf22fb2c0e20fc9a36ae91ab85496b7036fc96ff2316f5c13
1776160816870631,2,0,ANON_5G_CON_IMSI_A0_0352212f6400a4004bd34e47f70a9a2b7440cb82ea2cf22fb2c0e20fc9a36ae91ab85496b7036fc96ff2316f5c13
1776161135353336,1,0,ANON_5G_CON_IMSI_A0_03690af179e56a6aca09f59f7f14982557559a7edf12591d48ce847336b906ce3d9773b87303acfed0320794a770
1776161145473198,2,0,ANON_5G_CON_IMSI_A0_03690af179e56a6aca09f59f7f14982557559a7edf12591d48ce847336b906ce3d9773b87303acfed0320794a770
1776161464889033,1,0,ANON_5G_CON_IMSI_A0_036a48ab842a842284249de16f5b31d8b6ef3c60b4b4cf24fd783778e86e9f94b2287e1820c8fb3991d1b1d13e60
1776161475008763,2,0,ANON_5G_CON_IMSI_A0_036a48ab842a842284249de16f5b31d8b6ef3c60b4b4cf24fd783778e86e9f94b2287e1820c8fb3991d1b1d13e60
1776161792844897,1,0,ANON_5G_CON_IMSI_A0_0335271bfa83f56a14f5a18ece72f73cb19b75a240a53c5b16a2c5c5354a9c191921ebd1ed305712ab11c66a7564
1776161802964712,2,0,ANON_5G_CON_IMSI_A0_0335271bfa83f56a14f5a18ece72f73cb19b75a240a53c5b16a2c5c5354a9c191921ebd1ed305712ab11c66a7564
1776162122281623,1,0,ANON_5G_CON_IMSI_A0_0395fe1f7c3e684c7eb7cb78c90085a59186f26116616c16d83aa890b7dcd61e1601547fe402b22986860cf7ac56
1776162132401493,2,0,ANON_5G_CON_IMSI_A0_0395fe1f7c3e684c7eb7cb78c90085a59186f26116616c16d83aa890b7dcd61e1601547fe402b22986860cf7ac56
1776162174182728,1,0,ANON_5G_CON_IMSI_B0_8f5815d92d501902684c7d9c143049c991bd1970b396b4726e4cb41cb4c5090af24791ed2a7a11bf76e5efaaf4
1776162184362638,2,0,ANON_5G_CON_IMSI_B0_8f5815d92d501902684c7d9c143049c991bd1970b396b4726e4cb41cb4c5090af24791ed2a7a11bf76e5efaaf4
1776162194522730,3,0,ANON_5G_CON_IMSI_B0_8f5815d92d501902684c7d9c143049c991bd1970b396b4726e4cb41cb4c5090af24791ed2a7a11bf76e5efaaf4
1776162451463771,1,0,ANON_5G_CON_IMSI_A0_03757f116e9322cf462321556854ea26a97e0de06489ec2bd3613abc92743d09c6827cf5b7ae6d6f5a22d02f96d9
1776162461583711,2,0,ANON_5G_CON_IMSI_A0_03757f116e9322cf462321556854ea26a97e0de06489ec2bd3613abc92743d09c6827cf5b7ae6d6f5a22d02f96d9
1776162494296793,1,0,ANON_5G_CON_IMSI_B0_9c377d5a41107a0241cbdde7260d35b3a03c83521b036fc95d3e1bd95f1a6e0368b9ae8371da4aca90c76631fb
1776162504436694,2,0,ANON_5G_CON_IMSI_B0_9c377d5a41107a0241cbdde7260d35b3a03c83521b036fc95d3e1bd95f1a6e0368b9ae8371da4aca90c76631fb
1776162514576722,3,0,ANON_5G_CON_IMSI_B0_9c377d5a41107a0241cbdde7260d35b3a03c83521b036fc95d3e1bd95f1a6e0368b9ae8371da4aca90c76631fb
1776162524721660,4,0,ANON_5G_CON_IMSI_B0_9c377d5a41107a0241cbdde7260d35b3a03c83521b036fc95d3e1bd95f1a6e0368b9ae8371da4aca90c76631fb
1776162780101661,1,0,ANON_5G_CON_IMSI_A0_0317db90c8cd3d10271206adcb7cd4d9656532fd91698c25c574060e3af9ed5fd3afa7ad4a05ced7b00672a96bf7
1776162790221605,2,0,ANON_5G_CON_IMSI_A0_0317db90c8cd3d10271206adcb7cd4d9656532fd91698c25c574060e3af9ed5fd3afa7ad4a05ced7b00672a96bf7
1776162833436222,1,0,ANON_5G_CON_IMSI_B0_b1ded52a1753362d28da81aac21e371681f14bd4f859faacdad46308e740391596276085835e61d378e5d9dfd1
1776162844226087,2,0,ANON_5G_CON_IMSI_B0_b1ded52a1753362d28da81aac21e371681f14bd4f859faacdad46308e740391596276085835e61d378e5d9dfd1
1776162854451105,4,0,ANON_5G_CON_IMSI_B0_b1ded52a1753362d28da81aac21e371681f14bd4f859faacdad46308e740391596276085835e61d378e5d9dfd1
1776163108840369,1,0,ANON_5G_CON_IMSI_A0_03a75997808d4b629053e379acbda233f20b6cffb5faa71821dc11feb0f483e15d54c31ddd6694a61de792466820
1776163118960438,2,0,ANON_5G_CON_IMSI_A0_03a75997808d4b629053e379acbda233f20b6cffb5faa71821dc11feb0f483e15d54c31ddd6694a61de792466820
1776163140622588,1,0,ANON_5G_CON_IMSI_B0_e202715ca14d2c3d00623c63c36cf9351bda71e55c6deccda4b8e0a07fd7e96236391be1a538f4277e0ee18b69
1776163151182566,2,0,ANON_5G_CON_IMSI_B0_e202715ca14d2c3d00623c63c36cf9351bda71e55c6deccda4b8e0a07fd7e96236391be1a538f4277e0ee18b69
1776163161422662,3,0,ANON_5G_CON_IMSI_B0_e202715ca14d2c3d00623c63c36cf9351bda71e55c6deccda4b8e0a07fd7e96236391be1a538f4277e0ee18b69
1776163171667745,4,0,ANON_5G_CON_IMSI_B0_e202715ca14d2c3d00623c63c36cf9351bda71e55c6deccda4b8e0a07fd7e96236391be1a538f4277e0ee18b69
1776163181907836,5,0,ANON_5G_CON_IMSI_B0_e202715ca14d2c3d00623c63c36cf9351bda71e55c6deccda4b8e0a07fd7e96236391be1a538f4277e0ee18b69
1776163437101929,1,0,ANON_5G_CON_IMSI_A0_03acfa4662a36fd0ffbf43187e97107e375802dc11ddcd25c99d967c246fed46e433a07224c710d3c50cc74bc8fe
1776163447221930,2,0,ANON_5G_CON_IMSI_A0_03acfa4662a36fd0ffbf43187e97107e375802dc11ddcd25c99d967c246fed46e433a07224c710d3c50cc74bc8fe
1776163473860439,1,0,ANON_5G_CON_IMSI_B0_05096cb703f13b2808bf740adfdb8e16ad29cafdd67124a10d8c1b8c013f45679611259421732aea50a04136cf
1776163483980493,2,0,ANON_5G_CON_IMSI_B0_05096cb703f13b2808bf740adfdb8e16ad29cafdd67124a10d8c1b8c013f45679611259421732aea50a04136cf
1776163494120493,3,0,ANON_5G_CON_IMSI_B0_05096cb703f13b2808bf740adfdb8e16ad29cafdd67124a10d8c1b8c013f45679611259421732aea50a04136cf
1776163504245539,4,0,ANON_5G_CON_IMSI_B0_05096cb703f13b2808bf740adfdb8e16ad29cafdd67124a10d8c1b8c013f45679611259421732aea50a04136cf
1776163514405585,5,0,ANON_5G_CON_IMSI_B0_05096cb703f13b2808bf740adfdb8e16ad29cafdd67124a10d8c1b8c013f45679611259421732aea50a04136cf
1776163764995948,1,0,ANON_5G_CON_IMSI_A0_03cde2c26cc07691bba816e208ec89942d0e20b23aa2f01a5e8ffaf46ab04e1df59e39387ccced28e910dd180ad8
1776163775105858,2,0,ANON_5G_CON_IMSI_A0_03cde2c26cc07691bba816e208ec89942d0e20b23aa2f01a5e8ffaf46ab04e1df59e39387ccced28e910dd180ad8
1776164083431666,1,0,ANON_5G_CON_IMSI_A0_03d1b2edac58aaf26ca3f55f659460bd9ec53dd09fdc1f20f104ad5e27c8d314075b3ee29d9c0429846a31061544
1776164093551720,2,0,ANON_5G_CON_IMSI_A0_03d1b2edac58aaf26ca3f55f659460bd9ec53dd09fdc1f20f104ad5e27c8d314075b3ee29d9c0429846a31061544
1776164103671693,3,0,ANON_5G_CON_IMSI_A0_03d1b2edac58aaf26ca3f55f659460bd9ec53dd09fdc1f20f104ad5e27c8d314075b3ee29d9c0429846a31061544
1776164422650580,1,0,ANON_5G_CON_IMSI_A0_03f24392d00ae07b0158e61df716bf13ed14c8a9f908d2f6917fcd715075554523904207343b52f300a44ca35c20
1776164432770543,2,0,ANON_5G_CON_IMSI_A0_03f24392d00ae07b0158e61df716bf13ed14c8a9f908d2f6917fcd715075554523904207343b52f300a44ca35c20
1776164457328142,1,0,ANON_5G_CON_IMSI_B0_f2ec4419735fee30fe057a9bc8ce5106f48e0dd42b06c763c105b2ef5bd51521ec24511a02c8893ce44f0f6052
1776164468208136,2,0,ANON_5G_CON_IMSI_B0_f2ec4419735fee30fe057a9bc8ce5106f48e0dd42b06c763c105b2ef5bd51521ec24511a02c8893ce44f0f6052
1776164470008100,3,0,ANON_5G_CON_IMSI_B0_1f565f4ce8c88f796d36b6556bdd2fa714f95a6391acff0aaf1893d01a1aef358e3258329ca0ad3c0379af1d47
1776164478433065,4,0,ANON_5G_CON_IMSI_B0_f2ec4419735fee30fe057a9bc8ce5106f48e0dd42b06c763c105b2ef5bd51521ec24511a02c8893ce44f0f6052
1776164480143071,5,0,ANON_5G_CON_IMSI_B0_1f565f4ce8c88f796d36b6556bdd2fa714f95a6391acff0aaf1893d01a1aef358e3258329ca0ad3c0379af1d47
1776164488653115,6,0,ANON_5G_CON_IMSI_B0_f2ec4419735fee30fe057a9bc8ce5106f48e0dd42b06c763c105b2ef5bd51521ec24511a02c8893ce44f0f6052
1776164490278095,7,0,ANON_5G_CON_IMSI_B0_1f565f4ce8c88f796d36b6556bdd2fa714f95a6391acff0aaf1893d01a1aef358e3258329ca0ad3c0379af1d47
1776164498898039,8,0,ANON_5G_CON_IMSI_B0_f2ec4419735fee30fe057a9bc8ce5106f48e0dd42b06c763c105b2ef5bd51521ec24511a02c8893ce44f0f6052
1776164500428007,9,0,ANON_5G_CON_IMSI_B0_1f565f4ce8c88f796d36b6556bdd2fa714f95a6391acff0aaf1893d01a1aef358e3258329ca0ad3c0379af1d47
1776164751944090,1,0,ANON_5G_CON_IMSI_A0_03d497746fcc589419d2b48a20f2e54a470a426661680f4ff84da372dbf4b0ac4a72a63034c56d9f14fb768968d3
1776164762064195,2,0,ANON_5G_CON_IMSI_A0_03d497746fcc589419d2b48a20f2e54a470a426661680f4ff84da372dbf4b0ac4a72a63034c56d9f14fb768968d3
1776165057891401,1,0,ANON_5G_CON_IMSI_A0_03fae257458bcdd416398f6900acec4645074a1e2d28d5b4cae39000b65f19f8d9b26f207ca809fc6d02986e84f2
1776165068011305,2,0,ANON_5G_CON_IMSI_A0_03fae257458bcdd416398f6900acec4645074a1e2d28d5b4cae39000b65f19f8d9b26f207ca809fc6d02986e84f2
1776165078131257,3,0,ANON_5G_CON_IMSI_A0_03fae257458bcdd416398f6900acec4645074a1e2d28d5b4cae39000b65f19f8d9b26f207ca809fc6d02986e84f2
1776165088236241,4,0,ANON_5G_CON_IMSI_A0_03fae257458bcdd416398f6900acec4645074a1e2d28d5b4cae39000b65f19f8d9b26f207ca809fc6d02986e84f2
1776165442162736,1,0,ANON_5G_CON_IMSI_B0_19c950d84590208209f4696fc79d9d8c05a14cd5bd60f34e0a301430d54d76240641ae4edf3634492e07437449
1776165452302614,2,0,ANON_5G_CON_IMSI_B0_19c950d84590208209f4696fc79d9d8c05a14cd5bd60f34e0a301430d54d76240641ae4edf3634492e07437449
1776165462442695,3,0,ANON_5G_CON_IMSI_B0_19c950d84590208209f4696fc79d9d8c05a14cd5bd60f34e0a301430d54d76240641ae4edf3634492e07437449
1776165463467648,4,0,ANON_5G_CON_IMSI_B0_72247d0e1aa6af6b48b6d51bc4b6b7e6da58787c7e06451482d0c34be5bc0e0c15ba0c03d65794399ee4920330
1776165472567690,5,0,ANON_5G_CON_IMSI_B0_19c950d84590208209f4696fc79d9d8c05a14cd5bd60f34e0a301430d54d76240641ae4edf3634492e07437449
1776165473627583,6,0,ANON_5G_CON_IMSI_B0_72247d0e1aa6af6b48b6d51bc4b6b7e6da58787c7e06451482d0c34be5bc0e0c15ba0c03d65794399ee4920330
1776165482712564,7,0,ANON_5G_CON_IMSI_B0_19c950d84590208209f4696fc79d9d8c05a14cd5bd60f34e0a301430d54d76240641ae4edf3634492e07437449
1776165483872622,8,0,ANON_5G_CON_IMSI_B0_72247d0e1aa6af6b48b6d51bc4b6b7e6da58787c7e06451482d0c34be5bc0e0c15ba0c03d65794399ee4920330
1776165785566148,1,0,ANON_5G_CON_IMSI_B0_038847aaa36a8a5598337b596b801098e60040c485c9d7da44d7222da8393957daab244cf3780d47da53ae8143
1776165796086168,2,0,ANON_5G_CON_IMSI_B0_038847aaa36a8a5598337b596b801098e60040c485c9d7da44d7222da8393957daab244cf3780d47da53ae8143
1776165806326163,3,0,ANON_5G_CON_IMSI_B0_038847aaa36a8a5598337b596b801098e60040c485c9d7da44d7222da8393957daab244cf3780d47da53ae8143
1776165816551183,4,0,ANON_5G_CON_IMSI_B0_038847aaa36a8a5598337b596b801098e60040c485c9d7da44d7222da8393957daab244cf3780d47da53ae8143
1776166043461619,1,0,ANON_5G_CON_IMSI_A0_03be1182b181c5f1d7fa4475bdc017ccb5f4566d234099b1617d7925203798456062d7d2439c4bc3e6274f22ec46
1776166053581590,2,0,ANON_5G_CON_IMSI_A0_03be1182b181c5f1d7fa4475bdc017ccb5f4566d234099b1617d7925203798456062d7d2439c4bc3e6274f22ec46
1776166063701661,3,0,ANON_5G_CON_IMSI_A0_03be1182b181c5f1d7fa4475bdc017ccb5f4566d234099b1617d7925203798456062d7d2439c4bc3e6274f22ec46
1776166073826597,4,0,ANON_5G_CON_IMSI_A0_03be1182b181c5f1d7fa4475bdc017ccb5f4566d234099b1617d7925203798456062d7d2439c4bc3e6274f22ec46
1776166100236205,1,0,ANON_5G_CON_IMSI_B0_4961ebc99c560830377cb65c9538db79497116af6598720a31f2a1eee4c1590a801816ae26bb69e98ffe8be529
1776166111036193,2,0,ANON_5G_CON_IMSI_B0_4961ebc99c560830377cb65c9538db79497116af6598720a31f2a1eee4c1590a801816ae26bb69e98ffe8be529
1776166121296286,3,0,ANON_5G_CON_IMSI_B0_4961ebc99c560830377cb65c9538db79497116af6598720a31f2a1eee4c1590a801816ae26bb69e98ffe8be529
1776166131501091,4,0,ANON_5G_CON_IMSI_B0_4961ebc99c560830377cb65c9538db79497116af6598720a31f2a1eee4c1590a801816ae26bb69e98ffe8be529
1776166141741211,5,0,ANON_5G_CON_IMSI_B0_4961ebc99c560830377cb65c9538db79497116af6598720a31f2a1eee4c1590a801816ae26bb69e98ffe8be529
1776166430307018,1,0,ANON_5G_CON_IMSI_B0_46a32001f1291eb51a265cbcb458ce26c14b72a4f83cde5b3aff4635becb1b39c2bb7b8d0a100e60a68a7a857f
1776166440447080,2,0,ANON_5G_CON_IMSI_B0_46a32001f1291eb51a265cbcb458ce26c14b72a4f83cde5b3aff4635becb1b39c2bb7b8d0a100e60a68a7a857f
1776166450587144,3,0,ANON_5G_CON_IMSI_B0_46a32001f1291eb51a265cbcb458ce26c14b72a4f83cde5b3aff4635becb1b39c2bb7b8d0a100e60a68a7a857f
1776166460712114,4,0,ANON_5G_CON_IMSI_B0_46a32001f1291eb51a265cbcb458ce26c14b72a4f83cde5b3aff4635becb1b39c2bb7b8d0a100e60a68a7a857f
1776166470892177,5,0,ANON_5G_CON_IMSI_B0_46a32001f1291eb51a265cbcb458ce26c14b72a4f83cde5b3aff4635becb1b39c2bb7b8d0a100e60a68a7a857f
1776167042595637,1,0,ANON_5G_CON_IMSI_A0_03b67077107e97cc8a02b31ba3dc021b49f5919ceff1bdb30b139b3382600e4ac4525f94eb8b3235c0c37e1afbc4
1776167052715596,2,0,ANON_5G_CON_IMSI_A0_03b67077107e97cc8a02b31ba3dc021b49f5919ceff1bdb30b139b3382600e4ac4525f94eb8b3235c0c37e1afbc4
1776167062835640,3,0,ANON_5G_CON_IMSI_A0_03b67077107e97cc8a02b31ba3dc021b49f5919ceff1bdb30b139b3382600e4ac4525f94eb8b3235c0c37e1afbc4
1776167102475340,1,0,ANON_5G_CON_IMSI_B0_0ae9949a4a3dd2e857713cd5b215034bdfb5c5722ef1ebd695f999c20b848422ac1a852dc1f4c45e959186537d
1776167113835306,2,0,ANON_5G_CON_IMSI_B0_0ae9949a4a3dd2e857713cd5b215034bdfb5c5722ef1ebd695f999c20b848422ac1a852dc1f4c45e959186537d
1776167124075289,3,0,ANON_5G_CON_IMSI_B0_0ae9949a4a3dd2e857713cd5b215034bdfb5c5722ef1ebd695f999c20b848422ac1a852dc1f4c45e959186537d
1776167134300357,4,0,ANON_5G_CON_IMSI_B0_0ae9949a4a3dd2e857713cd5b215034bdfb5c5722ef1ebd695f999c20b848422ac1a852dc1f4c45e959186537d
1776167381892767,1,0,ANON_5G_CON_IMSI_A0_03dc5160039fabb8a43b6c21d2c2c0238ff9038dbad3ce610db66e92de0be2d69e103a236ebda367a2b43707dc61
1776167382612692,2,0,ANON_5G_CON_IMSI_A0_0383538359d6bd016e91c5de94940d9186db6c936cd43a143a70679b896b3d15b60789d16d7482731ebe744c90d7
1776167392072510,3,0,ANON_5G_CON_IMSI_A0_03dc5160039fabb8a43b6c21d2c2c0238ff9038dbad3ce610db66e92de0be2d69e103a236ebda367a2b43707dc61
1776167392737550,4,0,ANON_5G_CON_IMSI_A0_0383538359d6bd016e91c5de94940d9186db6c936cd43a143a70679b896b3d15b60789d16d7482731ebe744c90d7
1776167415817991,1,0,ANON_5G_CON_IMSI_B0_0165e9cca43db9df660a96e654ec21e8d7bb9cb03b65355add9a29ab3d3810031f31022903fcdb0cb9ca95f2aa
1776167427157956,2,0,ANON_5G_CON_IMSI_B0_0165e9cca43db9df660a96e654ec21e8d7bb9cb03b65355add9a29ab3d3810031f31022903fcdb0cb9ca95f2aa
1776167429978051,3,0,ANON_5G_CON_IMSI_B0_a37a2b877a8eda354b24fc2beb0197109b5aaac2640bd45e18685168d2ade429c63ee7edbc64a1276fb486e3c3
1776167437382968,4,0,ANON_5G_CON_IMSI_B0_0165e9cca43db9df660a96e654ec21e8d7bb9cb03b65355add9a29ab3d3810031f31022903fcdb0cb9ca95f2aa
1776167440123015,5,0,ANON_5G_CON_IMSI_B0_a37a2b877a8eda354b24fc2beb0197109b5aaac2640bd45e18685168d2ade429c63ee7edbc64a1276fb486e3c3
1776167447673041,6,0,ANON_5G_CON_IMSI_B0_0165e9cca43db9df660a96e654ec21e8d7bb9cb03b65355add9a29ab3d3810031f31022903fcdb0cb9ca95f2aa
1776167450288034,7,0,ANON_5G_CON_IMSI_B0_a37a2b877a8eda354b24fc2beb0197109b5aaac2640bd45e18685168d2ade429c63ee7edbc64a1276fb486e3c3
1776167457868119,8,0,ANON_5G_CON_IMSI_B0_0165e9cca43db9df660a96e654ec21e8d7bb9cb03b65355add9a29ab3d3810031f31022903fcdb0cb9ca95f2aa
1776167460428073,9,0,ANON_5G_CON_IMSI_B0_a37a2b877a8eda354b24fc2beb0197109b5aaac2640bd45e18685168d2ade429c63ee7edbc64a1276fb486e3c3
1776167703991334,1,0,ANON_5G_CON_IMSI_A0_0314cdb63c4144d372e663e02d4ba0039405c10ed2d65f7eba7d5772786273bf0dedc512df53273210691418e8cf
1776167711931347,2,0,ANON_5G_CON_IMSI_A0_03d966696dad9027cc0a6990a3b72893e248e29e6ba28a28a092764fdf42c5d59187944162163eea26dac34c2264
1776167714261300,3,0,ANON_5G_CON_IMSI_A0_0314cdb63c4144d372e663e02d4ba0039405c10ed2d65f7eba7d5772786273bf0dedc512df53273210691418e8cf
1776167722056329,4,0,ANON_5G_CON_IMSI_A0_03d966696dad9027cc0a6990a3b72893e248e29e6ba28a28a092764fdf42c5d59187944162163eea26dac34c2264
1776168040727812,1,0,ANON_5G_CON_IMSI_A0_0371bf362256848aed04b488c65e0b8a0af1b55c6a538549b05eaa4b528317d4660ddf0086269c94951cf16f7727
1776168050847751,2,0,ANON_5G_CON_IMSI_A0_0371bf362256848aed04b488c65e0b8a0af1b55c6a538549b05eaa4b528317d4660ddf0086269c94951cf16f7727
1776168369022363,1,0,ANON_5G_CON_IMSI_A0_03fb8917ddd9e1f0464cac8ecad660699f698154913807b33e130994af0daff0f2074b81b24697be72e94c3379fd
1776168379142333,2,0,ANON_5G_CON_IMSI_A0_03fb8917ddd9e1f0464cac8ecad660699f698154913807b33e130994af0daff0f2074b81b24697be72e94c3379fd
1776168400021783,1,0,ANON_5G_CON_IMSI_B0_9dd30ed0b3ca9091989dc104a57d04e557dc998d545e009403053db659a3c708729a1c0999db51084240f9c6ba
1776168403361839,2,0,ANON_5G_CON_IMSI_B0_c6934e4eea6ee7b6f7c55e0f044c3700a33fdd63f6546f3c9f2de607f67a33135bd790864d6d4c7fb23ce66080
1776168410161889,3,0,ANON_5G_CON_IMSI_B0_9dd30ed0b3ca9091989dc104a57d04e557dc998d545e009403053db659a3c708729a1c0999db51084240f9c6ba
1776168413646934,4,0,ANON_5G_CON_IMSI_B0_c6934e4eea6ee7b6f7c55e0f044c3700a33fdd63f6546f3c9f2de607f67a33135bd790864d6d4c7fb23ce66080
1776168420326873,5,0,ANON_5G_CON_IMSI_B0_9dd30ed0b3ca9091989dc104a57d04e557dc998d545e009403053db659a3c708729a1c0999db51084240f9c6ba
1776168423886916,6,0,ANON_5G_CON_IMSI_B0_c6934e4eea6ee7b6f7c55e0f044c3700a33fdd63f6546f3c9f2de607f67a33135bd790864d6d4c7fb23ce66080
1776168430451974,7,0,ANON_5G_CON_IMSI_B0_9dd30ed0b3ca9091989dc104a57d04e557dc998d545e009403053db659a3c708729a1c0999db51084240f9c6ba
1776168434151976,8,0,ANON_5G_CON_IMSI_B0_c6934e4eea6ee7b6f7c55e0f044c3700a33fdd63f6546f3c9f2de607f67a33135bd790864d6d4c7fb23ce66080
1776168440591923,9,0,ANON_5G_CON_IMSI_B0_9dd30ed0b3ca9091989dc104a57d04e557dc998d545e009403053db659a3c708729a1c0999db51084240f9c6ba
1776168444336809,10,0,ANON_5G_CON_IMSI_B0_c6934e4eea6ee7b6f7c55e0f044c3700a33fdd63f6546f3c9f2de607f67a33135bd790864d6d4c7fb23ce66080
1776168698028844,1,0,ANON_5G_CON_IMSI_A0_0347b496cf35f6f01ea3943a374bc046b3ab04167fd5fcfa8739839a641096d01a33889b88c224974f19669bfb6e
1776168708148749,2,0,ANON_5G_CON_IMSI_A0_0347b496cf35f6f01ea3943a374bc046b3ab04167fd5fcfa8739839a641096d01a33889b88c224974f19669bfb6e
1776169026468891,1,0,ANON_5G_CON_IMSI_A0_0309e8d8dfd71fcafd36e107ddbea9fbc07a54416f3fce997ab288165b0d9aa96d5c84435ce934d29dbfd2237e43
1776169036609082,2,0,ANON_5G_CON_IMSI_A0_0309e8d8dfd71fcafd36e107ddbea9fbc07a54416f3fce997ab288165b0d9aa96d5c84435ce934d29dbfd2237e43
1776169355550747,1,0,ANON_5G_CON_IMSI_A0_03865be5d232edbdf703d7b04b110dfb845c303d9d2ec600c68bc8cc1121b700700b7538bc778fdebf8a6a36c3af
1776169365670731,2,0,ANON_5G_CON_IMSI_A0_03865be5d232edbdf703d7b04b110dfb845c303d9d2ec600c68bc8cc1121b700700b7538bc778fdebf8a6a36c3af
1776169388551828,1,0,ANON_5G_CON_IMSI_B0_ec65a8dab128d3f0e30e0ae5d823eb206163d169660c20d124cea1b58d5b04749b8dbd13a5487a480d5dc4de4a
1776169396791893,2,0,ANON_5G_CON_IMSI_B0_7b0787257ac4c8d822b7510e772c7d206f44addedb91465f116b8ff1a42c6d5c248d827d14d9a23871ec0402ae
1776169398751899,3,0,ANON_5G_CON_IMSI_B0_ec65a8dab128d3f0e30e0ae5d823eb206163d169660c20d124cea1b58d5b04749b8dbd13a5487a480d5dc4de4a
1776169406936930,4,0,ANON_5G_CON_IMSI_B0_7b0787257ac4c8d822b7510e772c7d206f44addedb91465f116b8ff1a42c6d5c248d827d14d9a23871ec0402ae
1776169408977009,5,0,ANON_5G_CON_IMSI_B0_ec65a8dab128d3f0e30e0ae5d823eb206163d169660c20d124cea1b58d5b04749b8dbd13a5487a480d5dc4de4a
1776169417087013,6,0,ANON_5G_CON_IMSI_B0_7b0787257ac4c8d822b7510e772c7d206f44addedb91465f116b8ff1a42c6d5c248d827d14d9a23871ec0402ae
1776169419222136,7,0,ANON_5G_CON_IMSI_B0_ec65a8dab128d3f0e30e0ae5d823eb206163d169660c20d124cea1b58d5b04749b8dbd13a5487a480d5dc4de4a
1776169427222088,8,0,ANON_5G_CON_IMSI_B0_7b0787257ac4c8d822b7510e772c7d206f44addedb91465f116b8ff1a42c6d5c248d827d14d9a23871ec0402ae
1776169429482219,9,0,ANON_5G_CON_IMSI_B0_ec65a8dab128d3f0e30e0ae5d823eb206163d169660c20d124cea1b58d5b04749b8dbd13a5487a480d5dc4de4a
1776169684520398,1,0,ANON_5G_CON_IMSI_A0_0331bd63d448a36366704268f219b8ff201a2fddcc589bf2f6240a61351f2040e318a9d1c5c4df006e7e1e51ccc8
1776169694640407,2,0,ANON_5G_CON_IMSI_A0_0331bd63d448a36366704268f219b8ff201a2fddcc589bf2f6240a61351f2040e318a9d1c5c4df006e7e1e51ccc8
1776170013237483,1,0,ANON_5G_CON_IMSI_A0_033a47e086e3c65bfa4e092cd7e6200da68ae0b8b24f281230517ed4a541819b352a8c62cf51d43f1924eca336da
1776170023357431,2,0,ANON_5G_CON_IMSI_A0_033a47e086e3c65bfa4e092cd7e6200da68ae0b8b24f281230517ed4a541819b352a8c62cf51d43f1924eca336da
1776170342357419,1,0,ANON_5G_CON_IMSI_A0_0336a8356957c82d5422eb46f50410f142313dddc0480aee0cc50d7b4cf5697a49fe10c079b95b3cca96d1ca0f6e
1776170352477501,2,0,ANON_5G_CON_IMSI_A0_0336a8356957c82d5422eb46f50410f142313dddc0480aee0cc50d7b4cf5697a49fe10c079b95b3cca96d1ca0f6e
1776170374396615,1,0,ANON_5G_CON_IMSI_B0_70843224a7b2e4f4ed056119b063227a49fab3646615d405f039207c978e3d70cca36d0b68f16eac2ad7872245
1776170384536484,2,0,ANON_5G_CON_IMSI_B0_70843224a7b2e4f4ed056119b063227a49fab3646615d405f039207c978e3d70cca36d0b68f16eac2ad7872245
1776170394676606,3,0,ANON_5G_CON_IMSI_B0_70843224a7b2e4f4ed056119b063227a49fab3646615d405f039207c978e3d70cca36d0b68f16eac2ad7872245
1776170404821713,4,0,ANON_5G_CON_IMSI_B0_70843224a7b2e4f4ed056119b063227a49fab3646615d405f039207c978e3d70cca36d0b68f16eac2ad7872245
1776170414981640,5,0,ANON_5G_CON_IMSI_B0_70843224a7b2e4f4ed056119b063227a49fab3646615d405f039207c978e3d70cca36d0b68f16eac2ad7872245
1776170416741659,6,0,ANON_5G_CON_IMSI_B0_7051d2817ccf23137f5cf1a4f0f26aac370ace89ddb7f3db301f9d5f11e73527a18db2a7666e237372db0520b4
1776170671352480,1,0,ANON_5G_CON_IMSI_A0_0380bc16debb3ac749e25261a1ba40ed408e9cef8187ec9f9dd55f28d4c89e2a6de4663cf110b9b4f393a7df4f28
1776170681472366,2,0,ANON_5G_CON_IMSI_A0_0380bc16debb3ac749e25261a1ba40ed408e9cef8187ec9f9dd55f28d4c89e2a6de4663cf110b9b4f393a7df4f28
1776170729393750,1,0,ANON_5G_CON_IMSI_B0_6746b5cfacdb553a06cf1594a2d3317b65e128afb27986c080012d7f4ad82002f713db9614fedbb438e86b8a1e
1776170740453631,2,0,ANON_5G_CON_IMSI_B0_6746b5cfacdb553a06cf1594a2d3317b65e128afb27986c080012d7f4ad82002f713db9614fedbb438e86b8a1e
1776170750693742,3,0,ANON_5G_CON_IMSI_B0_6746b5cfacdb553a06cf1594a2d3317b65e128afb27986c080012d7f4ad82002f713db9614fedbb438e86b8a1e
1776170999504866,1,0,ANON_5G_CON_IMSI_A0_03b991228d9274fadf003e04f8a8f6fc650cba575672798f05de63bb5e93e74a751d3b1234f3027dd7197778740c
1776171009624913,2,0,ANON_5G_CON_IMSI_A0_03b991228d9274fadf003e04f8a8f6fc650cba575672798f05de63bb5e93e74a751d3b1234f3027dd7197778740c
1776171075074972,1,0,ANON_5G_CON_IMSI_B0_db4bd5c08519bf1c1fac8e57dbe2d97f5cd8003fdbb2d745a6a8c07bed6f847774e5101370b2bfbccdd465b0fd
1776171328628424,1,0,ANON_5G_CON_IMSI_A0_03bdc1a0afe6aa38451ddeda02d36b1816c81ed2763fdec8b7e2750c644c783d3f14383a5003f53cb07a7e765be0
1776171338748224,2,0,ANON_5G_CON_IMSI_A0_03bdc1a0afe6aa38451ddeda02d36b1816c81ed2763fdec8b7e2750c644c783d3f14383a5003f53cb07a7e765be0
1776171376844035,1,0,ANON_5G_CON_IMSI_B0_2a0fa386b589b0c068c3243cbe41204584e60a82699b2fbcf50f0e9c26d1112ed6b3ceb502f5d6276be81be5a5
1776171387023746,2,0,ANON_5G_CON_IMSI_B0_2a0fa386b589b0c068c3243cbe41204584e60a82699b2fbcf50f0e9c26d1112ed6b3ceb502f5d6276be81be5a5
1776171397163615,3,0,ANON_5G_CON_IMSI_B0_2a0fa386b589b0c068c3243cbe41204584e60a82699b2fbcf50f0e9c26d1112ed6b3ceb502f5d6276be81be5a5
1776171407328385,4,0,ANON_5G_CON_IMSI_B0_2a0fa386b589b0c068c3243cbe41204584e60a82699b2fbcf50f0e9c26d1112ed6b3ceb502f5d6276be81be5a5
1776171656960964,1,0,ANON_5G_CON_IMSI_A0_0332644d2727a0a885613e00be86bfd95f6f8f99779395d333a571a09a93a2882e07f4207f2e511147ba8136e435
1776171667080926,2,0,ANON_5G_CON_IMSI_A0_0332644d2727a0a885613e00be86bfd95f6f8f99779395d333a571a09a93a2882e07f4207f2e511147ba8136e435
1776171728045233,1,0,ANON_5G_CON_IMSI_B0_dc438dc2c40690ad2464386ad44fd83c130cb0bc3b752bc410dc42760a92404b6e0f0695b6ee64620570930c92
1776171985965216,1,0,ANON_5G_CON_IMSI_A0_039b43ffac628e1746093834d675f71ce59181dea08871cd3cd71f8614167d72458596ece533b44c7e8583638e7a
1776171996085100,2,0,ANON_5G_CON_IMSI_A0_039b43ffac628e1746093834d675f71ce59181dea08871cd3cd71f8614167d72458596ece533b44c7e8583638e7a
1776172024182170,1,0,ANON_5G_CON_IMSI_B0_b341e82d26662378022f607aedc74b9e03e35631dd43b2b5e32497d0c6b02f13c3502dbe6fdd5aadbd2e37447a
1776172034461950,2,0,ANON_5G_CON_IMSI_B0_b341e82d26662378022f607aedc74b9e03e35631dd43b2b5e32497d0c6b02f13c3502dbe6fdd5aadbd2e37447a
1776172044701977,3,0,ANON_5G_CON_IMSI_B0_b341e82d26662378022f607aedc74b9e03e35631dd43b2b5e32497d0c6b02f13c3502dbe6fdd5aadbd2e37447a
1776172054946856,4,0,ANON_5G_CON_IMSI_B0_b341e82d26662378022f607aedc74b9e03e35631dd43b2b5e32497d0c6b02f13c3502dbe6fdd5aadbd2e37447a
1776172065166880,5,0,ANON_5G_CON_IMSI_B0_b341e82d26662378022f607aedc74b9e03e35631dd43b2b5e32497d0c6b02f13c3502dbe6fdd5aadbd2e37447a
1776172316080799,1,0,ANON_5G_CON_IMSI_A0_03540fc49182fc47cfbd9cd224fa38095d87e7ef57ccdc43a931772014ae0e353d2ea9b20a054ba1117a7e4f28a6
1776172326200749,2,0,ANON_5G_CON_IMSI_A0_03540fc49182fc47cfbd9cd224fa38095d87e7ef57ccdc43a931772014ae0e353d2ea9b20a054ba1117a7e4f28a6
1776172361811680,1,0,ANON_5G_CON_IMSI_B0_2ed28164dcf5b281552415575b2a20916fe9e1ef18719b9fff9d1b975aab67729c6cf95eb6a5703ac31c6f9ad6
1776172371951595,2,0,ANON_5G_CON_IMSI_B0_2ed28164dcf5b281552415575b2a20916fe9e1ef18719b9fff9d1b975aab67729c6cf95eb6a5703ac31c6f9ad6
1776172382091616,3,0,ANON_5G_CON_IMSI_B0_2ed28164dcf5b281552415575b2a20916fe9e1ef18719b9fff9d1b975aab67729c6cf95eb6a5703ac31c6f9ad6
1776172392236586,4,0,ANON_5G_CON_IMSI_B0_2ed28164dcf5b281552415575b2a20916fe9e1ef18719b9fff9d1b975aab67729c6cf95eb6a5703ac31c6f9ad6
1776172644236135,1,0,ANON_5G_CON_IMSI_A0_039a9a1db9438665a59761d54a646c3f5ed29b465b5a931fe8f8a59332d691a8a129cdb0f25fa303e84c0343f51a
1776172654356109,2,0,ANON_5G_CON_IMSI_A0_039a9a1db9438665a59761d54a646c3f5ed29b465b5a931fe8f8a59332d691a8a129cdb0f25fa303e84c0343f51a
1776172973006689,1,0,ANON_5G_CON_IMSI_A0_03b1796d95671ac61b1ed8b82521c97d33b237a16ebdb545b3ce1a274293021084f93879137967e3bced6cb5de2c
1776172983126646,2,0,ANON_5G_CON_IMSI_A0_03b1796d95671ac61b1ed8b82521c97d33b237a16ebdb545b3ce1a274293021084f93879137967e3bced6cb5de2c
1776173008189354,1,0,ANON_5G_CON_IMSI_B0_407dff80a0ef32537691004af20c1dd0bc705a762356eedd3fbe6e24935d992c82e2184adaa356cf9c934394e3
1776173018669286,2,0,ANON_5G_CON_IMSI_B0_407dff80a0ef32537691004af20c1dd0bc705a762356eedd3fbe6e24935d992c82e2184adaa356cf9c934394e3
1776173028909215,3,0,ANON_5G_CON_IMSI_B0_407dff80a0ef32537691004af20c1dd0bc705a762356eedd3fbe6e24935d992c82e2184adaa356cf9c934394e3
1776173039134281,4,0,ANON_5G_CON_IMSI_B0_407dff80a0ef32537691004af20c1dd0bc705a762356eedd3fbe6e24935d992c82e2184adaa356cf9c934394e3
1776173049394249,5,0,ANON_5G_CON_IMSI_B0_407dff80a0ef32537691004af20c1dd0bc705a762356eedd3fbe6e24935d992c82e2184adaa356cf9c934394e3
1776173242000608,1,0,ANON_5G_CON_IMSI_A0_0339ea87b8af91529ec6565474abb445b023e7408b656ffaa36881c93e3114da24bbb1e61d6560c54ece1a4e5621
1776173252120522,2,0,ANON_5G_CON_IMSI_A0_0339ea87b8af91529ec6565474abb445b023e7408b656ffaa36881c93e3114da24bbb1e61d6560c54ece1a4e5621
1776173296268657,1,0,ANON_5G_CON_IMSI_B0_48d58dc9b80a9afd638598bf62824c0fac40afe78f300d2ff0a87d8165d32f59da29e2af621877a2503999eed7
1776173306408504,2,0,ANON_5G_CON_IMSI_B0_48d58dc9b80a9afd638598bf62824c0fac40afe78f300d2ff0a87d8165d32f59da29e2af621877a2503999eed7
1776173316548570,3,0,ANON_5G_CON_IMSI_B0_48d58dc9b80a9afd638598bf62824c0fac40afe78f300d2ff0a87d8165d32f59da29e2af621877a2503999eed7
1776173569978613,1,0,ANON_5G_CON_IMSI_A0_03d7bb4f0ec3ef2918c7af55fd30d459ae2b5d73f7e81bf9fa7402ceddd7ec09b099003399255018beeed404925d
1776173580098571,2,0,ANON_5G_CON_IMSI_A0_03d7bb4f0ec3ef2918c7af55fd30d459ae2b5d73f7e81bf9fa7402ceddd7ec09b099003399255018beeed404925d
1776173898398758,1,0,ANON_5G_CON_IMSI_A0_036a168529d92453b61ca526f0d327ac398eaf5e6653e15b9fbc5f3600cd6f048c7f66ce256c29751738708c02ba
1776173908558719,2,0,ANON_5G_CON_IMSI_A0_036a168529d92453b61ca526f0d327ac398eaf5e6653e15b9fbc5f3600cd6f048c7f66ce256c29751738708c02ba
1776173942513724,1,0,ANON_5G_CON_IMSI_B0_3841639a9ff2f16b798e3fca51ae1b463969997236bffc0d4f5204de5c678045182b8f39da899d454f456ccbd8
1776173952693663,2,0,ANON_5G_CON_IMSI_B0_3841639a9ff2f16b798e3fca51ae1b463969997236bffc0d4f5204de5c678045182b8f39da899d454f456ccbd8
1776173962873785,3,0,ANON_5G_CON_IMSI_B0_3841639a9ff2f16b798e3fca51ae1b463969997236bffc0d4f5204de5c678045182b8f39da899d454f456ccbd8
1776173973038578,4,0,ANON_5G_CON_IMSI_B0_3841639a9ff2f16b798e3fca51ae1b463969997236bffc0d4f5204de5c678045182b8f39da899d454f456ccbd8
1776174227563068,1,0,ANON_5G_CON_IMSI_A0_03a69caf474075405f9b01d8525149b1bfe793b0b2dfe3f954032b18ee132fdfc24827d1232bb7e4777d87684ae8
1776174237683023,2,0,ANON_5G_CON_IMSI_A0_03a69caf474075405f9b01d8525149b1bfe793b0b2dfe3f954032b18ee132fdfc24827d1232bb7e4777d87684ae8
1776174556387992,1,0,ANON_5G_CON_IMSI_A0_033ede88a181e1f350a4e55df83b661811bbdc276d33934be2bcc31e61c5f8a6fb7a536fb2277dfd0132d90ae844
1776174566507919,2,0,ANON_5G_CON_IMSI_A0_033ede88a181e1f350a4e55df83b661811bbdc276d33934be2bcc31e61c5f8a6fb7a536fb2277dfd0132d90ae844
1776174884699935,1,0,ANON_5G_CON_IMSI_A0_037aa8984827935ba8c062d406335371ed003fa6bb4c0c57ab7c58625e8cfaf4cea129e83202bf173c692ee8635f
1776174894819911,2,0,ANON_5G_CON_IMSI_A0_037aa8984827935ba8c062d406335371ed003fa6bb4c0c57ab7c58625e8cfaf4cea129e83202bf173c692ee8635f
1776174917025320,1,0,ANON_5G_CON_IMSI_B0_f39de87cc72d09a6d5789eb8c12efaddc818baa84bdaf36e7050f266c28620157e6a6c5d476e3e2ba77a076a26
1776174927225277,3,0,ANON_5G_CON_IMSI_B0_f39de87cc72d09a6d5789eb8c12efaddc818baa84bdaf36e7050f266c28620157e6a6c5d476e3e2ba77a076a26
1776174937370296,5,0,ANON_5G_CON_IMSI_B0_f39de87cc72d09a6d5789eb8c12efaddc818baa84bdaf36e7050f266c28620157e6a6c5d476e3e2ba77a076a26
1776174947555179,7,0,ANON_5G_CON_IMSI_B0_f39de87cc72d09a6d5789eb8c12efaddc818baa84bdaf36e7050f266c28620157e6a6c5d476e3e2ba77a076a26
1776174957775330,9,0,ANON_5G_CON_IMSI_B0_f39de87cc72d09a6d5789eb8c12efaddc818baa84bdaf36e7050f266c28620157e6a6c5d476e3e2ba77a076a26
1776175213212873,1,0,ANON_5G_CON_IMSI_A0_0359ba4f00ebe3360311bf675682a129149171c8c0db1f17e53f9082fc50e5ec80ed83f5a166e8ab644856d960af
1776175223332885,2,0,ANON_5G_CON_IMSI_A0_0359ba4f00ebe3360311bf675682a129149171c8c0db1f17e53f9082fc50e5ec80ed83f5a166e8ab644856d960af
1776175541833238,1,0,ANON_5G_CON_IMSI_A0_0355267ac2b9ed330eaa45c6074187de8413470db69eac75ab1d62b00a40219cdfd1635c2e8532114dd432ead3bf
1776175551953267,2,0,ANON_5G_CON_IMSI_A0_0355267ac2b9ed330eaa45c6074187de8413470db69eac75ab1d62b00a40219cdfd1635c2e8532114dd432ead3bf
1776175870117935,1,0,ANON_5G_CON_IMSI_A0_035d3decff5e75df8e7ec9f0498a0f24f7bca9e19c6725f3e7db9a10c1a89498e074e2b19e726c9eb69a6cfa17da
1776175880238090,2,0,ANON_5G_CON_IMSI_A0_035d3decff5e75df8e7ec9f0498a0f24f7bca9e19c6725f3e7db9a10c1a89498e074e2b19e726c9eb69a6cfa17da
1776175919557515,1,0,ANON_5G_CON_IMSI_B0_33c6f7c5495df1300d5a564cb28e8f0f2800cb9a0580d71fc7d1d06fc0b76e64f52867a884a241ef36a18e9594
1776175929717426,2,0,ANON_5G_CON_IMSI_B0_33c6f7c5495df1300d5a564cb28e8f0f2800cb9a0580d71fc7d1d06fc0b76e64f52867a884a241ef36a18e9594
1776175939917501,3,0,ANON_5G_CON_IMSI_B0_33c6f7c5495df1300d5a564cb28e8f0f2800cb9a0580d71fc7d1d06fc0b76e64f52867a884a241ef36a18e9594
1776175950082654,4,0,ANON_5G_CON_IMSI_B0_33c6f7c5495df1300d5a564cb28e8f0f2800cb9a0580d71fc7d1d06fc0b76e64f52867a884a241ef36a18e9594
1776176199296639,1,0,ANON_5G_CON_IMSI_A0_036ed46a00d6496349438ce4d8020fa8ce9fe57dda7fc01af3f068184bd8a7cca5ba52e32006494c8f633268733c
1776176209416689,2,0,ANON_5G_CON_IMSI_A0_036ed46a00d6496349438ce4d8020fa8ce9fe57dda7fc01af3f068184bd8a7cca5ba52e32006494c8f633268733c
1776176528163993,1,0,ANON_5G_CON_IMSI_A0_037059cbda25ceca1c4d25a28387b177337f3032ae4de2961ba060faafc2c2dde4211b05eff91e000426eea2aae3
1776176538283812,2,0,ANON_5G_CON_IMSI_A0_037059cbda25ceca1c4d25a28387b177337f3032ae4de2961ba060faafc2c2dde4211b05eff91e000426eea2aae3
1776176856760554,1,0,ANON_5G_CON_IMSI_A0_03de3698024248463406a1717ed5acf74caa1cd1fb1ce9d4bc3f751fd5969033c0cbfa369d690909698d4418a875
1776176866880478,2,0,ANON_5G_CON_IMSI_A0_03de3698024248463406a1717ed5acf74caa1cd1fb1ce9d4bc3f751fd5969033c0cbfa369d690909698d4418a875
1776176896234777,1,0,ANON_5G_CON_IMSI_B0_36efa8a6495922cd99a139c5bc88a9e998ee4553476055af3319311577246562336c7e1e2f22bcc32eb834ec07
1776176906374743,2,0,ANON_5G_CON_IMSI_B0_36efa8a6495922cd99a139c5bc88a9e998ee4553476055af3319311577246562336c7e1e2f22bcc32eb834ec07
1776176916514859,3,0,ANON_5G_CON_IMSI_B0_36efa8a6495922cd99a139c5bc88a9e998ee4553476055af3319311577246562336c7e1e2f22bcc32eb834ec07
1776176926659851,4,0,ANON_5G_CON_IMSI_B0_36efa8a6495922cd99a139c5bc88a9e998ee4553476055af3319311577246562336c7e1e2f22bcc32eb834ec07
1776176936799849,5,0,ANON_5G_CON_IMSI_B0_36efa8a6495922cd99a139c5bc88a9e998ee4553476055af3319311577246562336c7e1e2f22bcc32eb834ec07
1776177185999619,1,0,ANON_5G_CON_IMSI_A0_03f564bac110d14624407d9506f09c989bb9f0d726a6ef5959049cd80b5f2bd0b0e982164176000a51a15b35154b
1776177196119521,2,0,ANON_5G_CON_IMSI_A0_03f564bac110d14624407d9506f09c989bb9f0d726a6ef5959049cd80b5f2bd0b0e982164176000a51a15b35154b
1776177514076360,1,0,ANON_5G_CON_IMSI_A0_0349754ef338d356addcfd1d390342b0eea10d840d8b69284e441eb717bc12554bd220f2f459db439002fba212a3
1776177524196410,2,0,ANON_5G_CON_IMSI_A0_0349754ef338d356addcfd1d390342b0eea10d840d8b69284e441eb717bc12554bd220f2f459db439002fba212a3
1776177843244490,1,0,ANON_5G_CON_IMSI_A0_03c821941ae1b0ce36f8ebe45fe67d9c82e77ec09b1453f880a160d2c03e70f62bf8855b749b7cd27bd3bbad2e15
1776177853364529,2,0,ANON_5G_CON_IMSI_A0_03c821941ae1b0ce36f8ebe45fe67d9c82e77ec09b1453f880a160d2c03e70f62bf8855b749b7cd27bd3bbad2e15
1776178180710629,1,0,ANON_5G_CON_IMSI_A0_038a29126aad588ce98a9fdb1aef456956f4bd67b7fa198e8c13c54c07184493ab3d98abeaa843d50d492b8e4c4c
1776178248781226,1,0,ANON_5G_CON_IMSI_B0_3263139a5585c17c1286703c3d5215f908725fa29bb8b3e4ead36b0a8361d86716dc62d556a50d3d399c9360d1
1776178464014891,1,0,ANON_5G_CON_IMSI_A0_03f250134b6eb8970dc3463790fca936aab881acfe12c9b59d9087de7e8d29cd9b906807ebab45e893aa553e7703
1776178474134795,2,0,ANON_5G_CON_IMSI_A0_03f250134b6eb8970dc3463790fca936aab881acfe12c9b59d9087de7e8d29cd9b906807ebab45e893aa553e7703
1776178484254871,3,0,ANON_5G_CON_IMSI_A0_03f250134b6eb8970dc3463790fca936aab881acfe12c9b59d9087de7e8d29cd9b906807ebab45e893aa553e7703
1776178494359759,4,0,ANON_5G_CON_IMSI_A0_03f250134b6eb8970dc3463790fca936aab881acfe12c9b59d9087de7e8d29cd9b906807ebab45e893aa553e7703
1776178504479736,5,0,ANON_5G_CON_IMSI_A0_03f250134b6eb8970dc3463790fca936aab881acfe12c9b59d9087de7e8d29cd9b906807ebab45e893aa553e7703
1776178567977117,1,0,ANON_5G_CON_IMSI_B0_01b904dc5e090979c78c711f36d4942ea8b7bef14273bd3820df5d013d49752994d67a00c1438c714eecf8636c
1776178578117104,2,0,ANON_5G_CON_IMSI_B0_01b904dc5e090979c78c711f36d4942ea8b7bef14273bd3820df5d013d49752994d67a00c1438c714eecf8636c
1776178859894947,1,0,ANON_5G_CON_IMSI_B0_4e46f23380c97699c4177b4d190e9d4cfe7d1bb766f74e0d7880328e95214f0a3fdee8ea9ccf1d5b458d76e7f5
1776178870035037,2,0,ANON_5G_CON_IMSI_B0_4e46f23380c97699c4177b4d190e9d4cfe7d1bb766f74e0d7880328e95214f0a3fdee8ea9ccf1d5b458d76e7f5
1776178880175064,3,0,ANON_5G_CON_IMSI_B0_4e46f23380c97699c4177b4d190e9d4cfe7d1bb766f74e0d7880328e95214f0a3fdee8ea9ccf1d5b458d76e7f5
1776178890319916,4,0,ANON_5G_CON_IMSI_B0_4e46f23380c97699c4177b4d190e9d4cfe7d1bb766f74e0d7880328e95214f0a3fdee8ea9ccf1d5b458d76e7f5
1776178900460012,5,0,ANON_5G_CON_IMSI_B0_4e46f23380c97699c4177b4d190e9d4cfe7d1bb766f74e0d7880328e95214f0a3fdee8ea9ccf1d5b458d76e7f5
1776179190902905,1,0,ANON_5G_CON_IMSI_B0_d5300d4f9e6edeb544128e6c5ac536fa39f6d01d01b1aa5fbbbe07a70ab71651c297f6ab9d21fac8c6ebcf373a
1776179202142802,2,0,ANON_5G_CON_IMSI_B0_d5300d4f9e6edeb544128e6c5ac536fa39f6d01d01b1aa5fbbbe07a70ab71651c297f6ab9d21fac8c6ebcf373a
1776179212362923,3,0,ANON_5G_CON_IMSI_B0_d5300d4f9e6edeb544128e6c5ac536fa39f6d01d01b1aa5fbbbe07a70ab71651c297f6ab9d21fac8c6ebcf373a
1776179222547830,4,0,ANON_5G_CON_IMSI_B0_d5300d4f9e6edeb544128e6c5ac536fa39f6d01d01b1aa5fbbbe07a70ab71651c297f6ab9d21fac8c6ebcf373a
1776179232807842,5,0,ANON_5G_CON_IMSI_B0_d5300d4f9e6edeb544128e6c5ac536fa39f6d01d01b1aa5fbbbe07a70ab71651c297f6ab9d21fac8c6ebcf373a
1776179448372076,1,0,ANON_5G_CON_IMSI_A0_032c27fd1b3feea2932291f4d9a1fa69d84a0686bf0c50bdeac14b1b26cabfe2db48c7a2a283a80c1bab2902d6b1
1776179458492134,2,0,ANON_5G_CON_IMSI_A0_032c27fd1b3feea2932291f4d9a1fa69d84a0686bf0c50bdeac14b1b26cabfe2db48c7a2a283a80c1bab2902d6b1
1776179468612206,3,0,ANON_5G_CON_IMSI_A0_032c27fd1b3feea2932291f4d9a1fa69d84a0686bf0c50bdeac14b1b26cabfe2db48c7a2a283a80c1bab2902d6b1
1776179478737277,4,0,ANON_5G_CON_IMSI_A0_032c27fd1b3feea2932291f4d9a1fa69d84a0686bf0c50bdeac14b1b26cabfe2db48c7a2a283a80c1bab2902d6b1
1776179488857353,5,0,ANON_5G_CON_IMSI_A0_032c27fd1b3feea2932291f4d9a1fa69d84a0686bf0c50bdeac14b1b26cabfe2db48c7a2a283a80c1bab2902d6b1
1776179882130916,1,0,ANON_5G_CON_IMSI_B0_c93d7b84ebacdcf828597709c40115c34f8e2089f2d34d4a0dce2a2c725a9a1ae28fd7ea714cc38bf83472f593
1776179892270962,2,0,ANON_5G_CON_IMSI_B0_c93d7b84ebacdcf828597709c40115c34f8e2089f2d34d4a0dce2a2c725a9a1ae28fd7ea714cc38bf83472f593
1776180446527293,1,0,ANON_5G_CON_IMSI_A0_03004b38df1b56cbf37c6b51ef0f9c7d808eae564a86c6fa14c960b819e26f24d68b933001ee9100afe664286f6c
1776180456647242,2,0,ANON_5G_CON_IMSI_A0_03004b38df1b56cbf37c6b51ef0f9c7d808eae564a86c6fa14c960b819e26f24d68b933001ee9100afe664286f6c
1776180466767331,3,0,ANON_5G_CON_IMSI_A0_03004b38df1b56cbf37c6b51ef0f9c7d808eae564a86c6fa14c960b819e26f24d68b933001ee9100afe664286f6c
1776180476872395,4,0,ANON_5G_CON_IMSI_A0_03004b38df1b56cbf37c6b51ef0f9c7d808eae564a86c6fa14c960b819e26f24d68b933001ee9100afe664286f6c
1776180486992264,5,0,ANON_5G_CON_IMSI_A0_03004b38df1b56cbf37c6b51ef0f9c7d808eae564a86c6fa14c960b819e26f24d68b933001ee9100afe664286f6c
1776181488505005,1,0,ANON_5G_CON_IMSI_B0_82fd58ffadeeb53f98acba5b75abfa8548a1ac77f1f7be8ae2cc54057b4ab211fdef1a903a2eed970d25978522
1776181498644935,2,0,ANON_5G_CON_IMSI_B0_82fd58ffadeeb53f98acba5b75abfa8548a1ac77f1f7be8ae2cc54057b4ab211fdef1a903a2eed970d25978522
1776181508784775,3,0,ANON_5G_CON_IMSI_B0_82fd58ffadeeb53f98acba5b75abfa8548a1ac77f1f7be8ae2cc54057b4ab211fdef1a903a2eed970d25978522
1776181518909636,4,0,ANON_5G_CON_IMSI_B0_82fd58ffadeeb53f98acba5b75abfa8548a1ac77f1f7be8ae2cc54057b4ab211fdef1a903a2eed970d25978522
1776181529049661,5,0,ANON_5G_CON_IMSI_B0_82fd58ffadeeb53f98acba5b75abfa8548a1ac77f1f7be8ae2cc54057b4ab211fdef1a903a2eed970d25978522
1776182427818430,1,0,ANON_5G_CON_IMSI_B0_c7841fdfecb95a74f2ca8d77dac44f8892d3ff0caef49a75c5f0b094cc4c0f0150b04950f6d121a968f6c40bd3
1776182437958360,2,0,ANON_5G_CON_IMSI_B0_c7841fdfecb95a74f2ca8d77dac44f8892d3ff0caef49a75c5f0b094cc4c0f0150b04950f6d121a968f6c40bd3
1776182448098446,3,0,ANON_5G_CON_IMSI_B0_c7841fdfecb95a74f2ca8d77dac44f8892d3ff0caef49a75c5f0b094cc4c0f0150b04950f6d121a968f6c40bd3
1776182458243458,4,0,ANON_5G_CON_IMSI_B0_c7841fdfecb95a74f2ca8d77dac44f8892d3ff0caef49a75c5f0b094cc4c0f0150b04950f6d121a968f6c40bd3
1776182683316226,1,0,ANON_5G_CON_IMSI_A0_030132b3b0d8de87aa59293df9c85f3e305e941da12a278c27008246d19c062ede035fc90a3724f0180160f8906e
1776182693436046,2,0,ANON_5G_CON_IMSI_A0_030132b3b0d8de87aa59293df9c85f3e305e941da12a278c27008246d19c062ede035fc90a3724f0180160f8906e
1776182703556063,3,0,ANON_5G_CON_IMSI_A0_030132b3b0d8de87aa59293df9c85f3e305e941da12a278c27008246d19c062ede035fc90a3724f0180160f8906e
1776182713661146,4,0,ANON_5G_CON_IMSI_A0_030132b3b0d8de87aa59293df9c85f3e305e941da12a278c27008246d19c062ede035fc90a3724f0180160f8906e
1776182723781020,5,0,ANON_5G_CON_IMSI_A0_030132b3b0d8de87aa59293df9c85f3e305e941da12a278c27008246d19c062ede035fc90a3724f0180160f8906e
1776183704306355,1,0,ANON_5G_CON_IMSI_A0_03016d0fcd01ca26384aeb9c45cca2fa7bef7f823b9671be11a3789b651860ccc8283f85d4bbef9833ce7c71ef6a
1776183751555123,1,0,ANON_5G_CON_IMSI_B0_c72477f6205b83c691381a80cd41ad5f4ee05a922b54f0e2906911aeab37536ec47109e770f5e142eb6fb167e0
1776183761695158,2,0,ANON_5G_CON_IMSI_B0_c72477f6205b83c691381a80cd41ad5f4ee05a922b54f0e2906911aeab37536ec47109e770f5e142eb6fb167e0
1776183771835212,3,0,ANON_5G_CON_IMSI_B0_c72477f6205b83c691381a80cd41ad5f4ee05a922b54f0e2906911aeab37536ec47109e770f5e142eb6fb167e0
1776184007949233,1,0,ANON_5G_CON_IMSI_A0_035a53496b865e326abba84aff3c78badced56bc3c44cb52ada9b0bf49b0cf79aa9006f6f3c500ac5a9c6cb57ee2
1776184018069211,2,0,ANON_5G_CON_IMSI_A0_035a53496b865e326abba84aff3c78badced56bc3c44cb52ada9b0bf49b0cf79aa9006f6f3c500ac5a9c6cb57ee2
1776184028189403,3,0,ANON_5G_CON_IMSI_A0_035a53496b865e326abba84aff3c78badced56bc3c44cb52ada9b0bf49b0cf79aa9006f6f3c500ac5a9c6cb57ee2
1776184038294379,4,0,ANON_5G_CON_IMSI_A0_035a53496b865e326abba84aff3c78badced56bc3c44cb52ada9b0bf49b0cf79aa9006f6f3c500ac5a9c6cb57ee2
1776184101855934,1,0,ANON_5G_CON_IMSI_B0_199e54b65de496d0db55dee3610cc88c5fa813e6e0a504ebf67e62e1100cdb6acba0bd2434cdfcd1cf5cc81e26
1776184719048076,1,0,ANON_5G_CON_IMSI_B0_8dead24b8f57c6ec0673bae2cce26641e6e3a154d39e4fc777118b890f4b555045a2155c204c4855e04b43d08e
1776184729188079,2,0,ANON_5G_CON_IMSI_B0_8dead24b8f57c6ec0673bae2cce26641e6e3a154d39e4fc777118b890f4b555045a2155c204c4855e04b43d08e
1776184739347976,3,0,ANON_5G_CON_IMSI_B0_8dead24b8f57c6ec0673bae2cce26641e6e3a154d39e4fc777118b890f4b555045a2155c204c4855e04b43d08e
1776184749493055,4,0,ANON_5G_CON_IMSI_B0_8dead24b8f57c6ec0673bae2cce26641e6e3a154d39e4fc777118b890f4b555045a2155c204c4855e04b43d08e
1776184759613120,6,0,ANON_5G_CON_IMSI_B0_8dead24b8f57c6ec0673bae2cce26641e6e3a154d39e4fc777118b890f4b555045a2155c204c4855e04b43d08e
1776184975584258,1,0,ANON_5G_CON_IMSI_A0_034b2b262bdb0fca08e2be1748f3edee31ff86df9a3f1f643ea222d872f076648df2d0b870315757771a34ad9874
1776184985704062,2,0,ANON_5G_CON_IMSI_A0_034b2b262bdb0fca08e2be1748f3edee31ff86df9a3f1f643ea222d872f076648df2d0b870315757771a34ad9874
1776184995824032,3,0,ANON_5G_CON_IMSI_A0_034b2b262bdb0fca08e2be1748f3edee31ff86df9a3f1f643ea222d872f076648df2d0b870315757771a34ad9874
1776185005949150,4,0,ANON_5G_CON_IMSI_A0_034b2b262bdb0fca08e2be1748f3edee31ff86df9a3f1f643ea222d872f076648df2d0b870315757771a34ad9874
1776185016069141,5,0,ANON_5G_CON_IMSI_A0_034b2b262bdb0fca08e2be1748f3edee31ff86df9a3f1f643ea222d872f076648df2d0b870315757771a34ad9874
1776185074637020,1,0,ANON_5G_CON_IMSI_B0_ee48943bfb1a65ba1d14eb791ecd56c5b55b18233e0fec5c54df8417f1421714198958f77998fc7a5777395ccc
1776185084797035,2,0,ANON_5G_CON_IMSI_B0_ee48943bfb1a65ba1d14eb791ecd56c5b55b18233e0fec5c54df8417f1421714198958f77998fc7a5777395ccc
1776185373885370,1,0,ANON_5G_CON_IMSI_B0_3033f3b4593433ac006c16d94910fbbd2847606ea4be2c1bf6cc4aa6e407666f8fc9b13aced8eb97ab6c8b30b7
1776185384005413,2,0,ANON_5G_CON_IMSI_B0_3033f3b4593433ac006c16d94910fbbd2847606ea4be2c1bf6cc4aa6e407666f8fc9b13aced8eb97ab6c8b30b7
1776185394225284,3,0,ANON_5G_CON_IMSI_B0_3033f3b4593433ac006c16d94910fbbd2847606ea4be2c1bf6cc4aa6e407666f8fc9b13aced8eb97ab6c8b30b7
1776185404450285,4,0,ANON_5G_CON_IMSI_B0_3033f3b4593433ac006c16d94910fbbd2847606ea4be2c1bf6cc4aa6e407666f8fc9b13aced8eb97ab6c8b30b7
1776185414710398,5,0,ANON_5G_CON_IMSI_B0_3033f3b4593433ac006c16d94910fbbd2847606ea4be2c1bf6cc4aa6e407666f8fc9b13aced8eb97ab6c8b30b7
1776185708737152,1,0,ANON_5G_CON_IMSI_B0_120ee81fc58d1dc4e0c0195049c5931fee63f7e645938d42426eed37c413a723f774788b55ad390d3d85b54a3c
1776185718877099,2,0,ANON_5G_CON_IMSI_B0_120ee81fc58d1dc4e0c0195049c5931fee63f7e645938d42426eed37c413a723f774788b55ad390d3d85b54a3c
1776185729037108,3,0,ANON_5G_CON_IMSI_B0_120ee81fc58d1dc4e0c0195049c5931fee63f7e645938d42426eed37c413a723f774788b55ad390d3d85b54a3c
1776185739202059,4,0,ANON_5G_CON_IMSI_B0_120ee81fc58d1dc4e0c0195049c5931fee63f7e645938d42426eed37c413a723f774788b55ad390d3d85b54a3c
1776185749362014,5,0,ANON_5G_CON_IMSI_B0_120ee81fc58d1dc4e0c0195049c5931fee63f7e645938d42426eed37c413a723f774788b55ad390d3d85b54a3c
1776186305602824,1,0,ANON_5G_CON_IMSI_A0_032ec85408d453fcd46c0525a328da788bbd9091b02337cb3c5a56a6a56639841bf0466fead5e904152884e54617
1776186315742844,2,0,ANON_5G_CON_IMSI_A0_032ec85408d453fcd46c0525a328da788bbd9091b02337cb3c5a56a6a56639841bf0466fead5e904152884e54617
1776186325902844,3,0,ANON_5G_CON_IMSI_A0_032ec85408d453fcd46c0525a328da788bbd9091b02337cb3c5a56a6a56639841bf0466fead5e904152884e54617
1776186336027832,4,0,ANON_5G_CON_IMSI_A0_032ec85408d453fcd46c0525a328da788bbd9091b02337cb3c5a56a6a56639841bf0466fead5e904152884e54617
1776186367399025,1,0,ANON_5G_CON_IMSI_B0_19dd77f3da8756764c3ba3fcf20ee1c82f3415f35fcfeeb9ebdfcb30579b6163bcd141a6395d60a6fea1cb8f1e
1776186377819103,2,0,ANON_5G_CON_IMSI_B0_19dd77f3da8756764c3ba3fcf20ee1c82f3415f35fcfeeb9ebdfcb30579b6163bcd141a6395d60a6fea1cb8f1e
1776186388059010,3,0,ANON_5G_CON_IMSI_B0_19dd77f3da8756764c3ba3fcf20ee1c82f3415f35fcfeeb9ebdfcb30579b6163bcd141a6395d60a6fea1cb8f1e
1776186398284044,4,0,ANON_5G_CON_IMSI_B0_19dd77f3da8756764c3ba3fcf20ee1c82f3415f35fcfeeb9ebdfcb30579b6163bcd141a6395d60a6fea1cb8f1e
1776186408544063,5,0,ANON_5G_CON_IMSI_B0_19dd77f3da8756764c3ba3fcf20ee1c82f3415f35fcfeeb9ebdfcb30579b6163bcd141a6395d60a6fea1cb8f1e
1776186694401562,1,0,ANON_5G_CON_IMSI_B0_955a98da1ced0305653eb8f978cc501146657345845b9270820f2fb4d30ca72b6780a22ceaeced3d72da5943fa
1776186704541564,2,0,ANON_5G_CON_IMSI_B0_955a98da1ced0305653eb8f978cc501146657345845b9270820f2fb4d30ca72b6780a22ceaeced3d72da5943fa
1776186714681578,3,0,ANON_5G_CON_IMSI_B0_955a98da1ced0305653eb8f978cc501146657345845b9270820f2fb4d30ca72b6780a22ceaeced3d72da5943fa
1776186724826569,4,0,ANON_5G_CON_IMSI_B0_955a98da1ced0305653eb8f978cc501146657345845b9270820f2fb4d30ca72b6780a22ceaeced3d72da5943fa
1776186734966678,5,0,ANON_5G_CON_IMSI_B0_955a98da1ced0305653eb8f978cc501146657345845b9270820f2fb4d30ca72b6780a22ceaeced3d72da5943fa
1776187293938771,1,0,ANON_5G_CON_IMSI_A0_03047601511a14d8906fd755ba1f27192bbc5f7b96e6b1a77a6ecaf2868e5dd46e73b19ceeea61f0ab1e3647c53b
1776187304058679,2,0,ANON_5G_CON_IMSI_A0_03047601511a14d8906fd755ba1f27192bbc5f7b96e6b1a77a6ecaf2868e5dd46e73b19ceeea61f0ab1e3647c53b
1776187314188811,3,0,ANON_5G_CON_IMSI_A0_03047601511a14d8906fd755ba1f27192bbc5f7b96e6b1a77a6ecaf2868e5dd46e73b19ceeea61f0ab1e3647c53b
1776187324303720,4,0,ANON_5G_CON_IMSI_A0_03047601511a14d8906fd755ba1f27192bbc5f7b96e6b1a77a6ecaf2868e5dd46e73b19ceeea61f0ab1e3647c53b
1776187395422373,1,0,ANON_5G_CON_IMSI_B0_e9eb3ab53827ad9efd417214f42308b76a9b07adb7a85ef02dd64c3684cde05f195e0936cdfbf6c3a934705d9b
1776188011989881,1,0,ANON_5G_CON_IMSI_B0_5ca504f308d6387cecb186fb77ff300653374bd8e0bdc4c12252a5f1714023090afbab27fe73ba6deb1e462ad0
1776188023069801,2,0,ANON_5G_CON_IMSI_B0_5ca504f308d6387cecb186fb77ff300653374bd8e0bdc4c12252a5f1714023090afbab27fe73ba6deb1e462ad0
1776188033289724,3,0,ANON_5G_CON_IMSI_B0_5ca504f308d6387cecb186fb77ff300653374bd8e0bdc4c12252a5f1714023090afbab27fe73ba6deb1e462ad0
1776188043514776,4,0,ANON_5G_CON_IMSI_B0_5ca504f308d6387cecb186fb77ff300653374bd8e0bdc4c12252a5f1714023090afbab27fe73ba6deb1e462ad0
1776188269309639,1,0,ANON_5G_CON_IMSI_A0_03924f29a8164ab472478fd19a6d827235a228b700d7689cdfa8dc600c866f5ed502607876ad2680483f011b047f
1776188279429574,2,0,ANON_5G_CON_IMSI_A0_03924f29a8164ab472478fd19a6d827235a228b700d7689cdfa8dc600c866f5ed502607876ad2680483f011b047f
1776188289549661,3,0,ANON_5G_CON_IMSI_A0_03924f29a8164ab472478fd19a6d827235a228b700d7689cdfa8dc600c866f5ed502607876ad2680483f011b047f
1776188299674508,4,0,ANON_5G_CON_IMSI_A0_03924f29a8164ab472478fd19a6d827235a228b700d7689cdfa8dc600c866f5ed502607876ad2680483f011b047f
1776188309794580,5,0,ANON_5G_CON_IMSI_A0_03924f29a8164ab472478fd19a6d827235a228b700d7689cdfa8dc600c866f5ed502607876ad2680483f011b047f
1776188331575426,1,0,ANON_5G_CON_IMSI_B0_9a615179857ba7e07c6684976b166a37edccbe1bd46d2b1af5cec009466c88393abe5c76a63149d66788d41696
1776188342855383,2,0,ANON_5G_CON_IMSI_B0_9a615179857ba7e07c6684976b166a37edccbe1bd46d2b1af5cec009466c88393abe5c76a63149d66788d41696
1776188353095444,3,0,ANON_5G_CON_IMSI_B0_9a615179857ba7e07c6684976b166a37edccbe1bd46d2b1af5cec009466c88393abe5c76a63149d66788d41696
1776188363340394,4,0,ANON_5G_CON_IMSI_B0_9a615179857ba7e07c6684976b166a37edccbe1bd46d2b1af5cec009466c88393abe5c76a63149d66788d41696
1776188373560405,5,0,ANON_5G_CON_IMSI_B0_9a615179857ba7e07c6684976b166a37edccbe1bd46d2b1af5cec009466c88393abe5c76a63149d66788d41696
1776188668772049,1,0,ANON_5G_CON_IMSI_B0_3be5211d5bdf830083b4c7481578805bdf0975ad36440fe1fda38b24ec3b580a48b2c2311d426c3bcfc734dab7
1776188678912095,2,0,ANON_5G_CON_IMSI_B0_3be5211d5bdf830083b4c7481578805bdf0975ad36440fe1fda38b24ec3b580a48b2c2311d426c3bcfc734dab7
1776188689052112,3,0,ANON_5G_CON_IMSI_B0_3be5211d5bdf830083b4c7481578805bdf0975ad36440fe1fda38b24ec3b580a48b2c2311d426c3bcfc734dab7
1776188699197124,4,0,ANON_5G_CON_IMSI_B0_3be5211d5bdf830083b4c7481578805bdf0975ad36440fe1fda38b24ec3b580a48b2c2311d426c3bcfc734dab7
1776188709337130,5,0,ANON_5G_CON_IMSI_B0_3be5211d5bdf830083b4c7481578805bdf0975ad36440fe1fda38b24ec3b580a48b2c2311d426c3bcfc734dab7
1776189260522374,1,0,ANON_5G_CON_IMSI_A0_030202a15267769a38b5d79a14e130c7df2b7876805d4f4da10307734b4bcc0998fef2bc02c6c4c83ca98ce79d77
1776189270642256,2,0,ANON_5G_CON_IMSI_A0_030202a15267769a38b5d79a14e130c7df2b7876805d4f4da10307734b4bcc0998fef2bc02c6c4c83ca98ce79d77
1776189280762290,3,0,ANON_5G_CON_IMSI_A0_030202a15267769a38b5d79a14e130c7df2b7876805d4f4da10307734b4bcc0998fef2bc02c6c4c83ca98ce79d77
1776189290877238,4,0,ANON_5G_CON_IMSI_A0_030202a15267769a38b5d79a14e130c7df2b7876805d4f4da10307734b4bcc0998fef2bc02c6c4c83ca98ce79d77
1776189321716991,1,0,ANON_5G_CON_IMSI_B0_daca8d26778d1cb8f5114cd5b47c2d86724778380789ff4bf5e706eecc87af4625e5e7cb49843154c0512486ac
1776189332156793,2,0,ANON_5G_CON_IMSI_B0_daca8d26778d1cb8f5114cd5b47c2d86724778380789ff4bf5e706eecc87af4625e5e7cb49843154c0512486ac
1776189342396793,3,0,ANON_5G_CON_IMSI_B0_daca8d26778d1cb8f5114cd5b47c2d86724778380789ff4bf5e706eecc87af4625e5e7cb49843154c0512486ac
1776189352621797,4,0,ANON_5G_CON_IMSI_B0_daca8d26778d1cb8f5114cd5b47c2d86724778380789ff4bf5e706eecc87af4625e5e7cb49843154c0512486ac
1776189362861745,5,0,ANON_5G_CON_IMSI_B0_daca8d26778d1cb8f5114cd5b47c2d86724778380789ff4bf5e706eecc87af4625e5e7cb49843154c0512486ac
1776189647518266,1,0,ANON_5G_CON_IMSI_B0_44a06793e2d2f2b98a268e498368c32c3670eab2d23053e7f15365c105e37d4d490c725f3e1e0e34072268c3e2
1776189657678248,2,0,ANON_5G_CON_IMSI_B0_44a06793e2d2f2b98a268e498368c32c3670eab2d23053e7f15365c105e37d4d490c725f3e1e0e34072268c3e2
1776189667838177,3,0,ANON_5G_CON_IMSI_B0_44a06793e2d2f2b98a268e498368c32c3670eab2d23053e7f15365c105e37d4d490c725f3e1e0e34072268c3e2
1776189677983232,4,0,ANON_5G_CON_IMSI_B0_44a06793e2d2f2b98a268e498368c32c3670eab2d23053e7f15365c105e37d4d490c725f3e1e0e34072268c3e2
1776189688123221,5,0,ANON_5G_CON_IMSI_B0_44a06793e2d2f2b98a268e498368c32c3670eab2d23053e7f15365c105e37d4d490c725f3e1e0e34072268c3e2
1776190269333958,1,0,ANON_5G_CON_IMSI_A0_03e8350ec64651a8e30fff7de1d1ab791b476fbde85346ecaafca52cef61a8a3196062a63af49f3861a7ebf9cb7f
1776190279453943,2,0,ANON_5G_CON_IMSI_A0_03e8350ec64651a8e30fff7de1d1ab791b476fbde85346ecaafca52cef61a8a3196062a63af49f3861a7ebf9cb7f
1776190306760847,1,0,ANON_5G_CON_IMSI_B0_717835aa36657feb51896cdf7335ef34f4940357c47ea5fa88a814921a2cdd56b409a7a26d9bca742ed2eb38a2
1776190317140807,2,0,ANON_5G_CON_IMSI_B0_717835aa36657feb51896cdf7335ef34f4940357c47ea5fa88a814921a2cdd56b409a7a26d9bca742ed2eb38a2
1776190327380708,3,0,ANON_5G_CON_IMSI_B0_717835aa36657feb51896cdf7335ef34f4940357c47ea5fa88a814921a2cdd56b409a7a26d9bca742ed2eb38a2
1776190337645905,4,0,ANON_5G_CON_IMSI_B0_717835aa36657feb51896cdf7335ef34f4940357c47ea5fa88a814921a2cdd56b409a7a26d9bca742ed2eb38a2
1776190347865667,5,0,ANON_5G_CON_IMSI_B0_717835aa36657feb51896cdf7335ef34f4940357c47ea5fa88a814921a2cdd56b409a7a26d9bca742ed2eb38a2
1776190598768330,1,0,ANON_5G_CON_IMSI_A0_03833e6baccb7adbc9cbb54382efb7b366ebccd82b63edfcebde296ad3735606ee9a87afd3d28715faf878e82006
1776190608888283,2,0,ANON_5G_CON_IMSI_A0_03833e6baccb7adbc9cbb54382efb7b366ebccd82b63edfcebde296ad3735606ee9a87afd3d28715faf878e82006
1776190646963216,1,0,ANON_5G_CON_IMSI_B0_4b717fe82724b899a4ed0f780c95a4121b15e91a6eab92d6f5f515393d9fe36cd311236df6eb92ed8f7581f8c8
1776190657103124,2,0,ANON_5G_CON_IMSI_B0_4b717fe82724b899a4ed0f780c95a4121b15e91a6eab92d6f5f515393d9fe36cd311236df6eb92ed8f7581f8c8
1776190667243285,3,0,ANON_5G_CON_IMSI_B0_4b717fe82724b899a4ed0f780c95a4121b15e91a6eab92d6f5f515393d9fe36cd311236df6eb92ed8f7581f8c8
1776190677388184,4,0,ANON_5G_CON_IMSI_B0_4b717fe82724b899a4ed0f780c95a4121b15e91a6eab92d6f5f515393d9fe36cd311236df6eb92ed8f7581f8c8
1776191235933814,1,0,ANON_5G_CON_IMSI_A0_03d87b5773f2648acbc91d69ee664a9447a833a3033b2b3f7df97080bd5fcc22165daa30acaa6c8df5cb550cdd3e
1776191246043817,2,0,ANON_5G_CON_IMSI_A0_03d87b5773f2648acbc91d69ee664a9447a833a3033b2b3f7df97080bd5fcc22165daa30acaa6c8df5cb550cdd3e
1776191256193732,3,0,ANON_5G_CON_IMSI_A0_03d87b5773f2648acbc91d69ee664a9447a833a3033b2b3f7df97080bd5fcc22165daa30acaa6c8df5cb550cdd3e
1776191266308864,4,0,ANON_5G_CON_IMSI_A0_03d87b5773f2648acbc91d69ee664a9447a833a3033b2b3f7df97080bd5fcc22165daa30acaa6c8df5cb550cdd3e
1776191294226210,1,0,ANON_5G_CON_IMSI_B0_0866cb4ada51769ae77bbb17da8a753c6b15275fbe96f2f8ef7eb9ef05bfbc0485fe3a016ec75f7ae95a726637
1776191305116160,2,0,ANON_5G_CON_IMSI_B0_0866cb4ada51769ae77bbb17da8a753c6b15275fbe96f2f8ef7eb9ef05bfbc0485fe3a016ec75f7ae95a726637
1776191315316133,3,0,ANON_5G_CON_IMSI_B0_0866cb4ada51769ae77bbb17da8a753c6b15275fbe96f2f8ef7eb9ef05bfbc0485fe3a016ec75f7ae95a726637
1776191325561225,4,0,ANON_5G_CON_IMSI_B0_0866cb4ada51769ae77bbb17da8a753c6b15275fbe96f2f8ef7eb9ef05bfbc0485fe3a016ec75f7ae95a726637
1776191335801031,5,0,ANON_5G_CON_IMSI_B0_0866cb4ada51769ae77bbb17da8a753c6b15275fbe96f2f8ef7eb9ef05bfbc0485fe3a016ec75f7ae95a726637
1776191631710328,1,0,ANON_5G_CON_IMSI_B0_6d02fac55f5e3d6cb8658ffeac6528cdc86fb937244e7343768ddc00a319a826ac345408017712d5c8c28bddf6
1776191641850496,2,0,ANON_5G_CON_IMSI_B0_6d02fac55f5e3d6cb8658ffeac6528cdc86fb937244e7343768ddc00a319a826ac345408017712d5c8c28bddf6
1776191651990473,3,0,ANON_5G_CON_IMSI_B0_6d02fac55f5e3d6cb8658ffeac6528cdc86fb937244e7343768ddc00a319a826ac345408017712d5c8c28bddf6
1776191662135415,4,0,ANON_5G_CON_IMSI_B0_6d02fac55f5e3d6cb8658ffeac6528cdc86fb937244e7343768ddc00a319a826ac345408017712d5c8c28bddf6
1776192321764238,1,0,ANON_5G_CON_IMSI_B0_ff65c10f363d1b4173a2c50132dea153ca1250708a7b676af78d3f69a5e8486e6162971a7ec8a34eaa17e6c030
1776192613125965,1,0,ANON_5G_CON_IMSI_B0_558b694248f5e4cf876c33e835b476248f3c4805867c16b746b8b25df1ce9233491d7d03d1a5cb01484d63809b
1776192623415871,2,0,ANON_5G_CON_IMSI_B0_558b694248f5e4cf876c33e835b476248f3c4805867c16b746b8b25df1ce9233491d7d03d1a5cb01484d63809b
1776192628075815,3,0,ANON_5G_CON_IMSI_B0_b701cdbd63f4743abe81aa3dbb238efc459f7e6c167782706ea4641d2b12a16ecbfdc9fe23c08b07f431fb91ed
1776192633700889,4,0,ANON_5G_CON_IMSI_B0_558b694248f5e4cf876c33e835b476248f3c4805867c16b746b8b25df1ce9233491d7d03d1a5cb01484d63809b
1776192638240787,5,0,ANON_5G_CON_IMSI_B0_b701cdbd63f4743abe81aa3dbb238efc459f7e6c167782706ea4641d2b12a16ecbfdc9fe23c08b07f431fb91ed
1776192643920825,6,0,ANON_5G_CON_IMSI_B0_558b694248f5e4cf876c33e835b476248f3c4805867c16b746b8b25df1ce9233491d7d03d1a5cb01484d63809b
1776192648385858,7,0,ANON_5G_CON_IMSI_B0_b701cdbd63f4743abe81aa3dbb238efc459f7e6c167782706ea4641d2b12a16ecbfdc9fe23c08b07f431fb91ed
1776192654145943,8,0,ANON_5G_CON_IMSI_B0_558b694248f5e4cf876c33e835b476248f3c4805867c16b746b8b25df1ce9233491d7d03d1a5cb01484d63809b
1776192932741440,1,0,ANON_5G_CON_IMSI_B0_28558ec39f6e12ebdf68499270a98aaed9fd02fae998a9a74462485ea97c6870432732911fb7e42bf867d0fbeb
1776192942881423,2,0,ANON_5G_CON_IMSI_B0_28558ec39f6e12ebdf68499270a98aaed9fd02fae998a9a74462485ea97c6870432732911fb7e42bf867d0fbeb
1776192953021530,3,0,ANON_5G_CON_IMSI_B0_28558ec39f6e12ebdf68499270a98aaed9fd02fae998a9a74462485ea97c6870432732911fb7e42bf867d0fbeb
1776192963166527,4,0,ANON_5G_CON_IMSI_B0_28558ec39f6e12ebdf68499270a98aaed9fd02fae998a9a74462485ea97c6870432732911fb7e42bf867d0fbeb
1776192973306511,5,0,ANON_5G_CON_IMSI_B0_28558ec39f6e12ebdf68499270a98aaed9fd02fae998a9a74462485ea97c6870432732911fb7e42bf867d0fbeb
1776193529488873,1,0,ANON_5G_CON_IMSI_A0_03fe1c0fa9db42d31028058d5ae4a992b1294a2b95445c4bc364b8358a1f8309bc1b9fadacffa6e51b93998bb721
1776193539608929,2,0,ANON_5G_CON_IMSI_A0_03fe1c0fa9db42d31028058d5ae4a992b1294a2b95445c4bc364b8358a1f8309bc1b9fadacffa6e51b93998bb721
1776193549728929,3,0,ANON_5G_CON_IMSI_A0_03fe1c0fa9db42d31028058d5ae4a992b1294a2b95445c4bc364b8358a1f8309bc1b9fadacffa6e51b93998bb721
1776193559853899,4,0,ANON_5G_CON_IMSI_A0_03fe1c0fa9db42d31028058d5ae4a992b1294a2b95445c4bc364b8358a1f8309bc1b9fadacffa6e51b93998bb721
1776193570003920,5,0,ANON_5G_CON_IMSI_A0_03fe1c0fa9db42d31028058d5ae4a992b1294a2b95445c4bc364b8358a1f8309bc1b9fadacffa6e51b93998bb721
1776193596915624,1,0,ANON_5G_CON_IMSI_B0_3c1be4f8991b0da4030965d1c5ca4fef3cf5277a95e93e76fc91121d33e7604d2325381f61b5236d8504618e5a
1776193607575605,2,0,ANON_5G_CON_IMSI_B0_3c1be4f8991b0da4030965d1c5ca4fef3cf5277a95e93e76fc91121d33e7604d2325381f61b5236d8504618e5a
1776193617835349,3,0,ANON_5G_CON_IMSI_B0_3c1be4f8991b0da4030965d1c5ca4fef3cf5277a95e93e76fc91121d33e7604d2325381f61b5236d8504618e5a
1776193628040205,4,0,ANON_5G_CON_IMSI_B0_3c1be4f8991b0da4030965d1c5ca4fef3cf5277a95e93e76fc91121d33e7604d2325381f61b5236d8504618e5a
1776193638280106,5,0,ANON_5G_CON_IMSI_B0_3c1be4f8991b0da4030965d1c5ca4fef3cf5277a95e93e76fc91121d33e7604d2325381f61b5236d8504618e5a
1776193925326606,1,0,ANON_5G_CON_IMSI_B0_0beef3cd20860a279ab8563ccbce95d7e215893c1da3b46235f53ea7f617682cbec955ec63e0676627e1eaeeff
1776193935466545,2,0,ANON_5G_CON_IMSI_B0_0beef3cd20860a279ab8563ccbce95d7e215893c1da3b46235f53ea7f617682cbec955ec63e0676627e1eaeeff
1776193945606311,3,0,ANON_5G_CON_IMSI_B0_0beef3cd20860a279ab8563ccbce95d7e215893c1da3b46235f53ea7f617682cbec955ec63e0676627e1eaeeff
1776193955751299,4,0,ANON_5G_CON_IMSI_B0_0beef3cd20860a279ab8563ccbce95d7e215893c1da3b46235f53ea7f617682cbec955ec63e0676627e1eaeeff
1776193965891094,5,0,ANON_5G_CON_IMSI_B0_0beef3cd20860a279ab8563ccbce95d7e215893c1da3b46235f53ea7f617682cbec955ec63e0676627e1eaeeff
1776194577438386,1,0,ANON_5G_CON_IMSI_B0_d8b42b13fd739ea4da2ca87650b4582e596796eb917d300171f849f6951d7e19ade5563da81296ffaf6bd038a4
1776194588058336,2,0,ANON_5G_CON_IMSI_B0_d8b42b13fd739ea4da2ca87650b4582e596796eb917d300171f849f6951d7e19ade5563da81296ffaf6bd038a4
1776194598298271,3,0,ANON_5G_CON_IMSI_B0_d8b42b13fd739ea4da2ca87650b4582e596796eb917d300171f849f6951d7e19ade5563da81296ffaf6bd038a4
1776194608543197,4,0,ANON_5G_CON_IMSI_B0_d8b42b13fd739ea4da2ca87650b4582e596796eb917d300171f849f6951d7e19ade5563da81296ffaf6bd038a4
1776194618773075,5,0,ANON_5G_CON_IMSI_B0_d8b42b13fd739ea4da2ca87650b4582e596796eb917d300171f849f6951d7e19ade5563da81296ffaf6bd038a4
1776194866225589,1,0,ANON_5G_CON_IMSI_A0_03ca7e017341fdfdeb2b37d67355e1c6c03cd1c25692452bef34f3e6dfdcc256fb60d028d9a74a8da2e5d2fcd003
1776194876345520,2,0,ANON_5G_CON_IMSI_A0_03ca7e017341fdfdeb2b37d67355e1c6c03cd1c25692452bef34f3e6dfdcc256fb60d028d9a74a8da2e5d2fcd003
1776194886465442,3,0,ANON_5G_CON_IMSI_A0_03ca7e017341fdfdeb2b37d67355e1c6c03cd1c25692452bef34f3e6dfdcc256fb60d028d9a74a8da2e5d2fcd003
1776194906410720,1,0,ANON_5G_CON_IMSI_B0_5497b8c68e63c221f38586cabf7a4837abffc54089bfe70d280c412f8707981b6cabb80531a06fb6a99f551f9b
1776194916550649,2,0,ANON_5G_CON_IMSI_B0_5497b8c68e63c221f38586cabf7a4837abffc54089bfe70d280c412f8707981b6cabb80531a06fb6a99f551f9b
1776194926690517,3,0,ANON_5G_CON_IMSI_B0_5497b8c68e63c221f38586cabf7a4837abffc54089bfe70d280c412f8707981b6cabb80531a06fb6a99f551f9b
1776194936835504,4,0,ANON_5G_CON_IMSI_B0_5497b8c68e63c221f38586cabf7a4837abffc54089bfe70d280c412f8707981b6cabb80531a06fb6a99f551f9b
1776194946995549,5,0,ANON_5G_CON_IMSI_B0_5497b8c68e63c221f38586cabf7a4837abffc54089bfe70d280c412f8707981b6cabb80531a06fb6a99f551f9b
1776195202948047,1,0,ANON_5G_CON_IMSI_A0_030ad66a9939b77b34912b7eef78619fd408ca19e194396148840cf06f5818dde76843f1b5d10472c7ec02f11066
1776195213067965,2,0,ANON_5G_CON_IMSI_A0_030ad66a9939b77b34912b7eef78619fd408ca19e194396148840cf06f5818dde76843f1b5d10472c7ec02f11066
1776195531397761,1,0,ANON_5G_CON_IMSI_A0_03358f9d527dd4101825bedd962f06ecb261978169e6a53389f991c45c8a0adf64cf43b9b570c8d4b72844a535a4
1776195541537758,2,0,ANON_5G_CON_IMSI_A0_03358f9d527dd4101825bedd962f06ecb261978169e6a53389f991c45c8a0adf64cf43b9b570c8d4b72844a535a4
1776195562165822,1,0,ANON_5G_CON_IMSI_B0_b6ebdd0364316ec69bfbf5defbd80180ac758077feb3d3ce2761a4bb4b71bc1e404553d7a48058db1ac326ffc4
1776195572485796,2,0,ANON_5G_CON_IMSI_B0_b6ebdd0364316ec69bfbf5defbd80180ac758077feb3d3ce2761a4bb4b71bc1e404553d7a48058db1ac326ffc4
1776195582725899,3,0,ANON_5G_CON_IMSI_B0_b6ebdd0364316ec69bfbf5defbd80180ac758077feb3d3ce2761a4bb4b71bc1e404553d7a48058db1ac326ffc4
1776195592950786,4,0,ANON_5G_CON_IMSI_B0_b6ebdd0364316ec69bfbf5defbd80180ac758077feb3d3ce2761a4bb4b71bc1e404553d7a48058db1ac326ffc4
1776195603190774,5,0,ANON_5G_CON_IMSI_B0_b6ebdd0364316ec69bfbf5defbd80180ac758077feb3d3ce2761a4bb4b71bc1e404553d7a48058db1ac326ffc4
1776195859624538,1,0,ANON_5G_CON_IMSI_A0_03dc7f384be339d76ace9d747fec7d8d046d0b58944464a158c61b3730910911d7d478385aeae55a9650ae11195b
1776195869744591,2,0,ANON_5G_CON_IMSI_A0_03dc7f384be339d76ace9d747fec7d8d046d0b58944464a158c61b3730910911d7d478385aeae55a9650ae11195b
1776195910653756,1,0,ANON_5G_CON_IMSI_B0_0f555883e52b30a9e9082e865c9babf1fe33aca177f6c515a21394c4c6d18d62e7224ef7e647a85f01816c4118
1776195920793848,2,0,ANON_5G_CON_IMSI_B0_0f555883e52b30a9e9082e865c9babf1fe33aca177f6c515a21394c4c6d18d62e7224ef7e647a85f01816c4118
1776195930933889,3,0,ANON_5G_CON_IMSI_B0_0f555883e52b30a9e9082e865c9babf1fe33aca177f6c515a21394c4c6d18d62e7224ef7e647a85f01816c4118
1776196188298180,1,0,ANON_5G_CON_IMSI_A0_03a2e243d64f64038886ee4b604ecc8252cf13b1697affba528256e3cb4678e67cf3d9228d4eb996d0572635199b
1776196198428154,2,0,ANON_5G_CON_IMSI_A0_03a2e243d64f64038886ee4b604ecc8252cf13b1697affba528256e3cb4678e67cf3d9228d4eb996d0572635199b
1776196228957107,1,0,ANON_5G_CON_IMSI_B0_440aa055661b4e4a9b6691484e2586eef3d58d2672340ccc511edd7f5b3c9a1a000c9b2ebbe5ded66a3fc742b0
1776196239117229,2,0,ANON_5G_CON_IMSI_B0_440aa055661b4e4a9b6691484e2586eef3d58d2672340ccc511edd7f5b3c9a1a000c9b2ebbe5ded66a3fc742b0
1776196249277282,3,0,ANON_5G_CON_IMSI_B0_440aa055661b4e4a9b6691484e2586eef3d58d2672340ccc511edd7f5b3c9a1a000c9b2ebbe5ded66a3fc742b0
1776196259442189,4,0,ANON_5G_CON_IMSI_B0_440aa055661b4e4a9b6691484e2586eef3d58d2672340ccc511edd7f5b3c9a1a000c9b2ebbe5ded66a3fc742b0
1776196269582212,5,0,ANON_5G_CON_IMSI_B0_440aa055661b4e4a9b6691484e2586eef3d58d2672340ccc511edd7f5b3c9a1a000c9b2ebbe5ded66a3fc742b0
1776196517273771,1,0,ANON_5G_CON_IMSI_A0_0390df8ef119a7ba9f44149f58b96499372fc49684dd860fef9df3133ec19cf886ec1309acb1be371979479a4abc
1776196527393737,2,0,ANON_5G_CON_IMSI_A0_0390df8ef119a7ba9f44149f58b96499372fc49684dd860fef9df3133ec19cf886ec1309acb1be371979479a4abc
1776196551760627,1,0,ANON_5G_CON_IMSI_B0_31e2d3e5af7bf633c81a358af80236a5dc24b50840aff53e2e84663812722f2d1112f4041fc04088a175ac6744
1776196557460839,2,0,ANON_5G_CON_IMSI_B0_fe39210e466f0aa7bdc8b464fe70451ec6410090155cc99e720e0707931fe34752abd7f5f8cecd2b412d8afe32
1776196559640816,3,0,ANON_5G_CON_IMSI_B0_fe39210e466f0aa7bdc8b464fe70451ec6410090155cc99e720e0707931fe34752abd7f5f8cecd2b412d8afe32
1776196561856087,4,0,ANON_5G_CON_IMSI_B0_fe39210e466f0aa7bdc8b464fe70451ec6410090155cc99e720e0707931fe34752abd7f5f8cecd2b412d8afe32
1776196562835609,5,0,ANON_5G_CON_IMSI_B0_31e2d3e5af7bf633c81a358af80236a5dc24b50840aff53e2e84663812722f2d1112f4041fc04088a175ac6744
1776196564115710,6,0,ANON_5G_CON_IMSI_B0_fe39210e466f0aa7bdc8b464fe70451ec6410090155cc99e720e0707931fe34752abd7f5f8cecd2b412d8afe32
1776196566301141,7,0,ANON_5G_CON_IMSI_B0_fe39210e466f0aa7bdc8b464fe70451ec6410090155cc99e720e0707931fe34752abd7f5f8cecd2b412d8afe32
1776196573090608,8,0,ANON_5G_CON_IMSI_B0_31e2d3e5af7bf633c81a358af80236a5dc24b50840aff53e2e84663812722f2d1112f4041fc04088a175ac6744
1776196583350621,9,0,ANON_5G_CON_IMSI_B0_31e2d3e5af7bf633c81a358af80236a5dc24b50840aff53e2e84663812722f2d1112f4041fc04088a175ac6744
1776196593555658,10,0,ANON_5G_CON_IMSI_B0_31e2d3e5af7bf633c81a358af80236a5dc24b50840aff53e2e84663812722f2d1112f4041fc04088a175ac6744
1776196846936818,1,0,ANON_5G_CON_IMSI_A0_036661e506b24cb7488ed46788f18136ab2df65613a68b4c0a0da746fd1796f521b601d822fa7830d7db5c9c1f6b
1776196857056802,2,0,ANON_5G_CON_IMSI_A0_036661e506b24cb7488ed46788f18136ab2df65613a68b4c0a0da746fd1796f521b601d822fa7830d7db5c9c1f6b
1776197175562446,1,0,ANON_5G_CON_IMSI_A0_037d9976f0e245470471f63260d83bdd7689e6dda8fc0ccd0faa8d5dc6135f7f4b6c84226821d37d15bd0f8e009b
1776197185682339,2,0,ANON_5G_CON_IMSI_A0_037d9976f0e245470471f63260d83bdd7689e6dda8fc0ccd0faa8d5dc6135f7f4b6c84226821d37d15bd0f8e009b
1776197206910978,1,0,ANON_5G_CON_IMSI_B0_5fa2c05b3679c605f87f635c14bef63c416ad705527881c65f7d77dd503d536f905114217a0a24ebd79e0e7c67
1776197217050974,2,0,ANON_5G_CON_IMSI_B0_5fa2c05b3679c605f87f635c14bef63c416ad705527881c65f7d77dd503d536f905114217a0a24ebd79e0e7c67
1776197227190856,3,0,ANON_5G_CON_IMSI_B0_5fa2c05b3679c605f87f635c14bef63c416ad705527881c65f7d77dd503d536f905114217a0a24ebd79e0e7c67
1776197237355957,4,0,ANON_5G_CON_IMSI_B0_5fa2c05b3679c605f87f635c14bef63c416ad705527881c65f7d77dd503d536f905114217a0a24ebd79e0e7c67
1776197247495921,5,0,ANON_5G_CON_IMSI_B0_5fa2c05b3679c605f87f635c14bef63c416ad705527881c65f7d77dd503d536f905114217a0a24ebd79e0e7c67
1776197503436967,1,0,ANON_5G_CON_IMSI_A0_035b07c09ea8019e8ecba96d6c1c73f8161c475728a0e1856250d4c679e384a8ad1ef3825f1dd71930997492afa1
1776197513566923,2,0,ANON_5G_CON_IMSI_A0_035b07c09ea8019e8ecba96d6c1c73f8161c475728a0e1856250d4c679e384a8ad1ef3825f1dd71930997492afa1
1776197548719732,1,0,ANON_5G_CON_IMSI_B0_8f0be92bf9da50e72f94ce78ba94fab8c6a517efeb989fd6e6bcf345fcdd2526db5e504ede32bce308668b8a8a
1776197559079701,2,0,ANON_5G_CON_IMSI_B0_8f0be92bf9da50e72f94ce78ba94fab8c6a517efeb989fd6e6bcf345fcdd2526db5e504ede32bce308668b8a8a
1776197569329654,3,0,ANON_5G_CON_IMSI_B0_8f0be92bf9da50e72f94ce78ba94fab8c6a517efeb989fd6e6bcf345fcdd2526db5e504ede32bce308668b8a8a
1776197579564700,4,0,ANON_5G_CON_IMSI_B0_8f0be92bf9da50e72f94ce78ba94fab8c6a517efeb989fd6e6bcf345fcdd2526db5e504ede32bce308668b8a8a
1776197832475101,1,0,ANON_5G_CON_IMSI_A0_03a9395e24c86a8e4160105809d10e12a0717d0b8b6805528ee225c4c1260e81aa4cd6feac65de1184effc4d4e61
1776197842595156,2,0,ANON_5G_CON_IMSI_A0_03a9395e24c86a8e4160105809d10e12a0717d0b8b6805528ee225c4c1260e81aa4cd6feac65de1184effc4d4e61
1776197862795061,1,0,ANON_5G_CON_IMSI_B0_ccee9bb57bc04aa862e3d0d81a265913be7d27b597d5be9c481247b48b02c729f67b9c38acb7e2a843accad6d3
1776197874075143,2,0,ANON_5G_CON_IMSI_B0_ccee9bb57bc04aa862e3d0d81a265913be7d27b597d5be9c481247b48b02c729f67b9c38acb7e2a843accad6d3
1776197884315195,3,0,ANON_5G_CON_IMSI_B0_ccee9bb57bc04aa862e3d0d81a265913be7d27b597d5be9c481247b48b02c729f67b9c38acb7e2a843accad6d3
1776197894560206,4,0,ANON_5G_CON_IMSI_B0_ccee9bb57bc04aa862e3d0d81a265913be7d27b597d5be9c481247b48b02c729f67b9c38acb7e2a843accad6d3
1776197904820207,5,0,ANON_5G_CON_IMSI_B0_ccee9bb57bc04aa862e3d0d81a265913be7d27b597d5be9c481247b48b02c729f67b9c38acb7e2a843accad6d3
1776198161113379,1,0,ANON_5G_CON_IMSI_A0_03adbfedd810389cfc3f69348a176eb296233089344de5ce135cd30416c9c52830f38c2e9e6e4fb0d52189d5c4ce
1776198171223318,2,0,ANON_5G_CON_IMSI_A0_03adbfedd810389cfc3f69348a176eb296233089344de5ce135cd30416c9c52830f38c2e9e6e4fb0d52189d5c4ce
1776198223890461,1,0,ANON_5G_CON_IMSI_B0_92897ff695a1c7a1b06aed17ce3e7bf7ef2d0b128ad34d5330c39223d2a8893b0ab6bb618f9effca3ef2ef3ff3
1776198234030464,2,0,ANON_5G_CON_IMSI_B0_92897ff695a1c7a1b06aed17ce3e7bf7ef2d0b128ad34d5330c39223d2a8893b0ab6bb618f9effca3ef2ef3ff3
1776198489488881,1,0,ANON_5G_CON_IMSI_A0_03afb3fd5725c4f8e9ff519aab3097fa5b0879924472014a12f0957830a1579a76137a00da6325e55e7a499d0208
1776198499608751,2,0,ANON_5G_CON_IMSI_A0_03afb3fd5725c4f8e9ff519aab3097fa5b0879924472014a12f0957830a1579a76137a00da6325e55e7a499d0208
1776198520474548,1,0,ANON_5G_CON_IMSI_B0_8b125aed382c0d7ab09765c45c30d59cbda1578a5d11a8c5758e87a34697f41387c254c84ad1021650dcaad1c8
1776198530634472,2,0,ANON_5G_CON_IMSI_B0_8b125aed382c0d7ab09765c45c30d59cbda1578a5d11a8c5758e87a34697f41387c254c84ad1021650dcaad1c8
1776198540774570,3,0,ANON_5G_CON_IMSI_B0_8b125aed382c0d7ab09765c45c30d59cbda1578a5d11a8c5758e87a34697f41387c254c84ad1021650dcaad1c8
1776198550919537,4,0,ANON_5G_CON_IMSI_B0_8b125aed382c0d7ab09765c45c30d59cbda1578a5d11a8c5758e87a34697f41387c254c84ad1021650dcaad1c8
1776198561059547,5,0,ANON_5G_CON_IMSI_B0_8b125aed382c0d7ab09765c45c30d59cbda1578a5d11a8c5758e87a34697f41387c254c84ad1021650dcaad1c8
1776198818774831,1,0,ANON_5G_CON_IMSI_A0_036d0be4f3fbe80d2f8c37084fedf59f35d687c2d99e46bf8556c4144a734564fa37ed5f06a6caf0c5897d43d7af
1776198828894783,2,0,ANON_5G_CON_IMSI_A0_036d0be4f3fbe80d2f8c37084fedf59f35d687c2d99e46bf8556c4144a734564fa37ed5f06a6caf0c5897d43d7af
1776198851322397,1,0,ANON_5G_CON_IMSI_B0_ee165250006d999101176d8bd39d2489401ea7ee85d065547f2b31aa16971157bc652ccb3bc8bcfc17ebd3532c
1776198862602297,2,0,ANON_5G_CON_IMSI_B0_ee165250006d999101176d8bd39d2489401ea7ee85d065547f2b31aa16971157bc652ccb3bc8bcfc17ebd3532c
1776198872822291,3,0,ANON_5G_CON_IMSI_B0_ee165250006d999101176d8bd39d2489401ea7ee85d065547f2b31aa16971157bc652ccb3bc8bcfc17ebd3532c
1776198883087328,4,0,ANON_5G_CON_IMSI_B0_ee165250006d999101176d8bd39d2489401ea7ee85d065547f2b31aa16971157bc652ccb3bc8bcfc17ebd3532c
1776198893327417,5,0,ANON_5G_CON_IMSI_B0_ee165250006d999101176d8bd39d2489401ea7ee85d065547f2b31aa16971157bc652ccb3bc8bcfc17ebd3532c
1776199147499206,1,0,ANON_5G_CON_IMSI_A0_038e60cb65384201dc38a1b0dd99694afaa0832df6b7a76f945d3daee0ba178e6cfb1cde6e48f7452c69c303cc66
1776199157619274,2,0,ANON_5G_CON_IMSI_A0_038e60cb65384201dc38a1b0dd99694afaa0832df6b7a76f945d3daee0ba178e6cfb1cde6e48f7452c69c303cc66
1776199476420257,1,0,ANON_5G_CON_IMSI_A0_03c7aa79d4a95bbc100860c6cb4986b402629794fb5368c9bb7f4c2959a8ea272faf59a1e8e0977d3410c7f5a304
1776199486540160,2,0,ANON_5G_CON_IMSI_A0_03c7aa79d4a95bbc100860c6cb4986b402629794fb5368c9bb7f4c2959a8ea272faf59a1e8e0977d3410c7f5a304
1776199522126529,1,0,ANON_5G_CON_IMSI_B0_a05028aa25f3d713589d6fe0f069733f553107203cd74f36e43518f1da49cd6b9fb5b50d30f07b30a359d7e985
1776199532286536,2,0,ANON_5G_CON_IMSI_B0_a05028aa25f3d713589d6fe0f069733f553107203cd74f36e43518f1da49cd6b9fb5b50d30f07b30a359d7e985
1776199542426560,3,0,ANON_5G_CON_IMSI_B0_a05028aa25f3d713589d6fe0f069733f553107203cd74f36e43518f1da49cd6b9fb5b50d30f07b30a359d7e985
1776199552571450,4,0,ANON_5G_CON_IMSI_B0_a05028aa25f3d713589d6fe0f069733f553107203cd74f36e43518f1da49cd6b9fb5b50d30f07b30a359d7e985
1776199805441697,1,0,ANON_5G_CON_IMSI_A0_03fb9d05cdf044a950fa3fcc6a383c7899159b9411cf34c70179e48ccdc8f125a6327c07c662800c3c689ebafb17
1776199815561602,2,0,ANON_5G_CON_IMSI_A0_03fb9d05cdf044a950fa3fcc6a383c7899159b9411cf34c70179e48ccdc8f125a6327c07c662800c3c689ebafb17
1776199841333584,1,0,ANON_5G_CON_IMSI_B0_aafb6ef6f334795df76243baa79224037a244c528a1d38ce3c66a2771167a44f238f98cbeb143d0429dcf22123
1776199852633552,2,0,ANON_5G_CON_IMSI_B0_aafb6ef6f334795df76243baa79224037a244c528a1d38ce3c66a2771167a44f238f98cbeb143d0429dcf22123
1776199862893502,3,0,ANON_5G_CON_IMSI_B0_aafb6ef6f334795df76243baa79224037a244c528a1d38ce3c66a2771167a44f238f98cbeb143d0429dcf22123
1776199873118564,4,0,ANON_5G_CON_IMSI_B0_aafb6ef6f334795df76243baa79224037a244c528a1d38ce3c66a2771167a44f238f98cbeb143d0429dcf22123
1776199883358567,5,0,ANON_5G_CON_IMSI_B0_aafb6ef6f334795df76243baa79224037a244c528a1d38ce3c66a2771167a44f238f98cbeb143d0429dcf22123
1776200133655494,1,0,ANON_5G_CON_IMSI_A0_0322022e40592d4d06e953f21e398c8645cb6e97506fcab367c2e8e141e3693001f46d54dd7caf6fbf5571fb525d
1776200143775236,2,0,ANON_5G_CON_IMSI_A0_0322022e40592d4d06e953f21e398c8645cb6e97506fcab367c2e8e141e3693001f46d54dd7caf6fbf5571fb525d
1776200462201772,1,0,ANON_5G_CON_IMSI_A0_03c8acf9ec8f1b0f0149f8c9eee706421861c37d293eef3a68f0a5c5cb05b640b127ab41703cf766c27aff1e7502
1776200472321726,2,0,ANON_5G_CON_IMSI_A0_03c8acf9ec8f1b0f0149f8c9eee706421861c37d293eef3a68f0a5c5cb05b640b127ab41703cf766c27aff1e7502
1776200494622088,1,0,ANON_5G_CON_IMSI_B0_a01506a5f62b400f2bd19bedd4ba60770b683a23638d58c100ccce211a12b744f5c4893080e04807c812ef19f0
1776200504762041,2,0,ANON_5G_CON_IMSI_B0_a01506a5f62b400f2bd19bedd4ba60770b683a23638d58c100ccce211a12b744f5c4893080e04807c812ef19f0
1776200514902043,3,0,ANON_5G_CON_IMSI_B0_a01506a5f62b400f2bd19bedd4ba60770b683a23638d58c100ccce211a12b744f5c4893080e04807c812ef19f0
1776200525047101,4,0,ANON_5G_CON_IMSI_B0_a01506a5f62b400f2bd19bedd4ba60770b683a23638d58c100ccce211a12b744f5c4893080e04807c812ef19f0
1776200535186954,5,0,ANON_5G_CON_IMSI_B0_a01506a5f62b400f2bd19bedd4ba60770b683a23638d58c100ccce211a12b744f5c4893080e04807c812ef19f0
1776200790539220,1,0,ANON_5G_CON_IMSI_A0_030921c54bd80dd00425bcb49b4d18c9a9003252022eef44cd9f26fcc18456297571ab204292b53c552d87a4eecc
1776200800659195,2,0,ANON_5G_CON_IMSI_A0_030921c54bd80dd00425bcb49b4d18c9a9003252022eef44cd9f26fcc18456297571ab204292b53c552d87a4eecc
1776200830162217,1,0,ANON_5G_CON_IMSI_B0_e49d7cabed10474d94b6d88353f864090d92c6d4773737486f7378209b8db12ec42025d6c9e019d0fe05e04640
1776200841222204,2,0,ANON_5G_CON_IMSI_B0_e49d7cabed10474d94b6d88353f864090d92c6d4773737486f7378209b8db12ec42025d6c9e019d0fe05e04640
1776200851442164,3,0,ANON_5G_CON_IMSI_B0_e49d7cabed10474d94b6d88353f864090d92c6d4773737486f7378209b8db12ec42025d6c9e019d0fe05e04640
1776200861687251,4,0,ANON_5G_CON_IMSI_B0_e49d7cabed10474d94b6d88353f864090d92c6d4773737486f7378209b8db12ec42025d6c9e019d0fe05e04640
1776201119391250,1,0,ANON_5G_CON_IMSI_A0_03d7ad3107109434e336ad48a074ca4f9ea65dc4d8fe1064746896af4110a6ceb965bb6bde8278efb279c532bd9e
1776201129521145,2,0,ANON_5G_CON_IMSI_A0_03d7ad3107109434e336ad48a074ca4f9ea65dc4d8fe1064746896af4110a6ceb965bb6bde8278efb279c532bd9e
1776201176453376,1,0,ANON_5G_CON_IMSI_B0_d24080a2b9e6969677774ffd9ee776cbb0d259cd4efa399071eced9cc952106501ed65e886b071ea4cd81d27ee
1776201186713316,2,0,ANON_5G_CON_IMSI_B0_d24080a2b9e6969677774ffd9ee776cbb0d259cd4efa399071eced9cc952106501ed65e886b071ea4cd81d27ee
1776201196953266,3,0,ANON_5G_CON_IMSI_B0_d24080a2b9e6969677774ffd9ee776cbb0d259cd4efa399071eced9cc952106501ed65e886b071ea4cd81d27ee
1776201447945425,1,0,ANON_5G_CON_IMSI_A0_03eb0525be6e4a583fa28769dde5c20776a88f8ef306e44f68399b14f1540ce14ec9f61cb52db8fb3370066d1ef8
1776201458065482,2,0,ANON_5G_CON_IMSI_A0_03eb0525be6e4a583fa28769dde5c20776a88f8ef306e44f68399b14f1540ce14ec9f61cb52db8fb3370066d1ef8
1776201478276176,1,0,ANON_5G_CON_IMSI_B0_7ea5139207493ee6cf5debfea57861f6ae94b312bdd1ba9633cf70d81b14c837a6cf26f8f82068fec462920e2a
1776201488416205,2,0,ANON_5G_CON_IMSI_B0_7ea5139207493ee6cf5debfea57861f6ae94b312bdd1ba9633cf70d81b14c837a6cf26f8f82068fec462920e2a
1776201498556231,3,0,ANON_5G_CON_IMSI_B0_7ea5139207493ee6cf5debfea57861f6ae94b312bdd1ba9633cf70d81b14c837a6cf26f8f82068fec462920e2a
1776201508701208,4,0,ANON_5G_CON_IMSI_B0_7ea5139207493ee6cf5debfea57861f6ae94b312bdd1ba9633cf70d81b14c837a6cf26f8f82068fec462920e2a
1776201518841195,5,0,ANON_5G_CON_IMSI_B0_7ea5139207493ee6cf5debfea57861f6ae94b312bdd1ba9633cf70d81b14c837a6cf26f8f82068fec462920e2a
1776201776827772,1,0,ANON_5G_CON_IMSI_A0_038fdd24b855156f1d7f8057cf89570d97b2af5e151efaf529f3b2f8e856d1bb33e48b5db9fe3011f17afcf69113
1776201786947753,2,0,ANON_5G_CON_IMSI_A0_038fdd24b855156f1d7f8057cf89570d97b2af5e151efaf529f3b2f8e856d1bb33e48b5db9fe3011f17afcf69113
1776202105568137,1,0,ANON_5G_CON_IMSI_A0_03a34b4c4f68ccdb3a02ecb6925bd4c0408ce549643e379797af55fff2e534b6e4bac892eedbb3cafdc8b5149a68
1776202115688045,2,0,ANON_5G_CON_IMSI_A0_03a34b4c4f68ccdb3a02ecb6925bd4c0408ce549643e379797af55fff2e534b6e4bac892eedbb3cafdc8b5149a68
1776202434092052,1,0,ANON_5G_CON_IMSI_A0_037938bb49897b69a5d4131c7767d97e9f00b0e74dda894b969316129aa42b1979156e5617f9eaa8174d918eab3c
1776202444211988,2,0,ANON_5G_CON_IMSI_A0_037938bb49897b69a5d4131c7767d97e9f00b0e74dda894b969316129aa42b1979156e5617f9eaa8174d918eab3c
1776202475518194,1,0,ANON_5G_CON_IMSI_B0_9d7cbdacbda2c0167bbb742f0404106ee8a1e0050525b03ac4dc364a33c1b4407ef29df670437ec1cd578c9b9f
1776202485658196,2,0,ANON_5G_CON_IMSI_B0_9d7cbdacbda2c0167bbb742f0404106ee8a1e0050525b03ac4dc364a33c1b4407ef29df670437ec1cd578c9b9f
1776202495798105,3,0,ANON_5G_CON_IMSI_B0_9d7cbdacbda2c0167bbb742f0404106ee8a1e0050525b03ac4dc364a33c1b4407ef29df670437ec1cd578c9b9f
1776202505943072,4,0,ANON_5G_CON_IMSI_B0_9d7cbdacbda2c0167bbb742f0404106ee8a1e0050525b03ac4dc364a33c1b4407ef29df670437ec1cd578c9b9f
1776202762187459,1,0,ANON_5G_CON_IMSI_A0_03563f24e24eb87e526d1484fe02aa2977f5c31fa83fb06cc83a9ae09734482b3eb25e3613f9b1d57b4b589c341c
1776202772307267,2,0,ANON_5G_CON_IMSI_A0_03563f24e24eb87e526d1484fe02aa2977f5c31fa83fb06cc83a9ae09734482b3eb25e3613f9b1d57b4b589c341c
1776203091628107,1,0,ANON_5G_CON_IMSI_A0_0302ffd532eaa6299778247695b03b01e85838d792daed2443b872ce06f9f9e36c71414adfd5d35765ecec5fef19
1776203101748142,2,0,ANON_5G_CON_IMSI_A0_0302ffd532eaa6299778247695b03b01e85838d792daed2443b872ce06f9f9e36c71414adfd5d35765ecec5fef19
1776203419476172,1,0,ANON_5G_CON_IMSI_A0_0346996d7e2cb0c06a70a7845bc88c85f5e6fb5529bf12240d40788fc313ded175e396498e9526138f843118989e
1776203429596066,2,0,ANON_5G_CON_IMSI_A0_0346996d7e2cb0c06a70a7845bc88c85f5e6fb5529bf12240d40788fc313ded175e396498e9526138f843118989e
1776203455555818,1,0,ANON_5G_CON_IMSI_B0_c5be6b0ee3aa901011757bec75060bf2798c8adb6dcc547a83332ccc58c1dd142c32a68ddcc57e3388c287139f
1776203465695773,2,0,ANON_5G_CON_IMSI_B0_c5be6b0ee3aa901011757bec75060bf2798c8adb6dcc547a83332ccc58c1dd142c32a68ddcc57e3388c287139f
1776203475835899,3,0,ANON_5G_CON_IMSI_B0_c5be6b0ee3aa901011757bec75060bf2798c8adb6dcc547a83332ccc58c1dd142c32a68ddcc57e3388c287139f
1776203485980756,4,0,ANON_5G_CON_IMSI_B0_c5be6b0ee3aa901011757bec75060bf2798c8adb6dcc547a83332ccc58c1dd142c32a68ddcc57e3388c287139f
1776203496160810,5,0,ANON_5G_CON_IMSI_B0_c5be6b0ee3aa901011757bec75060bf2798c8adb6dcc547a83332ccc58c1dd142c32a68ddcc57e3388c287139f
1776203748148855,1,0,ANON_5G_CON_IMSI_A0_03f3253a13a0d70fdc0a8729ea7b0017a21147fe1015a0e53b51d852d09ea86cb4711de012706c48894a71c60ec4
1776203758268808,2,0,ANON_5G_CON_IMSI_A0_03f3253a13a0d70fdc0a8729ea7b0017a21147fe1015a0e53b51d852d09ea86cb4711de012706c48894a71c60ec4
1776204077168658,1,0,ANON_5G_CON_IMSI_A0_03b56059403fda4d70954364037189900ee30155e5a0e9125e8b178285e2126282c73520e905e601548481b10103
1776204087288599,2,0,ANON_5G_CON_IMSI_A0_03b56059403fda4d70954364037189900ee30155e5a0e9125e8b178285e2126282c73520e905e601548481b10103
1776204114666445,1,0,ANON_5G_CON_IMSI_B0_1916ed031cff1d7b6aadc1acf59860cb14fd0653061832e244760d5e0a741057ae9c60a2dd26eb304c81080f7a
1776204125686377,2,0,ANON_5G_CON_IMSI_B0_1916ed031cff1d7b6aadc1acf59860cb14fd0653061832e244760d5e0a741057ae9c60a2dd26eb304c81080f7a
1776204135926423,3,0,ANON_5G_CON_IMSI_B0_1916ed031cff1d7b6aadc1acf59860cb14fd0653061832e244760d5e0a741057ae9c60a2dd26eb304c81080f7a
1776204146151505,4,0,ANON_5G_CON_IMSI_B0_1916ed031cff1d7b6aadc1acf59860cb14fd0653061832e244760d5e0a741057ae9c60a2dd26eb304c81080f7a
1776204156391566,5,0,ANON_5G_CON_IMSI_B0_1916ed031cff1d7b6aadc1acf59860cb14fd0653061832e244760d5e0a741057ae9c60a2dd26eb304c81080f7a
1776204406496168,1,0,ANON_5G_CON_IMSI_A0_03ac5e3a95bf180769ed753ee5b3df16d690d800c5e60f5ede34fea09d165e5a153dfe2b3384e1364cfc33c0df9a
1776204416616243,2,0,ANON_5G_CON_IMSI_A0_03ac5e3a95bf180769ed753ee5b3df16d690d800c5e60f5ede34fea09d165e5a153dfe2b3384e1364cfc33c0df9a
1776204447224074,1,0,ANON_5G_CON_IMSI_B0_b906342a89460294d301bd9564ac2bfa53a32524edc6b784cebe9a7b26481052cc91a0b771df00c7c2795b3617
1776204457364115,2,0,ANON_5G_CON_IMSI_B0_b906342a89460294d301bd9564ac2bfa53a32524edc6b784cebe9a7b26481052cc91a0b771df00c7c2795b3617
1776204467504250,3,0,ANON_5G_CON_IMSI_B0_b906342a89460294d301bd9564ac2bfa53a32524edc6b784cebe9a7b26481052cc91a0b771df00c7c2795b3617
1776204477649201,4,0,ANON_5G_CON_IMSI_B0_b906342a89460294d301bd9564ac2bfa53a32524edc6b784cebe9a7b26481052cc91a0b771df00c7c2795b3617
1776204735227876,1,0,ANON_5G_CON_IMSI_A0_036991812acd7c02030ddb688010fbaf9780238218a98297c63c02314d2a2349ee07d9ca4646dc2fa69272bd1bd8
1776204745347883,2,0,ANON_5G_CON_IMSI_A0_036991812acd7c02030ddb688010fbaf9780238218a98297c63c02314d2a2349ee07d9ca4646dc2fa69272bd1bd8
1776205063746408,1,0,ANON_5G_CON_IMSI_A0_037a761c257e6cc103613cc5d040dda8576968d77e86a21fd6ea3e047a214fe39510d6b641963cea3442180311f9
1776205073866413,2,0,ANON_5G_CON_IMSI_A0_037a761c257e6cc103613cc5d040dda8576968d77e86a21fd6ea3e047a214fe39510d6b641963cea3442180311f9
1776205392988660,1,0,ANON_5G_CON_IMSI_A0_03db303513b68075438eedccaf7f7c5d9f5b1bc46b605ca930b7d1b06bce0e08ed3fbb5c6db7c0cf93d73ead814f
1776205403108662,2,0,ANON_5G_CON_IMSI_A0_03db303513b68075438eedccaf7f7c5d9f5b1bc46b605ca930b7d1b06bce0e08ed3fbb5c6db7c0cf93d73ead814f
1776205421914698,1,0,ANON_5G_CON_IMSI_B0_d60e2ceb6e20012f91d669c22fb278681729f15394a49697eded5a561e75417f3b487ee81041fb9ae8ec82cf06
1776205432074770,2,0,ANON_5G_CON_IMSI_B0_d60e2ceb6e20012f91d669c22fb278681729f15394a49697eded5a561e75417f3b487ee81041fb9ae8ec82cf06
1776205442214735,3,0,ANON_5G_CON_IMSI_B0_d60e2ceb6e20012f91d669c22fb278681729f15394a49697eded5a561e75417f3b487ee81041fb9ae8ec82cf06
1776205452359743,4,0,ANON_5G_CON_IMSI_B0_d60e2ceb6e20012f91d669c22fb278681729f15394a49697eded5a561e75417f3b487ee81041fb9ae8ec82cf06
1776205462499728,5,0,ANON_5G_CON_IMSI_B0_d60e2ceb6e20012f91d669c22fb278681729f15394a49697eded5a561e75417f3b487ee81041fb9ae8ec82cf06
1776205712016531,1,0,ANON_5G_CON_IMSI_A0_039062888af48ba256a9dcdd2fd0d986e912ff229b3d50bc6ff91dcb6157d3781bb1eb1d2408762d2ca4d03df31d
1776205722136535,2,0,ANON_5G_CON_IMSI_A0_039062888af48ba256a9dcdd2fd0d986e912ff229b3d50bc6ff91dcb6157d3781bb1eb1d2408762d2ca4d03df31d
1776205732256560,3,0,ANON_5G_CON_IMSI_A0_039062888af48ba256a9dcdd2fd0d986e912ff229b3d50bc6ff91dcb6157d3781bb1eb1d2408762d2ca4d03df31d
1776206050508199,1,0,ANON_5G_CON_IMSI_A0_031b6853d90d9bb6cb8862532d3e2e1a36370f1b5636b555949568c092ecbd1d49028c5082134ab4bc1e35955cbe
1776206060627984,2,0,ANON_5G_CON_IMSI_A0_031b6853d90d9bb6cb8862532d3e2e1a36370f1b5636b555949568c092ecbd1d49028c5082134ab4bc1e35955cbe
1776206378979940,1,0,ANON_5G_CON_IMSI_A0_0374b22d41725a306a8021048f337b872a83cd833e7f80512229d5d0997b92320218049fbf30b159f454c7c436f0
1776206389099754,2,0,ANON_5G_CON_IMSI_A0_0374b22d41725a306a8021048f337b872a83cd833e7f80512229d5d0997b92320218049fbf30b159f454c7c436f0
1776206421107515,1,0,ANON_5G_CON_IMSI_B0_60e6723723dc677a0d7103811c26149324df219fb8a141d9c69cb87a874401753ef8a48bd261a784d44f41275f
1776206431247461,2,0,ANON_5G_CON_IMSI_B0_60e6723723dc677a0d7103811c26149324df219fb8a141d9c69cb87a874401753ef8a48bd261a784d44f41275f
1776206441407363,3,0,ANON_5G_CON_IMSI_B0_60e6723723dc677a0d7103811c26149324df219fb8a141d9c69cb87a874401753ef8a48bd261a784d44f41275f
1776206451552314,4,0,ANON_5G_CON_IMSI_B0_60e6723723dc677a0d7103811c26149324df219fb8a141d9c69cb87a874401753ef8a48bd261a784d44f41275f
1776206707791896,1,0,ANON_5G_CON_IMSI_A0_03f133c87baad1692502b59d00e86abfea4a26200cf47a3f7f2cbff0f290748c81951df470ed9e3240e05cc9f43d
1776206717911745,2,0,ANON_5G_CON_IMSI_A0_03f133c87baad1692502b59d00e86abfea4a26200cf47a3f7f2cbff0f290748c81951df470ed9e3240e05cc9f43d
1776207036377466,1,0,ANON_5G_CON_IMSI_A0_03b2eb99c52d0059ee9f385fc99d71ed49d383abbc8ed890c648076c8c2baafbb46e909d5d759b9de78862bd757e
1776207046497380,2,0,ANON_5G_CON_IMSI_A0_03b2eb99c52d0059ee9f385fc99d71ed49d383abbc8ed890c648076c8c2baafbb46e909d5d759b9de78862bd757e
1776207364994606,1,0,ANON_5G_CON_IMSI_A0_0344b1366f5c2db5de7e6f5e08c26c75accad707206ddb086f57e3ccbd900166fceac497db1088217f6e5e8c14cd
1776207375114495,2,0,ANON_5G_CON_IMSI_A0_0344b1366f5c2db5de7e6f5e08c26c75accad707206ddb086f57e3ccbd900166fceac497db1088217f6e5e8c14cd
1776207396230328,1,0,ANON_5G_CON_IMSI_B0_053ce544238437d9fe0b94f774849059ee2daf72b7ac676bd9f2eaace2c1de25d34cffaa38ff508ea9a0ef48c7
1776207406390288,2,0,ANON_5G_CON_IMSI_B0_053ce544238437d9fe0b94f774849059ee2daf72b7ac676bd9f2eaace2c1de25d34cffaa38ff508ea9a0ef48c7
1776207416530257,3,0,ANON_5G_CON_IMSI_B0_053ce544238437d9fe0b94f774849059ee2daf72b7ac676bd9f2eaace2c1de25d34cffaa38ff508ea9a0ef48c7
1776207426695140,4,0,ANON_5G_CON_IMSI_B0_053ce544238437d9fe0b94f774849059ee2daf72b7ac676bd9f2eaace2c1de25d34cffaa38ff508ea9a0ef48c7
1776207436835221,5,0,ANON_5G_CON_IMSI_B0_053ce544238437d9fe0b94f774849059ee2daf72b7ac676bd9f2eaace2c1de25d34cffaa38ff508ea9a0ef48c7
1776207693972789,1,0,ANON_5G_CON_IMSI_A0_032f4b2f41c9fb18db7d433bfba5e7160f4bae6add4decc6f31e7946ab94ae408cb3d4f78daa82592754f5b30741
1776207704092731,2,0,ANON_5G_CON_IMSI_A0_032f4b2f41c9fb18db7d433bfba5e7160f4bae6add4decc6f31e7946ab94ae408cb3d4f78daa82592754f5b30741
1776208022570103,1,0,ANON_5G_CON_IMSI_A0_03385f929326dc33f2306819ed4140c37da9328bd4c8624c1c26e55e83629e7af8485dc1c7794632d134dda112c5
1776208032690142,2,0,ANON_5G_CON_IMSI_A0_03385f929326dc33f2306819ed4140c37da9328bd4c8624c1c26e55e83629e7af8485dc1c7794632d134dda112c5
1776208351606820,1,0,ANON_5G_CON_IMSI_A0_03f696ea4c723446853a3897e3e75730188790270fd47806ce0abd899d0fc7b82e8c9ef232507bdb08b7a6f0e6be
1776208361726851,2,0,ANON_5G_CON_IMSI_A0_03f696ea4c723446853a3897e3e75730188790270fd47806ce0abd899d0fc7b82e8c9ef232507bdb08b7a6f0e6be
1776208382638901,1,0,ANON_5G_CON_IMSI_B0_6549f4a23a8d6d76d552e6ff98169233e5858fbe73c596968185451ce02a9665fddbda7c6241245fd6df9a24cf
1776208392778923,2,0,ANON_5G_CON_IMSI_B0_6549f4a23a8d6d76d552e6ff98169233e5858fbe73c596968185451ce02a9665fddbda7c6241245fd6df9a24cf
1776208402938828,3,0,ANON_5G_CON_IMSI_B0_6549f4a23a8d6d76d552e6ff98169233e5858fbe73c596968185451ce02a9665fddbda7c6241245fd6df9a24cf
1776208413083984,4,0,ANON_5G_CON_IMSI_B0_6549f4a23a8d6d76d552e6ff98169233e5858fbe73c596968185451ce02a9665fddbda7c6241245fd6df9a24cf
1776208423223965,5,0,ANON_5G_CON_IMSI_B0_6549f4a23a8d6d76d552e6ff98169233e5858fbe73c596968185451ce02a9665fddbda7c6241245fd6df9a24cf
1776208680490934,1,0,ANON_5G_CON_IMSI_A0_03fbd95e74079521c0174dc5889d548d16630778ba104dda0c5a484c0a429cc8d703aaf3a36263958ea7af349b0a
1776208690610951,2,0,ANON_5G_CON_IMSI_A0_03fbd95e74079521c0174dc5889d548d16630778ba104dda0c5a484c0a429cc8d703aaf3a36263958ea7af349b0a
1776209008964516,1,0,ANON_5G_CON_IMSI_A0_03067cfd0132ca7eed8e2bed63f1c46c446abf04ecf95a87ea61596de83fd8a861151692b8cd0bc642059bb15fe4
1776209019084529,2,0,ANON_5G_CON_IMSI_A0_03067cfd0132ca7eed8e2bed63f1c46c446abf04ecf95a87ea61596de83fd8a861151692b8cd0bc642059bb15fe4
1776209338733468,1,0,ANON_5G_CON_IMSI_A0_03c848af136d866a3f4559a2088f0f9d4f12d5f8c3176a4c2c6150a834943426477e85d243e4a126d6f04665de22
1776209348853428,2,0,ANON_5G_CON_IMSI_A0_03c848af136d866a3f4559a2088f0f9d4f12d5f8c3176a4c2c6150a834943426477e85d243e4a126d6f04665de22
1776209370750427,1,0,ANON_5G_CON_IMSI_B0_c6722fec4469d34258551adc9d1b3027e3ed3acdeef0a8f6116034210794c03f4e5e1cb188e24daaa765aec10e
1776209380890404,2,0,ANON_5G_CON_IMSI_B0_c6722fec4469d34258551adc9d1b3027e3ed3acdeef0a8f6116034210794c03f4e5e1cb188e24daaa765aec10e
1776209391030410,3,0,ANON_5G_CON_IMSI_B0_c6722fec4469d34258551adc9d1b3027e3ed3acdeef0a8f6116034210794c03f4e5e1cb188e24daaa765aec10e
1776209401175406,4,0,ANON_5G_CON_IMSI_B0_c6722fec4469d34258551adc9d1b3027e3ed3acdeef0a8f6116034210794c03f4e5e1cb188e24daaa765aec10e
1776209411315381,5,0,ANON_5G_CON_IMSI_B0_c6722fec4469d34258551adc9d1b3027e3ed3acdeef0a8f6116034210794c03f4e5e1cb188e24daaa765aec10e
1776209667129963,1,0,ANON_5G_CON_IMSI_A0_03b111335af4f4126f1fb96ce1362c6ace3fe87a4929a75239eece4944e5af6208cc59d8b9fe46ef45e16fc522f2
1776209677249927,2,0,ANON_5G_CON_IMSI_A0_03b111335af4f4126f1fb96ce1362c6ace3fe87a4929a75239eece4944e5af6208cc59d8b9fe46ef45e16fc522f2
1776209708953264,1,0,ANON_5G_CON_IMSI_B0_7ce5c1591efd98a124c17561476e06737f1212b47705e1459d06e2fe04c79e4d5d5f03dc4c6dc62fec9cc871bb
1776209719373272,2,0,ANON_5G_CON_IMSI_B0_7ce5c1591efd98a124c17561476e06737f1212b47705e1459d06e2fe04c79e4d5d5f03dc4c6dc62fec9cc871bb
1776209729613099,3,0,ANON_5G_CON_IMSI_B0_7ce5c1591efd98a124c17561476e06737f1212b47705e1459d06e2fe04c79e4d5d5f03dc4c6dc62fec9cc871bb
1776209739858109,4,0,ANON_5G_CON_IMSI_B0_7ce5c1591efd98a124c17561476e06737f1212b47705e1459d06e2fe04c79e4d5d5f03dc4c6dc62fec9cc871bb
1776209996001778,1,0,ANON_5G_CON_IMSI_A0_0313dac23df785a564c0f59859bc37c4c3cd6a407683dddb9d478d83ba0aed630d5eea5725ae1dd47cfd56956ee4
1776210006121781,2,0,ANON_5G_CON_IMSI_A0_0313dac23df785a564c0f59859bc37c4c3cd6a407683dddb9d478d83ba0aed630d5eea5725ae1dd47cfd56956ee4
1776210324989720,1,0,ANON_5G_CON_IMSI_A0_03b9795acb97109dc7c65d40ecc2b138a47403507c7687af1b8afcce11011d050eee75a596760d598184217baff3
1776210335109664,2,0,ANON_5G_CON_IMSI_A0_03b9795acb97109dc7c65d40ecc2b138a47403507c7687af1b8afcce11011d050eee75a596760d598184217baff3
1776210359356789,1,0,ANON_5G_CON_IMSI_B0_17a52ceda086ef26024b7b36af39ecac99f16a412d7dadb2e52919bdde4d156a237e621242ecfffe8c168e134f
1776210360596785,2,0,ANON_5G_CON_IMSI_B0_f70cb659f1255d67e53bc00fea9fc8b11c620a2f52e598bb90c13205df365053ff2833de1eb497370fb1ca9c91
1776210369516914,3,0,ANON_5G_CON_IMSI_B0_17a52ceda086ef26024b7b36af39ecac99f16a412d7dadb2e52919bdde4d156a237e621242ecfffe8c168e134f
1776210371881898,4,0,ANON_5G_CON_IMSI_B0_f70cb659f1255d67e53bc00fea9fc8b11c620a2f52e598bb90c13205df365053ff2833de1eb497370fb1ca9c91
1776210379681891,5,0,ANON_5G_CON_IMSI_B0_17a52ceda086ef26024b7b36af39ecac99f16a412d7dadb2e52919bdde4d156a237e621242ecfffe8c168e134f
1776210382121915,6,0,ANON_5G_CON_IMSI_B0_f70cb659f1255d67e53bc00fea9fc8b11c620a2f52e598bb90c13205df365053ff2833de1eb497370fb1ca9c91
1776210389806962,7,0,ANON_5G_CON_IMSI_B0_17a52ceda086ef26024b7b36af39ecac99f16a412d7dadb2e52919bdde4d156a237e621242ecfffe8c168e134f
1776210392367054,8,0,ANON_5G_CON_IMSI_B0_f70cb659f1255d67e53bc00fea9fc8b11c620a2f52e598bb90c13205df365053ff2833de1eb497370fb1ca9c91
1776210399947004,9,0,ANON_5G_CON_IMSI_B0_17a52ceda086ef26024b7b36af39ecac99f16a412d7dadb2e52919bdde4d156a237e621242ecfffe8c168e134f
1776210402592078,10,0,ANON_5G_CON_IMSI_B0_f70cb659f1255d67e53bc00fea9fc8b11c620a2f52e598bb90c13205df365053ff2833de1eb497370fb1ca9c91
1776210654244597,1,0,ANON_5G_CON_IMSI_A0_03d8dad3cde9587415cd12a3164d24206876efa88393ca9fede2d7239110aba8c7e0e6cbde18bfa131afcd4341e8
1776210664384569,2,0,ANON_5G_CON_IMSI_A0_03d8dad3cde9587415cd12a3164d24206876efa88393ca9fede2d7239110aba8c7e0e6cbde18bfa131afcd4341e8
1776210982606134,1,0,ANON_5G_CON_IMSI_A0_0308a8a319df0c4f1e527fe0c2edfee7a486fb7fd939a611b74d988d85b4dc3b1395a87a08022a4e5263fc49c669
1776210992726245,2,0,ANON_5G_CON_IMSI_A0_0308a8a319df0c4f1e527fe0c2edfee7a486fb7fd939a611b74d988d85b4dc3b1395a87a08022a4e5263fc49c669
1776211311076811,1,0,ANON_5G_CON_IMSI_A0_03bde8cb5c68e0b7aaa9cfa3f2b7f90cc876a05250f671c55d6db5e62b4de142146532c5cce0b3ab28195a179914
1776211321196779,2,0,ANON_5G_CON_IMSI_A0_03bde8cb5c68e0b7aaa9cfa3f2b7f90cc876a05250f671c55d6db5e62b4de142146532c5cce0b3ab28195a179914
1776211640043760,1,0,ANON_5G_CON_IMSI_A0_030669296c4fe2b3cf09bed10c879e07db01c8df5cb74ed00ddbbf1098f8f7b86e2b82577872d68194633f8b6d4a
1776211650163741,2,0,ANON_5G_CON_IMSI_A0_030669296c4fe2b3cf09bed10c879e07db01c8df5cb74ed00ddbbf1098f8f7b86e2b82577872d68194633f8b6d4a
1776211674255351,1,0,ANON_5G_CON_IMSI_B0_bcf7c59de34223ac8f61311d0bb5baf7cc5112087a9271868a64f210703ca643bdde64802c1de591969fe6ab0d
1776211684395401,2,0,ANON_5G_CON_IMSI_B0_bcf7c59de34223ac8f61311d0bb5baf7cc5112087a9271868a64f210703ca643bdde64802c1de591969fe6ab0d
1776211694535344,3,0,ANON_5G_CON_IMSI_B0_bcf7c59de34223ac8f61311d0bb5baf7cc5112087a9271868a64f210703ca643bdde64802c1de591969fe6ab0d
1776211704680342,4,0,ANON_5G_CON_IMSI_B0_bcf7c59de34223ac8f61311d0bb5baf7cc5112087a9271868a64f210703ca643bdde64802c1de591969fe6ab0d
1776211714820517,5,0,ANON_5G_CON_IMSI_B0_bcf7c59de34223ac8f61311d0bb5baf7cc5112087a9271868a64f210703ca643bdde64802c1de591969fe6ab0d
1776211968875399,1,0,ANON_5G_CON_IMSI_A0_03dd62eba210fb27b310284ae6d8744488a9634656939d834c743c41b953c2cd0e693bdb2c3258862c1bf2a6eb80
1776211978995276,2,0,ANON_5G_CON_IMSI_A0_03dd62eba210fb27b310284ae6d8744488a9634656939d834c743c41b953c2cd0e693bdb2c3258862c1bf2a6eb80
1776212007731779,1,0,ANON_5G_CON_IMSI_B0_9f7465defeafde4b1f0b1e1481fd84bdeaf85955f5f0eb5f140106ce4a6613144ce7a37239f038315a7f2fc55c
1776212018331840,2,0,ANON_5G_CON_IMSI_B0_9f7465defeafde4b1f0b1e1481fd84bdeaf85955f5f0eb5f140106ce4a6613144ce7a37239f038315a7f2fc55c
1776212028571850,3,0,ANON_5G_CON_IMSI_B0_9f7465defeafde4b1f0b1e1481fd84bdeaf85955f5f0eb5f140106ce4a6613144ce7a37239f038315a7f2fc55c
1776212038816734,4,0,ANON_5G_CON_IMSI_B0_9f7465defeafde4b1f0b1e1481fd84bdeaf85955f5f0eb5f140106ce4a6613144ce7a37239f038315a7f2fc55c
1776212049056790,5,0,ANON_5G_CON_IMSI_B0_9f7465defeafde4b1f0b1e1481fd84bdeaf85955f5f0eb5f140106ce4a6613144ce7a37239f038315a7f2fc55c
1776212297212535,1,0,ANON_5G_CON_IMSI_A0_030d68654b37862fe8d76134f16b70841b73a8f3ea138d6ce4405e78efb16fed6025c3272ea3d8cc3a009d5a08ef
1776212307332425,2,0,ANON_5G_CON_IMSI_A0_030d68654b37862fe8d76134f16b70841b73a8f3ea138d6ce4405e78efb16fed6025c3272ea3d8cc3a009d5a08ef
1776212626644160,1,0,ANON_5G_CON_IMSI_A0_039a0ae22c03229300ea7fdbb6e0eb075c67d9f5ef3050a8a089a5c717835b21b01b7926165589930ed59b57b3fd
1776212636764025,2,0,ANON_5G_CON_IMSI_A0_039a0ae22c03229300ea7fdbb6e0eb075c67d9f5ef3050a8a089a5c717835b21b01b7926165589930ed59b57b3fd
1776212683355814,1,0,ANON_5G_CON_IMSI_B0_071c63cfa59dce1cf83b956f2d2ee5a58c20ade11b9f74c7e7ac060e11a19a1a5795bd4d0fe2523de64990451d
1776212693515677,2,0,ANON_5G_CON_IMSI_B0_071c63cfa59dce1cf83b956f2d2ee5a58c20ade11b9f74c7e7ac060e11a19a1a5795bd4d0fe2523de64990451d
1776212703675651,3,0,ANON_5G_CON_IMSI_B0_071c63cfa59dce1cf83b956f2d2ee5a58c20ade11b9f74c7e7ac060e11a19a1a5795bd4d0fe2523de64990451d
1776212895213550,1,0,ANON_5G_CON_IMSI_A0_03b701e9fe4f6fe67378cd3494cea9ce293816ddde3b619932fb44d71e3e5f127a1832dff601d16916cd2b001fe1
1776212905333454,2,0,ANON_5G_CON_IMSI_A0_03b701e9fe4f6fe67378cd3494cea9ce293816ddde3b619932fb44d71e3e5f127a1832dff601d16916cd2b001fe1
1776212934228354,1,0,ANON_5G_CON_IMSI_B0_5041f7bb1e3c61930a474058ab3037ec813934bc176608c8bdf56d3006268f1f1944320d9b62b7d8235f30b4cf
1776212944348289,2,0,ANON_5G_CON_IMSI_B0_5041f7bb1e3c61930a474058ab3037ec813934bc176608c8bdf56d3006268f1f1944320d9b62b7d8235f30b4cf
1776212954488398,3,0,ANON_5G_CON_IMSI_B0_5041f7bb1e3c61930a474058ab3037ec813934bc176608c8bdf56d3006268f1f1944320d9b62b7d8235f30b4cf
1776212964633297,4,0,ANON_5G_CON_IMSI_B0_5041f7bb1e3c61930a474058ab3037ec813934bc176608c8bdf56d3006268f1f1944320d9b62b7d8235f30b4cf
1776212974773265,5,0,ANON_5G_CON_IMSI_B0_5041f7bb1e3c61930a474058ab3037ec813934bc176608c8bdf56d3006268f1f1944320d9b62b7d8235f30b4cf
1776213223111962,1,0,ANON_5G_CON_IMSI_A0_0331b53e0b5225c07c408e784cc56547ab7998c2941abc5619fd9de4e8e4214eeaa9d8ab5479a6d16589f69b4366
1776213233231961,2,0,ANON_5G_CON_IMSI_A0_0331b53e0b5225c07c408e784cc56547ab7998c2941abc5619fd9de4e8e4214eeaa9d8ab5479a6d16589f69b4366
1776213551530688,1,0,ANON_5G_CON_IMSI_A0_0397b10762f65d447aec3b2c0203dedae8199adce0b206dff009ce3d3b5bb3db23352052c524e05c470698644007
1776213561650565,2,0,ANON_5G_CON_IMSI_A0_0397b10762f65d447aec3b2c0203dedae8199adce0b206dff009ce3d3b5bb3db23352052c524e05c470698644007
1776213761358611,1,0,ANON_5G_CON_IMSI_A0_0397292fbd00ebf70e1efd8a4d150004208cdecb13572ea1defced817c7809c07e7b3821281ec025918c89132b7c
1776213771478483,2,0,ANON_5G_CON_IMSI_A0_0397292fbd00ebf70e1efd8a4d150004208cdecb13572ea1defced817c7809c07e7b3821281ec025918c89132b7c
1776213794786311,1,0,ANON_5G_CON_IMSI_B0_2a41ce505744aead01c26613f6d3684252771450cdfda7272ff4085a505b0b611e2a220e30bd4ff24c7fc21ce5
1776213804926244,2,0,ANON_5G_CON_IMSI_B0_2a41ce505744aead01c26613f6d3684252771450cdfda7272ff4085a505b0b611e2a220e30bd4ff24c7fc21ce5
1776213815066258,3,0,ANON_5G_CON_IMSI_B0_2a41ce505744aead01c26613f6d3684252771450cdfda7272ff4085a505b0b611e2a220e30bd4ff24c7fc21ce5
1776213825211157,4,0,ANON_5G_CON_IMSI_B0_2a41ce505744aead01c26613f6d3684252771450cdfda7272ff4085a505b0b611e2a220e30bd4ff24c7fc21ce5
1776213835351153,5,0,ANON_5G_CON_IMSI_B0_2a41ce505744aead01c26613f6d3684252771450cdfda7272ff4085a505b0b611e2a220e30bd4ff24c7fc21ce5
1776214087281794,1,0,ANON_5G_CON_IMSI_A0_03687f5f3df7c9d96a5b0a9593b6cfb3ce80601dc2c8928d3cce13d096d321e80162baeb2f0cf0119e0a717c5894
1776214097401720,2,0,ANON_5G_CON_IMSI_A0_03687f5f3df7c9d96a5b0a9593b6cfb3ce80601dc2c8928d3cce13d096d321e80162baeb2f0cf0119e0a717c5894
1776214415864855,1,0,ANON_5G_CON_IMSI_A0_0329ca40cdb76ec4ef245b6711b75a86c7c6441700b61ad3f0569e0046d71523bc7de74211c3fafd8e36bb4953e6
1776214425984891,2,0,ANON_5G_CON_IMSI_A0_0329ca40cdb76ec4ef245b6711b75a86c7c6441700b61ad3f0569e0046d71523bc7de74211c3fafd8e36bb4953e6
1776214744591562,1,0,ANON_5G_CON_IMSI_A0_03a471f3c5d02a920e98b2eb71621e56b9b68629e9178bc90b1ebf0fa3235cb7c7da1e825761372c7e9ef5508819
1776214754711558,2,0,ANON_5G_CON_IMSI_A0_03a471f3c5d02a920e98b2eb71621e56b9b68629e9178bc90b1ebf0fa3235cb7c7da1e825761372c7e9ef5508819
1776214778295086,1,0,ANON_5G_CON_IMSI_B0_2aae72ea972960c8f11de6c381206d581f7abaf9d2abfeb27999803bd3e1cb4ebb324989f30c3aa2ad58b40d84
1776214788435171,2,0,ANON_5G_CON_IMSI_B0_2aae72ea972960c8f11de6c381206d581f7abaf9d2abfeb27999803bd3e1cb4ebb324989f30c3aa2ad58b40d84
1776214798575190,3,0,ANON_5G_CON_IMSI_B0_2aae72ea972960c8f11de6c381206d581f7abaf9d2abfeb27999803bd3e1cb4ebb324989f30c3aa2ad58b40d84
1776214808740277,4,0,ANON_5G_CON_IMSI_B0_2aae72ea972960c8f11de6c381206d581f7abaf9d2abfeb27999803bd3e1cb4ebb324989f30c3aa2ad58b40d84
1776214818880338,5,0,ANON_5G_CON_IMSI_B0_2aae72ea972960c8f11de6c381206d581f7abaf9d2abfeb27999803bd3e1cb4ebb324989f30c3aa2ad58b40d84
1776215074020469,1,0,ANON_5G_CON_IMSI_A0_03f444822368b4bac0d66717920679c8b84bbb820e3069acb37e67bcc489d6529041755d1c8314a2aac1852ff84a
1776215084140468,2,0,ANON_5G_CON_IMSI_A0_03f444822368b4bac0d66717920679c8b84bbb820e3069acb37e67bcc489d6529041755d1c8314a2aac1852ff84a
1776215402163294,1,0,ANON_5G_CON_IMSI_A0_031f9edbab545062d93c9bf9f117ca4d86b6254f41fc89dc9d8f496c0bce9185cb0b2494be221cf6ef671c17b162
1776215412283260,2,0,ANON_5G_CON_IMSI_A0_031f9edbab545062d93c9bf9f117ca4d86b6254f41fc89dc9d8f496c0bce9185cb0b2494be221cf6ef671c17b162
1776215731651161,1,0,ANON_5G_CON_IMSI_A0_0343a4917cc8240f5c66a5df4021951f4c67a5d7fe1ce96de3e1fd87c6c3ab6c205e96638ce9cd030853bd8fb555
1776215741771123,2,0,ANON_5G_CON_IMSI_A0_0343a4917cc8240f5c66a5df4021951f4c67a5d7fe1ce96de3e1fd87c6c3ab6c205e96638ce9cd030853bd8fb555
1776215761693298,1,0,ANON_5G_CON_IMSI_B0_5043dc74b00a26ee80004f424157915f683111639dbfcf47643930af89b25b217bbcaed9c97cbd913b6e062da7
1776215771833329,2,0,ANON_5G_CON_IMSI_B0_5043dc74b00a26ee80004f424157915f683111639dbfcf47643930af89b25b217bbcaed9c97cbd913b6e062da7
1776215779233338,3,0,ANON_5G_CON_IMSI_B0_30224bed5b5204df4f559822d2df548d2af86fa4d4a188d77cc25b59f6b44922aa438d8183774b5d9b2b51a1f9
1776215781978347,4,0,ANON_5G_CON_IMSI_B0_5043dc74b00a26ee80004f424157915f683111639dbfcf47643930af89b25b217bbcaed9c97cbd913b6e062da7
1776215789838359,5,0,ANON_5G_CON_IMSI_B0_30224bed5b5204df4f559822d2df548d2af86fa4d4a188d77cc25b59f6b44922aa438d8183774b5d9b2b51a1f9
1776215792098412,6,0,ANON_5G_CON_IMSI_B0_5043dc74b00a26ee80004f424157915f683111639dbfcf47643930af89b25b217bbcaed9c97cbd913b6e062da7
1776215800083384,7,0,ANON_5G_CON_IMSI_B0_30224bed5b5204df4f559822d2df548d2af86fa4d4a188d77cc25b59f6b44922aa438d8183774b5d9b2b51a1f9
1776215802243435,8,0,ANON_5G_CON_IMSI_B0_5043dc74b00a26ee80004f424157915f683111639dbfcf47643930af89b25b217bbcaed9c97cbd913b6e062da7
1776215810323426,9,0,ANON_5G_CON_IMSI_B0_30224bed5b5204df4f559822d2df548d2af86fa4d4a188d77cc25b59f6b44922aa438d8183774b5d9b2b51a1f9
1776216059052740,1,0,ANON_5G_CON_IMSI_A0_03923b2fdbd24cfd6fcc6472df3e8f46902a65c96f5bc6cfa83733aa23f46a10dbebdd215d73fc9a945e90f1cf1c
1776216069172672,2,0,ANON_5G_CON_IMSI_A0_03923b2fdbd24cfd6fcc6472df3e8f46902a65c96f5bc6cfa83733aa23f46a10dbebdd215d73fc9a945e90f1cf1c
1776216105403645,1,0,ANON_5G_CON_IMSI_B0_d5782648ec72d9255821f3e52cd9318f0ecc55f3045d61823c4df5d6330e6f09e5dc519b14b35e16083a4833d7
1776216116503557,2,0,ANON_5G_CON_IMSI_B0_d5782648ec72d9255821f3e52cd9318f0ecc55f3045d61823c4df5d6330e6f09e5dc519b14b35e16083a4833d7
1776216126743531,3,0,ANON_5G_CON_IMSI_B0_d5782648ec72d9255821f3e52cd9318f0ecc55f3045d61823c4df5d6330e6f09e5dc519b14b35e16083a4833d7
1776216136968567,4,0,ANON_5G_CON_IMSI_B0_d5782648ec72d9255821f3e52cd9318f0ecc55f3045d61823c4df5d6330e6f09e5dc519b14b35e16083a4833d7
1776216387933540,1,0,ANON_5G_CON_IMSI_A0_0306df0a945dd883a91e3eaf0b937efbc24b15026a6ae25ec88c75f9636be642856909d617a7baac3f00728c22ff
1776216398053320,2,0,ANON_5G_CON_IMSI_A0_0306df0a945dd883a91e3eaf0b937efbc24b15026a6ae25ec88c75f9636be642856909d617a7baac3f00728c22ff
1776216692656885,1,0,ANON_5G_CON_IMSI_A0_034aa86b05ff058b8d7d8a120757f67cfc4c65556d2001908d6cd70c5423cad85fcca990e1612e3f200aba668c5b
1776216702776842,2,0,ANON_5G_CON_IMSI_A0_034aa86b05ff058b8d7d8a120757f67cfc4c65556d2001908d6cd70c5423cad85fcca990e1612e3f200aba668c5b
1776216712896786,3,0,ANON_5G_CON_IMSI_A0_034aa86b05ff058b8d7d8a120757f67cfc4c65556d2001908d6cd70c5423cad85fcca990e1612e3f200aba668c5b
1776216723001823,4,0,ANON_5G_CON_IMSI_A0_034aa86b05ff058b8d7d8a120757f67cfc4c65556d2001908d6cd70c5423cad85fcca990e1612e3f200aba668c5b
1776216759041307,1,0,ANON_5G_CON_IMSI_B0_64606f20183b2f39e409d4816f1b54cf5b58bd34a5154e58780ea77a8aac5e251d441b5821d1b3dcc0ec89c038
1776216769181286,2,0,ANON_5G_CON_IMSI_B0_64606f20183b2f39e409d4816f1b54cf5b58bd34a5154e58780ea77a8aac5e251d441b5821d1b3dcc0ec89c038
1776216779321066,3,0,ANON_5G_CON_IMSI_B0_64606f20183b2f39e409d4816f1b54cf5b58bd34a5154e58780ea77a8aac5e251d441b5821d1b3dcc0ec89c038
1776216789466053,4,0,ANON_5G_CON_IMSI_B0_64606f20183b2f39e409d4816f1b54cf5b58bd34a5154e58780ea77a8aac5e251d441b5821d1b3dcc0ec89c038
1776217084455091,1,0,ANON_5G_CON_IMSI_B0_046f95ab7eb46ebe8c291c007e2518f775cd8285358d3d1f9ff658a7c8f8cd7986254aa653aaac1878899ac271
1776217095734951,2,0,ANON_5G_CON_IMSI_B0_046f95ab7eb46ebe8c291c007e2518f775cd8285358d3d1f9ff658a7c8f8cd7986254aa653aaac1878899ac271
1776217105974910,3,0,ANON_5G_CON_IMSI_B0_046f95ab7eb46ebe8c291c007e2518f775cd8285358d3d1f9ff658a7c8f8cd7986254aa653aaac1878899ac271
1776217116199971,4,0,ANON_5G_CON_IMSI_B0_046f95ab7eb46ebe8c291c007e2518f775cd8285358d3d1f9ff658a7c8f8cd7986254aa653aaac1878899ac271
1776217672994359,1,0,ANON_5G_CON_IMSI_A0_0382ffc830f045627c8963762f2d318aab27db6ffcd25d9997f88bf1e001e92a8b130ab03e832781d6771e1801bc
1776217683114337,2,0,ANON_5G_CON_IMSI_A0_0382ffc830f045627c8963762f2d318aab27db6ffcd25d9997f88bf1e001e92a8b130ab03e832781d6771e1801bc
1776217693234280,3,0,ANON_5G_CON_IMSI_A0_0382ffc830f045627c8963762f2d318aab27db6ffcd25d9997f88bf1e001e92a8b130ab03e832781d6771e1801bc
1776217703359287,4,0,ANON_5G_CON_IMSI_A0_0382ffc830f045627c8963762f2d318aab27db6ffcd25d9997f88bf1e001e92a8b130ab03e832781d6771e1801bc
1776217713479186,5,0,ANON_5G_CON_IMSI_A0_0382ffc830f045627c8963762f2d318aab27db6ffcd25d9997f88bf1e001e92a8b130ab03e832781d6771e1801bc
1776217760188914,1,0,ANON_5G_CON_IMSI_B0_5fd4e43f8e6ffc59aa3dfc194b404ef9ed2ccd728e1fd2b572442d7fc6794915d4ba0727f4550c598c236e0f80
1776217770328760,2,0,ANON_5G_CON_IMSI_B0_5fd4e43f8e6ffc59aa3dfc194b404ef9ed2ccd728e1fd2b572442d7fc6794915d4ba0727f4550c598c236e0f80
1776217780468743,3,0,ANON_5G_CON_IMSI_B0_5fd4e43f8e6ffc59aa3dfc194b404ef9ed2ccd728e1fd2b572442d7fc6794915d4ba0727f4550c598c236e0f80
1776218068381251,1,0,ANON_5G_CON_IMSI_B0_93c33c5ef71176182edf6f8bfb806f35f5625407b93a33558f6c8eb302c81b3179c517d9e482336fcbf33ea10c
1776218078521226,2,0,ANON_5G_CON_IMSI_B0_93c33c5ef71176182edf6f8bfb806f35f5625407b93a33558f6c8eb302c81b3179c517d9e482336fcbf33ea10c
1776218088661218,3,0,ANON_5G_CON_IMSI_B0_93c33c5ef71176182edf6f8bfb806f35f5625407b93a33558f6c8eb302c81b3179c517d9e482336fcbf33ea10c
1776218098806196,4,0,ANON_5G_CON_IMSI_B0_93c33c5ef71176182edf6f8bfb806f35f5625407b93a33558f6c8eb302c81b3179c517d9e482336fcbf33ea10c
1776218108946132,5,0,ANON_5G_CON_IMSI_B0_93c33c5ef71176182edf6f8bfb806f35f5625407b93a33558f6c8eb302c81b3179c517d9e482336fcbf33ea10c
1776218407336268,1,0,ANON_5G_CON_IMSI_B0_44d96ee75ad73d14d2f197ff390e485f4d2228bebd0e3213aeab0ff9f36c1c428bf4d18487e0b01acfda424bec
1776218417876299,2,0,ANON_5G_CON_IMSI_B0_44d96ee75ad73d14d2f197ff390e485f4d2228bebd0e3213aeab0ff9f36c1c428bf4d18487e0b01acfda424bec
1776218428116458,3,0,ANON_5G_CON_IMSI_B0_44d96ee75ad73d14d2f197ff390e485f4d2228bebd0e3213aeab0ff9f36c1c428bf4d18487e0b01acfda424bec
1776218438341639,4,0,ANON_5G_CON_IMSI_B0_44d96ee75ad73d14d2f197ff390e485f4d2228bebd0e3213aeab0ff9f36c1c428bf4d18487e0b01acfda424bec
1776218670443883,1,0,ANON_5G_CON_IMSI_A0_0335bd7a143162e32f5082287b0897f7ab1fa81b629cd683396488b7a79c02a0ff53af864552c674b2f5ee64876b
1776218680563969,2,0,ANON_5G_CON_IMSI_A0_0335bd7a143162e32f5082287b0897f7ab1fa81b629cd683396488b7a79c02a0ff53af864552c674b2f5ee64876b
1776218690684063,3,0,ANON_5G_CON_IMSI_A0_0335bd7a143162e32f5082287b0897f7ab1fa81b629cd683396488b7a79c02a0ff53af864552c674b2f5ee64876b
1776218700809253,4,0,ANON_5G_CON_IMSI_A0_0335bd7a143162e32f5082287b0897f7ab1fa81b629cd683396488b7a79c02a0ff53af864552c674b2f5ee64876b
1776219051209028,1,0,ANON_5G_CON_IMSI_B0_47fb25066a31a0c8b5a87a4a70bda14a76a52b9419c4f6c04bbc548ffe862816a58f7b1cd607220a82d22b81ec
1776219061349069,2,0,ANON_5G_CON_IMSI_B0_47fb25066a31a0c8b5a87a4a70bda14a76a52b9419c4f6c04bbc548ffe862816a58f7b1cd607220a82d22b81ec
1776219071489102,3,0,ANON_5G_CON_IMSI_B0_47fb25066a31a0c8b5a87a4a70bda14a76a52b9419c4f6c04bbc548ffe862816a58f7b1cd607220a82d22b81ec
1776219081634152,4,0,ANON_5G_CON_IMSI_B0_47fb25066a31a0c8b5a87a4a70bda14a76a52b9419c4f6c04bbc548ffe862816a58f7b1cd607220a82d22b81ec
1776219091774229,5,0,ANON_5G_CON_IMSI_B0_47fb25066a31a0c8b5a87a4a70bda14a76a52b9419c4f6c04bbc548ffe862816a58f7b1cd607220a82d22b81ec
1776219675972842,1,0,ANON_5G_CON_IMSI_A0_0362b58bcb0328ede248f770416ef9e186c37430d466ecd35e388a6f789f9b10a43444fc819c8e19289413c91e11
1776219686092886,2,0,ANON_5G_CON_IMSI_A0_0362b58bcb0328ede248f770416ef9e186c37430d466ecd35e388a6f789f9b10a43444fc819c8e19289413c91e11
1776220001487739,1,0,ANON_5G_CON_IMSI_A0_034683a3b9f5152713c536c58bba97c2501e1126fe7d660070be65fecf3310424412d98076f8f3c6ae80325f49b0
1776220011607656,2,0,ANON_5G_CON_IMSI_A0_034683a3b9f5152713c536c58bba97c2501e1126fe7d660070be65fecf3310424412d98076f8f3c6ae80325f49b0
1776220035877918,1,0,ANON_5G_CON_IMSI_B0_80de8aec3106ef5401056c8a718e40eb7ca88b6f07cae7af96adc68cdc47f86bde4b286caaefbb626cc465ee20
1776220046037839,2,0,ANON_5G_CON_IMSI_B0_80de8aec3106ef5401056c8a718e40eb7ca88b6f07cae7af96adc68cdc47f86bde4b286caaefbb626cc465ee20
1776220056177939,3,0,ANON_5G_CON_IMSI_B0_80de8aec3106ef5401056c8a718e40eb7ca88b6f07cae7af96adc68cdc47f86bde4b286caaefbb626cc465ee20
1776220066322973,4,0,ANON_5G_CON_IMSI_B0_80de8aec3106ef5401056c8a718e40eb7ca88b6f07cae7af96adc68cdc47f86bde4b286caaefbb626cc465ee20
1776220076442935,5,0,ANON_5G_CON_IMSI_B0_80de8aec3106ef5401056c8a718e40eb7ca88b6f07cae7af96adc68cdc47f86bde4b286caaefbb626cc465ee20
1776220334069776,1,0,ANON_5G_CON_IMSI_A0_03a4001470d51e5c7b8cd4998588407e22858a960a96262bf4e37bbb52373cce1d6ff9b906ab2bfeddf754663e3a
1776220344189501,2,0,ANON_5G_CON_IMSI_A0_03a4001470d51e5c7b8cd4998588407e22858a960a96262bf4e37bbb52373cce1d6ff9b906ab2bfeddf754663e3a
1776220370463665,1,0,ANON_5G_CON_IMSI_B0_bbd52c2f35cbd03ed9f099d55c1bac5c3ebd0de3d2ce982982fc277ff382ed699244a950aabe8081a99a107d85
1776220381003361,2,0,ANON_5G_CON_IMSI_B0_bbd52c2f35cbd03ed9f099d55c1bac5c3ebd0de3d2ce982982fc277ff382ed699244a950aabe8081a99a107d85
1776220391223237,3,0,ANON_5G_CON_IMSI_B0_bbd52c2f35cbd03ed9f099d55c1bac5c3ebd0de3d2ce982982fc277ff382ed699244a950aabe8081a99a107d85
1776220401467975,4,0,ANON_5G_CON_IMSI_B0_bbd52c2f35cbd03ed9f099d55c1bac5c3ebd0de3d2ce982982fc277ff382ed699244a950aabe8081a99a107d85
1776220411707824,5,0,ANON_5G_CON_IMSI_B0_bbd52c2f35cbd03ed9f099d55c1bac5c3ebd0de3d2ce982982fc277ff382ed699244a950aabe8081a99a107d85
1776220663047595,1,0,ANON_5G_CON_IMSI_A0_03da2119c09200cd417420227d881f250e6a813bef06f4ca36dc2cd1bce771d150b2f88f09a1944e9f8a93490f41
1776220673167334,2,0,ANON_5G_CON_IMSI_A0_03da2119c09200cd417420227d881f250e6a813bef06f4ca36dc2cd1bce771d150b2f88f09a1944e9f8a93490f41
1776220992184711,1,0,ANON_5G_CON_IMSI_A0_0355cc52259ee6e9d6c44288d313b0fa274a2a35e592f6be76623b00c0ea66186571bb7eaa0244981c0a9095416d
1776221002304703,2,0,ANON_5G_CON_IMSI_A0_0355cc52259ee6e9d6c44288d313b0fa274a2a35e592f6be76623b00c0ea66186571bb7eaa0244981c0a9095416d
1776221037701358,1,0,ANON_5G_CON_IMSI_B0_b5fca17ac4f098ce355da2731b95fa0d56538a2348e18cbdea5cc362aa9bbc2262c6500ace5a15ec3636d71573
1776221047841260,2,0,ANON_5G_CON_IMSI_B0_b5fca17ac4f098ce355da2731b95fa0d56538a2348e18cbdea5cc362aa9bbc2262c6500ace5a15ec3636d71573
1776221057981078,3,0,ANON_5G_CON_IMSI_B0_b5fca17ac4f098ce355da2731b95fa0d56538a2348e18cbdea5cc362aa9bbc2262c6500ace5a15ec3636d71573
1776221068146221,4,0,ANON_5G_CON_IMSI_B0_b5fca17ac4f098ce355da2731b95fa0d56538a2348e18cbdea5cc362aa9bbc2262c6500ace5a15ec3636d71573
1776221320769363,1,0,ANON_5G_CON_IMSI_A0_03c89d0f771788617f6e984aa6d42a84c737d104d445dc1a49a3f51acd34d923668565f666fa59cf1276a9a40170
1776221330889294,2,0,ANON_5G_CON_IMSI_A0_03c89d0f771788617f6e984aa6d42a84c737d104d445dc1a49a3f51acd34d923668565f666fa59cf1276a9a40170
1776221649318000,1,0,ANON_5G_CON_IMSI_A0_0307a75ec94acce7f03c5a4fb934256a8ffca25124dad7146ba207ebb2a20877010f946536f05288461c1d86f4ca
1776221659437932,2,0,ANON_5G_CON_IMSI_A0_0307a75ec94acce7f03c5a4fb934256a8ffca25124dad7146ba207ebb2a20877010f946536f05288461c1d86f4ca
1776221978194213,1,0,ANON_5G_CON_IMSI_A0_03e355ee4930e2f16ba515c1e88ff2a33869dbc1c04d83b14b185224685670e915930aea0d164faa6b63c2e5dcbf
1776221988314159,2,0,ANON_5G_CON_IMSI_A0_03e355ee4930e2f16ba515c1e88ff2a33869dbc1c04d83b14b185224685670e915930aea0d164faa6b63c2e5dcbf
1776222012518554,1,0,ANON_5G_CON_IMSI_B0_a08b113d0396eea306e0a35a5914ada796146a4232f5d06b6fa0827f3b43d96c270fa1c30600ea93da6dac2c48
1776222022658552,2,0,ANON_5G_CON_IMSI_B0_a08b113d0396eea306e0a35a5914ada796146a4232f5d06b6fa0827f3b43d96c270fa1c30600ea93da6dac2c48
1776222032798517,3,0,ANON_5G_CON_IMSI_B0_a08b113d0396eea306e0a35a5914ada796146a4232f5d06b6fa0827f3b43d96c270fa1c30600ea93da6dac2c48
1776222042963550,4,0,ANON_5G_CON_IMSI_B0_a08b113d0396eea306e0a35a5914ada796146a4232f5d06b6fa0827f3b43d96c270fa1c30600ea93da6dac2c48
1776222053103395,5,0,ANON_5G_CON_IMSI_B0_a08b113d0396eea306e0a35a5914ada796146a4232f5d06b6fa0827f3b43d96c270fa1c30600ea93da6dac2c48
1776222307313623,1,0,ANON_5G_CON_IMSI_A0_03c88d70c18a8a4f7524f2a4bc1c70c48eaa4b1ce66d80d9548490691152e363a627a43f69ef0b466d933461615f
1776222317433662,2,0,ANON_5G_CON_IMSI_A0_03c88d70c18a8a4f7524f2a4bc1c70c48eaa4b1ce66d80d9548490691152e363a627a43f69ef0b466d933461615f
1776222343740346,1,0,ANON_5G_CON_IMSI_B0_a06c23f179f2be98cc80835f21718d745023df2638b4a4daba26dab82471a7236079a22ed6b3bab0e9025625e3
1776222354840181,2,0,ANON_5G_CON_IMSI_B0_a06c23f179f2be98cc80835f21718d745023df2638b4a4daba26dab82471a7236079a22ed6b3bab0e9025625e3
1776222365080275,3,0,ANON_5G_CON_IMSI_B0_a06c23f179f2be98cc80835f21718d745023df2638b4a4daba26dab82471a7236079a22ed6b3bab0e9025625e3
1776222375325376,4,0,ANON_5G_CON_IMSI_B0_a06c23f179f2be98cc80835f21718d745023df2638b4a4daba26dab82471a7236079a22ed6b3bab0e9025625e3
1776222385565349,5,0,ANON_5G_CON_IMSI_B0_a06c23f179f2be98cc80835f21718d745023df2638b4a4daba26dab82471a7236079a22ed6b3bab0e9025625e3
1776222635629541,1,0,ANON_5G_CON_IMSI_A0_030141e90d1edaaad7ba422359cfa19a883d410108241dc27656806471dd78c496e24e7dedeea29bcbd6dbf00995
1776222645749622,2,0,ANON_5G_CON_IMSI_A0_030141e90d1edaaad7ba422359cfa19a883d410108241dc27656806471dd78c496e24e7dedeea29bcbd6dbf00995
1776222964771397,1,0,ANON_5G_CON_IMSI_A0_0333bc135b3b8582a23fe883cd4683aabb855b818be7e41a76f16a931d6caae60f2037a3b7f9724ab2c138a09d1f
1776222974891309,2,0,ANON_5G_CON_IMSI_A0_0333bc135b3b8582a23fe883cd4683aabb855b818be7e41a76f16a931d6caae60f2037a3b7f9724ab2c138a09d1f
1776223021312695,1,0,ANON_5G_CON_IMSI_B0_abfcc95d1b6af5f68a38ecd00fe9269ba682f92d54a4aa4217de18e4c43660372a0b01580ca40f415ead8b61f7
1776223031472741,2,0,ANON_5G_CON_IMSI_B0_abfcc95d1b6af5f68a38ecd00fe9269ba682f92d54a4aa4217de18e4c43660372a0b01580ca40f415ead8b61f7
1776223041632674,3,0,ANON_5G_CON_IMSI_B0_abfcc95d1b6af5f68a38ecd00fe9269ba682f92d54a4aa4217de18e4c43660372a0b01580ca40f415ead8b61f7
1776223293053168,1,0,ANON_5G_CON_IMSI_A0_034a0c9198906d75b109d203bda1d8662c820355cf73079be05a0a03708031a20178c68ff57f8191e8d5c899932a
1776223303173030,2,0,ANON_5G_CON_IMSI_A0_034a0c9198906d75b109d203bda1d8662c820355cf73079be05a0a03708031a20178c68ff57f8191e8d5c899932a
1776223327064350,1,0,ANON_5G_CON_IMSI_B0_f80546cd8c9a732cca6ea683580d9c541a0f3fe9c32e54f94277ce5b078c7d4c3f5fe5750663fd4b310fcff5bd
1776223337204279,2,0,ANON_5G_CON_IMSI_B0_f80546cd8c9a732cca6ea683580d9c541a0f3fe9c32e54f94277ce5b078c7d4c3f5fe5750663fd4b310fcff5bd
1776223347344328,3,0,ANON_5G_CON_IMSI_B0_f80546cd8c9a732cca6ea683580d9c541a0f3fe9c32e54f94277ce5b078c7d4c3f5fe5750663fd4b310fcff5bd
1776223357489369,4,0,ANON_5G_CON_IMSI_B0_f80546cd8c9a732cca6ea683580d9c541a0f3fe9c32e54f94277ce5b078c7d4c3f5fe5750663fd4b310fcff5bd
1776223367629336,5,0,ANON_5G_CON_IMSI_B0_f80546cd8c9a732cca6ea683580d9c541a0f3fe9c32e54f94277ce5b078c7d4c3f5fe5750663fd4b310fcff5bd
1776223621637290,1,0,ANON_5G_CON_IMSI_A0_0377bbd9c6aced3e11fa78d4d3610b4d79786c4a3456e040c64f932fee0458a3105f35f9c82ca5cd92a3900ccafe
1776223631757302,2,0,ANON_5G_CON_IMSI_A0_0377bbd9c6aced3e11fa78d4d3610b4d79786c4a3456e040c64f932fee0458a3105f35f9c82ca5cd92a3900ccafe
1776223950618225,1,0,ANON_5G_CON_IMSI_A0_03eb5e99cae65150d05c4d3619e6c434fb13af94f1a8c4a5c2f01cd3f916713274e8b11efde48d8a45a2a0674de4
1776223960738204,2,0,ANON_5G_CON_IMSI_A0_03eb5e99cae65150d05c4d3619e6c434fb13af94f1a8c4a5c2f01cd3f916713274e8b11efde48d8a45a2a0674de4
1776224278997329,1,0,ANON_5G_CON_IMSI_A0_0332db915ff3b11e74a1fb06cb297b07de460f4a3fe95350f2c282ad5627bf8b5fbfe291a063e2a8700001859d61
1776224289117301,2,0,ANON_5G_CON_IMSI_A0_0332db915ff3b11e74a1fb06cb297b07de460f4a3fe95350f2c282ad5627bf8b5fbfe291a063e2a8700001859d61
1776224316497729,1,0,ANON_5G_CON_IMSI_B0_f178a567d1d46cafd0284c73a333a0088da72653ae923809d664e0bd61e344257723c1a3f62153221e909099a4
1776224326657661,2,0,ANON_5G_CON_IMSI_B0_f178a567d1d46cafd0284c73a333a0088da72653ae923809d664e0bd61e344257723c1a3f62153221e909099a4
1776224336797711,3,0,ANON_5G_CON_IMSI_B0_f178a567d1d46cafd0284c73a333a0088da72653ae923809d664e0bd61e344257723c1a3f62153221e909099a4
1776224346942715,4,0,ANON_5G_CON_IMSI_B0_f178a567d1d46cafd0284c73a333a0088da72653ae923809d664e0bd61e344257723c1a3f62153221e909099a4
1776224357082689,5,0,ANON_5G_CON_IMSI_B0_f178a567d1d46cafd0284c73a333a0088da72653ae923809d664e0bd61e344257723c1a3f62153221e909099a4
1776224608493097,1,0,ANON_5G_CON_IMSI_A0_0389ba45bf644c8dac75bc01510a5e25125658b7d946cc9768d87ca2f7ac3ef33467cdfe0ca83947f720a8992ab4
1776224618613099,2,0,ANON_5G_CON_IMSI_A0_0389ba45bf644c8dac75bc01510a5e25125658b7d946cc9768d87ca2f7ac3ef33467cdfe0ca83947f720a8992ab4
1776224936936968,1,0,ANON_5G_CON_IMSI_A0_030934e40e55d3af13988fc19e45fc08e60745b2d7600fe5cdece58f91f9323de362916be9754be7d520089cdbe2
1776224947056854,2,0,ANON_5G_CON_IMSI_A0_030934e40e55d3af13988fc19e45fc08e60745b2d7600fe5cdece58f91f9323de362916be9754be7d520089cdbe2
1776225265322386,1,0,ANON_5G_CON_IMSI_A0_032856f554187ef031977d1df3f861e570d3794435e1368e4ba65813fd4926d8fba4436436e3dc62e650f7bfd1cf
1776225275442356,2,0,ANON_5G_CON_IMSI_A0_032856f554187ef031977d1df3f861e570d3794435e1368e4ba65813fd4926d8fba4436436e3dc62e650f7bfd1cf
1776225319509241,1,0,ANON_5G_CON_IMSI_B0_cf8d4bb2dd1b69e1ee331cb5ddc9b97436469f6e07d5bc112a1da4a5e3f6ca501c6f28bbb665f17d0271c9b088
1776225329649299,2,0,ANON_5G_CON_IMSI_B0_cf8d4bb2dd1b69e1ee331cb5ddc9b97436469f6e07d5bc112a1da4a5e3f6ca501c6f28bbb665f17d0271c9b088
1776225339769263,3,0,ANON_5G_CON_IMSI_B0_cf8d4bb2dd1b69e1ee331cb5ddc9b97436469f6e07d5bc112a1da4a5e3f6ca501c6f28bbb665f17d0271c9b088
1776225593815714,1,0,ANON_5G_CON_IMSI_A0_03ddf2ffd049695dc107f168724aed11f8998e8db329b943c94ed4b28562d8d3505588c422548bcd321ac47a1c41
1776225603936993,2,0,ANON_5G_CON_IMSI_A0_03ddf2ffd049695dc107f168724aed11f8998e8db329b943c94ed4b28562d8d3505588c422548bcd321ac47a1c41
1776225648577776,1,0,ANON_5G_CON_IMSI_B0_b664e8311c94e4b293e4a6295db761e8c9c4c3f74f20180d76c5ef1d8facda74aba7b852d3eec9fb9ae7647e5a
1776225658717827,2,0,ANON_5G_CON_IMSI_B0_b664e8311c94e4b293e4a6295db761e8c9c4c3f74f20180d76c5ef1d8facda74aba7b852d3eec9fb9ae7647e5a
1776225668857854,3,0,ANON_5G_CON_IMSI_B0_b664e8311c94e4b293e4a6295db761e8c9c4c3f74f20180d76c5ef1d8facda74aba7b852d3eec9fb9ae7647e5a
1776225922742750,1,0,ANON_5G_CON_IMSI_A0_035fde3a04f6fa1e03e52ee7960e78c4b0b38575a1ff80e6a316e90c693de8e8303fc69076e273b10d56783d6845
1776225932862720,2,0,ANON_5G_CON_IMSI_A0_035fde3a04f6fa1e03e52ee7960e78c4b0b38575a1ff80e6a316e90c693de8e8303fc69076e273b10d56783d6845
1776225953474204,1,0,ANON_5G_CON_IMSI_B0_1ad5e6473739610044d2dfcf782ce0f1cd695d70b3dca5ad5c57d260564a640e3d477663372ff613eaa6302244
1776225963614227,2,0,ANON_5G_CON_IMSI_B0_1ad5e6473739610044d2dfcf782ce0f1cd695d70b3dca5ad5c57d260564a640e3d477663372ff613eaa6302244
1776225973774174,3,0,ANON_5G_CON_IMSI_B0_1ad5e6473739610044d2dfcf782ce0f1cd695d70b3dca5ad5c57d260564a640e3d477663372ff613eaa6302244
1776225983919145,4,0,ANON_5G_CON_IMSI_B0_1ad5e6473739610044d2dfcf782ce0f1cd695d70b3dca5ad5c57d260564a640e3d477663372ff613eaa6302244
1776225994059212,5,0,ANON_5G_CON_IMSI_B0_1ad5e6473739610044d2dfcf782ce0f1cd695d70b3dca5ad5c57d260564a640e3d477663372ff613eaa6302244
1776226252142382,1,0,ANON_5G_CON_IMSI_A0_034059ec56edc15ed9fd7e0ad497714e4fdccf9ccdc59ddd9d3c3ac707d152397f2c3d3177575b0349c051c9cbdb
1776226262262373,2,0,ANON_5G_CON_IMSI_A0_034059ec56edc15ed9fd7e0ad497714e4fdccf9ccdc59ddd9d3c3ac707d152397f2c3d3177575b0349c051c9cbdb
1776226285472939,1,0,ANON_5G_CON_IMSI_B0_d426308bb633a4b1b5e4dc983cf6dc0308e584f262b5d321239e82c440edb510d283c31f7867d436ea22c33c5a
1776226295833046,2,0,ANON_5G_CON_IMSI_B0_d426308bb633a4b1b5e4dc983cf6dc0308e584f262b5d321239e82c440edb510d283c31f7867d436ea22c33c5a
1776226306073117,3,0,ANON_5G_CON_IMSI_B0_d426308bb633a4b1b5e4dc983cf6dc0308e584f262b5d321239e82c440edb510d283c31f7867d436ea22c33c5a
1776226316298057,4,0,ANON_5G_CON_IMSI_B0_d426308bb633a4b1b5e4dc983cf6dc0308e584f262b5d321239e82c440edb510d283c31f7867d436ea22c33c5a
1776226326538016,5,0,ANON_5G_CON_IMSI_B0_d426308bb633a4b1b5e4dc983cf6dc0308e584f262b5d321239e82c440edb510d283c31f7867d436ea22c33c5a
1776226579969600,1,0,ANON_5G_CON_IMSI_A0_0339a69a1d81de86215ebf23c9855f6331dbc7b998b0a68733056b0b7877b4357c820112fa028b46dcdc7d34542c
1776226590089543,2,0,ANON_5G_CON_IMSI_A0_0339a69a1d81de86215ebf23c9855f6331dbc7b998b0a68733056b0b7877b4357c820112fa028b46dcdc7d34542c
1776226889400253,1,0,ANON_5G_CON_IMSI_A0_037fcaf529da4e01042cf65e39d4a65ea95c866c7f098da4ea9a9126e48349767058dc3b84a8fbf6cd09f0f1b96c
1776226899520290,2,0,ANON_5G_CON_IMSI_A0_037fcaf529da4e01042cf65e39d4a65ea95c866c7f098da4ea9a9126e48349767058dc3b84a8fbf6cd09f0f1b96c
1776226909640264,3,0,ANON_5G_CON_IMSI_A0_037fcaf529da4e01042cf65e39d4a65ea95c866c7f098da4ea9a9126e48349767058dc3b84a8fbf6cd09f0f1b96c
1776226919745256,4,0,ANON_5G_CON_IMSI_A0_037fcaf529da4e01042cf65e39d4a65ea95c866c7f098da4ea9a9126e48349767058dc3b84a8fbf6cd09f0f1b96c
1776226943634878,1,0,ANON_5G_CON_IMSI_B0_ec3c57d250d94410ba4627943a4844dd98d24f9e3a9a63e4c639deeddcbf0736cbe0cebda39b20db5af990f354
1776226953774894,2,0,ANON_5G_CON_IMSI_B0_ec3c57d250d94410ba4627943a4844dd98d24f9e3a9a63e4c639deeddcbf0736cbe0cebda39b20db5af990f354
1776226963914780,3,0,ANON_5G_CON_IMSI_B0_ec3c57d250d94410ba4627943a4844dd98d24f9e3a9a63e4c639deeddcbf0736cbe0cebda39b20db5af990f354
1776226974059924,4,0,ANON_5G_CON_IMSI_B0_ec3c57d250d94410ba4627943a4844dd98d24f9e3a9a63e4c639deeddcbf0736cbe0cebda39b20db5af990f354
1776226984199823,5,0,ANON_5G_CON_IMSI_B0_ec3c57d250d94410ba4627943a4844dd98d24f9e3a9a63e4c639deeddcbf0736cbe0cebda39b20db5af990f354
1776227273983713,1,0,ANON_5G_CON_IMSI_B0_de612b70d4317cdd9e958d722c86bf6a2183737f9f13a601aacde9bfea6ec93a9f90e639f36fd1d0c55ed09925
1776227284143787,2,0,ANON_5G_CON_IMSI_B0_de612b70d4317cdd9e958d722c86bf6a2183737f9f13a601aacde9bfea6ec93a9f90e639f36fd1d0c55ed09925
1776227294383638,3,0,ANON_5G_CON_IMSI_B0_de612b70d4317cdd9e958d722c86bf6a2183737f9f13a601aacde9bfea6ec93a9f90e639f36fd1d0c55ed09925
1776227304628673,4,0,ANON_5G_CON_IMSI_B0_de612b70d4317cdd9e958d722c86bf6a2183737f9f13a601aacde9bfea6ec93a9f90e639f36fd1d0c55ed09925
1776227314848731,5,0,ANON_5G_CON_IMSI_B0_de612b70d4317cdd9e958d722c86bf6a2183737f9f13a601aacde9bfea6ec93a9f90e639f36fd1d0c55ed09925
1776227897779249,1,0,ANON_5G_CON_IMSI_A0_03a3b6817b43c43cf3491cc2e73771fad07a8954335c8558661ab8f370ab13ceba4d630d6d7d05cf1b68699e8937
1776227907899322,2,0,ANON_5G_CON_IMSI_A0_03a3b6817b43c43cf3491cc2e73771fad07a8954335c8558661ab8f370ab13ceba4d630d6d7d05cf1b68699e8937
1776227926471627,1,0,ANON_5G_CON_IMSI_B0_df8cc2449fccd03f2770c2ea70d7fafabb6b07da0e7f3f5cb34172eab9043a15aeaf34e73b0b27ab54121cba0b
1776227936611514,2,0,ANON_5G_CON_IMSI_B0_df8cc2449fccd03f2770c2ea70d7fafabb6b07da0e7f3f5cb34172eab9043a15aeaf34e73b0b27ab54121cba0b
1776227946751600,3,0,ANON_5G_CON_IMSI_B0_df8cc2449fccd03f2770c2ea70d7fafabb6b07da0e7f3f5cb34172eab9043a15aeaf34e73b0b27ab54121cba0b
1776227956896626,4,0,ANON_5G_CON_IMSI_B0_df8cc2449fccd03f2770c2ea70d7fafabb6b07da0e7f3f5cb34172eab9043a15aeaf34e73b0b27ab54121cba0b
1776227967036589,5,0,ANON_5G_CON_IMSI_B0_df8cc2449fccd03f2770c2ea70d7fafabb6b07da0e7f3f5cb34172eab9043a15aeaf34e73b0b27ab54121cba0b
1776228192073454,1,0,ANON_5G_CON_IMSI_A0_034a3ee6ae3a99f5d780e7d8ceb7e3b9feaa1537ccdf91c4da6d22cdc3341c7c5c44117d59465a0032e3f5a297a9
1776228202193431,2,0,ANON_5G_CON_IMSI_A0_034a3ee6ae3a99f5d780e7d8ceb7e3b9feaa1537ccdf91c4da6d22cdc3341c7c5c44117d59465a0032e3f5a297a9
1776228212313485,3,0,ANON_5G_CON_IMSI_A0_034a3ee6ae3a99f5d780e7d8ceb7e3b9feaa1537ccdf91c4da6d22cdc3341c7c5c44117d59465a0032e3f5a297a9
1776228222438396,4,0,ANON_5G_CON_IMSI_A0_034a3ee6ae3a99f5d780e7d8ceb7e3b9feaa1537ccdf91c4da6d22cdc3341c7c5c44117d59465a0032e3f5a297a9
1776228232558441,5,0,ANON_5G_CON_IMSI_A0_034a3ee6ae3a99f5d780e7d8ceb7e3b9feaa1537ccdf91c4da6d22cdc3341c7c5c44117d59465a0032e3f5a297a9
1776228914768872,1,0,ANON_5G_CON_IMSI_B0_01f9ce544f9dca3451b313d400dff2416510f7024fe96894b094152f2890a940deac2dbbf21d956897c2852fdd
1776228924908896,2,0,ANON_5G_CON_IMSI_B0_01f9ce544f9dca3451b313d400dff2416510f7024fe96894b094152f2890a940deac2dbbf21d956897c2852fdd
1776228935048910,3,0,ANON_5G_CON_IMSI_B0_01f9ce544f9dca3451b313d400dff2416510f7024fe96894b094152f2890a940deac2dbbf21d956897c2852fdd
1776228945193950,4,0,ANON_5G_CON_IMSI_B0_01f9ce544f9dca3451b313d400dff2416510f7024fe96894b094152f2890a940deac2dbbf21d956897c2852fdd
1776228955333955,5,0,ANON_5G_CON_IMSI_B0_01f9ce544f9dca3451b313d400dff2416510f7024fe96894b094152f2890a940deac2dbbf21d956897c2852fdd
1776229500874229,1,0,ANON_5G_CON_IMSI_A0_03baa739e3d24ef8848177be39b154ce536f1d61acdcb90a19f09a233d2315076db80a9937cb7569f60aa890f508
1776229510994253,2,0,ANON_5G_CON_IMSI_A0_03baa739e3d24ef8848177be39b154ce536f1d61acdcb90a19f09a233d2315076db80a9937cb7569f60aa890f508
1776229521114291,3,0,ANON_5G_CON_IMSI_A0_03baa739e3d24ef8848177be39b154ce536f1d61acdcb90a19f09a233d2315076db80a9937cb7569f60aa890f508
1776229531239300,4,0,ANON_5G_CON_IMSI_A0_03baa739e3d24ef8848177be39b154ce536f1d61acdcb90a19f09a233d2315076db80a9937cb7569f60aa890f508
1776229541359284,5,0,ANON_5G_CON_IMSI_A0_03baa739e3d24ef8848177be39b154ce536f1d61acdcb90a19f09a233d2315076db80a9937cb7569f60aa890f508
1776229927060736,1,0,ANON_5G_CON_IMSI_B0_6742c324859334531472be3bc2e47d064142b6ed0ab2a0b9a8c5872eb73fec301fe63974e9b09b981620676694
1776229937200690,2,0,ANON_5G_CON_IMSI_B0_6742c324859334531472be3bc2e47d064142b6ed0ab2a0b9a8c5872eb73fec301fe63974e9b09b981620676694
1776229947340855,3,0,ANON_5G_CON_IMSI_B0_6742c324859334531472be3bc2e47d064142b6ed0ab2a0b9a8c5872eb73fec301fe63974e9b09b981620676694
1776230236455284,1,0,ANON_5G_CON_IMSI_B0_2b54d9e80b299e1bd802a326a7e0152384d9ef17903252b1bc99b826d0835137d1a38331ef5da42b07e39de9bf
1776230247745391,2,0,ANON_5G_CON_IMSI_B0_2b54d9e80b299e1bd802a326a7e0152384d9ef17903252b1bc99b826d0835137d1a38331ef5da42b07e39de9bf
1776230253305373,3,0,ANON_5G_CON_IMSI_B0_1e42b44d53abf12e6c34a9f434a77dbb6a6cc882097bf8e68870fed4fe54690a69b4e1779ac25d06682e22c287
1776230258010354,4,0,ANON_5G_CON_IMSI_B0_2b54d9e80b299e1bd802a326a7e0152384d9ef17903252b1bc99b826d0835137d1a38331ef5da42b07e39de9bf
1776230263450324,5,0,ANON_5G_CON_IMSI_B0_1e42b44d53abf12e6c34a9f434a77dbb6a6cc882097bf8e68870fed4fe54690a69b4e1779ac25d06682e22c287
1776230268250363,6,0,ANON_5G_CON_IMSI_B0_2b54d9e80b299e1bd802a326a7e0152384d9ef17903252b1bc99b826d0835137d1a38331ef5da42b07e39de9bf
1776230273595274,7,0,ANON_5G_CON_IMSI_B0_1e42b44d53abf12e6c34a9f434a77dbb6a6cc882097bf8e68870fed4fe54690a69b4e1779ac25d06682e22c287
1776230506957890,1,0,ANON_5G_CON_IMSI_A0_03dae2f5c039df59b5508defa501c0adf852b271277381b287d5af057bf1b2e7886f775a4110e3c98976933741b5
1776230517077798,2,0,ANON_5G_CON_IMSI_A0_03dae2f5c039df59b5508defa501c0adf852b271277381b287d5af057bf1b2e7886f775a4110e3c98976933741b5
1776230527197830,3,0,ANON_5G_CON_IMSI_A0_03dae2f5c039df59b5508defa501c0adf852b271277381b287d5af057bf1b2e7886f775a4110e3c98976933741b5
1776230537302844,4,0,ANON_5G_CON_IMSI_A0_03dae2f5c039df59b5508defa501c0adf852b271277381b287d5af057bf1b2e7886f775a4110e3c98976933741b5
1776230556742109,1,0,ANON_5G_CON_IMSI_B0_ff96f01771822b8a15aef73f933f8786559be2bd4670a22afa324a1eb0b6222123005f4057dba3bb672501e7aa
1776230566882104,2,0,ANON_5G_CON_IMSI_B0_ff96f01771822b8a15aef73f933f8786559be2bd4670a22afa324a1eb0b6222123005f4057dba3bb672501e7aa
1776230577022088,3,0,ANON_5G_CON_IMSI_B0_ff96f01771822b8a15aef73f933f8786559be2bd4670a22afa324a1eb0b6222123005f4057dba3bb672501e7aa
1776230587167056,4,0,ANON_5G_CON_IMSI_B0_ff96f01771822b8a15aef73f933f8786559be2bd4670a22afa324a1eb0b6222123005f4057dba3bb672501e7aa
1776230597307081,5,0,ANON_5G_CON_IMSI_B0_ff96f01771822b8a15aef73f933f8786559be2bd4670a22afa324a1eb0b6222123005f4057dba3bb672501e7aa
1776231544879403,1,0,ANON_5G_CON_IMSI_B0_8ed7a7f66a047089347614c3fe5aee0ba8f2fecdb1d4d3cfb36e4b18b8bf9302d2cc6a9d71b330841a6ff598cc
1776231555019350,2,0,ANON_5G_CON_IMSI_B0_8ed7a7f66a047089347614c3fe5aee0ba8f2fecdb1d4d3cfb36e4b18b8bf9302d2cc6a9d71b330841a6ff598cc
1776231565159253,3,0,ANON_5G_CON_IMSI_B0_8ed7a7f66a047089347614c3fe5aee0ba8f2fecdb1d4d3cfb36e4b18b8bf9302d2cc6a9d71b330841a6ff598cc
1776231575304392,4,0,ANON_5G_CON_IMSI_B0_8ed7a7f66a047089347614c3fe5aee0ba8f2fecdb1d4d3cfb36e4b18b8bf9302d2cc6a9d71b330841a6ff598cc
1776231585464403,5,0,ANON_5G_CON_IMSI_B0_8ed7a7f66a047089347614c3fe5aee0ba8f2fecdb1d4d3cfb36e4b18b8bf9302d2cc6a9d71b330841a6ff598cc
1776231833132969,1,0,ANON_5G_CON_IMSI_A0_030dd3069f274c4649bb9e3a543a1ebac959ed9569884bc46b178fcef52750a79fc1c057ec1d156dd5b09c2ce011
1776231843252874,2,0,ANON_5G_CON_IMSI_A0_030dd3069f274c4649bb9e3a543a1ebac959ed9569884bc46b178fcef52750a79fc1c057ec1d156dd5b09c2ce011
1776231853372892,3,0,ANON_5G_CON_IMSI_A0_030dd3069f274c4649bb9e3a543a1ebac959ed9569884bc46b178fcef52750a79fc1c057ec1d156dd5b09c2ce011
1776232140169702,1,0,ANON_5G_CON_IMSI_A0_03e5185efc847a3f045179f223d091637e1f5f1acb9beae484610c18ced2a86cbf51613b546f34a7914725d2a0b4
1776232150289614,2,0,ANON_5G_CON_IMSI_A0_03e5185efc847a3f045179f223d091637e1f5f1acb9beae484610c18ced2a86cbf51613b546f34a7914725d2a0b4
1776232160409593,3,0,ANON_5G_CON_IMSI_A0_03e5185efc847a3f045179f223d091637e1f5f1acb9beae484610c18ced2a86cbf51613b546f34a7914725d2a0b4
1776232170514569,4,0,ANON_5G_CON_IMSI_A0_03e5185efc847a3f045179f223d091637e1f5f1acb9beae484610c18ced2a86cbf51613b546f34a7914725d2a0b4
1776232180634591,5,0,ANON_5G_CON_IMSI_A0_03e5185efc847a3f045179f223d091637e1f5f1acb9beae484610c18ced2a86cbf51613b546f34a7914725d2a0b4
1776232535337496,1,0,ANON_5G_CON_IMSI_B0_1174d878c00bf5d8d73dffbf6f52180e7bc1eee1b3941d45a02c62f276712c38659a957bfb7ed2a086783080da
1776232545477544,2,0,ANON_5G_CON_IMSI_B0_1174d878c00bf5d8d73dffbf6f52180e7bc1eee1b3941d45a02c62f276712c38659a957bfb7ed2a086783080da
1776232555617474,3,0,ANON_5G_CON_IMSI_B0_1174d878c00bf5d8d73dffbf6f52180e7bc1eee1b3941d45a02c62f276712c38659a957bfb7ed2a086783080da
1776232565762535,4,0,ANON_5G_CON_IMSI_B0_1174d878c00bf5d8d73dffbf6f52180e7bc1eee1b3941d45a02c62f276712c38659a957bfb7ed2a086783080da
1776232575902412,5,0,ANON_5G_CON_IMSI_B0_1174d878c00bf5d8d73dffbf6f52180e7bc1eee1b3941d45a02c62f276712c38659a957bfb7ed2a086783080da
1776233145088186,1,0,ANON_5G_CON_IMSI_A0_039093e9c74368a354359b1bfa3ed451638fb35d363d5182251896a6106f944691e72d69c8593740d8bfd4734b9f
1776233155218148,2,0,ANON_5G_CON_IMSI_A0_039093e9c74368a354359b1bfa3ed451638fb35d363d5182251896a6106f944691e72d69c8593740d8bfd4734b9f
1776233165368184,3,0,ANON_5G_CON_IMSI_A0_039093e9c74368a354359b1bfa3ed451638fb35d363d5182251896a6106f944691e72d69c8593740d8bfd4734b9f
1776233523831015,1,0,ANON_5G_CON_IMSI_B0_645f91dd5f01ca0195f361454ea40227c4650ba2a48a55178e1bcbd315e44a1df17787d9840084003122880d4a
1776233533971070,2,0,ANON_5G_CON_IMSI_B0_645f91dd5f01ca0195f361454ea40227c4650ba2a48a55178e1bcbd315e44a1df17787d9840084003122880d4a
1776233544110990,3,0,ANON_5G_CON_IMSI_B0_645f91dd5f01ca0195f361454ea40227c4650ba2a48a55178e1bcbd315e44a1df17787d9840084003122880d4a
1776233554255998,4,0,ANON_5G_CON_IMSI_B0_645f91dd5f01ca0195f361454ea40227c4650ba2a48a55178e1bcbd315e44a1df17787d9840084003122880d4a
1776233564396019,5,0,ANON_5G_CON_IMSI_B0_645f91dd5f01ca0195f361454ea40227c4650ba2a48a55178e1bcbd315e44a1df17787d9840084003122880d4a
1776233784067215,1,0,ANON_5G_CON_IMSI_A0_03acb46d709069c0e1c925727f6fc0266bb6e1159b54c5ce017efa6293c0fcc640e30eb28489dbd331ed7a0b408a
1776233794187274,2,0,ANON_5G_CON_IMSI_A0_03acb46d709069c0e1c925727f6fc0266bb6e1159b54c5ce017efa6293c0fcc640e30eb28489dbd331ed7a0b408a
1776233804307217,3,0,ANON_5G_CON_IMSI_A0_03acb46d709069c0e1c925727f6fc0266bb6e1159b54c5ce017efa6293c0fcc640e30eb28489dbd331ed7a0b408a
1776233814412263,4,0,ANON_5G_CON_IMSI_A0_03acb46d709069c0e1c925727f6fc0266bb6e1159b54c5ce017efa6293c0fcc640e30eb28489dbd331ed7a0b408a
1776233824532200,5,0,ANON_5G_CON_IMSI_A0_03acb46d709069c0e1c925727f6fc0266bb6e1159b54c5ce017efa6293c0fcc640e30eb28489dbd331ed7a0b408a
1776234515065975,1,0,ANON_5G_CON_IMSI_B0_4b0ff6b858a27e0ff285ba736087fe7be0b114af1440e23c12cd23e5c22baa06ef83f73ec53a70a722fc808733
1776234525205979,2,0,ANON_5G_CON_IMSI_B0_4b0ff6b858a27e0ff285ba736087fe7be0b114af1440e23c12cd23e5c22baa06ef83f73ec53a70a722fc808733
1776234535365980,3,0,ANON_5G_CON_IMSI_B0_4b0ff6b858a27e0ff285ba736087fe7be0b114af1440e23c12cd23e5c22baa06ef83f73ec53a70a722fc808733
1776234545510863,4,0,ANON_5G_CON_IMSI_B0_4b0ff6b858a27e0ff285ba736087fe7be0b114af1440e23c12cd23e5c22baa06ef83f73ec53a70a722fc808733
1776234773146665,1,0,ANON_5G_CON_IMSI_A0_03f2be9b7903762b852818d3fe103f4564d23500877c065480c3f36f9f873ece25fe41335a309d3e46a5764b9ec7
1776234783266581,2,0,ANON_5G_CON_IMSI_A0_03f2be9b7903762b852818d3fe103f4564d23500877c065480c3f36f9f873ece25fe41335a309d3e46a5764b9ec7
1776234793386658,3,0,ANON_5G_CON_IMSI_A0_03f2be9b7903762b852818d3fe103f4564d23500877c065480c3f36f9f873ece25fe41335a309d3e46a5764b9ec7
1776234803491616,4,0,ANON_5G_CON_IMSI_A0_03f2be9b7903762b852818d3fe103f4564d23500877c065480c3f36f9f873ece25fe41335a309d3e46a5764b9ec7
1776234813611566,5,0,ANON_5G_CON_IMSI_A0_03f2be9b7903762b852818d3fe103f4564d23500877c065480c3f36f9f873ece25fe41335a309d3e46a5764b9ec7
1776235490525729,1,0,ANON_5G_CON_IMSI_B0_fc9ece4a9625d1cc9cda5e1f35e7b91e8e7d79aa10950d2fbb0a6417e57ac270613d51f7c4326ab7ca121d3896
1776235500665735,2,0,ANON_5G_CON_IMSI_B0_fc9ece4a9625d1cc9cda5e1f35e7b91e8e7d79aa10950d2fbb0a6417e57ac270613d51f7c4326ab7ca121d3896
1776235510805819,3,0,ANON_5G_CON_IMSI_B0_fc9ece4a9625d1cc9cda5e1f35e7b91e8e7d79aa10950d2fbb0a6417e57ac270613d51f7c4326ab7ca121d3896
1776235520950739,4,0,ANON_5G_CON_IMSI_B0_fc9ece4a9625d1cc9cda5e1f35e7b91e8e7d79aa10950d2fbb0a6417e57ac270613d51f7c4326ab7ca121d3896
1776235531090774,5,0,ANON_5G_CON_IMSI_B0_fc9ece4a9625d1cc9cda5e1f35e7b91e8e7d79aa10950d2fbb0a6417e57ac270613d51f7c4326ab7ca121d3896
1776235748648665,1,0,ANON_5G_CON_IMSI_A0_03372bdd53efceab3473c7df9ba6463b9fdbbbb74d7c35ad306f5c829e35ad71502f7f5caaaeb9325a62e55b4b11
1776235758768664,2,0,ANON_5G_CON_IMSI_A0_03372bdd53efceab3473c7df9ba6463b9fdbbbb74d7c35ad306f5c829e35ad71502f7f5caaaeb9325a62e55b4b11
1776235768888704,3,0,ANON_5G_CON_IMSI_A0_03372bdd53efceab3473c7df9ba6463b9fdbbbb74d7c35ad306f5c829e35ad71502f7f5caaaeb9325a62e55b4b11
1776235778993727,4,0,ANON_5G_CON_IMSI_A0_03372bdd53efceab3473c7df9ba6463b9fdbbbb74d7c35ad306f5c829e35ad71502f7f5caaaeb9325a62e55b4b11
1776235789113702,5,0,ANON_5G_CON_IMSI_A0_03372bdd53efceab3473c7df9ba6463b9fdbbbb74d7c35ad306f5c829e35ad71502f7f5caaaeb9325a62e55b4b11
1776236147104440,1,0,ANON_5G_CON_IMSI_B0_546f401697be6d3d5aaaeb8753c68e4422871d96669afde52792e69adcef7b2a7c8028d43f4ec530f01647dd54
1776236158104295,2,0,ANON_5G_CON_IMSI_B0_546f401697be6d3d5aaaeb8753c68e4422871d96669afde52792e69adcef7b2a7c8028d43f4ec530f01647dd54
1776236168344404,3,0,ANON_5G_CON_IMSI_B0_546f401697be6d3d5aaaeb8753c68e4422871d96669afde52792e69adcef7b2a7c8028d43f4ec530f01647dd54
1776236178569288,4,0,ANON_5G_CON_IMSI_B0_546f401697be6d3d5aaaeb8753c68e4422871d96669afde52792e69adcef7b2a7c8028d43f4ec530f01647dd54
1776236188809306,5,0,ANON_5G_CON_IMSI_B0_546f401697be6d3d5aaaeb8753c68e4422871d96669afde52792e69adcef7b2a7c8028d43f4ec530f01647dd54
1776236490738087,1,0,ANON_5G_CON_IMSI_B0_8c85acbb2529f07d5c7a43af7e2730da958a7cae925b21bdb3115345b4996c4b988f49b630ed6694cf672b6cb7
1776236500878093,2,0,ANON_5G_CON_IMSI_B0_8c85acbb2529f07d5c7a43af7e2730da958a7cae925b21bdb3115345b4996c4b988f49b630ed6694cf672b6cb7
1776236511018146,3,0,ANON_5G_CON_IMSI_B0_8c85acbb2529f07d5c7a43af7e2730da958a7cae925b21bdb3115345b4996c4b988f49b630ed6694cf672b6cb7
1776236521183130,4,0,ANON_5G_CON_IMSI_B0_8c85acbb2529f07d5c7a43af7e2730da958a7cae925b21bdb3115345b4996c4b988f49b630ed6694cf672b6cb7
1776236742718326,1,0,ANON_5G_CON_IMSI_A0_033ca8b8e63332ff940a7bd9f12f257fa7e3c3d299f8be61ca38b1c7b4b9494a35722b3067db4ed176f13c4bb640
1776236752838245,2,0,ANON_5G_CON_IMSI_A0_033ca8b8e63332ff940a7bd9f12f257fa7e3c3d299f8be61ca38b1c7b4b9494a35722b3067db4ed176f13c4bb640
1776236762958143,3,0,ANON_5G_CON_IMSI_A0_033ca8b8e63332ff940a7bd9f12f257fa7e3c3d299f8be61ca38b1c7b4b9494a35722b3067db4ed176f13c4bb640
1776236773063214,4,0,ANON_5G_CON_IMSI_A0_033ca8b8e63332ff940a7bd9f12f257fa7e3c3d299f8be61ca38b1c7b4b9494a35722b3067db4ed176f13c4bb640
1776236783183278,5,0,ANON_5G_CON_IMSI_A0_033ca8b8e63332ff940a7bd9f12f257fa7e3c3d299f8be61ca38b1c7b4b9494a35722b3067db4ed176f13c4bb640
1776237134653375,1,0,ANON_5G_CON_IMSI_B0_43de9bac05026851d981e9aadddd01d6c95892945b4407b555fba29ba9fbc3127c8c26c912b72e247f210f0acc
1776237145073295,2,0,ANON_5G_CON_IMSI_B0_43de9bac05026851d981e9aadddd01d6c95892945b4407b555fba29ba9fbc3127c8c26c912b72e247f210f0acc
1776237155313374,3,0,ANON_5G_CON_IMSI_B0_43de9bac05026851d981e9aadddd01d6c95892945b4407b555fba29ba9fbc3127c8c26c912b72e247f210f0acc
1776237165538208,4,0,ANON_5G_CON_IMSI_B0_43de9bac05026851d981e9aadddd01d6c95892945b4407b555fba29ba9fbc3127c8c26c912b72e247f210f0acc
1776237175778266,5,0,ANON_5G_CON_IMSI_B0_43de9bac05026851d981e9aadddd01d6c95892945b4407b555fba29ba9fbc3127c8c26c912b72e247f210f0acc
1776237460288347,1,0,ANON_5G_CON_IMSI_B0_bde74beb44a7400811327fff71339aa3a3f265d913ea0ff2c830920e3a972f574c4da85bfa2c0de07b735f1f34
1776237470448337,3,0,ANON_5G_CON_IMSI_B0_bde74beb44a7400811327fff71339aa3a3f265d913ea0ff2c830920e3a972f574c4da85bfa2c0de07b735f1f34
1776237480593265,4,0,ANON_5G_CON_IMSI_B0_bde74beb44a7400811327fff71339aa3a3f265d913ea0ff2c830920e3a972f574c4da85bfa2c0de07b735f1f34
1776237490773267,6,0,ANON_5G_CON_IMSI_B0_bde74beb44a7400811327fff71339aa3a3f265d913ea0ff2c830920e3a972f574c4da85bfa2c0de07b735f1f34
1776237500898176,8,0,ANON_5G_CON_IMSI_B0_bde74beb44a7400811327fff71339aa3a3f265d913ea0ff2c830920e3a972f574c4da85bfa2c0de07b735f1f34
1776237728148914,1,0,ANON_5G_CON_IMSI_A0_03c469b44bfc9e3ddf19c514dbb9727de11f3d4a793a7ad6634785a91df539b76ffcc9395473f67229166305b2a3
1776237738268811,2,0,ANON_5G_CON_IMSI_A0_03c469b44bfc9e3ddf19c514dbb9727de11f3d4a793a7ad6634785a91df539b76ffcc9395473f67229166305b2a3
1776237748388812,3,0,ANON_5G_CON_IMSI_A0_03c469b44bfc9e3ddf19c514dbb9727de11f3d4a793a7ad6634785a91df539b76ffcc9395473f67229166305b2a3
1776237758513846,4,0,ANON_5G_CON_IMSI_A0_03c469b44bfc9e3ddf19c514dbb9727de11f3d4a793a7ad6634785a91df539b76ffcc9395473f67229166305b2a3
1776237768633899,5,0,ANON_5G_CON_IMSI_A0_03c469b44bfc9e3ddf19c514dbb9727de11f3d4a793a7ad6634785a91df539b76ffcc9395473f67229166305b2a3
1776238121514095,1,0,ANON_5G_CON_IMSI_B0_ca025739ff927c8dc9a47d500ac205f8625a202f49511cf90db998488c5918566664699de2532929e8be9ff346
1776238132014147,2,0,ANON_5G_CON_IMSI_B0_ca025739ff927c8dc9a47d500ac205f8625a202f49511cf90db998488c5918566664699de2532929e8be9ff346
1776238142254076,3,0,ANON_5G_CON_IMSI_B0_ca025739ff927c8dc9a47d500ac205f8625a202f49511cf90db998488c5918566664699de2532929e8be9ff346
1776238152499114,4,0,ANON_5G_CON_IMSI_B0_ca025739ff927c8dc9a47d500ac205f8625a202f49511cf90db998488c5918566664699de2532929e8be9ff346
1776238162759043,5,0,ANON_5G_CON_IMSI_B0_ca025739ff927c8dc9a47d500ac205f8625a202f49511cf90db998488c5918566664699de2532929e8be9ff346
1776238445431079,1,0,ANON_5G_CON_IMSI_B0_f2e2085fe92cb6d83005b5f46bfe5a054a76b1d129b2ba67a43d0b177c781568a73736f140fa87c658820e638b
1776238455591117,2,0,ANON_5G_CON_IMSI_B0_f2e2085fe92cb6d83005b5f46bfe5a054a76b1d129b2ba67a43d0b177c781568a73736f140fa87c658820e638b
1776238465751175,3,0,ANON_5G_CON_IMSI_B0_f2e2085fe92cb6d83005b5f46bfe5a054a76b1d129b2ba67a43d0b177c781568a73736f140fa87c658820e638b
1776238475916162,4,0,ANON_5G_CON_IMSI_B0_f2e2085fe92cb6d83005b5f46bfe5a054a76b1d129b2ba67a43d0b177c781568a73736f140fa87c658820e638b
1776238486076077,5,0,ANON_5G_CON_IMSI_B0_f2e2085fe92cb6d83005b5f46bfe5a054a76b1d129b2ba67a43d0b177c781568a73736f140fa87c658820e638b
1776238705809554,1,0,ANON_5G_CON_IMSI_A0_0302055efaa8dfe51253a8cf04e61bf1059f43c63e4257d308535e566ad81383900cc816826b590770c596def204
1776238715929450,2,0,ANON_5G_CON_IMSI_A0_0302055efaa8dfe51253a8cf04e61bf1059f43c63e4257d308535e566ad81383900cc816826b590770c596def204
1776238726089604,3,0,ANON_5G_CON_IMSI_A0_0302055efaa8dfe51253a8cf04e61bf1059f43c63e4257d308535e566ad81383900cc816826b590770c596def204
1776238736214823,4,0,ANON_5G_CON_IMSI_A0_0302055efaa8dfe51253a8cf04e61bf1059f43c63e4257d308535e566ad81383900cc816826b590770c596def204
1776238746334796,5,0,ANON_5G_CON_IMSI_A0_0302055efaa8dfe51253a8cf04e61bf1059f43c63e4257d308535e566ad81383900cc816826b590770c596def204
1776239432181387,1,0,ANON_5G_CON_IMSI_B0_a625f91661ce6bcf542666abbb3a680f337e7d281ec7649f7b10ea4f13c6fc40daf1c0910e77b564b3caa85f37
1776239442341427,2,0,ANON_5G_CON_IMSI_B0_a625f91661ce6bcf542666abbb3a680f337e7d281ec7649f7b10ea4f13c6fc40daf1c0910e77b564b3caa85f37
1776239452501394,3,0,ANON_5G_CON_IMSI_B0_a625f91661ce6bcf542666abbb3a680f337e7d281ec7649f7b10ea4f13c6fc40daf1c0910e77b564b3caa85f37
1776239462666505,4,0,ANON_5G_CON_IMSI_B0_a625f91661ce6bcf542666abbb3a680f337e7d281ec7649f7b10ea4f13c6fc40daf1c0910e77b564b3caa85f37
1776239472806478,5,0,ANON_5G_CON_IMSI_B0_a625f91661ce6bcf542666abbb3a680f337e7d281ec7649f7b10ea4f13c6fc40daf1c0910e77b564b3caa85f37
1776239703922895,1,0,ANON_5G_CON_IMSI_A0_03a9094e8e39e7bed14ed3ce14f9b4cedcaa499939b3e42404d1274e9c88411dd84de9604c324b9b35d317cdc0cb
1776239714042878,2,0,ANON_5G_CON_IMSI_A0_03a9094e8e39e7bed14ed3ce14f9b4cedcaa499939b3e42404d1274e9c88411dd84de9604c324b9b35d317cdc0cb
1776239724162946,3,0,ANON_5G_CON_IMSI_A0_03a9094e8e39e7bed14ed3ce14f9b4cedcaa499939b3e42404d1274e9c88411dd84de9604c324b9b35d317cdc0cb
1776239734288044,4,0,ANON_5G_CON_IMSI_A0_03a9094e8e39e7bed14ed3ce14f9b4cedcaa499939b3e42404d1274e9c88411dd84de9604c324b9b35d317cdc0cb
1776239763560312,1,0,ANON_5G_CON_IMSI_B0_e05357503bcf0e938c7b03f84e8f74c425b0d435f5835085b951bc913d9b651b1613e8d3c6b1c0a53db4e7cdc7
1776239774100183,2,0,ANON_5G_CON_IMSI_B0_e05357503bcf0e938c7b03f84e8f74c425b0d435f5835085b951bc913d9b651b1613e8d3c6b1c0a53db4e7cdc7
1776239784360258,3,0,ANON_5G_CON_IMSI_B0_e05357503bcf0e938c7b03f84e8f74c425b0d435f5835085b951bc913d9b651b1613e8d3c6b1c0a53db4e7cdc7
1776239794565187,4,0,ANON_5G_CON_IMSI_B0_e05357503bcf0e938c7b03f84e8f74c425b0d435f5835085b951bc913d9b651b1613e8d3c6b1c0a53db4e7cdc7
1776239804825291,5,0,ANON_5G_CON_IMSI_B0_e05357503bcf0e938c7b03f84e8f74c425b0d435f5835085b951bc913d9b651b1613e8d3c6b1c0a53db4e7cdc7
1776240420482418,1,0,ANON_5G_CON_IMSI_B0_14946725eda60d5d759063a1efb99913ead57a894645eea9598bdc4606cfb240f1cb6ec4519814390593323f3d
1776240430642332,2,0,ANON_5G_CON_IMSI_B0_14946725eda60d5d759063a1efb99913ead57a894645eea9598bdc4606cfb240f1cb6ec4519814390593323f3d
1776240440802431,3,0,ANON_5G_CON_IMSI_B0_14946725eda60d5d759063a1efb99913ead57a894645eea9598bdc4606cfb240f1cb6ec4519814390593323f3d
1776240450947536,4,0,ANON_5G_CON_IMSI_B0_14946725eda60d5d759063a1efb99913ead57a894645eea9598bdc4606cfb240f1cb6ec4519814390593323f3d
1776240461087474,5,0,ANON_5G_CON_IMSI_B0_14946725eda60d5d759063a1efb99913ead57a894645eea9598bdc4606cfb240f1cb6ec4519814390593323f3d
1776240686221837,1,0,ANON_5G_CON_IMSI_A0_0371e4836a52132983064df637242412e080c78cc26104f1b72663fd2592aaa36d7e79b9fcb696cfb3730158d29f
1776240696341852,2,0,ANON_5G_CON_IMSI_A0_0371e4836a52132983064df637242412e080c78cc26104f1b72663fd2592aaa36d7e79b9fcb696cfb3730158d29f
1776240706461783,3,0,ANON_5G_CON_IMSI_A0_0371e4836a52132983064df637242412e080c78cc26104f1b72663fd2592aaa36d7e79b9fcb696cfb3730158d29f
1776240716586808,4,0,ANON_5G_CON_IMSI_A0_0371e4836a52132983064df637242412e080c78cc26104f1b72663fd2592aaa36d7e79b9fcb696cfb3730158d29f
1776240726706889,5,0,ANON_5G_CON_IMSI_A0_0371e4836a52132983064df637242412e080c78cc26104f1b72663fd2592aaa36d7e79b9fcb696cfb3730158d29f
1776241413104134,1,0,ANON_5G_CON_IMSI_B0_0228acc07fa495b53d71dc5855c9618adc15b990ffdf1ce5fee194f1bf365303f3fd19da85cfecd10a1907a33d
1776241423244012,2,0,ANON_5G_CON_IMSI_B0_0228acc07fa495b53d71dc5855c9618adc15b990ffdf1ce5fee194f1bf365303f3fd19da85cfecd10a1907a33d
1776241433383996,3,0,ANON_5G_CON_IMSI_B0_0228acc07fa495b53d71dc5855c9618adc15b990ffdf1ce5fee194f1bf365303f3fd19da85cfecd10a1907a33d
1776241443528892,4,0,ANON_5G_CON_IMSI_B0_0228acc07fa495b53d71dc5855c9618adc15b990ffdf1ce5fee194f1bf365303f3fd19da85cfecd10a1907a33d
1776241453668929,5,0,ANON_5G_CON_IMSI_B0_0228acc07fa495b53d71dc5855c9618adc15b990ffdf1ce5fee194f1bf365303f3fd19da85cfecd10a1907a33d
1776241713700650,1,0,ANON_5G_CON_IMSI_A0_03ac531ccc46a9a3f77fcc0a18cdbc804df963b4aeddc0a027968bda5d4cbcb8a88885fd0408d8a29de6a490a783
1776241739574806,1,0,ANON_5G_CON_IMSI_B0_2f3fcf50f2529aac9b0ccecc7c004a144ca33f330e7f4e96984c6ad32b8e9c5ab8b6678814d2a211d336a392dd
1776241749754774,2,0,ANON_5G_CON_IMSI_B0_2f3fcf50f2529aac9b0ccecc7c004a144ca33f330e7f4e96984c6ad32b8e9c5ab8b6678814d2a211d336a392dd
1776241759914798,3,0,ANON_5G_CON_IMSI_B0_2f3fcf50f2529aac9b0ccecc7c004a144ca33f330e7f4e96984c6ad32b8e9c5ab8b6678814d2a211d336a392dd
1776241770159905,4,0,ANON_5G_CON_IMSI_B0_2f3fcf50f2529aac9b0ccecc7c004a144ca33f330e7f4e96984c6ad32b8e9c5ab8b6678814d2a211d336a392dd
1776241780399793,5,0,ANON_5G_CON_IMSI_B0_2f3fcf50f2529aac9b0ccecc7c004a144ca33f330e7f4e96984c6ad32b8e9c5ab8b6678814d2a211d336a392dd
1776242012314307,1,0,ANON_5G_CON_IMSI_A0_033a944da872672dd5aa085948e49f2553cc42917f1f4659ba18c6e0554e31a2cb3628c22c173298d32d1e828657
1776242022434297,2,0,ANON_5G_CON_IMSI_A0_033a944da872672dd5aa085948e49f2553cc42917f1f4659ba18c6e0554e31a2cb3628c22c173298d32d1e828657
1776242032554198,3,0,ANON_5G_CON_IMSI_A0_033a944da872672dd5aa085948e49f2553cc42917f1f4659ba18c6e0554e31a2cb3628c22c173298d32d1e828657
1776242042679204,4,0,ANON_5G_CON_IMSI_A0_033a944da872672dd5aa085948e49f2553cc42917f1f4659ba18c6e0554e31a2cb3628c22c173298d32d1e828657
