1773847289169102,0,0,3821342007,3821342007,00001111,00001111
1773847314280037,0,0,3821342007,3821342007,00001111,00001111
1773847316005965,0,0,3419421452,3419421452,00001111,00001110
1773847376491193,0,0,3741754680,3741754680,00001111,00001111
1773847404418938,0,0,3916216195,3916216195,00001111,00001111
1773847408215922,0,0,3852961994,3852961994,00001111,00001110
1773847415010916,0,0,3691472288,3691472288,00001111,00001110
1773847417495071,0,0,3891815412,3891815412,00001111,00001110
1773847428898928,0,0,3891815412,3891815412,00001111,00001110
1773847429124989,0,0,3691472288,3691472288,00001111,00001110
1773847429678913,0,0,3916216195,3916216195,00001111,00001111
1773847446917938,0,0,3799920307,3799920307,00001111,00001110
1773847627953305,0,0,3420076836,3420076836,00001111,00001110
1773847629367274,0,0,3734220531,3734220531,00001111,00001110
1773847640205230,0,0,3420076836,3420076836,00001111,00001110
1773847742826695,0,0,3743997813,3743997813,00001111,00001111
1773847751660629,0,0,3516413886,3516413886,00001111,00001110
1773847754150563,0,0,3227977084,3227977084,00001111,00001110
1773847759918477,0,0,3780989221,3780989221,00001111,00001111
1773847768003476,0,0,3743997813,3743997813,00001111,00001111
1773847768998658,0,0,3516413886,3516413886,00001111,00001110
1773847775348498,0,0,3999841326,3999841326,00001111,00001111
1773847779170435,0,0,3227977084,3227977084,00001111,00001110
1773847938673727,0,0,3821473070,3821473070,00001111,00001111
1773847939704689,0,0,3849039478,3849039478,00001111,00001110
1773847963959594,0,0,3821473070,3821473070,00001111,00001111
1773847964730583,0,0,3849039478,3849039478,00001111,00001110
1773848003420082,0,0,4258236902,4258236902,00001111,00001110
1773848004488132,0,0,3509432213,3509432213,00001111,00001110
1773848021966091,0,0,3509432213,3509432213,00001111,00001110
1773848026911931,0,0,4258236902,4258236902,00001111,00001110
1773848064120048,0,0,4095522718,4095522718,00001111,00001111
1773848065359059,0,0,4193082710,4193082710,00001111,00001110
1773848087576041,0,0,4193082710,4193082710,00001111,00001110
1773848089198085,0,0,4095522718,4095522718,00001111,00001111
1773848090943918,0,0,3675759131,3675759131,00001111,00001111
1773848093921888,0,0,3984823358,3984823358,00001111,00001110
1773848098702968,0,0,4193082710,4193082710,00001111,00001110
1773848270518446,0,0,3849236033,3849236033,00001111,00001110
1773848271731458,0,0,3821800854,3821800854,00001111,00001111
1773848272809455,0,0,3420273434,3420273434,00001111,00001110
1773848286637439,0,0,3420273434,3420273434,00001111,00001110
1773848295740900,0,0,3849236033,3849236033,00001111,00001110
1773848296861367,0,0,3821800854,3821800854,00001111,00001111
1773848306303393,0,0,3420273434,3420273434,00001111,00001110
1773848306541031,0,0,3849236033,3849236033,00001111,00001110
1773848389029955,0,0,3711645879,3711645879,00001111,00001111
1773848402437923,0,0,3572288135,3572288135,00001111,00001110
1773848414167880,0,0,3711645879,3711645879,00001111,00001111
1773848416305426,0,0,3572288135,3572288135,00001111,00001110
1773848427411834,0,0,3426637808,3426637808,00001111,00001110
1773848435035739,0,0,3572288135,3572288135,00001111,00001110
1773848439431793,0,0,3711645879,3711645879,00001111,00001111
1773848733317528,0,0,4243277231,4243277231,00001111,00001110
1773848758321631,0,0,4243277231,4243277231,00001111,00001110
1773848761871500,0,0,4100106292,4100106292,00001111,00001111
1773848930094026,0,0,3622571302,3622571302,00001111,00001111
1773848955261946,0,0,3622571302,3622571302,00001111,00001111
1773849019214986,0,0,4043961240,4043961240,00001111,00001111
1773849058094140,0,0,3850034721,3850034721,00001111,00001111
1773849082782075,0,0,3850034721,3850034721,00001111,00001111
1773849085698035,0,0,4103255797,4103255797,00001111,00001111
1773849246856048,0,0,3822587325,3822587325,00001111,00001111
1773849271804152,0,0,3571399471,3571399471,00001111,00001110
1773849272244907,0,0,3822587325,3822587325,00001111,00001111
1773849315788685,0,0,4112407811,4112407811,00001111,00001111
1773849382441024,0,0,3340913095,3340913095,00001111,00001111
1773849390605099,0,0,4275486317,4275486317,00001111,00001110
1773849402489105,0,0,4170464249,4170464249,00001111,00001111
1773849407596992,0,0,3340913095,3340913095,00001111,00001111
1773849415630061,0,0,4275486317,4275486317,00001111,00001110
1773849418143106,0,0,3543986863,3543986863,00001111,00001110
1773849578708818,0,0,3822652810,3822652810,00001111,00001111
1773849602403783,0,0,3571464969,3571464969,00001111,00001110
1773849603844761,0,0,3822652810,3822652810,00001111,00001111
1773849664899288,0,0,4045512336,4045512336,00001111,00001110
1773849722836897,0,0,4098928542,4098928542,00001111,00001111
1773849748068794,0,0,4098928542,4098928542,00001111,00001111
1773849987989516,0,0,3562957183,3562957183,00001111,00001111
1773850013089638,0,0,3562957183,3562957183,00001111,00001111
1773850042094513,0,0,4118428319,4118428319,00001111,00001111
1773850067468520,0,0,4118428319,4118428319,00001111,00001111
1773850257975440,0,0,3571661716,3571661716,00001111,00001110
1773850300424576,0,0,3563874648,3563874648,00001111,00001111
1773850322770597,0,0,4027756340,4027756340,00001111,00001110
1773850324262650,0,0,3615236232,3615236232,00001111,00001110
1773850324520551,0,0,4114767109,4114767109,00001111,00001111
1773850325526599,0,0,3563874648,3563874648,00001111,00001111
1773850332816677,0,0,4055015054,4055015054,00001111,00001110
1773850343666700,0,0,3615236232,3615236232,00001111,00001110
1773850361020400,0,0,3791719624,3791719624,00001111,00001111
1773850364414280,0,0,3930368838,3930368838,00001111,00001111
1773850386440366,0,0,3791719624,3791719624,00001111,00001111
1773850390662446,0,0,3958460714,3958460714,00001111,00001111
1773850632905993,0,0,4027887379,4027887379,00001111,00001110
1773850657907904,0,0,4027887379,4027887379,00001111,00001110
1773850671173966,0,0,4055604907,4055604907,00001111,00001110
1773850701348705,0,0,3458588850,3458588850,00001111,00001110
1773850707416701,0,0,3240469931,3240469931,00001111,00001111
1773850726000758,0,0,3666848987,3666848987,00001111,00001111
1773850726362700,0,0,3458588850,3458588850,00001111,00001110
1773850732614707,0,0,3240469931,3240469931,00001111,00001111
1773850924653598,0,0,3287890838,3287890838,00001111,00001110
1773850986004731,0,0,4055867059,4055867059,00001111,00001110
1773850998924802,0,0,4055867059,4055867059,00001111,00001110
1773851020784211,0,0,3427400998,3427400998,00001111,00001111
1773851031596189,0,0,4211100615,4211100615,00001111,00001110
1773851045876196,0,0,3427400998,3427400998,00001111,00001111
1773851047904840,0,0,3742143583,3742143583,00001111,00001111
1773851049186214,0,0,3466794383,3466794383,00001111,00001111
1773851052508212,0,0,3279007676,3279007676,00001111,00001111
1773851056608102,0,0,4211100615,4211100615,00001111,00001110
1773851290871542,0,0,4028542899,4028542899,00001111,00001110
1773851302283464,0,0,4018980979,4018980979,00001111,00001110
1773851315877638,0,0,4028542899,4028542899,00001111,00001110
1773851327337354,0,0,4018980979,4018980979,00001111,00001110
1773851329087468,0,0,4056194591,4056194591,00001111,00001110
1773851346574897,0,0,3759351946,3759351946,00001111,00001111
1773851372826860,0,0,3759351946,3759351946,00001111,00001111
1773851379644853,0,0,4139543525,4139543525,00001111,00001110
1773851385452790,0,0,3886753254,3886753254,00001111,00001111
1773851562867113,0,0,3288349586,3288349586,00001111,00001110
1773851582081078,0,0,3288349586,3288349586,00001111,00001110
1773851646627102,0,0,4044223266,4044223266,00001111,00001111
1773851677480066,0,0,3344140781,3344140781,00001111,00001111
1773851680966065,0,0,3498574595,3498574595,00001111,00001110
1773851700791955,0,0,3498574595,3498574595,00001111,00001110
1773851702694015,0,0,3344140781,3344140781,00001111,00001111
1773851713293923,0,0,3271419971,3271419971,00001111,00001111
1773851720802047,0,0,3498574595,3498574595,00001111,00001110
1773851902634302,0,0,3288742695,3288742695,00001111,00001110
1773851955392878,0,0,4056456838,4056456838,00001111,00001110
1773851975250965,0,0,4056456838,4056456838,00001111,00001110
1773852021923468,0,0,4067390205,4067390205,00001111,00001110
1773852026309910,0,0,3909712899,3909712899,00001111,00001111
1773852033801490,0,0,4067390205,4067390205,00001111,00001110
1773852051528533,0,0,3909712899,3909712899,00001111,00001111
1773852237006746,0,0,3288939302,3288939302,00001111,00001110
1773852279491503,0,0,4029329213,4029329213,00001111,00001110
1773852304093475,0,0,4029329213,4029329213,00001111,00001110
1773852309692962,0,0,3660073017,3660073017,00001111,00001111
1773852316889133,0,0,3660073017,3660073017,00001111,00001111
1773852332014735,0,0,3864266444,3864266444,00001111,00001111
1773852357236840,0,0,3864266444,3864266444,00001111,00001111
1773852382512730,0,0,3864266444,3864266444,00001111,00001111
1773852605695258,0,0,4029460234,4029460234,00001111,00001110
1773852630713213,0,0,4029460234,4029460234,00001111,00001110
1773852661754642,0,0,3391286048,3391286048,00001111,00001111
1773852667473669,0,0,3763920303,3763920303,00001111,00001110
1773852676426708,0,0,4153107940,4153107940,00001111,00001110
1773852687052691,0,0,3391286048,3391286048,00001111,00001111
1773852687276942,0,0,3763920303,3763920303,00001111,00001110
1773852687876783,0,0,3411177399,3411177399,00001111,00001110
1773852701453703,0,0,4153107940,4153107940,00001111,00001110
1773852897204632,0,0,3289136009,3289136009,00001111,00001110
1773852934035137,0,0,4029722381,4029722381,00001111,00001110
1773852959037149,0,0,4029722381,4029722381,00001111,00001110
1773852996090423,0,0,4081721167,4081721167,00001111,00001110
1773853021114360,0,0,4081721167,4081721167,00001111,00001110
1773853035948426,0,0,4081721167,4081721167,00001111,00001110
1773853331061105,0,0,3555403072,3555403072,00001111,00001110
1773853333689017,0,0,3866825738,3866825738,00001111,00001111
1773853334838047,0,0,3859235497,3859235497,00001111,00001110
1773853344731169,0,0,3555403072,3555403072,00001111,00001110
1773853354721053,0,0,3859235497,3859235497,00001111,00001110
1773853358515145,0,0,3866825738,3866825738,00001111,00001111
1773853625271281,0,0,4030115615,4030115615,00001111,00001110
1773853653743388,0,0,3764521007,3764521007,00001111,00001110
1773853662594361,0,0,3907972859,3907972859,00001111,00001110
1773853673559345,0,0,3764521007,3764521007,00001111,00001110
1773853673560338,0,0,3907972859,3907972859,00001111,00001110
1773853694158402,0,0,3959791632,3959791632,00001111,00001110
1773853893662546,0,0,4144363698,4144363698,00001111,00001111
1773853989646017,0,0,4034966115,4034966115,00001111,00001110
1773854014651995,0,0,4034966115,4034966115,00001111,00001110
1773854025202975,0,0,4032234047,4032234047,00001111,00001110
1773854252160399,0,0,4030902156,4030902156,00001111,00001110
1773854277162425,0,0,4030902156,4030902156,00001111,00001110
1773854325634639,0,0,3577957865,3577957865,00001111,00001110
1773854530944739,0,0,3234079934,3234079934,00001111,00001110
1773854577935497,0,0,4031033127,4031033127,00001111,00001110
1773854602937437,0,0,4031033127,4031033127,00001111,00001110
1773854615193394,0,0,4031033127,4031033127,00001111,00001110
1773854643715099,0,0,3307603833,3307603833,00001111,00001110
1773854650737072,0,0,3788227762,3788227762,00001111,00001110
1773854668739104,0,0,3307603833,3307603833,00001111,00001110
1773854675731147,0,0,3788227762,3788227762,00001111,00001110
1773854928213577,0,0,4156412259,4156412259,00001111,00001111
1773854976585542,0,0,3819463664,3819463664,00001111,00001110
1773854999627020,0,0,3819463664,3819463664,00001111,00001110
1773855235806253,0,0,4031688638,4031688638,00001111,00001110
1773855252568222,0,0,4031688638,4031688638,00001111,00001110
1773855306173405,0,0,3322601210,3322601210,00001111,00001110
1773855326975358,0,0,3322601210,3322601210,00001111,00001110
1773855567358599,0,0,4031819581,4031819581,00001111,00001110
1773855586280673,0,0,4156608986,4156608986,00001111,00001111
1773855591402713,0,0,4031819581,4031819581,00001111,00001110
1773856220823530,0,0,4032475062,4032475062,00001111,00001110
1773856245825621,0,0,4032475062,4032475062,00001111,00001110
1773856301943076,0,0,3470468445,3470468445,00001111,00001110
1773856326969114,0,0,3470468445,3470468445,00001111,00001110
1773856575051399,0,0,4032606113,4032606113,00001111,00001110
1773856587113394,0,0,4032606113,4032606113,00001111,00001110
1773856878677075,0,0,4032868255,4032868255,00001111,00001110
1773856903679046,0,0,4032868255,4032868255,00001111,00001110
1773856940212317,0,0,4238101423,4238101423,00001111,00001110
1773856960114286,0,0,4238101423,4238101423,00001111,00001110
1773856980050386,0,0,4238101423,4238101423,00001111,00001110
1773856980276890,0,0,4150959691,4150959691,00001111,00001110
1773857207649784,0,0,4033327024,4033327024,00001111,00001110
1773857224431742,0,0,4033327024,4033327024,00001111,00001110
1773857244435812,0,0,4033327024,4033327024,00001111,00001110
1773857274761494,0,0,3732374626,3732374626,00001111,00001110
1773857277963478,0,0,3267152529,3267152529,00001111,00001110
1773857299785480,0,0,3732374626,3732374626,00001111,00001110
1773857302987425,0,0,3267152529,3267152529,00001111,00001110
1773857533282243,0,0,4033458055,4033458055,00001111,00001110
1773857558304284,0,0,4033458055,4033458055,00001111,00001110
1773857573200219,0,0,4033458055,4033458055,00001111,00001110
1773857609468506,0,0,3633426507,3633426507,00001111,00001110
1773857613272451,0,0,3892784196,3892784196,00001111,00001111
1773857634476457,0,0,3633426507,3633426507,00001111,00001110
1773857894299058,0,0,4157395297,4157395297,00001111,00001111
1773857904719039,0,0,3377431170,3377431170,00001111,00001111
1773857919736220,0,0,3864283786,3864283786,00001111,00001111
1773858279570199,0,0,3988176510,3988176510,00001111,00001110
1773858526088188,0,0,4034375555,4034375555,00001111,00001110
1773858550090108,0,0,4034375555,4034375555,00001111,00001110
1773858592559104,0,0,3275006527,3275006527,00001111,00001110
1773858593161083,0,0,3750497036,3750497036,00001111,00001110
1773858614423122,0,0,3750497036,3750497036,00001111,00001110
1773858617567136,0,0,3275006527,3275006527,00001111,00001110
1773858851324011,0,0,4034506515,4034506515,00001111,00001110
1773858876345965,0,0,4034506515,4034506515,00001111,00001110
1773858941081212,0,0,3965301056,3965301056,00001111,00001111
1773859182153928,0,0,4034768669,4034768669,00001111,00001110
1773859207155863,0,0,4034768669,4034768669,00001111,00001110
1773859218031802,0,0,4034768669,4034768669,00001111,00001110
1773859248497020,0,0,3248078994,3248078994,00001111,00001110
1773859252498980,0,0,3696095392,3696095392,00001111,00001110
1773859273523044,0,0,3248078994,3248078994,00001111,00001110
1773859277524987,0,0,3696095392,3696095392,00001111,00001110
1773859509708462,0,0,4035161996,4035161996,00001111,00001110
1773859526632494,0,0,4035161996,4035161996,00001111,00001110
1773859538594444,0,0,3302281669,3302281669,00001111,00001111
1773859546626471,0,0,4035161996,4035161996,00001111,00001110
1773859600502743,0,0,3706505871,3706505871,00001111,00001110
1773859611026788,0,0,3706505871,3706505871,00001111,00001110
1773859836965410,0,0,4035292940,4035292940,00001111,00001110
1773859861967325,0,0,4035292940,4035292940,00001111,00001110
1773860163659517,0,0,4035555127,4035555127,00001111,00001110
1773860188681600,0,0,4035555127,4035555127,00001111,00001110
1773860238576182,0,0,3420071768,3420071768,00001111,00001110
1773860263588182,0,0,3420071768,3420071768,00001111,00001110
1773860269314118,0,0,3981342609,3981342609,00001111,00001110
1773860495376798,0,0,4035948335,4035948335,00001111,00001110
1773860512318829,0,0,4035948335,4035948335,00001111,00001110
1773860563065704,0,0,3937465081,3937465081,00001111,00001110
1773860584185797,0,0,3831926536,3831926536,00001111,00001111
1773860586673682,0,0,3937465081,3937465081,00001111,00001110
1773860823329736,0,0,4036013986,4036013986,00001111,00001110
1773860843791653,0,0,3831484760,3831484760,00001111,00001111
1773860848333724,0,0,4036013986,4036013986,00001111,00001110
1773860861125700,0,0,4036013986,4036013986,00001111,00001110
1773860913199525,0,0,3379595893,3379595893,00001111,00001110
1773861153481249,0,0,4036276113,4036276113,00001111,00001110
1773861169903297,0,0,4036276113,4036276113,00001111,00001110
1773861171605253,0,0,3831615870,3831615870,00001111,00001111
1773861219075703,0,0,3703144463,3703144463,00001111,00001110
1773861222917637,0,0,3758895900,3758895900,00001111,00001110
1773861234623709,0,0,3703144463,3703144463,00001111,00001110
1773861247933643,0,0,3758895900,3758895900,00001111,00001110
1773861254331649,0,0,3703144463,3703144463,00001111,00001110
1773861543325976,0,0,3419765208,3419765208,00001111,00001110
1773861568347984,0,0,3419765208,3419765208,00001111,00001110
1773861809868087,0,0,4036865976,4036865976,00001111,00001110
1773861834870019,0,0,4036865976,4036865976,00001111,00001110
1773861873193017,0,0,4065041486,4065041486,00001111,00001110
1773861881496968,0,0,3284673360,3284673360,00001111,00001110
1773861898234960,0,0,4065041486,4065041486,00001111,00001110
1773861906546952,0,0,3284673360,3284673360,00001111,00001110
1773861912106896,0,0,3590545837,3590545837,00001111,00001110
1773862138858642,0,0,4036996893,4036996893,00001111,00001110
1773862163900690,0,0,4036996893,4036996893,00001111,00001110
1773862176422727,0,0,4036996893,4036996893,00001111,00001110
1773862210892585,0,0,4085842208,4085842208,00001111,00001110
1773862215574662,0,0,3306228089,3306228089,00001111,00001110
1773862230718639,0,0,4085842208,4085842208,00001111,00001110
1773862230941900,0,0,3306228089,3306228089,00001111,00001110
1773862468417059,0,0,4037193626,4037193626,00001111,00001110
1773862493419140,0,0,4037193626,4037193626,00001111,00001110
1773862539426112,0,0,3857541622,3857541622,00001111,00001110
1773862564470156,0,0,3857541622,3857541622,00001111,00001110
1773862818859151,0,0,3793539560,3793539560,00001111,00001111
1773863125524584,0,0,4037783347,4037783347,00001111,00001110
1773863146346525,0,0,3793670639,3793670639,00001111,00001111
1773863150548474,0,0,4037783347,4037783347,00001111,00001110
1773863207570349,0,0,3890451508,3890451508,00001111,00001110
1773863214228372,0,0,4093121105,4093121105,00001111,00001110
1773863227404327,0,0,3890451508,3890451508,00001111,00001110
1773863227658248,0,0,4093121105,4093121105,00001111,00001110
1773863231256354,0,0,3343092859,3343092859,00001111,00001110
1773863482945338,0,0,3301495264,3301495264,00001111,00001111
1773863516194088,0,0,3352788436,3352788436,00001111,00001110
1773863536336020,0,0,3352788436,3352788436,00001111,00001110
1773863782239365,0,0,4038242109,4038242109,00001111,00001110
1773863807241318,0,0,4038242109,4038242109,00001111,00001110
1773863874234381,0,0,4067608478,4067608478,00001111,00001111
1773864111634279,0,0,4038307775,4038307775,00001111,00001110
1773864131692868,0,0,3833909720,3833909720,00001111,00001111
1773864136638347,0,0,4038307775,4038307775,00001111,00001110
1773864457069006,0,0,4038569889,4038569889,00001111,00001110
1773864467991074,0,0,4038569889,4038569889,00001111,00001110
1773864512555040,0,0,3786618226,3786618226,00001111,00001110
1773864537591123,0,0,3786618226,3786618226,00001111,00001110
1773864770175032,0,0,4038962948,4038962948,00001111,00001110
1773864795176957,0,0,4038962948,4038962948,00001111,00001110
1773864831956849,0,0,3448489118,3448489118,00001111,00001110
1773864837038809,0,0,3591229674,3591229674,00001111,00001110
1773864857076918,0,0,3448489118,3448489118,00001111,00001110
1773864862157911,0,0,3591229674,3591229674,00001111,00001110
1773864871794850,0,0,3448489118,3448489118,00001111,00001110
1773865130360587,0,0,3834499522,3834499522,00001111,00001111
1773865169198925,0,0,4165206852,4165206852,00001111,00001110
1773865172980833,0,0,3265467665,3265467665,00001111,00001110
1773865194244867,0,0,4165206852,4165206852,00001111,00001110
1773865197986889,0,0,3265467665,3265467665,00001111,00001110
1773865446107098,0,0,3834630512,3834630512,00001111,00001111
1773865823907833,0,0,3345417595,3345417595,00001111,00001110
1773865827709801,0,0,3314403478,3314403478,00001111,00001110
1773865848151748,0,0,3314403478,3314403478,00001111,00001110
1773865848913702,0,0,3345417595,3345417595,00001111,00001110
1773865860183711,0,0,3314403478,3314403478,00001111,00001110
1773866152820725,0,0,3919968506,3919968506,00001111,00001110
1773866154764648,0,0,3444624113,3444624113,00001111,00001110
1773866177866619,0,0,3919968506,3919968506,00001111,00001110
1773866179808562,0,0,3444624113,3444624113,00001111,00001110
1773866413705047,0,0,4039946143,4039946143,00001111,00001110
1773866438706997,0,0,4039946143,4039946143,00001111,00001110
1773866489496911,0,0,3846133209,3846133209,00001111,00001110
1773866514520837,0,0,3846133209,3846133209,00001111,00001110
1773866749110082,0,0,4040011702,4040011702,00001111,00001110
1773866774134092,0,0,4040011702,4040011702,00001111,00001110
1773866783037079,0,0,3304509817,3304509817,00001111,00001111
1773866809482225,0,0,3736782477,3736782477,00001111,00001110
1773866834498103,0,0,3736782477,3736782477,00001111,00001110
1773867071073313,0,0,4040208290,4040208290,00001111,00001110
1773867096095203,0,0,4040208290,4040208290,00001111,00001110
1773867108551262,0,0,4040208290,4040208290,00001111,00001110
1773867133136316,0,0,3385609114,3385609114,00001111,00001110
1773867146140323,0,0,3693487904,3693487904,00001111,00001110
1773867158162235,0,0,3385609114,3385609114,00001111,00001110
1773867171146326,0,0,3693487904,3693487904,00001111,00001110
1773867172968338,0,0,3385609114,3385609114,00001111,00001110
1773867173560237,0,0,3950390855,3950390855,00001111,00001111
1773867400258563,0,0,4040470459,4040470459,00001111,00001110
1773867417400489,0,0,4040470459,4040470459,00001111,00001110
1773867437396474,0,0,4040470459,4040470459,00001111,00001110
1773867455898311,0,0,3881778251,3881778251,00001111,00001111
1773867467400251,0,0,3337374613,3337374613,00001111,00001110
1773867475722190,0,0,3607746795,3607746795,00001111,00001110
1773867492406226,0,0,3337374613,3337374613,00001111,00001110
1773867499034278,0,0,4118063961,4118063961,00001111,00001111
1773867500756203,0,0,3607746795,3607746795,00001111,00001110
1773867728655827,0,0,4040601507,4040601507,00001111,00001110
1773867748466807,0,0,3305296207,3305296207,00001111,00001111
1773867753659756,0,0,4040601507,4040601507,00001111,00001110
1773867801496131,0,0,4039613475,4039613475,00001111,00001110
1773867802902171,0,0,3900092228,3900092228,00001111,00001111
1773867826538235,0,0,4039613475,4039613475,00001111,00001110
1773868133702238,0,0,3256036670,3256036670,00001111,00001110
1773868158704253,0,0,3256036670,3256036670,00001111,00001110
1773868386507838,0,0,4041191222,4041191222,00001111,00001110
1773868401189763,0,0,4041191222,4041191222,00001111,00001110
1773868406091824,0,0,3363688808,3363688808,00001111,00001111
1773868426203696,0,0,4041191222,4041191222,00001111,00001110
1773868454926915,0,0,4033444236,4033444236,00001111,00001110
1773868472830805,0,0,3833779895,3833779895,00001111,00001110
1773868487924773,0,0,3833779895,3833779895,00001111,00001110
1773868491994744,0,0,4033444236,4033444236,00001111,00001110
1773868714828429,0,0,4041387781,4041387781,00001111,00001110
1773868739852396,0,0,4041387781,4041387781,00001111,00001110
1773868750366377,0,0,3363885526,3363885526,00001111,00001111
1773868792190701,0,0,3915794389,3915794389,00001111,00001110
1773869043858936,0,0,4041453344,4041453344,00001111,00001110
1773869063620844,0,0,3364016605,3364016605,00001111,00001111
1773869068882888,0,0,4041453344,4041453344,00001111,00001110
1773869081274948,0,0,4041453344,4041453344,00001111,00001110
1773869112812818,0,0,3855856758,3855856758,00001111,00001110
1773869137856754,0,0,3855856758,3855856758,00001111,00001110
1773869393488637,0,0,3364082122,3364082122,00001111,00001111
1773869434396659,0,0,3355125076,3355125076,00001111,00001110
1773869441940657,0,0,3557829416,3557829416,00001111,00001110
1773869454224669,0,0,3355125076,3355125076,00001111,00001110
1773869466948696,0,0,3557829416,3557829416,00001111,00001110
1773869474234653,0,0,3355125076,3355125076,00001111,00001110
1773869731119993,0,0,3364278623,3364278623,00001111,00001111
1773869768304803,0,0,4047913675,4047913675,00001111,00001111
1773869771566766,0,0,4044628749,4044628749,00001111,00001110
1773869773948830,0,0,3468066781,3468066781,00001111,00001110
1773869793180868,0,0,3468066781,3468066781,00001111,00001110
1773869796580749,0,0,4044628749,4044628749,00001111,00001110
1773870051075331,0,0,3306869083,3306869083,00001111,00001111
1773870097826517,0,0,3849563161,3849563161,00001111,00001110
1773870102288490,0,0,4137123301,4137123301,00001111,00001110
1773870122830429,0,0,3849563161,3849563161,00001111,00001110
1773870127294451,0,0,4137123301,4137123301,00001111,00001110
1773870359630850,0,0,4042305428,4042305428,00001111,00001110
1773870376252724,0,0,4042305428,4042305428,00001111,00001110
1773870428058787,0,0,3340766075,3340766075,00001111,00001110
1773870435080838,0,0,3817605936,3817605936,00001111,00001110
1773870453064740,0,0,3340766075,3340766075,00001111,00001110
1773870460094814,0,0,3817605936,3817605936,00001111,00001110
1773870687373590,0,0,4042370959,4042370959,00001111,00001110
1773870712375518,0,0,4042370959,4042370959,00001111,00001110
1773870758302185,0,0,3910657173,3910657173,00001111,00001110
1773870760184194,0,0,3313637142,3313637142,00001111,00001110
1773870783308165,0,0,3910657173,3910657173,00001111,00001110
1773870785190202,0,0,3313637142,3313637142,00001111,00001110
1773871016044664,0,0,4042567448,4042567448,00001111,00001110
1773871041066545,0,0,4042567448,4042567448,00001111,00001110
1773871089162124,0,0,3419840024,3419840024,00001111,00001110
1773871090464116,0,0,3981090385,3981090385,00001111,00001110
1773871114168159,0,0,3419840024,3419840024,00001111,00001110
1773871115470180,0,0,3981090385,3981090385,00001111,00001110
1773871365996547,0,0,3307721189,3307721189,00001111,00001111
1773871413041546,0,0,3278886143,3278886143,00001111,00001110
1773871416443511,0,0,3650510730,3650510730,00001111,00001110
1773871436265454,0,0,3650510730,3650510730,00001111,00001110
1773871436492937,0,0,3278886143,3278886143,00001111,00001110
1773871745140512,0,0,4273100717,4273100717,00001111,00001110
1773871752862464,0,0,3895082772,3895082772,00001111,00001110
1773871770150465,0,0,4273100717,4273100717,00001111,00001110
1773871777856390,0,0,3895082772,3895082772,00001111,00001110
1773872000193503,0,0,4042764052,4042764052,00001111,00001110
1773872021344396,0,0,3308114412,3308114412,00001111,00001111
1773872025197363,0,0,4042764052,4042764052,00001111,00001110
1773872068394821,0,0,3359374516,3359374516,00001111,00001110
1773872070336912,0,0,3953886264,3953886264,00001111,00001110
1773872095360871,0,0,3953886264,3953886264,00001111,00001110
1773872096415574,0,0,3359374516,3359374516,00001111,00001110
1773872107432817,0,0,3359374516,3359374516,00001111,00001110
1773872328187500,0,0,4043157433,4043157433,00001111,00001110
1773872348069476,0,0,4043157433,4043157433,00001111,00001110
1773872368085518,0,0,4043157433,4043157433,00001111,00001110
1773872401188437,0,0,3642349797,3642349797,00001111,00001110
1773872401190374,0,0,3723027150,3723027150,00001111,00001110
1773872412581931,0,0,3723027150,3723027150,00001111,00001110
1773872426182423,0,0,3642349797,3642349797,00001111,00001110
1773872657052883,0,0,4043353912,4043353912,00001111,00001110
1773872681929898,0,0,4161130967,4161130967,00001111,00001111
1773872682156851,0,0,4043353912,4043353912,00001111,00001110
1773872696963959,0,0,4043353912,4043353912,00001111,00001110
1773872724335527,0,0,4176341227,4176341227,00001111,00001110
1773872745499538,0,0,3240047933,3240047933,00001111,00001110
1773872749343482,0,0,4176341227,4176341227,00001111,00001110
1773872761247528,0,0,4176341227,4176341227,00001111,00001110
1773872761469884,0,0,3240047933,3240047933,00001111,00001110
1773872997109869,0,0,4043550653,4043550653,00001111,00001110
1773873008251830,0,0,4161196354,4161196354,00001111,00001111
1773873022105797,0,0,4043550653,4043550653,00001111,00001110
1773873057222755,0,0,4284801667,4284801667,00001111,00001110
1773873058464668,0,0,4076636705,4076636705,00001111,00001110
1773873082250743,0,0,4284801667,4284801667,00001111,00001110
1773873083472704,0,0,4076636705,4076636705,00001111,00001110
1773873317383346,0,0,4043616178,4043616178,00001111,00001110
1773873342387262,0,0,4043616178,4043616178,00001111,00001110
1773873349701221,0,0,4161261948,4161261948,00001111,00001111
1773873379334145,0,0,3718972686,3718972686,00001111,00001110
1773873386796158,0,0,3395521654,3395521654,00001111,00001110
1773873399178341,0,0,3718972686,3718972686,00001111,00001110
1773873399404861,0,0,3395521654,3395521654,00001111,00001110
1773873419168168,0,0,3718972686,3718972686,00001111,00001110
1773873419389803,0,0,3395521654,3395521654,00001111,00001110
1773873646768507,0,0,4043812644,4043812644,00001111,00001110
1773873671790456,0,0,4043812644,4043812644,00001111,00001110
1773873714438437,0,0,3388728538,3388728538,00001111,00001110
1773873716360494,0,0,3965906576,3965906576,00001111,00001110
1773873739456459,0,0,3388728538,3388728538,00001111,00001110
1773873741384404,0,0,3965906576,3965906576,00001111,00001110
1773873975600860,0,0,4044009348,4044009348,00001111,00001110
1773874000602851,0,0,4044009348,4044009348,00001111,00001110
1773874012138852,0,0,4044009348,4044009348,00001111,00001110
1773874044188161,0,0,3921273082,3921273082,00001111,00001110
1773874069252151,0,0,3921273082,3921273082,00001111,00001110
1773874076066175,0,0,3345124987,3345124987,00001111,00001110
1773874302882026,0,0,4044074803,4044074803,00001111,00001110
1773874325543962,0,0,4161393143,4161393143,00001111,00001111
1773874328745946,0,0,4044074803,4044074803,00001111,00001110
1773874373823336,0,0,3610534827,3610534827,00001111,00001110
1773874375405339,0,0,4253919342,4253919342,00001111,00001110
1773874385369306,0,0,3610534827,3610534827,00001111,00001110
1773874395257238,0,0,4253919342,4253919342,00001111,00001110
1773874657699813,0,0,4161458625,4161458625,00001111,00001111
1773874702611428,0,0,3409372855,3409372855,00001111,00001110
1773874703413347,0,0,3354869076,3354869076,00001111,00001110
1773874713275302,0,0,3409372855,3409372855,00001111,00001110
1773874723237324,0,0,3354869076,3354869076,00001111,00001110
1773874733247339,0,0,3409372855,3409372855,00001111,00001110
1773874959517867,0,0,4044468002,4044468002,00001111,00001110
1773874984521847,0,0,4044468002,4044468002,00001111,00001110
1773874988312906,0,0,3309883855,3309883855,00001111,00001111
1773875022245891,0,0,3978397777,3978397777,00001111,00001110
1773875022247790,0,0,3689976328,3689976328,00001111,00001110
1773875047252001,0,0,3978397777,3978397777,00001111,00001110
1773875047476898,0,0,3689976328,3689976328,00001111,00001110
1773875291530248,0,0,4044533526,4044533526,00001111,00001110
1773875316534109,0,0,4044533526,4044533526,00001111,00001110
1773875320156140,0,0,3800420821,3800420821,00001111,00001111
1773875359280672,0,0,4134611210,4134611210,00001111,00001110
1773875363082719,0,0,3902490043,3902490043,00001111,00001110
1773875384264633,0,0,4134611210,4134611210,00001111,00001110
1773875388086698,0,0,3902490043,3902490043,00001111,00001110
1773875689904333,0,0,3295238648,3295238648,00001111,00001110
1773875690124905,0,0,4107226535,4107226535,00001111,00001110
1773875709730288,0,0,4107226535,4107226535,00001111,00001110
1773875709957905,0,0,3295238648,3295238648,00001111,00001110
1773875944293687,0,0,4044861335,4044861335,00001111,00001110
1773875969315699,0,0,4044861335,4044861335,00001111,00001110
1773876018515508,0,0,3627141348,3627141348,00001111,00001110
1773876022257477,0,0,4176432555,4176432555,00001111,00001110
1773876038573867,0,0,4176432555,4176432555,00001111,00001110
1773876043541441,0,0,3627141348,3627141348,00001111,00001110
1773876275848203,0,0,4044926853,4044926853,00001111,00001110
1773876300850256,0,0,4044926853,4044926853,00001111,00001110
1773876312966275,0,0,4044926853,4044926853,00001111,00001110
1773876343573008,0,0,4095661768,4095661768,00001111,00001110
1773876348034992,0,0,3987747710,3987747710,00001111,00001110
1773876367301082,0,0,3987747710,3987747710,00001111,00001110
1773876368565005,0,0,4095661768,4095661768,00001111,00001110
1773876623507800,0,0,3800945102,3800945102,00001111,00001111
1773876673776318,0,0,4085899488,4085899488,00001111,00001110
1773876674438329,0,0,3610266603,3610266603,00001111,00001110
1773876686160389,0,0,4085899488,4085899488,00001111,00001110
1773876699484428,0,0,3610266603,3610266603,00001111,00001110
1773876933066835,0,0,4045254442,4045254442,00001111,00001110
1773876958068888,0,0,4045254442,4045254442,00001111,00001110
1773877005306396,0,0,3298469463,3298469463,00001111,00001110
1773877008528298,0,0,4118722057,4118722057,00001111,00001110
1773877030310335,0,0,3298469463,3298469463,00001111,00001110
1773877033572327,0,0,4118722057,4118722057,00001111,00001110
1773877261410069,0,0,4045319942,4045319942,00001111,00001110
1773877286412043,0,0,4045319942,4045319942,00001111,00001110
1773877333622562,0,0,3370514651,3370514651,00001111,00001110
1773877340705834,0,0,3994185618,3994185618,00001111,00001110
1773877353448528,0,0,3370514651,3370514651,00001111,00001110
1773877365710521,0,0,3994185618,3994185618,00001111,00001110
1773877664513418,0,0,4155272164,4155272164,00001111,00001110
1773877672855324,0,0,3506882285,3506882285,00001111,00001110
1773877689517350,0,0,4155272164,4155272164,00001111,00001110
1773877919218472,0,0,4045582122,4045582122,00001111,00001110
1773877944240452,0,0,4045582122,4045582122,00001111,00001110
1773877991593301,0,0,4229342720,4229342720,00001111,00001110
1773877994755319,0,0,3973024831,3973024831,00001111,00001110
1773878016627259,0,0,4229342720,4229342720,00001111,00001110
1773878019759355,0,0,3973024831,3973024831,00001111,00001110
1773878245111107,0,0,4045582270,4045582270,00001111,00001110
1773878270113031,0,0,4045582270,4045582270,00001111,00001110
1773878271715030,0,0,3801600450,3801600450,00001111,00001111
1773878285007073,0,0,4045582270,4045582270,00001111,00001110
1773878312827105,0,0,3303084311,3303084311,00001111,00001110
1773878319329037,0,0,3960751056,3960751056,00001111,00001110
1773878337851118,0,0,3303084311,3303084311,00001111,00001110
1773878344353082,0,0,3960751056,3960751056,00001111,00001110
1773878599371525,0,0,3801665902,3801665902,00001111,00001111
1773878646257816,0,0,4085429856,4085429856,00001111,00001110
1773878653979843,0,0,4033655308,4033655308,00001111,00001110
1773878671263804,0,0,4085429856,4085429856,00001111,00001110
1773878678987809,0,0,4033655308,4033655308,00001111,00001110
1773878904506950,0,0,4045909807,4045909807,00001111,00001110
1773878926577950,0,0,3311849967,3311849967,00001111,00001111
1773878929511067,0,0,4045909807,4045909807,00001111,00001110
1773878942603021,0,0,4045909807,4045909807,00001111,00001110
1773878972092965,0,0,3945542423,3945542423,00001111,00001110
1773878976514902,0,0,3737070925,3737070925,00001111,00001110
1773878997077000,0,0,3945542423,3945542423,00001111,00001110
1773879001518988,0,0,3737070925,3737070925,00001111,00001110
1773879233872332,0,0,4045975319,4045975319,00001111,00001110
1773879258874318,0,0,4045975319,4045975319,00001111,00001110
1773879295868895,0,0,3871231925,3871231925,00001111,00001110
1773879302950844,0,0,3406428343,3406428343,00001111,00001110
1773879315756590,0,0,3871231925,3871231925,00001111,00001110
1773879316004896,0,0,3406428343,3406428343,00001111,00001110
1773879630591949,0,0,3556130624,3556130624,00001111,00001110
1773879638273867,0,0,4013149395,4013149395,00001111,00001110
1773879655599912,0,0,3556130624,3556130624,00001111,00001110
1773879663281868,0,0,4013149395,4013149395,00001111,00001110
1773879960195147,0,0,3868333877,3868333877,00001111,00001110
1773879960857096,0,0,3677800167,3677800167,00001111,00001110
1773879985201170,0,0,3868333877,3868333877,00001111,00001110
1773879985863159,0,0,3677800167,3677800167,00001111,00001110
1773880238715030,0,0,3368473024,3368473024,00001111,00001111
1773880287931276,0,0,4119744422,4119744422,00001111,00001110
1773880294913269,0,0,4163534724,4163534724,00001111,00001110
1773880312935260,0,0,4119744422,4119744422,00001111,00001110
1773880319947284,0,0,4163534724,4163534724,00001111,00001110
1773880566783375,0,0,3368538444,3368538444,00001111,00001111
1773880613657187,0,0,3242169469,3242169469,00001111,00001110
1773880620219126,0,0,3850648438,3850648438,00001111,00001110
1773880638662992,0,0,3242169469,3242169469,00001111,00001110
1773880640425028,0,0,3850648438,3850648438,00001111,00001110
1773880650432987,0,0,3242169469,3242169469,00001111,00001110
1773880876582323,0,0,4046565281,4046565281,00001111,00001110
1773880894706333,0,0,4046565281,4046565281,00001111,00001110
1773880909060132,0,0,3368669689,3368669689,00001111,00001111
1773880945167513,0,0,4209277929,4209277929,00001111,00001110
1773880949669585,0,0,3427017520,3427017520,00001111,00001110
1773880969071534,0,0,4209277929,4209277929,00001111,00001110
1773880974675452,0,0,3427017520,3427017520,00001111,00001110
1773881205274023,0,0,4046630694,4046630694,00001111,00001110
1773881230275860,0,0,4046630694,4046630694,00001111,00001110
1773881243391879,0,0,4046630694,4046630694,00001111,00001110
1773881278582931,0,0,4271208941,4271208941,00001111,00001110
1773881292706816,0,0,3710433825,3710433825,00001111,00001110
1773881303590837,0,0,4271208941,4271208941,00001111,00001110
1773881601774864,0,0,4273761261,4273761261,00001111,00001110
1773881610116846,0,0,4217548295,4217548295,00001111,00001110
1773881626645911,0,0,4273761261,4273761261,00001111,00001110
1773881626646046,0,0,4217548295,4217548295,00001111,00001110
1773881861049010,0,0,4046892954,4046892954,00001111,00001110
1773881883990909,0,0,4162572781,4162572781,00001111,00001111
1773881886052896,0,0,4046892954,4046892954,00001111,00001110
1773881900944948,0,0,4046892954,4046892954,00001111,00001110
1773881933336761,0,0,3524900910,3524900910,00001111,00001110
1773881937138799,0,0,3918822394,3918822394,00001111,00001110
1773881958364716,0,0,3524900910,3524900910,00001111,00001110
1773881962146721,0,0,3918822394,3918822394,00001111,00001110
1773882192343068,0,0,4046958464,4046958464,00001111,00001110
1773882214265046,0,0,4162638179,4162638179,00001111,00001111
1773882217346997,0,0,4046958464,4046958464,00001111,00001110
1773882262928334,0,0,3741655331,3741655331,00001111,00001110
1773882264192411,0,0,3987572798,3987572798,00001111,00001110
1773882289220336,0,0,3987572798,3987572798,00001111,00001110
1773882552658564,0,0,3313619434,3313619434,00001111,00001111
1773882586792301,0,0,4179612869,4179612869,00001111,00001110
1773882591874324,0,0,3388588186,3388588186,00001111,00001110
1773882611932864,0,0,4179612869,4179612869,00001111,00001110
1773882612738408,0,0,3388588186,3388588186,00001111,00001110
1773882849618915,0,0,4047220661,4047220661,00001111,00001110
1773882874620921,0,0,4047220661,4047220661,00001111,00001110
1773882887156882,0,0,4047220661,4047220661,00001111,00001110
1773882922106131,0,0,3902845563,3902845563,00001111,00001110
1773882922108021,0,0,4051205005,4051205005,00001111,00001110
1773882947116125,0,0,3902845563,3902845563,00001111,00001110
1773882947340841,0,0,4051205005,4051205005,00001111,00001110
1773883178185945,0,0,4047286156,4047286156,00001111,00001110
1773883200387906,0,0,4106473803,4106473803,00001111,00001111
1773883203189868,0,0,4047286156,4047286156,00001111,00001110
1773883247891217,0,0,4190964010,4190964010,00001111,00001110
1773883249173170,0,0,4034760780,4034760780,00001111,00001110
1773883272901186,0,0,4190964010,4190964010,00001111,00001110
1773883274203156,0,0,4034760780,4034760780,00001111,00001110
1773883528237452,0,0,4106473940,4106473940,00001111,00001111
1773883575545144,0,0,3535538945,3535538945,00001111,00001110
1773883581347062,0,0,3663817126,3663817126,00001111,00001110
1773883600549089,0,0,3535538945,3535538945,00001111,00001110
1773883606381057,0,0,3663817126,3663817126,00001111,00001110
1773883835778902,0,0,4047548220,4047548220,00001111,00001110
1773883860780801,0,0,4047548220,4047548220,00001111,00001110
1773883873356820,0,0,4047548220,4047548220,00001111,00001110
1773883905810066,0,0,4058514210,4058514210,00001111,00001110
1773883909034105,0,0,3981982481,3981982481,00001111,00001110
1773883930818004,0,0,4058514210,4058514210,00001111,00001110
1773883934042106,0,0,3981982481,3981982481,00001111,00001110
1773884164421890,0,0,4047613712,4047613712,00001111,00001110
1773884189423904,0,0,4047613712,4047613712,00001111,00001110
1773884234739287,0,0,3286695632,3286695632,00001111,00001110
1773884248223278,0,0,3864975066,3864975066,00001111,00001110
1773884259747289,0,0,3286695632,3286695632,00001111,00001110
1773884555335339,0,0,3269497361,3269497361,00001111,00001110
1773884575137300,0,0,3269497361,3269497361,00001111,00001110
1773884823063206,0,0,4047875851,4047875851,00001111,00001110
1773884848065184,0,0,4047875851,4047875851,00001111,00001110
1773884897173958,0,0,3530470958,3530470958,00001111,00001110
1773884917213886,0,0,4191748394,4191748394,00001111,00001110
1773884922181952,0,0,3530470958,3530470958,00001111,00001110
1773885150996301,0,0,4047876015,4047876015,00001111,00001110
1773885175998298,0,0,4047876015,4047876015,00001111,00001110
1773885250434427,0,0,3740076301,3740076301,00001111,00001110
1773885547387091,0,0,4225551016,4225551016,00001111,00001110
1773885561528995,0,0,4225551016,4225551016,00001111,00001110
1773885573655083,0,0,3458060530,3458060530,00001111,00001110
1773885809737779,0,0,4048138174,4048138174,00001111,00001110
1773885834739742,0,0,4048138174,4048138174,00001111,00001110
1773885876986090,0,0,4071707041,4071707041,00001111,00001110
1773885888590069,0,0,3944715351,3944715351,00001111,00001110
1773885901994071,0,0,4071707041,4071707041,00001111,00001110
1773885913584018,0,0,3944715351,3944715351,00001111,00001110
1773886137863643,0,0,4048203661,4048203661,00001111,00001110
1773886162865594,0,0,4048203661,4048203661,00001111,00001110
1773886243108147,0,0,3994305490,3994305490,00001111,00001110
1773886561786265,0,0,3970186111,3970186111,00001111,00001110
1773886795692628,0,0,4048465811,4048465811,00001111,00001110
1773886820696535,0,0,4048465811,4048465811,00001111,00001110
1773886823295089,0,0,3315388762,3315388762,00001111,00001111
1773886833670495,0,0,4048465811,4048465811,00001111,00001110
1773886865144167,0,0,3471525277,3471525277,00001111,00001110
1773886877966166,0,0,3471525277,3471525277,00001111,00001110
1773886897950071,0,0,3471525277,3471525277,00001111,00001110
1773887124747175,0,0,4048531240,4048531240,00001111,00001110
1773887149749133,0,0,4048531240,4048531240,00001111,00001110
1773887190318062,0,0,3427903536,3427903536,00001111,00001110
1773887215320074,0,0,3427903536,3427903536,00001111,00001110
1773887515608984,0,0,3603430597,3603430597,00001111,00001110
1773887535451007,0,0,3603430597,3603430597,00001111,00001110
1773887779949744,0,0,4048793473,4048793473,00001111,00001110
1773887804971605,0,0,4048793473,4048793473,00001111,00001110
1773887853353536,0,0,3945406295,3945406295,00001111,00001110
1773887854595550,0,0,3616592516,3616592516,00001111,00001110
1773887878359494,0,0,3945406295,3945406295,00001111,00001110
1773887879601469,0,0,3616592516,3616592516,00001111,00001110
1773888110112574,0,0,4048858905,4048858905,00001111,00001110
1773888135114524,0,0,4048858905,4048858905,00001111,00001110
1773888186125545,0,0,3262407614,3262407614,00001111,00001110
1773888203151500,0,0,3231442131,3231442131,00001111,00001110
1773888510589771,0,0,3464664605,3464664605,00001111,00001110
1773888535633711,0,0,3464664605,3464664605,00001111,00001110
1773888840398015,0,0,3884202868,3884202868,00001111,00001110
1773888865461998,0,0,3884202868,3884202868,00001111,00001110
1773889175582625,0,0,3881091803,3881091803,00001111,00001110
1773889200594609,0,0,3881091803,3881091803,00001111,00001110
1773889849474383,0,0,3703063439,3703063439,00001111,00001110
1773889850776358,0,0,3766057372,3766057372,00001111,00001110
1773890163072262,0,0,4255851886,4255851886,00001111,00001110
1773890188116282,0,0,4255851886,4255851886,00001111,00001110
1773890512528380,0,0,3420037208,3420037208,00001111,00001110
1773890741459333,0,0,4049776425,4049776425,00001111,00001110
1773890766461303,0,0,4049776425,4049776425,00001111,00001110
1773890845342053,0,0,3558010536,3558010536,00001111,00001110
1773891069057562,0,0,4049841925,4049841925,00001111,00001110
1773891087419531,0,0,4049841925,4049841925,00001111,00001110
1773891107415481,0,0,4049841925,4049841925,00001111,00001110
1773891148029214,0,0,4288242156,4288242156,00001111,00001110
1773891173035241,0,0,4288242156,4288242156,00001111,00001110
1773891725190417,0,0,4050104088,4050104088,00001111,00001110
1773891750232335,0,0,4050104088,4050104088,00001111,00001110
1773891816185127,0,0,3505551299,3505551299,00001111,00001110
1773891829363137,0,0,3505551299,3505551299,00001111,00001110
1773891831573192,0,0,3741322083,3741322083,00001111,00001110
1773892055944009,0,0,4050104229,4050104229,00001111,00001110
1773892080946051,0,0,4050104229,4050104229,00001111,00001110
1773892467026787,0,0,4225583528,4225583528,00001111,00001110
1773892713186783,0,0,4050366378,4050366378,00001111,00001110
1773892738188699,0,0,4050366378,4050366378,00001111,00001110
1773892793507233,0,0,3849010457,3849010457,00001111,00001110
1773892818553215,0,0,3849010457,3849010457,00001111,00001110
1773893041961323,0,0,4050431882,4050431882,00001111,00001110
1773893066983358,0,0,4050431882,4050431882,00001111,00001110
1773893117315853,0,0,3420714200,3420714200,00001111,00001110
1773893134151900,0,0,3420714200,3420714200,00001111,00001110
1773893368537418,0,0,4050562836,4050562836,00001111,00001110
1773893388459395,0,0,4050562836,4050562836,00001111,00001110
1773893450130074,0,0,3540436719,3540436719,00001111,00001110
1773893475154021,0,0,3540436719,3540436719,00001111,00001110
1773893698716379,0,0,4050694029,4050694029,00001111,00001110
1773893723718300,0,0,4050694029,4050694029,00001111,00001110
1773893766896100,0,0,4076947919,4076947919,00001111,00001110
1773893791918114,0,0,4076947919,4076947919,00001111,00001110
1773894028503914,0,0,4050759467,4050759467,00001111,00001110
1773894045526067,0,0,4050759467,4050759467,00001111,00001110
1773894134272123,0,0,4116834441,4116834441,00001111,00001110
1773894446592070,0,0,3338299349,3338299349,00001111,00001110
1773894446837876,0,0,3950029335,3950029335,00001111,00001110
1773895087873291,0,0,3821692912,3821692912,00001111,00001110
1773895112903205,0,0,3821692912,3821692912,00001111,00001110
1773895120545224,0,0,3961460048,3961460048,00001111,00001110
1773895445646571,0,0,3512732525,3512732525,00001111,00001110
1773895768246489,0,0,4160784964,4160784964,00001111,00001110
1773896081159864,0,0,3828063320,3828063320,00001111,00001110
1773896106145758,0,0,3554503104,3554503104,00001111,00001110
1773896106373873,0,0,3828063320,3828063320,00001111,00001110
1773896353895999,0,0,4110209385,4110209385,00001111,00001111
1773896428674589,0,0,4110526473,4110526473,00001111,00001110
1773896681013040,0,0,4110209531,4110209531,00001111,00001111
1773896693786017,0,0,3924930362,3924930362,00001111,00001110
1773896740134983,0,0,4274734509,4274734509,00001111,00001110
1773896985514843,0,0,3826888511,3826888511,00001111,00001110
1773897010516868,0,0,3826888511,3826888511,00001111,00001110
1773897024092749,0,0,3826888511,3826888511,00001111,00001110
1773897059070794,0,0,3951500600,3951500600,00001111,00001110
1773897062272842,0,0,3949988695,3949988695,00001111,00001110
1773897084096879,0,0,3951500600,3951500600,00001111,00001110
1773897087318838,0,0,3949988695,3949988695,00001111,00001110
1773897310308069,0,0,3826888624,3826888624,00001111,00001110
1773897335330055,0,0,3826888624,3826888624,00001111,00001110
1773897352946077,0,0,3826888624,3826888624,00001111,00001110
1773897382254819,0,0,3924914682,3924914682,00001111,00001110
1773897400218875,0,0,3749003747,3749003747,00001111,00001110
1773897407280778,0,0,3924914682,3924914682,00001111,00001110
1773897716035828,0,0,3422142616,3422142616,00001111,00001110
1773897735883822,0,0,3422142616,3422142616,00001111,00001110
1773898042126495,0,0,3967012048,3967012048,00001111,00001110
1773898044028527,0,0,4192317546,4192317546,00001111,00001110
1773898067152546,0,0,3967012048,3967012048,00001111,00001110
1773898069034568,0,0,4192317546,4192317546,00001111,00001110
1773898377464450,0,0,4092719328,4092719328,00001111,00001110
1773898388388490,0,0,4196325062,4196325062,00001111,00001110
1773898402472481,0,0,4092719328,4092719328,00001111,00001110
1773898651583752,0,0,4164604230,4164604230,00001111,00001111
1773898692920760,0,0,3383908250,3383908250,00001111,00001110
1773898705156695,0,0,3745589539,3745589539,00001111,00001110
1773898712758739,0,0,3383908250,3383908250,00001111,00001110
1773898730202681,0,0,3745589539,3745589539,00001111,00001110
1773898732750696,0,0,3383908250,3383908250,00001111,00001110
1773898979074268,0,0,4164604367,4164604367,00001111,00001111
1773899030912986,0,0,4086519200,4086519200,00001111,00001110
1773899038636940,0,0,4047603789,4047603789,00001111,00001110
1773899055927009,0,0,4086519200,4086519200,00001111,00001110
1773899063679077,0,0,4047603789,4047603789,00001111,00001110
1773899330581465,0,0,3320828240,3320828240,00001111,00001111
1773899357306666,0,0,3872817141,3872817141,00001111,00001110
1773899357532816,0,0,4010694611,4010694611,00001111,00001110
1773899370830469,0,0,3872817141,3872817141,00001111,00001110
1773899382354391,0,0,4010694611,4010694611,00001111,00001110
1773899390822438,0,0,3872817141,3872817141,00001111,00001110
1773899685637274,0,0,3352855060,3352855060,00001111,00001110
1773899696021200,0,0,3863761882,3863761882,00001111,00001110
1773899710665228,0,0,3352855060,3352855060,00001111,00001110
1773899721035292,0,0,3863761882,3863761882,00001111,00001110
1773899985771432,0,0,3847344502,3847344502,00001111,00001111
1773900022273108,0,0,3284689872,3284689872,00001111,00001110
1773900032657088,0,0,3629281188,3629281188,00001111,00001110
1773900047281143,0,0,3284689872,3284689872,00001111,00001110
1773900341036979,0,0,3276748095,3276748095,00001111,00001110
1773900349318994,0,0,3650146954,3650146954,00001111,00001110
1773900366030984,0,0,3276748095,3276748095,00001111,00001110
1773900374333016,0,0,3650146954,3650146954,00001111,00001110
1773900626377042,0,0,3847672147,3847672147,00001111,00001111
1773900676636810,0,0,3297973527,3297973527,00001111,00001110
1773900682758853,0,0,3359797172,3359797172,00001111,00001110
1773900696462850,0,0,3297973527,3297973527,00001111,00001110
1773900707804794,0,0,3359797172,3359797172,00001111,00001110
1773900934022917,0,0,3827675015,3827675015,00001111,00001110
1773900950964920,0,0,3827675015,3827675015,00001111,00001110
1773900956206912,0,0,3847672265,3847672265,00001111,00001111
1773901002100441,0,0,3248574866,3248574866,00001111,00001110
1773901015302364,0,0,3248574866,3248574866,00001111,00001110
1773901035324210,0,0,3248574866,3248574866,00001111,00001110
1773901291485060,0,0,3322138948,3322138948,00001111,00001111
1773901334236281,0,0,3652036682,3652036682,00001111,00001110
1773901336838275,0,0,3397025718,3397025718,00001111,00001110
1773901354082247,0,0,3652036682,3652036682,00001111,00001110
1773901361864239,0,0,3397025718,3397025718,00001111,00001110
1773901611328402,0,0,3375747413,3375747413,00001111,00001111
1773901690777189,0,0,3392268470,3392268470,00001111,00001110
1773901942170658,0,0,3375812957,3375812957,00001111,00001111
1773902272683773,0,0,3928141756,3928141756,00001111,00001110
1773902679559357,0,0,3281865104,3281865104,00001111,00001110
1773903257854866,0,0,3376796000,3376796000,00001111,00001111
1773903625228961,0,0,3370193179,3370193179,00001111,00001110
1773903645050887,0,0,3370193179,3370193179,00001111,00001110
1773903658787005,0,0,3898586132,3898586132,00001111,00001110
1773903918244947,0,0,3377123694,3377123694,00001111,00001111
1773903923166773,0,0,3377123694,3377123694,00001111,00001111
1773903966567818,0,0,4013431635,4013431635,00001111,00001110
1773903991585849,0,0,4013431635,4013431635,00001111,00001110
1773904288507168,0,0,4122955174,4122955174,00001111,00001110
1773904292369033,0,0,3726002146,3726002146,00001111,00001110
1773904313511175,0,0,4122955174,4122955174,00001111,00001110
1773904317393213,0,0,3726002146,3726002146,00001111,00001110
1773904624509594,0,0,3469436381,3469436381,00001111,00001110
1773904631591701,0,0,3563033704,3563033704,00001111,00001110
1773904649515645,0,0,3469436381,3469436381,00001111,00001110
1773904944519336,0,0,3399817497,3399817497,00001111,00001110
1773904944740887,0,0,3828819224,3828819224,00001111,00001110
1773904949111354,0,0,3833048734,3833048734,00001111,00001110
1773904958987359,0,0,3399817497,3399817497,00001111,00001110
1773904969551306,0,0,3828819224,3828819224,00001111,00001110
1773904974109269,0,0,3833048734,3833048734,00001111,00001110
1773905226284268,0,0,3378106821,3378106821,00001111,00001111
1773905272854829,0,0,3897700116,3897700116,00001111,00001110
1773905276704884,0,0,4195996224,4195996224,00001111,00001110
1773905279258872,0,0,3817291120,3817291120,00001111,00001110
1773905297988819,0,0,3897700116,3897700116,00001111,00001110
1773905301686778,0,0,4195996224,4195996224,00001111,00001110
1773905304268794,0,0,3817291120,3817291120,00001111,00001110
1773905563390990,0,0,3378434519,3378434519,00001111,00001111
1773905601780623,0,0,3882009693,3882009693,00001111,00001110
1773905606314578,0,0,3847896857,3847896857,00001111,00001110
1773905610756561,0,0,3284326032,3284326032,00001111,00001110
1773905626796627,0,0,3882009693,3882009693,00001111,00001110
1773905631342520,0,0,3847896857,3847896857,00001111,00001110
1773905635766591,0,0,3284326032,3284326032,00001111,00001110
1773905925544704,0,0,4173319339,4173319339,00001111,00001110
1773905935612669,0,0,3279334585,3279334585,00001111,00001110
1773905938434633,0,0,3715936801,3715936801,00001111,00001110
1773905942234639,0,0,3912736669,3912736669,00001111,00001111
1773905946800557,0,0,4173319339,4173319339,00001111,00001110
1773905963469624,0,0,3715936801,3715936801,00001111,00001110
1773905965406636,0,0,4173319339,4173319339,00001111,00001110
1773906193067399,0,0,4056919971,4056919971,00001111,00001110
1773906214409285,0,0,3378958684,3378958684,00001111,00001111
1773906218071341,0,0,4056919971,4056919971,00001111,00001110
1773906277047234,0,0,3815431903,3815431903,00001111,00001110
1773906284873226,0,0,3429206774,3429206774,00001111,00001110
1773906521157468,0,0,4057116572,4057116572,00001111,00001110
1773906546039427,0,0,3379155301,3379155301,00001111,00001111
1773906546260862,0,0,4057116572,4057116572,00001111,00001110
1773906590269820,0,0,3439576695,3439576695,00001111,00001110
1773906594435725,0,0,3739952461,3739952461,00001111,00001110
1773906597637804,0,0,3998908306,3998908306,00001111,00001110
1773906601825757,0,0,4190827907,4190827907,00001111,00001111
1773906614969685,0,0,3439576695,3439576695,00001111,00001110
1773906616165742,0,0,4190827907,4190827907,00001111,00001111
1773906619437736,0,0,3739952461,3739952461,00001111,00001110
1773906622647697,0,0,3998908306,3998908306,00001111,00001110
1773906879207472,0,0,3379286502,3379286502,00001111,00001111
1773906912308218,0,0,3668508937,3668508937,00001111,00001110
1773906918290079,0,0,3546839983,3546839983,00001111,00001110
1773906937336203,0,0,3668508937,3668508937,00001111,00001110
1773906943306137,0,0,3546839983,3546839983,00001111,00001110
1773907249075705,0,0,4001753574,4001753574,00001111,00001110
1773907251089696,0,0,3742939683,3742939683,00001111,00001110
1773907251091445,0,0,3887521460,3887521460,00001111,00001110
1773907251316927,0,0,3424240440,3424240440,00001111,00001111
1773907274085633,0,0,4001753574,4001753574,00001111,00001110
1773907276079601,0,0,3742939683,3742939683,00001111,00001110
1773907276300876,0,0,3887521460,3887521460,00001111,00001110
1773907276300979,0,0,3424240440,3424240440,00001111,00001111
1773907529062034,0,0,3379941840,3379941840,00001111,00001111
1773907577471815,0,0,3336506645,3336506645,00001111,00001110
1773907602467866,0,0,3336506645,3336506645,00001111,00001110
1773907862179450,0,0,3933581218,3933581218,00001111,00001110
1773907903239122,0,0,3665678566,3665678566,00001111,00001110
1773907917765181,0,0,3466426566,3466426566,00001111,00001110
1773907928267227,0,0,3665678566,3665678566,00001111,00001110
1773907937649120,0,0,3466426566,3466426566,00001111,00001110
1773908168660940,0,0,4058296201,4058296201,00001111,00001110
1773908193664918,0,0,4058296201,4058296201,00001111,00001110
1773908231341643,0,0,3335289550,3335289550,00001111,00001110
1773908231577590,0,0,3728601250,3728601250,00001111,00001110
1773908238607605,0,0,4277648493,4277648493,00001111,00001110
1773908246369602,0,0,3335289550,3335289550,00001111,00001110
1773908246719633,0,0,3760305108,3760305108,00001111,00001111
1773908256437617,0,0,4277648493,4277648493,00001111,00001110
1773908256660907,0,0,3728601250,3728601250,00001111,00001110
1773908266382655,0,0,3335289550,3335289550,00001111,00001110
1773908494010993,0,0,3455231813,3455231813,00001111,00001110
1773908501635015,0,0,3800704881,3800704881,00001111,00001110
1773908507537074,0,0,3626027748,3626027748,00001111,00001110
1773908513863058,0,0,3455231813,3455231813,00001111,00001110
1773908514085827,0,0,3800704881,3800704881,00001111,00001110
1773908514308872,0,0,3861896796,3861896796,00001111,00001110
1773908524861043,0,0,4043990264,4043990264,00001111,00001110
1773908532555998,0,0,3626027748,3626027748,00001111,00001110
1773908533877979,0,0,3455231813,3455231813,00001111,00001110
1773908533882976,0,0,3861896796,3861896796,00001111,00001110
1773908689090680,0,0,3939876143,3939876143,00001111,00001111
1773908715839614,0,0,3939876143,3939876143,00001111,00001111
1773908761553759,0,0,4058427169,4058427169,00001111,00001110
1773908786555726,0,0,4058427169,4058427169,00001111,00001110
1773908822915308,0,0,4023492967,4023492967,00001111,00001110
1773908822937130,0,0,4191145130,4191145130,00001111,00001110
1773908836381235,0,0,4284641155,4284641155,00001111,00001110
1773908842733236,0,0,4023492967,4023492967,00001111,00001110
1773908842964873,0,0,4191145130,4191145130,00001111,00001110
1773908852807278,0,0,4284641155,4284641155,00001111,00001110
1773908862711234,0,0,4023492967,4023492967,00001111,00001110
1773909151464990,0,0,4054570425,4054570425,00001111,00001110
1773909151692873,0,0,4141870309,4141870309,00001111,00001110
1773909166657077,0,0,4012287062,4012287062,00001111,00001111
1773909171336955,0,0,4054570425,4054570425,00001111,00001110
1773909176578991,0,0,4141870309,4141870309,00001111,00001110
1773909191340978,0,0,4054570425,4054570425,00001111,00001110
1773909372559322,0,0,3864378644,3864378644,00001111,00001111
1773909395552295,0,0,3864378644,3864378644,00001111,00001111
1773909443601956,0,0,3381383547,3381383547,00001111,00001111
1773909444043939,0,0,3744890694,3744890694,00001111,00001110
1773909485311321,0,0,3605834309,3605834309,00001111,00001110
1773909500137368,0,0,3605834309,3605834309,00001111,00001110
1773909500459300,0,0,4008318502,4008318502,00001111,00001110
1773909520055269,0,0,4008318502,4008318502,00001111,00001110
1773909523713260,0,0,3441604089,3441604089,00001111,00001111
1773909694703494,0,0,4276075927,4276075927,00001111,00001111
1773909719931552,0,0,4276075927,4276075927,00001111,00001111
1773909762093513,0,0,3747643372,3747643372,00001111,00001110
1773909774635564,0,0,3381580226,3381580226,00001111,00001111
1773909787105554,0,0,3747643372,3747643372,00001111,00001110
1773909809195685,0,0,3727786724,3727786724,00001111,00001110
1773909819073704,0,0,3975246335,3975246335,00001111,00001110
1773909822695616,0,0,3279577087,3279577087,00001111,00001110
1773909838899704,0,0,3975246335,3975246335,00001111,00001110
1773909839141840,0,0,3279577087,3279577087,00001111,00001110
1773909848965686,0,0,3904046112,3904046112,00001111,00001110
1773910004913697,0,0,4276141323,4276141323,00001111,00001111
1773910033884908,0,0,4276272546,4276272546,00001111,00001111
1773910075799864,0,0,4059541276,4059541276,00001111,00001110
1773910100441982,0,0,3381842242,3381842242,00001111,00001111
1773910100803829,0,0,4059541276,4059541276,00001111,00001110
1773910137929026,0,0,3417994947,3417994947,00001111,00001110
1773910143891035,0,0,3703203791,3703203791,00001111,00001110
1773910157555024,0,0,3417994947,3417994947,00001111,00001110
1773910159897061,0,0,3262312126,3262312126,00001111,00001110
1773910168898941,0,0,3703203791,3703203791,00001111,00001110
1773910177567032,0,0,3417994947,3417994947,00001111,00001110
1773910380432553,0,0,3979459862,3979459862,00001111,00001111
1773910405073720,0,0,4059934480,4059934480,00001111,00001110
1773910422537630,0,0,4059934480,4059934480,00001111,00001110
1773910435451668,0,0,3381907908,3381907908,00001111,00001111
1773910467043320,0,0,4215687111,4215687111,00001111,00001110
1773910492069372,0,0,4215687111,4215687111,00001111,00001110
1773910661370691,0,0,3979590952,3979590952,00001111,00001111
1773910697172608,0,0,3979590952,3979590952,00001111,00001111
1773910737907916,0,0,3304262529,3304262529,00001111,00001111
1773910802475701,0,0,3370128155,3370128155,00001111,00001110
1773910816405736,0,0,3898886482,3898886482,00001111,00001110
1773910822283712,0,0,3577256553,3577256553,00001111,00001110
1773910827485758,0,0,3370128155,3370128155,00001111,00001110
1773910836229692,0,0,3898886482,3898886482,00001111,00001110
1773911039712755,0,0,3979787667,3979787667,00001111,00001111
1773911130154899,0,0,4114696649,4114696649,00001111,00001110
1773911137856904,0,0,4255703790,4255703790,00001111,00001110
1773911155160950,0,0,4114696649,4114696649,00001111,00001110
1773911162870938,0,0,4255703790,4255703790,00001111,00001110
1773911329561814,0,0,3980049671,3980049671,00001111,00001111
1773911354745647,0,0,3980049671,3980049671,00001111,00001111
1773911390586639,0,0,4060458908,4060458908,00001111,00001110
1773911415610561,0,0,4060458908,4060458908,00001111,00001110
1773911425124492,0,0,3382890816,3382890816,00001111,00001111
1773911463568099,0,0,3531706369,3531706369,00001111,00001110
1773911463788919,0,0,3832206430,3832206430,00001111,00001110
1773911488601994,0,0,3531706369,3531706369,00001111,00001110
1773911656057647,0,0,3980246301,3980246301,00001111,00001111
1773911681161571,0,0,3980246301,3980246301,00001111,00001111
1773911792102351,0,0,3894089408,3894089408,00001111,00001110
1773911812014242,0,0,3894089408,3894089408,00001111,00001110
1773911816236263,0,0,4232838272,4232838272,00001111,00001110
1773911819378232,0,0,4191905258,4191905258,00001111,00001110
1773912014780748,0,0,3980443010,3980443010,00001111,00001111
1773912049216830,0,0,4061310735,4061310735,00001111,00001110
1773912074240776,0,0,4061310735,4061310735,00001111,00001110
1773912079694784,0,0,3855143266,3855143266,00001111,00001111
1773912086462795,0,0,4061310735,4061310735,00001111,00001110
1773912124697682,0,0,3493638700,3493638700,00001111,00001110
1773912149719731,0,0,3493638700,3493638700,00001111,00001110
1773912313581266,0,0,3980639636,3980639636,00001111,00001111
1773912338689238,0,0,3980639636,3980639636,00001111,00001111
1773912377921227,0,0,4061376414,4061376414,00001111,00001110
1773912396265235,0,0,3855274364,3855274364,00001111,00001111
1773912402935157,0,0,4061376414,4061376414,00001111,00001110
1773912446661873,0,0,3472935667,3472935667,00001111,00001110
1773912449811882,0,0,3258222840,3258222840,00001111,00001110
1773912463769810,0,0,4116857949,4116857949,00001111,00001110
1773912469541843,0,0,3258222840,3258222840,00001111,00001110
1773912471657846,0,0,3472935667,3472935667,00001111,00001110
1773912635170968,0,0,3980901658,3980901658,00001111,00001111
1773912660442991,0,0,3980901658,3980901658,00001111,00001111
1773912715752513,0,0,4061638431,4061638431,00001111,00001110
1773912729494394,0,0,3855470965,3855470965,00001111,00001111
1773912740776513,0,0,4061638431,4061638431,00001111,00001110
1773912781988255,0,0,4157334756,4157334756,00001111,00001110
1773912798910304,0,0,4157334756,4157334756,00001111,00001110
1773912964109589,0,0,3981098279,3981098279,00001111,00001111
1773912989413536,0,0,3981098279,3981098279,00001111,00001111
1773913036703716,0,0,4061900568,4061900568,00001111,00001110
1773913061727648,0,0,4061900568,4061900568,00001111,00001110
1773913067770714,0,0,3335508444,3335508444,00001111,00001111
1773913108984218,0,0,3516548994,3516548994,00001111,00001110
1773913110946156,0,0,3965774480,3965774480,00001111,00001110
1773913122316149,0,0,4132987135,4132987135,00001111,00001110
1773913128670074,0,0,3785321824,3785321824,00001111,00001111
1773913134018050,0,0,3516548994,3516548994,00001111,00001110
1773913135958133,0,0,3965774480,3965774480,00001111,00001110
1773913136974117,0,0,3585716874,3585716874,00001111,00001110
1773913340211218,0,0,4278173073,4278173073,00001111,00001111
1773913364485407,0,0,4062097332,4062097332,00001111,00001110
1773913381949398,0,0,4062097332,4062097332,00001111,00001110
1773913436295711,0,0,4214579591,4214579591,00001111,00001110
1773913446361676,0,0,4281162327,4281162327,00001111,00001110
1773913446663630,0,0,3245809160,3245809160,00001111,00001110
1773913449465708,0,0,4271341037,4271341037,00001111,00001110
1773913461127740,0,0,4214579591,4214579591,00001111,00001110
1773913466572918,0,0,4281162327,4281162327,00001111,00001110
1773913466573017,0,0,4271341037,4271341037,00001111,00001110
1773913466573084,0,0,3245809160,3245809160,00001111,00001110
1773913710773476,0,0,3747905511,3747905511,00001111,00001110
1773913730655394,0,0,3747905511,3747905511,00001111,00001110
1773913761161163,0,0,3372540597,3372540597,00001111,00001110
1773913786205039,0,0,3372540597,3372540597,00001111,00001110
1773914039422990,0,0,4062818089,4062818089,00001111,00001110
1773914092668381,0,0,3502305987,3502305987,00001111,00001110
1773914093812376,0,0,3731799478,3731799478,00001111,00001110
1773914104170433,0,0,4082585417,4082585417,00001111,00001110
1773914113676379,0,0,3731799478,3731799478,00001111,00001110
1773914114614412,0,0,4082585417,4082585417,00001111,00001110
1773914117708909,0,0,3502305987,3502305987,00001111,00001110
1773914348305566,0,0,4273885842,4273885842,00001111,00001110
1773914351241481,0,0,4062883742,4062883742,00001111,00001110
1773914359594569,0,0,3751116625,3751116625,00001111,00001110
1773914368205574,0,0,4062883742,4062883742,00001111,00001110
1773914368429878,0,0,4273885842,4273885842,00001111,00001110
1773914432736139,0,0,3292124362,3292124362,00001111,00001110
1773914613516149,0,0,4279221665,4279221665,00001111,00001111
1773914638846116,0,0,4279221665,4279221665,00001111,00001111
1773914741562123,0,0,4031950348,4031950348,00001111,00001110
1773914766590050,0,0,4031950348,4031950348,00001111,00001110
1773914770476030,0,0,3417940056,3417940056,00001111,00001110
1773914771764889,0,0,3744646519,3744646519,00001111,00001110
1773914962442728,0,0,4206045165,4206045165,00001111,00001110
1773914971905641,0,0,3709807256,3709807256,00001111,00001110
1773915008327614,0,0,4063604495,4063604495,00001111,00001110
1773915033329524,0,0,4063604495,4063604495,00001111,00001110
1773915079548016,0,0,4172429163,4172429163,00001111,00001110
1773915083429956,0,0,3917143765,3917143765,00001111,00001110
1773915104551911,0,0,4172429163,4172429163,00001111,00001110
1773915108433868,0,0,3917143765,3917143765,00001111,00001110
1773915268443651,0,0,4279680432,4279680432,00001111,00001111
1773915293545729,0,0,4279680432,4279680432,00001111,00001111
1773915336973013,0,0,4063735564,4063735564,00001111,00001110
1773915361977088,0,0,4063735564,4063735564,00001111,00001110
1773915411090419,0,0,3690504776,3690504776,00001111,00001110
1773915419286572,0,0,4072387383,4072387383,00001111,00001110
1773915436114503,0,0,3690504776,3690504776,00001111,00001110
1773915439006562,0,0,4072387383,4072387383,00001111,00001110
1773915439245903,0,0,4183496401,4183496401,00001111,00001110
1773915639646137,0,0,4280007938,4280007938,00001111,00001111
1773915667861812,0,0,4063997758,4063997758,00001111,00001110
1773915692863793,0,0,4063997758,4063997758,00001111,00001110
1773915737920907,0,0,4150957535,4150957535,00001111,00001110
1773915749562901,0,0,4096417736,4096417736,00001111,00001110
1773915762868965,0,0,4150957535,4150957535,00001111,00001110
1773915970608801,0,0,4280007976,4280007976,00001111,00001111
1773915993430698,0,0,4064456461,4064456461,00001111,00001110
1773916008278661,0,0,3764351627,3764351627,00001111,00001111
1773916018438724,0,0,4064456461,4064456461,00001111,00001110
1773916065911602,0,0,3377411381,3377411381,00001111,00001110
1773916081155690,0,0,4057183330,4057183330,00001111,00001110
1773916090919674,0,0,3377411381,3377411381,00001111,00001110
1773916293170956,0,0,4280204724,4280204724,00001111,00001111
1773916322901073,0,0,4064522167,4064522167,00001111,00001110
1773916330384943,0,0,3590089162,3590089162,00001111,00001111
1773916347909080,0,0,4064522167,4064522167,00001111,00001110
1773916390914466,0,0,3827478040,3827478040,00001111,00001110
1773916392876415,0,0,3941998393,3941998393,00001111,00001110
1773916404868488,0,0,3227706664,3227706664,00001111,00001110
1773916415922516,0,0,3827478040,3827478040,00001111,00001110
1773916417884560,0,0,3941998393,3941998393,00001111,00001110
1773916610103215,0,0,4280663334,4280663334,00001111,00001111
1773916619893240,0,0,3886471523,3886471523,00001111,00001110
1773916671587234,0,0,3515589947,3515589947,00001111,00001111
1773916675493282,0,0,3515589947,3515589947,00001111,00001111
1773916724990251,0,0,3299749719,3299749719,00001111,00001110
1773916749994278,0,0,3299749719,3299749719,00001111,00001110
1773916907668655,0,0,4280663428,4280663428,00001111,00001111
1773916932734548,0,0,4280663428,4280663428,00001111,00001111
1773916957808568,0,0,4280663428,4280663428,00001111,00001111
1773916980100676,0,0,4065243054,4065243054,00001111,00001110
1773916997762608,0,0,4065243054,4065243054,00001111,00001110
1773917051387528,0,0,3551513728,3551513728,00001111,00001110
1773917072131606,0,0,3551513728,3551513728,00001111,00001110
1773917236290218,0,0,4281056567,4281056567,00001111,00001111
1773917261364117,0,0,4281056567,4281056567,00001111,00001111
1773917264962073,0,0,3886995956,3886995956,00001111,00001110
1773917282144129,0,0,3886995956,3886995956,00001111,00001110
1773917286533022,0,0,4281056567,4281056567,00001111,00001111
1773917310092423,0,0,4065374104,4065374104,00001111,00001110
1773917331730374,0,0,3516442031,3516442031,00001111,00001111
1773917335096337,0,0,4065374104,4065374104,00001111,00001110
1773917346568286,0,0,4065374104,4065374104,00001111,00001110
1773917377800581,0,0,3999328914,3999328914,00001111,00001110
1773917391904549,0,0,3281415353,3281415353,00001111,00001111
1773917402828363,0,0,3999328914,3999328914,00001111,00001110
1773917411064444,0,0,3256687338,3256687338,00001111,00001110
1773917573777249,0,0,4281122189,4281122189,00001111,00001111
1773917598839237,0,0,4281122189,4281122189,00001111,00001111
1773917675478652,0,0,4278735496,4278735496,00001111,00001110
1773917897271887,0,0,4281384246,4281384246,00001111,00001111
1773918028571639,0,0,4056250850,4056250850,00001111,00001110
1773918035729554,0,0,3960214352,3960214352,00001111,00001110
1773918048397525,0,0,4056250850,4056250850,00001111,00001110
1773918048621906,0,0,4132092508,4132092508,00001111,00001110
1773918058461528,0,0,4110614907,4110614907,00001111,00001110
1773918060749475,0,0,3960214352,3960214352,00001111,00001110
1773918068364468,0,0,4132092508,4132092508,00001111,00001110
1773918068394377,0,0,4056250850,4056250850,00001111,00001110
1773918068605000,0,0,3713684597,3713684597,00001111,00001110
1773918227575723,0,0,4281580928,4281580928,00001111,00001111
1773918252871652,0,0,4281580928,4281580928,00001111,00001111
1773918303081217,0,0,3751641054,3751641054,00001111,00001110
1773918328103149,0,0,3751641054,3751641054,00001111,00001110
1773918367388739,0,0,4113282973,4113282973,00001111,00001110
1773918387304673,0,0,4113282973,4113282973,00001111,00001110
1773918397831621,0,0,4231024534,4231024534,00001111,00001110
1773918556460475,0,0,4281842981,4281842981,00001111,00001111
1773918581652378,0,0,4281842981,4281842981,00001111,00001111
1773918692353133,0,0,4207312873,4207312873,00001111,00001110
1773918700037180,0,0,3999997266,3999997266,00001111,00001110
1773918717361162,0,0,4207312873,4207312873,00001111,00001110
1773918725067129,0,0,3999997266,3999997266,00001111,00001110
1773918729756172,0,0,4010213637,4010213637,00001111,00001110
1773918881075477,0,0,4282039701,4282039701,00001111,00001111
1773918906317584,0,0,4282039701,4282039701,00001111,00001111
1773919015087415,0,0,3309018233,3309018233,00001111,00001110
1773919025157346,0,0,4138742629,4138742629,00001111,00001110
1773919035045331,0,0,3966903428,3966903428,00001111,00001110
1773919040131325,0,0,3309018233,3309018233,00001111,00001110
1773919048169347,0,0,4248702089,4248702089,00001111,00001111
1773919049332869,0,0,4114527250,4114527250,00001111,00001111
1773919050157422,0,0,4138742629,4138742629,00001111,00001110
1773919057591295,0,0,4263552560,4263552560,00001111,00001110
1773919232933540,0,0,4282301719,4282301719,00001111,00001111
1773919258117423,0,0,4282301719,4282301719,00001111,00001111
1773919282194524,0,0,4067405581,4067405581,00001111,00001110
1773919307196468,0,0,4067405581,4067405581,00001111,00001110
1773919349014055,0,0,3830445208,3830445208,00001111,00001110
1773919353840994,0,0,3848383567,3848383567,00001111,00001110
1773919373708946,0,0,3848383567,3848383567,00001111,00001110
1773919374149918,0,0,3830445208,3830445208,00001111,00001110
1773919383129938,0,0,3813325828,3813325828,00001111,00001111
1773919384156971,0,0,3848383567,3848383567,00001111,00001110
1773919387845993,0,0,4123381744,4123381744,00001111,00001110
1773919554901831,0,0,4282694918,4282694918,00001111,00001111
1773919577401876,0,0,4282695096,4282695096,00001111,00001111
1773919610407818,0,0,4067471288,4067471288,00001111,00001110
1773919630539744,0,0,3755179997,3755179997,00001111,00001110
1773919635413882,0,0,4067471288,4067471288,00001111,00001110
1773919694942159,0,0,4027844378,4027844378,00001111,00001110
1773919702455109,0,0,4098759546,4098759546,00001111,00001110
1773919702945119,0,0,3463607418,3463607418,00001111,00001111
1773919705509925,0,0,4027844378,4027844378,00001111,00001110
1773919708687143,0,0,4113227465,4113227465,00001111,00001110
1773919880733914,0,0,4282760474,4282760474,00001111,00001111
1773919905959968,0,0,4282760474,4282760474,00001111,00001111
1773920006928568,0,0,3332040405,3332040405,00001111,00001110
1773920031964529,0,0,3332040405,3332040405,00001111,00001110
1773920341635752,0,0,3351615508,3351615508,00001111,00001110
1773920341861853,0,0,3850050905,3850050905,00001111,00001110
1773920349885807,0,0,4116792827,4116792827,00001111,00001110
1773920359279724,0,0,4218968540,4218968540,00001111,00001111
1773920359909752,0,0,3693860724,3693860724,00001111,00001110
1773920366637776,0,0,3351615508,3351615508,00001111,00001110
1773920366860972,0,0,3850050905,3850050905,00001111,00001110
1773920369745713,0,0,4116792827,4116792827,00001111,00001110
1773920597207342,0,0,4068519864,4068519864,00001111,00001110
1773920622249349,0,0,4068519864,4068519864,00001111,00001110
1773920658470781,0,0,4215333139,4215333139,00001111,00001110
1773920669322701,0,0,3290711032,3290711032,00001111,00001110
1773920678620876,0,0,4215333139,4215333139,00001111,00001110
1773920687316715,0,0,4184681165,4184681165,00001111,00001111
1773920690061754,0,0,4215333139,4215333139,00001111,00001110
1773920693744747,0,0,3255968524,3255968524,00001111,00001110
1773920694332693,0,0,3290711032,3290711032,00001111,00001110
1773920695348905,0,0,4252126103,4252126103,00001111,00001110
1773920696524778,0,0,3961774482,3961774482,00001111,00001111
1773920696847711,0,0,3838311671,3838311671,00001111,00001110
1773920701024725,0,0,3708359432,3708359432,00001111,00001110
1773920926392430,0,0,4068650940,4068650940,00001111,00001110
1773920951418434,0,0,4068650940,4068650940,00001111,00001110
1773920951644860,0,0,3756425029,3756425029,00001111,00001110
1773920999551407,0,0,3382280218,3382280218,00001111,00001110
1773921019661401,0,0,3782564373,3782564373,00001111,00001111
1773921024557448,0,0,3382280218,3382280218,00001111,00001110
1773921183346799,0,0,3986800056,3986800056,00001111,00001111
1773921208446720,0,0,3986800056,3986800056,00001111,00001111
1773921322094197,0,0,3379677429,3379677429,00001111,00001110
1773921326400250,0,0,3794134216,3794134216,00001111,00001110
1773921339836198,0,0,4112011357,4112011357,00001111,00001110
1773921342172937,0,0,3442968170,3442968170,00001111,00001111
1773921347120150,0,0,3379677429,3379677429,00001111,00001110
1773921347340893,0,0,3794134216,3794134216,00001111,00001110
1773921645013441,0,0,4252883797,4252883797,00001111,00001110
1773921658845378,0,0,3567829639,3567829639,00001111,00001110
1773921668429342,0,0,4148413892,4148413892,00001111,00001110
1773921670119391,0,0,4252883797,4252883797,00001111,00001110
1773921670853241,0,0,4247956506,4247956506,00001111,00001111
1773921672763326,0,0,4161628748,4161628748,00001111,00001111
1773921680841258,0,0,4252883797,4252883797,00001111,00001110
1773921683387244,0,0,4161628748,4161628748,00001111,00001111
1773921683862243,0,0,3567829639,3567829639,00001111,00001110
1773921927378144,0,0,4069764889,4069764889,00001111,00001110
1773921939288098,0,0,3757539164,3757539164,00001111,00001110
1773921940897035,0,0,3767846127,3767846127,00001111,00001111
1773921944483156,0,0,4020121118,4020121118,00001111,00001110
1773921952396010,0,0,4069764889,4069764889,00001111,00001110
1773921974125023,0,0,3763580505,3763580505,00001111,00001111
1773921977396920,0,0,3496606970,3496606970,00001111,00001110
1773921978156968,0,0,4102148263,4102148263,00001111,00001110
1773921989845942,0,0,3496606970,3496606970,00001111,00001110
1773921994001877,0,0,3307646381,3307646381,00001111,00001110
1773921999180895,0,0,3763580505,3763580505,00001111,00001111
1773922000120839,0,0,3311093297,3311093297,00001111,00001111
1773922003142844,0,0,4102148263,4102148263,00001111,00001110
1773922008357939,0,0,3260326462,3260326462,00001111,00001110
1773922010850849,0,0,4051220502,4051220502,00001111,00001111
1773922265893649,0,0,4069830569,4069830569,00001111,00001110
1773922314192715,0,0,3916214352,3916214352,00001111,00001111
1773922315448609,0,0,4117642758,4117642758,00001111,00001110
1773922316046618,0,0,3549292736,3549292736,00001111,00001110
1773922322393647,0,0,3926599390,3926599390,00001111,00001111
1773922326568666,0,0,3239040742,3239040742,00001111,00001111
1773922339336614,0,0,3916214352,3916214352,00001111,00001111
1773922340470645,0,0,4117642758,4117642758,00001111,00001110
1773922341078520,0,0,3549292736,3549292736,00001111,00001110
1773922342634657,0,0,3272113197,3272113197,00001111,00001110
1773922604901486,0,0,3601557874,3601557874,00001111,00001111
1773922641224070,0,0,3291480695,3291480695,00001111,00001110
1773922641847967,0,0,3822716720,3822716720,00001111,00001110
1773922646725880,0,0,3222492724,3222492724,00001111,00001111
1773922651396922,0,0,3984225285,3984225285,00001111,00001110
1773922651673781,0,0,3961026677,3961026677,00001111,00001110
1773922661177871,0,0,3222492724,3222492724,00001111,00001111
1773922661451919,0,0,3822716720,3822716720,00001111,00001110
1773922671428931,0,0,3984225285,3984225285,00001111,00001110
1773922851223989,0,0,4209190736,4209190736,00001111,00001110
1773922871097983,0,0,4209190736,4209190736,00001111,00001110
1773922897935804,0,0,4070616965,4070616965,00001111,00001110
1773922903599729,0,0,3399641969,3399641969,00001111,00001110
1773922915561835,0,0,3399641969,3399641969,00001111,00001110
1773922922943847,0,0,4070616965,4070616965,00001111,00001110
1773922929213823,0,0,3399641969,3399641969,00001111,00001110
1773922967537573,0,0,4075645409,4075645409,00001111,00001110
1773922968679584,0,0,3949614147,3949614147,00001111,00001110
1773922992581430,0,0,4075645409,4075645409,00001111,00001110
1773922992804836,0,0,3480098152,3480098152,00001111,00001111
1773922993685474,0,0,3949614147,3949614147,00001111,00001110
1773923226567541,0,0,4070747943,4070747943,00001111,00001110
1773923251569521,0,0,4070747943,4070747943,00001111,00001110
1773923264265552,0,0,4070747943,4070747943,00001111,00001110
1773923292099654,0,0,4068471950,4068471950,00001111,00001110
1773923300223733,0,0,4177947665,4177947665,00001111,00001110
1773923300985741,0,0,3723480206,3723480206,00001111,00001110
1773923317149682,0,0,4068471950,4068471950,00001111,00001110
1773923323573704,0,0,3242850982,3242850982,00001111,00001111
1773923325215651,0,0,4177947665,4177947665,00001111,00001110
1773923325997643,0,0,3723480206,3723480206,00001111,00001110
1773923332476631,0,0,3345552505,3345552505,00001111,00001111
1773923617620102,0,0,4106582503,4106582503,00001111,00001110
1773923627528151,0,0,4064123866,4064123866,00001111,00001110
1773923637674205,0,0,4106582503,4106582503,00001111,00001110
1773923640838192,0,0,3228584423,3228584423,00001111,00001111
1773923647448239,0,0,4064123866,4064123866,00001111,00001110
1773923660684191,0,0,3324210618,3324210618,00001111,00001110
1773923881855691,0,0,4071468963,4071468963,00001111,00001110
1773923901737575,0,0,4071468963,4071468963,00001111,00001110
1773923957651160,0,0,3271330321,3271330321,00001111,00001110
1773923958935240,0,0,4246548737,4246548737,00001111,00001110
1773923966353153,0,0,3695497186,3695497186,00001111,00001111
1773923982665158,0,0,3271330321,3271330321,00001111,00001110
1773924214107189,0,0,4071600035,4071600035,00001111,00001110
1773924239103235,0,0,4071600035,4071600035,00001111,00001110
1773924281349781,0,0,3997964486,3997964486,00001111,00001110
1773924291076741,0,0,3695485472,3695485472,00001111,00001110
1773924306362697,0,0,3997964486,3997964486,00001111,00001110
1773924316108704,0,0,3695485472,3695485472,00001111,00001110
1773924618115374,0,0,3652855626,3652855626,00001111,00001110
1773924643121323,0,0,3652855626,3652855626,00001111,00001110
1773924644063341,0,0,4117792850,4117792850,00001111,00001111
1773924644286127,0,0,3271606635,3271606635,00001111,00001110
1773924869876164,0,0,4072386309,4072386309,00001111,00001110
1773924888139448,0,0,4072386309,4072386309,00001111,00001110
1773924939394091,0,0,3951360760,3951360760,00001111,00001110
1773924952578085,0,0,3951360760,3951360760,00001111,00001110
1773924967290037,0,0,3974152410,3974152410,00001111,00001111
1773924968589057,0,0,3257075434,3257075434,00001111,00001110
1773924976759993,0,0,3390626029,3390626029,00001111,00001111
1773925199947286,0,0,4072452011,4072452011,00001111,00001110
1773925224953230,0,0,4072452011,4072452011,00001111,00001110
1773925225593244,0,0,3645591740,3645591740,00001111,00001111
1773925237565273,0,0,4072452011,4072452011,00001111,00001110
1773925268498016,0,0,3703236303,3703236303,00001111,00001110
1773925283447951,0,0,3225570791,3225570791,00001111,00001111
1773925293505934,0,0,3703236303,3703236303,00001111,00001110
1773925299821953,0,0,3678751347,3678751347,00001111,00001110
1773925536488858,0,0,3489955784,3489955784,00001111,00001110
1773925554870947,0,0,3489955784,3489955784,00001111,00001110
1773925590965813,0,0,3886176180,3886176180,00001111,00001110
1773925600973799,0,0,3581215081,3581215081,00001111,00001110
1773925614218031,0,0,3357389359,3357389359,00001111,00001111
1773925614755889,0,0,3979271493,3979271493,00001111,00001110
1773925615983950,0,0,3886176180,3886176180,00001111,00001110
1773925625989867,0,0,3581215081,3581215081,00001111,00001110
1773925857754082,0,0,4073238308,4073238308,00001111,00001110
1773925882756050,0,0,4073238308,4073238308,00001111,00001110
1773925920213557,0,0,3831141977,3831141977,00001111,00001111
1773925925767621,0,0,3282460560,3282460560,00001111,00001110
1773925939979693,0,0,3831141977,3831141977,00001111,00001111
1773925950021601,0,0,3282460560,3282460560,00001111,00001110
1773925950244913,0,0,3794119562,3794119562,00001111,00001110
1773925959967636,0,0,3831141977,3831141977,00001111,00001111
1773926187472650,0,0,4073369371,4073369371,00001111,00001110
1773926212476678,0,0,4073369371,4073369371,00001111,00001110
1773926518428353,0,0,4073631638,4073631638,00001111,00001110
1773926523250198,0,0,3493166952,3493166952,00001111,00001110
1773926543268945,0,0,3493166952,3493166952,00001111,00001110
1773926543500930,0,0,4073631638,4073631638,00001111,00001110
1773926584871796,0,0,3277371967,3277371967,00001111,00001110
1773926596297860,0,0,3785834382,3785834382,00001111,00001111
1773926609901776,0,0,3277371967,3277371967,00001111,00001110
1773926617957843,0,0,4049947467,4049947467,00001111,00001110
1773926621693797,0,0,3785834382,3785834382,00001111,00001111
1773926861978821,0,0,3494018943,3494018943,00001111,00001110
1773926881874815,0,0,3494018943,3494018943,00001111,00001110
1773926906439446,0,0,4038432803,4038432803,00001111,00001110
1773926909701431,0,0,3550218748,3550218748,00001111,00001111
1773926919649375,0,0,3276299263,3276299263,00001111,00001110
1773926926255493,0,0,4038432803,4038432803,00001111,00001110
1773926935003361,0,0,3550218748,3550218748,00001111,00001111
1773926937142532,0,0,3781883145,3781883145,00001111,00001110
1773926944661471,0,0,3276299263,3276299263,00001111,00001110
1773927172743173,0,0,4074352439,4074352439,00001111,00001110
1773927190245201,0,0,4074352439,4074352439,00001111,00001110
1773927501386534,0,0,4074483500,4074483500,00001111,00001110
1773927526428438,0,0,4074483500,4074483500,00001111,00001110
1773927568620100,0,0,4277640237,4277640237,00001111,00001110
1773927569244163,0,0,3578898473,3578898473,00001111,00001110
1773927572606235,0,0,3754071280,3754071280,00001111,00001111
1773927593568161,0,0,4277640237,4277640237,00001111,00001110
1773927594259052,0,0,3578898473,3578898473,00001111,00001110
1773927595381086,0,0,3574730098,3574730098,00001111,00001111
1773927597792134,0,0,3754071280,3754071280,00001111,00001111
1773927830998772,0,0,4074745633,4074745633,00001111,00001110
1773927856002752,0,0,4074745633,4074745633,00001111,00001110
1773927867896727,0,0,3494281071,3494281071,00001111,00001110
1773927886662013,0,0,3656644150,3656644150,00001111,00001111
1773927892289896,0,0,3496981548,3496981548,00001111,00001110
1773927892516930,0,0,3601648261,3601648261,00001111,00001110
1773927911907849,0,0,3656644150,3656644150,00001111,00001111
1773927917295914,0,0,3496981548,3496981548,00001111,00001110
1773927917297886,0,0,3601648261,3601648261,00001111,00001110
1773928221069786,0,0,3951496566,3951496566,00001111,00001110
1773928228894678,0,0,3666056949,3666056949,00001111,00001111
1773928234208744,0,0,3572064711,3572064711,00001111,00001110
1773928250936684,0,0,3572064711,3572064711,00001111,00001110
1773928254268904,0,0,3666056949,3666056949,00001111,00001111
1773928487169016,0,0,4075401021,4075401021,00001111,00001110
1773928512190922,0,0,4075401021,4075401021,00001111,00001110
1773928525306985,0,0,4075401021,4075401021,00001111,00001110
1773928558844909,0,0,3968286079,3968286079,00001111,00001110
1773928573768798,0,0,3514465718,3514465718,00001111,00001111
1773928575363866,0,0,4165857412,4165857412,00001111,00001110
1773928583856836,0,0,3968286079,3968286079,00001111,00001110
1773928589806905,0,0,3514465718,3514465718,00001111,00001111
1773928591356855,0,0,4057852446,4057852446,00001111,00001111
1773928814115605,0,0,4075532042,4075532042,00001111,00001110
1773928833997576,0,0,4075532042,4075532042,00001111,00001110
1773928848147526,0,0,3495067632,3495067632,00001111,00001110
1773928888589601,0,0,4058927010,4058927010,00001111,00001110
1773928888991537,0,0,3489981100,3489981100,00001111,00001110
1773928908375650,0,0,4058927010,4058927010,00001111,00001110
1773928908596910,0,0,3489981100,3489981100,00001111,00001110
1773928918267640,0,0,3813219140,3813219140,00001111,00001111
1773929157132062,0,0,4075728799,4075728799,00001111,00001110
1773929166754002,0,0,3343765831,3343765831,00001111,00001111
1773929182147920,0,0,4075728799,4075728799,00001111,00001110
1773929217333723,0,0,4218975110,4218975110,00001111,00001111
1773929221039717,0,0,3819132336,3819132336,00001111,00001110
1773929246045688,0,0,3819132336,3819132336,00001111,00001110
1773929545489491,0,0,3262748798,3262748798,00001111,00001110
1773929555861428,0,0,3377992564,3377992564,00001111,00001111
1773929570537453,0,0,3262748798,3262748798,00001111,00001110
1773929573181506,0,0,3694729489,3694729489,00001111,00001111
1773929803542729,0,0,4076384129,4076384129,00001111,00001110
1773929824329633,0,0,3483056875,3483056875,00001111,00001111
1773929828566720,0,0,4076384129,4076384129,00001111,00001110
1773929840398613,0,0,4076384129,4076384129,00001111,00001110
1773929868195643,0,0,3801323213,3801323213,00001111,00001111
1773929871241537,0,0,3587801094,3587801094,00001111,00001110
1773929874472916,0,0,3691220064,3691220064,00001111,00001110
1773929879891593,0,0,4029387295,4029387295,00001111,00001111
1773929893285526,0,0,3801323213,3801323213,00001111,00001111
1773929896241575,0,0,3587801094,3587801094,00001111,00001110
1773929899463415,0,0,3691220064,3691220064,00001111,00001110
1773930132094529,0,0,4076515104,4076515104,00001111,00001110
1773930157116509,0,0,4076515104,4076515104,00001111,00001110
1773930169238504,0,0,4076515104,4076515104,00001111,00001110
1773930203806017,0,0,3499845059,3499845059,00001111,00001110
1773930217510055,0,0,3827453912,3827453912,00001111,00001110
1773930228839966,0,0,3499845059,3499845059,00001111,00001110
1773930534276382,0,0,4277327533,4277327533,00001111,00001110
1773930538798338,0,0,4000493074,4000493074,00001111,00001110
1773930543888244,0,0,3559512217,3559512217,00001111,00001111
1773930552224266,0,0,4277327533,4277327533,00001111,00001110
1773930563848323,0,0,4000493074,4000493074,00001111,00001110
1773930847897903,0,0,3817101644,3817101644,00001111,00001111
1773930873273855,0,0,3817101644,3817101644,00001111,00001111
1773930876029799,0,0,3250564178,3250564178,00001111,00001110
1773930891273860,0,0,3250564178,3250564178,00001111,00001110
1773931118660303,0,0,4077367180,4077367180,00001111,00001110
1773931143662153,0,0,4077367180,4077367180,00001111,00001110
1773931200405098,0,0,4139124684,4139124684,00001111,00001111
1773931205193048,0,0,3506070847,3506070847,00001111,00001111
1773931209855678,0,0,3531242933,3531242933,00001111,00001111
1773931444557250,0,0,4077432767,4077432767,00001111,00001110
1773931464439315,0,0,4077432767,4077432767,00001111,00001110
1773931484441194,0,0,4077432767,4077432767,00001111,00001110
1773931507603964,0,0,3485685600,3485685600,00001111,00001111
1773931519252030,0,0,3465821021,3465821021,00001111,00001110
1773931530665971,0,0,4247060801,4247060801,00001111,00001110
1773931532794021,0,0,3485685600,3485685600,00001111,00001111
1773931536763905,0,0,3642750654,3642750654,00001111,00001111
1773931538860012,0,0,3465821021,3465821021,00001111,00001110
1773931812657698,0,0,3987641004,3987641004,00001111,00001111
1773931847637348,0,0,3596815722,3596815722,00001111,00001110
1773931848859253,0,0,3633229387,3633229387,00001111,00001110
1773931856191319,0,0,3661652431,3661652431,00001111,00001110
1773931860761319,0,0,3260602597,3260602597,00001111,00001111
1773931872649416,0,0,3596815722,3596815722,00001111,00001110
1773931873871382,0,0,3633229387,3633229387,00001111,00001110
1773932176474855,0,0,3808431144,3808431144,00001111,00001110
1773932178439848,0,0,3973445887,3973445887,00001111,00001110
1773932196341855,0,0,3973445887,3973445887,00001111,00001110
1773932196564985,0,0,3808431144,3808431144,00001111,00001110
1773932494745945,0,0,3853025846,3853025846,00001111,00001110
1773932494972882,0,0,4110674942,4110674942,00001111,00001110
1773932514625853,0,0,3853025846,3853025846,00001111,00001110
1773932514635847,0,0,4110674942,4110674942,00001111,00001110
1773932514861094,0,0,3264482143,3264482143,00001111,00001110
1773932519561899,0,0,3947267148,3947267148,00001111,00001111
1773932534588895,0,0,3853025846,3853025846,00001111,00001110
1773932536057919,0,0,4110674942,4110674942,00001111,00001110
1773932536645890,0,0,3272027330,3272027330,00001111,00001111
1773932824148028,0,0,3362396163,3362396163,00001111,00001110
1773932824193911,0,0,3266825439,3266825439,00001111,00001110
1773932827413949,0,0,3393855350,3393855350,00001111,00001110
1773932832614009,0,0,3234209263,3234209263,00001111,00001111
1773932849154981,0,0,3266825439,3266825439,00001111,00001110
1773932849388867,0,0,3362396163,3362396163,00001111,00001110
1773932852452873,0,0,3393855350,3393855350,00001111,00001110
1773932856347042,0,0,3547313770,3547313770,00001111,00001111
1773932863415032,0,0,3372418184,3372418184,00001111,00001111
1773933091472476,0,0,4078808870,4078808870,00001111,00001110
1773933116514420,0,0,4078808870,4078808870,00001111,00001110
1773933118278521,0,0,4165950763,4165950763,00001111,00001111
1773933128350543,0,0,4078808870,4078808870,00001111,00001110
1773933152844706,0,0,3992490608,3992490608,00001111,00001110
1773933153085024,0,0,3960842087,3960842087,00001111,00001110
1773933158929616,0,0,3497445100,3497445100,00001111,00001110
1773933160991718,0,0,3641184920,3641184920,00001111,00001111
1773933174152765,0,0,3960842087,3960842087,00001111,00001110
1773933178063799,0,0,4145229584,4145229584,00001111,00001111
1773933182507796,0,0,3917240385,3917240385,00001111,00001110
1773933183929696,0,0,3497445100,3497445100,00001111,00001110
1773933186231673,0,0,3641184920,3641184920,00001111,00001111
1773933194201707,0,0,3960842087,3960842087,00001111,00001110
1773933423986158,0,0,4078874522,4078874522,00001111,00001110
1773933449028120,0,0,4078874522,4078874522,00001111,00001110
1773933488694663,0,0,3664938907,3664938907,00001111,00001111
1773933494452730,0,0,3316258981,3316258981,00001111,00001110
1773933509818671,0,0,3424668656,3424668656,00001111,00001110
1773933513920692,0,0,3664938907,3664938907,00001111,00001111
1773933521362736,0,0,3424668656,3424668656,00001111,00001110
1773933521599617,0,0,3616765380,3616765380,00001111,00001110
1773933524748629,0,0,3329249713,3329249713,00001111,00001111
1773933746450837,0,0,4079136553,4079136553,00001111,00001110
1773933766336669,0,0,4079136553,4079136553,00001111,00001110
1773933766557923,0,0,4292760127,4292760127,00001111,00001110
1773933786326567,0,0,4079136553,4079136553,00001111,00001110
1773933786548884,0,0,4292760127,4292760127,00001111,00001110
1773933789698524,0,0,4166671757,4166671757,00001111,00001111
1773933811122857,0,0,3432150307,3432150307,00001111,00001111
1773933815560763,0,0,3287083728,3287083728,00001111,00001110
1773933818142723,0,0,3356787316,3356787316,00001111,00001110
1773933825966763,0,0,3479414222,3479414222,00001111,00001111
1773933836290679,0,0,3432150307,3432150307,00001111,00001111
1773933840616572,0,0,3287083728,3287083728,00001111,00001110
1773933843158614,0,0,3356787316,3356787316,00001111,00001110
1773933843560554,0,0,3311972781,3311972781,00001111,00001110
1773933851312568,0,0,3479414222,3479414222,00001111,00001111
1773934076591928,0,0,4079529791,4079529791,00001111,00001110
1773934094835813,0,0,4166737170,4166737170,00001111,00001111
1773934095125759,0,0,3495854019,3495854019,00001111,00001110
1773934101601855,0,0,4079529791,4079529791,00001111,00001110
1773934105111759,0,0,4292891170,4292891170,00001111,00001110
1773934115211683,0,0,3495854019,3495854019,00001111,00001110
1773934144413382,0,0,4237266643,4237266643,00001111,00001111
1773934149603208,0,0,3567524615,3567524615,00001111,00001110
1773934158115250,0,0,4015542830,4015542830,00001111,00001111
1773934159926212,0,0,4154754455,4154754455,00001111,00001110
1773934169757241,0,0,4237266643,4237266643,00001111,00001111
1773934174620944,0,0,3567524615,3567524615,00001111,00001110
1773934183181195,0,0,4015542830,4015542830,00001111,00001111
1773934406744881,0,0,4079595455,4079595455,00001111,00001110
1773934431746760,0,0,4079595455,4079595455,00001111,00001110
1773934433408791,0,0,4166999299,4166999299,00001111,00001111
1773934437797893,0,0,4166999299,4166999299,00001111,00001111
1773934443810783,0,0,4079595455,4079595455,00001111,00001110
1773934468407261,0,0,3708183173,3708183173,00001111,00001110
1773934473536838,0,0,3670085897,3670085897,00001111,00001110
1773934476116201,0,0,3762610844,3762610844,00001111,00001110
1773934488159156,0,0,3708183173,3708183173,00001111,00001110
1773934488389868,0,0,3670085897,3670085897,00001111,00001110
1773934497328180,0,0,4252216858,4252216858,00001111,00001111
1773934501092124,0,0,3762610844,3762610844,00001111,00001110
1773934506316889,0,0,3909392414,3909392414,00001111,00001111
1773934508208150,0,0,3670085897,3670085897,00001111,00001110
1773934797077609,0,0,3589077640,3589077640,00001111,00001110
1773934797354587,0,0,3627004755,3627004755,00001111,00001110
1773934799132632,0,0,4008561217,4008561217,00001111,00001111
1773934802456489,0,0,3418724376,3418724376,00001111,00001110
1773934803738609,0,0,3712847969,3712847969,00001111,00001110
1773934807046626,0,0,3592181886,3592181886,00001111,00001110
1773934809096596,0,0,3355501385,3355501385,00001111,00001111
1773934810713548,0,0,3589077640,3589077640,00001111,00001110
1773934817652599,0,0,3895527468,3895527468,00001111,00001110
1773934821854589,0,0,3589077640,3589077640,00001111,00001110
1773934823887543,0,0,3945597724,3945597724,00001111,00001111
1773934824500498,0,0,4008561217,4008561217,00001111,00001111
1773934826938492,0,0,3418724376,3418724376,00001111,00001110
1773934826960472,0,0,3592181886,3592181886,00001111,00001110
1773934828762436,0,0,3712847969,3712847969,00001111,00001110
1773934834353472,0,0,3355501385,3355501385,00001111,00001111
1773934837157888,0,0,3895527468,3895527468,00001111,00001110
1773935091457575,0,0,3499589610,3499589610,00001111,00001110
1773935125145837,0,0,3504374349,3504374349,00001111,00001110
1773935128812795,0,0,3775534752,3775534752,00001111,00001111
1773935135817849,0,0,3504374349,3504374349,00001111,00001110
1773935136036876,0,0,3927858242,3927858242,00001111,00001110
1773935153648901,0,0,3377688494,3377688494,00001111,00001111
1773935154162825,0,0,3775534752,3775534752,00001111,00001111
1773935157954831,0,0,4078775108,4078775108,00001111,00001111
1773935160860915,0,0,3927858242,3927858242,00001111,00001110
1773935162561830,0,0,3504374349,3504374349,00001111,00001110
1773935418498459,0,0,4167261465,4167261465,00001111,00001111
1773935422660377,0,0,4167261465,4167261465,00001111,00001111
1773935426834450,0,0,4167261465,4167261465,00001111,00001111
1773935464600356,0,0,3564605436,3564605436,00001111,00001110
1773935465482428,0,0,4044305677,4044305677,00001111,00001110
1773935469984384,0,0,4052576738,4052576738,00001111,00001110
1773935474814421,0,0,4131069848,4131069848,00001111,00001110
1773935476644478,0,0,3609349616,3609349616,00001111,00001111
1773935484042477,0,0,4144525942,4144525942,00001111,00001111
1773935490478380,0,0,4044305677,4044305677,00001111,00001110
1773935494488412,0,0,4131069848,4131069848,00001111,00001110
1773935494940844,0,0,3254433308,3254433308,00001111,00001110
1773935495156908,0,0,4052576738,4052576738,00001111,00001110
1773935720910297,0,0,4080709536,4080709536,00001111,00001110
1773935723774301,0,0,3614861794,3614861794,00001111,00001111
1773935742618302,0,0,3348746598,3348746598,00001111,00001111
1773935745922288,0,0,4080709536,4080709536,00001111,00001110
1773935758908247,0,0,4080709536,4080709536,00001111,00001110
1773935777684993,0,0,3797205901,3797205901,00001111,00001111
1773935788060979,0,0,3408787786,3408787786,00001111,00001111
1773935791878937,0,0,4086090400,4086090400,00001111,00001110
1773935794865919,0,0,4089717971,4089717971,00001111,00001110
1773935802782908,0,0,3797205901,3797205901,00001111,00001111
1773935803304918,0,0,4086090400,4086090400,00001111,00001110
1773935808280965,0,0,3867079809,3867079809,00001111,00001111
1773935813681002,0,0,3593862111,3593862111,00001111,00001110
1773935820276974,0,0,3563042413,3563042413,00001111,00001111
1773935823291948,0,0,4086090400,4086090400,00001111,00001110
1773935823568869,0,0,3241703791,3241703791,00001111,00001110
1773935823906860,0,0,4089717971,4089717971,00001111,00001110
1773936049726061,0,0,4080840481,4080840481,00001111,00001110
1773936051968988,0,0,3532170639,3532170639,00001111,00001111
1773936064016924,0,0,3532170639,3532170639,00001111,00001111
1773936071324015,0,0,3348943210,3348943210,00001111,00001111
1773936074747961,0,0,4080840481,4080840481,00001111,00001110
1773936117108381,0,0,4053985617,4053985617,00001111,00001110
1773936119251441,0,0,4250597878,4250597878,00001111,00001110
1773936123404373,0,0,3317087830,3317087830,00001111,00001110
1773936127644385,0,0,4053985617,4053985617,00001111,00001110
1773936128466393,0,0,3913603357,3913603357,00001111,00001111
1773936136368344,0,0,3456808911,3456808911,00001111,00001111
1773936136590059,0,0,4279364248,4279364248,00001111,00001111
1773936142325406,0,0,4053985617,4053985617,00001111,00001110
1773936144277288,0,0,4250597878,4250597878,00001111,00001110
1773936148428330,0,0,3317087830,3317087830,00001111,00001110
1773936153604909,0,0,3913603357,3913603357,00001111,00001111
1773936154268356,0,0,3245615666,3245615666,00001111,00001110
1773936370730687,0,0,3617286473,3617286473,00001111,00001111
1773936395824545,0,0,3617286473,3617286473,00001111,00001111
1773936411493903,0,0,3532432686,3532432686,00001111,00001111
1773936435068884,0,0,3475377806,3475377806,00001111,00001111
1773936445215062,0,0,3308153969,3308153969,00001111,00001111
1773936450487003,0,0,3298215332,3298215332,00001111,00001110
1773936454042956,0,0,3730633713,3730633713,00001111,00001111
1773936460127031,0,0,3475377806,3475377806,00001111,00001111
1773936460800080,0,0,3417135416,3417135416,00001111,00001110
1773936470524998,0,0,3308153969,3308153969,00001111,00001111
1773936473052974,0,0,3781307654,3781307654,00001111,00001111
1773936479331958,0,0,3730633713,3730633713,00001111,00001111
1773936731843223,0,0,4108074999,4108074999,00001111,00001110
1773936740873242,0,0,3617810899,3617810899,00001111,00001111
1773936744851260,0,0,4108074999,4108074999,00001111,00001110
1773936747625705,0,0,3532694847,3532694847,00001111,00001111
1773936763557388,0,0,3495662993,3495662993,00001111,00001111
1773936781403450,0,0,3408340068,3408340068,00001111,00001111
1773936786285505,0,0,3762389960,3762389960,00001111,00001110
1773936794531318,0,0,3408753580,3408753580,00001111,00001111
1773936800660408,0,0,3495662993,3495662993,00001111,00001111
1773936806535415,0,0,3408340068,3408340068,00001111,00001111
1773936809179412,0,0,3762389960,3762389960,00001111,00001110
1773936811697376,0,0,3495662993,3495662993,00001111,00001111
1773937036420523,0,0,4081757996,4081757996,00001111,00001110
1773937042782562,0,0,3532957068,3532957068,00001111,00001111
1773937061428534,0,0,4081757996,4081757996,00001111,00001110
1773937067858405,0,0,3532957068,3532957068,00001111,00001111
1773937093007809,0,0,3443894732,3443894732,00001111,00001111
1773937098255827,0,0,3653772106,3653772106,00001111,00001110
1773937099490681,0,0,3383244905,3383244905,00001111,00001110
1773937104661807,0,0,3527886013,3527886013,00001111,00001111
1773937118119889,0,0,3653772106,3653772106,00001111,00001110
1773937118356921,0,0,3443894732,3443894732,00001111,00001111
1773937122275854,0,0,3928073831,3928073831,00001111,00001111
1773937129987783,0,0,3527886013,3527886013,00001111,00001111
1773937133189795,0,0,3828321811,3828321811,00001111,00001111
1773937137010396,0,0,3346024928,3346024928,00001111,00001111
1773937138160858,0,0,4009787847,4009787847,00001111,00001110
1773937138380866,0,0,4015788883,4015788883,00001111,00001110
1773937362510985,0,0,4081889036,4081889036,00001111,00001110
1773937370491967,0,0,3225886632,3225886632,00001111,00001111
1773937387516898,0,0,4081889036,4081889036,00001111,00001110
1773937395909882,0,0,3225886632,3225886632,00001111,00001111
1773937402418909,0,0,4081889036,4081889036,00001111,00001110
1773937421493307,0,0,3714246492,3714246492,00001111,00001111
1773937434125337,0,0,3706885647,3706885647,00001111,00001110
1773937456731251,0,0,3999322265,3999322265,00001111,00001111
1773937457441247,0,0,3714246492,3714246492,00001111,00001111
1773937459147272,0,0,3706885647,3706885647,00001111,00001110
1773937467017281,0,0,3771016609,3771016609,00001111,00001110
1773937749948698,0,0,4180862840,4180862840,00001111,00001111
1773937755634671,0,0,4193400682,4193400682,00001111,00001110
1773937775328562,0,0,4180862840,4180862840,00001111,00001111
1773937775573929,0,0,4193400682,4193400682,00001111,00001110
1773937775574031,0,0,3783261961,3783261961,00001111,00001110
1773937775592469,0,0,3458767474,3458767474,00001111,00001110
1773937775837983,0,0,3649951545,3649951545,00001111,00001110
1773937777444606,0,0,3714589034,3714589034,00001111,00001111
1773937791167587,0,0,3497973917,3497973917,00001111,00001111
1773938080747211,0,0,3598538775,3598538775,00001111,00001111
1773938084346126,0,0,3243303209,3243303209,00001111,00001110
1773938092074234,0,0,4088071456,4088071456,00001111,00001110
1773938093223967,0,0,3598538775,3598538775,00001111,00001111
1773938104222208,0,0,4088071456,4088071456,00001111,00001110
1773938104748124,0,0,3598538775,3598538775,00001111,00001111
1773938108072190,0,0,3576232617,3576232617,00001111,00001110
1773938115402197,0,0,3598538775,3598538775,00001111,00001111
1773938413128308,0,0,3319564822,3319564822,00001111,00001110
1773938419092330,0,0,4250727041,4250727041,00001111,00001110
1773938432977225,0,0,3319564822,3319564822,00001111,00001110
1773938443001357,0,0,4250727041,4250727041,00001111,00001110
1773938452944285,0,0,3319564822,3319564822,00001111,00001110
1773938453164900,0,0,4168122832,4168122832,00001111,00001110
1773938680648374,0,0,4083003302,4083003302,00001111,00001110
1773938705670268,0,0,4083003302,4083003302,00001111,00001110
1773938717186239,0,0,4083003302,4083003302,00001111,00001110
1773938741042025,0,0,3809619290,3809619290,00001111,00001111
1773938749322103,0,0,3346326203,3346326203,00001111,00001110
1773938766126078,0,0,3809619290,3809619290,00001111,00001111
1773938774340041,0,0,3346326203,3346326203,00001111,00001110
1773939007845391,0,0,4083134363,4083134363,00001111,00001110
1773939032867359,0,0,4083134363,4083134363,00001111,00001110
1773939070545350,0,0,3995125760,3995125760,00001111,00001110
1773939076391279,0,0,3629630692,3629630692,00001111,00001110
1773939080363335,0,0,3727068662,3727068662,00001111,00001110
1773939090301303,0,0,3995125760,3995125760,00001111,00001110
1773939100239320,0,0,3727068662,3727068662,00001111,00001110
1773939101381321,0,0,3629630692,3629630692,00001111,00001110
1773939110223251,0,0,3995125760,3995125760,00001111,00001110
1773939336047146,0,0,4083396410,4083396410,00001111,00001110
1773939346193149,0,0,3869242267,3869242267,00001111,00001111
1773939361057150,0,0,4083396410,4083396410,00001111,00001110
1773939363989073,0,0,3369062848,3369062848,00001111,00001111
1773939429053474,0,0,3441740133,3441740133,00001111,00001110
1773939668485762,0,0,4083789620,4083789620,00001111,00001110
1773939683227808,0,0,4083789620,4083789620,00001111,00001110
1773939736242439,0,0,3407251063,3407251063,00001111,00001110
1773939742444376,0,0,3742285239,3742285239,00001111,00001110
1773939761248291,0,0,3407251063,3407251063,00001111,00001110
1773939769077386,0,0,3742285239,3742285239,00001111,00001110
1773939993476096,0,0,4083855291,4083855291,00001111,00001110
1773940011818163,0,0,4083855291,4083855291,00001111,00001110
1773940060313366,0,0,3341376297,3341376297,00001111,00001110
1773940066413479,0,0,3838047479,3838047479,00001111,00001110
1773940091443446,0,0,3838047479,3838047479,00001111,00001110
1773940097881476,0,0,4150600665,4150600665,00001111,00001110
1773940322347793,0,0,4084117420,4084117420,00001111,00001110
1773940347349898,0,0,4084117420,4084117420,00001111,00001110
1773940358971861,0,0,3254001574,3254001574,00001111,00001111
1773940392833409,0,0,3707133839,3707133839,00001111,00001110
1773940395159624,0,0,3221646376,3221646376,00001111,00001110
1773940401177490,0,0,3629102116,3629102116,00001111,00001110
1773940405059432,0,0,3707133839,3707133839,00001111,00001110
1773940420223463,0,0,3221646376,3221646376,00001111,00001110
1773940426196383,0,0,3629102116,3629102116,00001111,00001110
1773941016692272,0,0,4234223630,4234223630,00001111,00001110
1773941042448446,0,0,3613277375,3613277375,00001111,00001110
1773941052650444,0,0,4276963757,4276963757,00001111,00001110
1773941062332466,0,0,3613277375,3613277375,00001111,00001110
1773941072378428,0,0,4276963757,4276963757,00001111,00001110
1773941082364492,0,0,3613277375,3613277375,00001111,00001110
1773941376544328,0,0,3273917311,3273917311,00001111,00001110
1773941378426189,0,0,4208062697,4208062697,00001111,00001110
1773941391048183,0,0,4208062697,4208062697,00001111,00001110
1773941391292896,0,0,3273917311,3273917311,00001111,00001110
1773941411040186,0,0,4208062697,4208062697,00001111,00001110
1773941641916658,0,0,4085362468,4085362468,00001111,00001110
1773941655338656,0,0,4085362468,4085362468,00001111,00001110
1773941675354640,0,0,4085362468,4085362468,00001111,00001110
1773941707439006,0,0,3919118650,3919118650,00001111,00001110
1773941709520862,0,0,3257205118,3257205118,00001111,00001110
1773941729766891,0,0,3257205118,3257205118,00001111,00001110
1773941732410823,0,0,3919118650,3919118650,00001111,00001110
1773941736572935,0,0,3776809290,3776809290,00001111,00001110
1773941740614834,0,0,4066361242,4066361242,00001111,00001110
1773941988581184,0,0,3372470747,3372470747,00001111,00001111
1773942033221197,0,0,3628232612,3628232612,00001111,00001110
1773942040901079,0,0,3901764475,3901764475,00001111,00001110
1773942058243042,0,0,3628232612,3628232612,00001111,00001110
1773942065904970,0,0,3901764475,3901764475,00001111,00001110
1773942317094067,0,0,3845706088,3845706088,00001111,00001111
1773942322432997,0,0,3589819451,3589819451,00001111,00001110
1773942362870523,0,0,3309253945,3309253945,00001111,00001110
1773942366732604,0,0,3666404041,3666404041,00001111,00001110
1773942386556489,0,0,3666404041,3666404041,00001111,00001110
1773942387778517,0,0,3309253945,3309253945,00001111,00001110
1773942638677956,0,0,4168048046,4168048046,00001111,00001111
1773942642819722,0,0,3845771766,3845771766,00001111,00001111
1773942665395739,0,0,4168048046,4168048046,00001111,00001111
1773942692978429,0,0,4042702435,4042702435,00001111,00001110
1773942705282380,0,0,4042702435,4042702435,00001111,00001110
1773943024107856,0,0,3635936459,3635936459,00001111,00001110
1773943043943892,0,0,3635936459,3635936459,00001111,00001110
1773943307171928,0,0,3736997038,3736997038,00001111,00001111
1773943319498901,0,0,3798085788,3798085788,00001111,00001111
1773943347129477,0,0,4132034762,4132034762,00001111,00001110
1773943352191469,0,0,3868291573,3868291573,00001111,00001110
1773943363053448,0,0,3868291573,3868291573,00001111,00001110
1773943372253924,0,0,4132034762,4132034762,00001111,00001110
1773943681273521,0,0,3453823326,3453823326,00001111,00001110
1773943702696303,0,0,3453823326,3453823326,00001111,00001110
1773943713797489,0,0,3453823326,3453823326,00001111,00001110
1773944008238416,0,0,4096293768,4096293768,00001111,00001110
1773944339738655,0,0,3896015764,3896015764,00001111,00001110
1773944363384726,0,0,3872560693,3872560693,00001111,00001110
1773944364766635,0,0,3896015764,3896015764,00001111,00001110
1773944602293781,0,0,4050323410,4050323410,00001111,00001111
1773944617986717,0,0,3847606653,3847606653,00001111,00001111
1773944658189145,0,0,4241056239,4241056239,00001111,00001110
1773944678033053,0,0,4241056239,4241056239,00001111,00001110
1773944954173890,0,0,3847803207,3847803207,00001111,00001111
1773944994423336,0,0,3532310145,3532310145,00001111,00001110
1773945006905338,0,0,3532310145,3532310145,00001111,00001110
1773945254344113,0,0,4088246174,4088246174,00001111,00001110
1773945275226109,0,0,3847934415,3847934415,00001111,00001111
1773945279348077,0,0,4088246174,4088246174,00001111,00001110
1773945290940018,0,0,4088246174,4088246174,00001111,00001110
1773945582113751,0,0,4088377111,4088377111,00001111,00001110
1773945607115635,0,0,4088377111,4088377111,00001111,00001110
1773945939724617,0,0,3848589795,3848589795,00001111,00001111
1773945989018715,0,0,3761938012,3761938012,00001111,00001110
1773946014074855,0,0,3761938012,3761938012,00001111,00001110
1773946281050761,0,0,3848720832,3848720832,00001111,00001111
1773946316073800,0,0,4152341515,4152341515,00001111,00001110
1773946579827866,0,0,3509751405,3509751405,00001111,00001110
1773946581629825,0,0,3820751664,3820751664,00001111,00001110
1773946604842847,0,0,3509751405,3509751405,00001111,00001110
1773946606655911,0,0,3820751664,3820751664,00001111,00001110
1773946908762441,0,0,4010090771,4010090771,00001111,00001110
1773946908989884,0,0,3802322609,3802322609,00001111,00001110
1773946933788388,0,0,4010090771,4010090771,00001111,00001110
1773946934012893,0,0,3802322609,3802322609,00001111,00001110
1773947227507572,0,0,4179060101,4179060101,00001111,00001110
1773947237549608,0,0,4123392230,4123392230,00001111,00001110
1773947247391589,0,0,4179060101,4179060101,00001111,00001110
1773947257355498,0,0,4123392230,4123392230,00001111,00001110
1773947520442636,0,0,3618072950,3618072950,00001111,00001111
1773947562875424,0,0,4077884495,4077884495,00001111,00001110
1773947565307419,0,0,3904834875,3904834875,00001111,00001110
1773947568673400,0,0,3340367733,3340367733,00001111,00001111
1773947587897383,0,0,4077884495,4077884495,00001111,00001110
1773947590319349,0,0,3904834875,3904834875,00001111,00001110
1773947593076917,0,0,3340367733,3340367733,00001111,00001111
1773947850333334,0,0,3850228184,3850228184,00001111,00001111
1773947901528148,0,0,3558544038,3558544038,00001111,00001111
1773947911988113,0,0,3558544038,3558544038,00001111,00001111
1773948214316442,0,0,3464921053,3464921053,00001111,00001110
1773948224356414,0,0,3512431203,3512431203,00001111,00001111
1773948224358345,0,0,4016773777,4016773777,00001111,00001111
1773948234110488,0,0,3464921053,3464921053,00001111,00001110
1773948237490463,0,0,3512431203,3512431203,00001111,00001111
1773948244064447,0,0,4016773777,4016773777,00001111,00001111
1773948247954450,0,0,3512431203,3512431203,00001111,00001111
1773948487965270,0,0,3590527774,3590527774,00001111,00001110
1773948499131195,0,0,3850555753,3850555753,00001111,00001111
1773948507829252,0,0,3590527774,3590527774,00001111,00001110
1773948562367403,0,0,4277283566,4277283566,00001111,00001111
1773948818378166,0,0,3592362787,3592362787,00001111,00001110
1773948829698127,0,0,3592362787,3592362787,00001111,00001110
1773948842937958,0,0,3592362787,3592362787,00001111,00001110
1773948881200252,0,0,3464565021,3464565021,00001111,00001110
1773948901062174,0,0,3464565021,3464565021,00001111,00001110
1773948908086267,0,0,3763222300,3763222300,00001111,00001110
1773949206265429,0,0,3688472648,3688472648,00001111,00001110
1773949231309405,0,0,3688472648,3688472648,00001111,00001110
1773949494169998,0,0,3592821521,3592821521,00001111,00001110
1773949535261413,0,0,3483406876,3483406876,00001111,00001110
1773949548383386,0,0,3483406876,3483406876,00001111,00001110
1773949568359367,0,0,3483406876,3483406876,00001111,00001110
1773949812987675,0,0,3593018295,3593018295,00001111,00001110
1773949813761693,0,0,4017148285,4017148285,00001111,00001111
1773950186037536,0,0,3630840038,3630840038,00001111,00001111
1773950195999502,0,0,3805716017,3805716017,00001111,00001110
1773950197001501,0,0,3864054490,3864054490,00001111,00001110
1773950205763562,0,0,3630840038,3630840038,00001111,00001111
1773950221027541,0,0,3805716017,3805716017,00001111,00001110
1773950222029483,0,0,3864054490,3864054490,00001111,00001110
1773950225765415,0,0,3630840038,3630840038,00001111,00001111
1773950450392677,0,0,3593280313,3593280313,00001111,00001110
1773950470110796,0,0,3593280313,3593280313,00001111,00001110
1773950475232699,0,0,4017279461,4017279461,00001111,00001111
1773950490388810,0,0,3593280313,3593280313,00001111,00001110
1773950554714070,0,0,3428602930,3428602930,00001111,00001111
1773950779195139,0,0,3593739041,3593739041,00001111,00001110
1773950798955066,0,0,3593739041,3593739041,00001111,00001110
1773950816545018,0,0,4017344974,4017344974,00001111,00001111
1773950818941070,0,0,3593739041,3593739041,00001111,00001110
1773950843468007,0,0,3958023800,3958023800,00001111,00001110
1773950853491931,0,0,3863422234,3863422234,00001111,00001110
1773950863334009,0,0,3958023800,3958023800,00001111,00001110
1773950878537922,0,0,3863422234,3863422234,00001111,00001110
1773950883306005,0,0,3958023800,3958023800,00001111,00001110
1773951117862432,0,0,3593935666,3593935666,00001111,00001110
1773951137726504,0,0,3593935666,3593935666,00001111,00001110
1773951149957391,0,0,3381580282,3381580282,00001111,00001111
1773951179499116,0,0,4251978561,4251978561,00001111,00001110
1773951185343177,0,0,3548558912,3548558912,00001111,00001110
1773951202093174,0,0,3548558912,3548558912,00001111,00001110
1773951204507106,0,0,4251978561,4251978561,00001111,00001110
1773951439565399,0,0,3594132394,3594132394,00001111,00001110
1773951456539432,0,0,3594132394,3594132394,00001111,00001110
1773951476555333,0,0,3594132394,3594132394,00001111,00001110
1773951519240475,0,0,4026867980,4026867980,00001111,00001110
1773951541126532,0,0,3593262376,3593262376,00001111,00001111
1773951544268469,0,0,4026867980,4026867980,00001111,00001110
1773951837354812,0,0,3819099824,3819099824,00001111,00001110
1773951862376804,0,0,3819099824,3819099824,00001111,00001110
1773952166893598,0,0,3905412283,3905412283,00001111,00001110
1773952191937713,0,0,3905412283,3905412283,00001111,00001110
1773952446337883,0,0,3361853915,3361853915,00001111,00001111
1773952493336751,0,0,4091713056,4091713056,00001111,00001110
1773952503237721,0,0,3964923024,3964923024,00001111,00001110
1773952514260808,0,0,3964923024,3964923024,00001111,00001110
1773952518344832,0,0,4091713056,4091713056,00001111,00001110
1773952775922366,0,0,3362115949,3362115949,00001111,00001111
1773952795320352,0,0,3362115949,3362115949,00001111,00001111
1773952822912983,0,0,3571800455,3571800455,00001111,00001110
1773952825814954,0,0,3542574511,3542574511,00001111,00001110
1773952847916835,0,0,3571800455,3571800455,00001111,00001110
1773952850838905,0,0,3542574511,3542574511,00001111,00001110
1773953080333690,0,0,3578441531,3578441531,00001111,00001110
1773953105343628,0,0,3578441531,3578441531,00001111,00001110
1773953121160776,0,0,3383087612,3383087612,00001111,00001111
1773953151259408,0,0,4279381763,4279381763,00001111,00001110
1773953176277432,0,0,4279381763,4279381763,00001111,00001110
1773953430324351,0,0,3853898207,3853898207,00001111,00001111
1773953473569357,0,0,3917183575,3917183575,00001111,00001111
1773953483605297,0,0,3824615152,3824615152,00001111,00001110
1773953493287263,0,0,3917183575,3917183575,00001111,00001111
1773953494749308,0,0,3824615152,3824615152,00001111,00001110
1773953809818058,0,0,3336563925,3336563925,00001111,00001110
1773953816260111,0,0,3812269663,3812269663,00001111,00001110
1773953834824130,0,0,3336563925,3336563925,00001111,00001110
1773953841274135,0,0,3812269663,3812269663,00001111,00001110
1773954088850601,0,0,3417952626,3417952626,00001111,00001111
1773954145182199,0,0,4001045842,4001045842,00001111,00001110
1773954170198135,0,0,4001045842,4001045842,00001111,00001110
1773954400240329,0,0,3626527230,3626527230,00001111,00001111
1773954469732749,0,0,3553314176,3553314176,00001111,00001110
1773954489554701,0,0,3553314176,3553314176,00001111,00001110
1773954795496580,0,0,3957048504,3957048504,00001111,00001110
1773954800520589,0,0,3693713504,3693713504,00001111,00001110
1773954820580887,0,0,3957048504,3957048504,00001111,00001110
1773954825700923,0,0,3693713504,3693713504,00001111,00001110
1773955076134431,0,0,3418345928,3418345928,00001111,00001111
1773955123748444,0,0,3608553259,3608553259,00001111,00001110
1773955137232412,0,0,3450437662,3450437662,00001111,00001110
1773955148764368,0,0,3608553259,3608553259,00001111,00001110
1773955157066377,0,0,3450437662,3450437662,00001111,00001110
1773955786746373,0,0,3785281202,3785281202,00001111,00001110
1773955786972891,0,0,3511027565,3511027565,00001111,00001110
1773955811752350,0,0,3785281202,3785281202,00001111,00001110
1773955811972893,0,0,3511027565,3511027565,00001111,00001110
1773956059955840,0,0,3855274313,3855274313,00001111,00001111
1773956109318631,0,0,4010426131,4010426131,00001111,00001110
1773956113711564,0,0,4104860969,4104860969,00001111,00001110
1773956113948854,0,0,4293180012,4293180012,00001111,00001110
1773956134332553,0,0,4010426131,4010426131,00001111,00001110
1773956138810574,0,0,4293180012,4293180012,00001111,00001110
1773956394134307,0,0,3855471066,3855471066,00001111,00001111
1773956449777984,0,0,3668525449,3668525449,00001111,00001110
1773956462260021,0,0,3668525449,3668525449,00001111,00001110
1773956718339512,0,0,3855536594,3855536594,00001111,00001111
1773956771340886,0,0,4160415460,4160415460,00001111,00001110
1773956782661330,0,0,4245559105,4245559105,00001111,00001110
1773956796349905,0,0,4160415460,4160415460,00001111,00001110
1773957057471334,0,0,3385905617,3385905617,00001111,00001111
1773957098145328,0,0,4039284259,4039284259,00001111,00001110
1773957119629418,0,0,4039284259,4039284259,00001111,00001110
1773957354044460,0,0,3580866486,3580866486,00001111,00001110
1773957378846381,0,0,4155167092,4155167092,00001111,00001111
1773957379068896,0,0,3580866486,3580866486,00001111,00001110
1773957393940445,0,0,3580866486,3580866486,00001111,00001110
1773957684310800,0,0,3580932007,3580932007,00001111,00001110
1773957709312724,0,0,3580932007,3580932007,00001111,00001110
1773957754119723,0,0,3944778327,3944778327,00001111,00001110
1773957779143754,0,0,3944778327,3944778327,00001111,00001110
1773958011568241,0,0,3581063092,3581063092,00001111,00001110
1773958035750113,0,0,4181905783,4181905783,00001111,00001111
1773958036572101,0,0,3581063092,3581063092,00001111,00001110
1773958051444198,0,0,3581063092,3581063092,00001111,00001110
1773958079907647,0,0,3775114269,3775114269,00001111,00001110
1773958081789553,0,0,4209870889,4209870889,00001111,00001110
1773958104911587,0,0,3775114269,3775114269,00001111,00001110
1773958106813651,0,0,4209870889,4209870889,00001111,00001110
1773958343381632,0,0,3581259550,3581259550,00001111,00001110
1773958360163611,0,0,3581259550,3581259550,00001111,00001110
1773958361525613,0,0,4181905892,4181905892,00001111,00001111
1773958414661754,0,0,3298782679,3298782679,00001111,00001110
1773958434724877,0,0,3298782679,3298782679,00001111,00001110
1773958671311871,0,0,3581390728,3581390728,00001111,00001110
1773958691372881,0,0,4182036832,4182036832,00001111,00001111
1773958696315887,0,0,3581390728,3581390728,00001111,00001110
1773958754978707,0,0,3783013149,3783013149,00001111,00001110
1773958762550641,0,0,3980096480,3980096480,00001111,00001111
1773958997679073,0,0,3581521809,3581521809,00001111,00001110
1773959018961098,0,0,4182036985,4182036985,00001111,00001111
1773959022683016,0,0,3581521809,3581521809,00001111,00001110
1773959071255233,0,0,3310042425,3310042425,00001111,00001110
1773959075077262,0,0,3653639946,3653639946,00001111,00001110
1773959096261150,0,0,3310042425,3310042425,00001111,00001110
1773959100083127,0,0,3653639946,3653639946,00001111,00001110
1773959399552006,0,0,3266187025,3266187025,00001111,00001110
1773959400214005,0,0,3629289060,3629289060,00001111,00001110
1773959424565988,0,0,3266187025,3266187025,00001111,00001110
1773959425237975,0,0,3629289060,3629289060,00001111,00001110
1773959677650396,0,0,4182168001,4182168001,00001111,00001111
1773959732378219,0,0,3710750817,3710750817,00001111,00001110
1773959732380051,0,0,3250836626,3250836626,00001111,00001110
1773959757384175,0,0,3710750817,3710750817,00001111,00001110
1773959757386077,0,0,3250836626,3250836626,00001111,00001110
1773960005861871,0,0,4182168038,4182168038,00001111,00001111
1773960051108975,0,0,3677635559,3677635559,00001111,00001110
1773960058372993,0,0,3923758266,3923758266,00001111,00001110
1773960076114986,0,0,3677635559,3677635559,00001111,00001110
1773960083396935,0,0,3923758266,3923758266,00001111,00001110
1773960335276819,0,0,4182233552,4182233552,00001111,00001111
1773960383348549,0,0,3525041390,3525041390,00001111,00001110
1773960390930551,0,0,3769255859,3769255859,00001111,00001110
1773960406902547,0,0,3769255859,3769255859,00001111,00001110
1773960408354598,0,0,3525041390,3525041390,00001111,00001110
1773960674475024,0,0,4182298988,4182298988,00001111,00001111
1773960709661784,0,0,3938224697,3938224697,00001111,00001110
1773960711563659,0,0,3842814489,3842814489,00001111,00001110
1773960734665666,0,0,3938224697,3938224697,00001111,00001110
1773960736589601,0,0,3842814489,3842814489,00001111,00001110
1773960998359806,0,0,4182364608,4182364608,00001111,00001111
1773961034429968,0,0,3618269124,3618269124,00001111,00001110
1773961044395961,0,0,3859355994,3859355994,00001111,00001110
1773961054260016,0,0,3618269124,3618269124,00001111,00001110
1773961069473945,0,0,3859355994,3859355994,00001111,00001110
1773961368856662,0,0,3279770111,3279770111,00001111,00001110
1773961372058690,0,0,3991610750,3991610750,00001111,00001110
1773961393862645,0,0,3279770111,3279770111,00001111,00001110
1773961397064621,0,0,3991610750,3991610750,00001111,00001110
1773961651105119,0,0,4182430184,4182430184,00001111,00001111
1773961701007325,0,0,4092826656,4092826656,00001111,00001110
1773961702289305,0,0,4011684243,4011684243,00001111,00001110
1773961721651219,0,0,4092826656,4092826656,00001111,00001110
1773961727315264,0,0,4011684243,4011684243,00001111,00001110
1773961985405474,0,0,3388723683,3388723683,00001111,00001111
1773962031867906,0,0,4256429294,4256429294,00001111,00001110
1773962034449977,0,0,3530487470,3530487470,00001111,00001110
1773962056881872,0,0,4256429294,4256429294,00001111,00001110
1773962059493868,0,0,3530487470,3530487470,00001111,00001110
1773962317449177,0,0,3421491669,3421491669,00001111,00001111
1773962355061969,0,0,3538973633,3538973633,00001111,00001110
1773962359583974,0,0,3609502251,3609502251,00001111,00001110
1773962380067882,0,0,3538973633,3538973633,00001111,00001110
1773962384589957,0,0,3609502251,3609502251,00001111,00001110
1773962637492090,0,0,3421557116,3421557116,00001111,00001111
1773962689140414,0,0,3690842248,3690842248,00001111,00001110
1773962714184340,0,0,3690842248,3690842248,00001111,00001110
1773962952267952,0,0,3389247836,3389247836,00001111,00001111
1773962964158005,0,0,3389247836,3389247836,00001111,00001111
1773963013639578,0,0,3884144052,3884144052,00001111,00001110
1773963017521500,0,0,3915639957,3915639957,00001111,00001110
1773963035923455,0,0,3884144052,3884144052,00001111,00001110
1773963042527539,0,0,3915639957,3915639957,00001111,00001110
1773963272598591,0,0,3583291321,3583291321,00001111,00001110
1773963293420659,0,0,4157723113,4157723113,00001111,00001111
1773963297602673,0,0,3583291321,3583291321,00001111,00001110
1773963340646412,0,0,3496656428,3496656428,00001111,00001110
1773963344748418,0,0,3817439280,3817439280,00001111,00001110
1773963354710404,0,0,3496656428,3496656428,00001111,00001110
1773963369776324,0,0,3817439280,3817439280,00001111,00001110
1773963600807906,0,0,3583356825,3583356825,00001111,00001110
1773963622969881,0,0,4157788525,4157788525,00001111,00001111
1773963625811905,0,0,3583356825,3583356825,00001111,00001110
1773963667733786,0,0,3430805680,3430805680,00001111,00001110
1773963672855735,0,0,3905454651,3905454651,00001111,00001110
1773963692917927,0,0,3430805680,3430805680,00001111,00001110
1773963697940902,0,0,3905454651,3905454651,00001111,00001110
1773963950949705,0,0,4157854203,4157854203,00001111,00001111
1773963999264203,0,0,3794671454,3794671454,00001111,00001110
1773964002426185,0,0,3619036932,3619036932,00001111,00001110
1773964024310157,0,0,3794671454,3794671454,00001111,00001110
1773964027434214,0,0,3619036932,3619036932,00001111,00001110
1773964280268422,0,0,4157985220,4157985220,00001111,00001111
1773964326896884,0,0,3270298257,3270298257,00001111,00001110
1773964331398833,0,0,3357415284,3357415284,00001111,00001110
1773964351902821,0,0,3270298257,3270298257,00001111,00001110
1773964356424851,0,0,3357415284,3357415284,00001111,00001110
1773964609892184,0,0,4158050815,4158050815,00001111,00001111
1773964658461284,0,0,3808668703,3808668703,00001111,00001110
1773964664823343,0,0,4137470629,4137470629,00001111,00001110
1773964683467166,0,0,3808668703,3808668703,00001111,00001110
1773964689837246,0,0,4137470629,4137470629,00001111,00001110
1773964985467603,0,0,4056061474,4056061474,00001111,00001110
1773964988909649,0,0,3850270617,3850270617,00001111,00001110
1773964998793627,0,0,4056061474,4056061474,00001111,00001110
1773965013975631,0,0,3850270617,3850270617,00001111,00001110
1773965286095980,0,0,4158378434,4158378434,00001111,00001111
1773965317621923,0,0,3453155038,3453155038,00001111,00001110
1773965325965849,0,0,3328971642,3328971642,00001111,00001110
1773965337450035,0,0,3453155038,3453155038,00001111,00001110
1773965350977951,0,0,3328971642,3328971642,00001111,00001110
1773965642772954,0,0,3527258158,3527258158,00001111,00001110
1773965648514953,0,0,3737755725,3737755725,00001111,00001110
1773965667777013,0,0,3527258158,3527258158,00001111,00001110
1773965673528837,0,0,3737755725,3737755725,00001111,00001110
1773965931437150,0,0,4158509426,4158509426,00001111,00001111
1773965965036667,0,0,3388382746,3388382746,00001111,00001110
1773965985002606,0,0,3274746431,3274746431,00001111,00001110
1773965990052686,0,0,3388382746,3388382746,00001111,00001110
1773966004864627,0,0,3388382746,3388382746,00001111,00001110
1773966265416515,0,0,3390493168,3390493168,00001111,00001111
1773966303768215,0,0,4165068932,4165068932,00001111,00001110
1773966319900230,0,0,4154900068,4154900068,00001111,00001110
1773966323670481,0,0,4165068932,4165068932,00001111,00001110
1773966333636260,0,0,4154900068,4154900068,00001111,00001110
1773966581991874,0,0,3422867811,3422867811,00001111,00001111
1773966622607241,0,0,3309390329,3309390329,00001111,00001110
1773966632611243,0,0,3280743248,3280743248,00001111,00001110
1773966647603404,0,0,3309390329,3309390329,00001111,00001110
1773966652435448,0,0,3280743248,3280743248,00001111,00001110
1773966910923330,0,0,3422999012,3422999012,00001111,00001111
1773966956026529,0,0,3584110918,3584110918,00001111,00001110
1773966965008415,0,0,3559430760,3559430760,00001111,00001110
1773966981140519,0,0,3584110918,3584110918,00001111,00001110
1773966990062488,0,0,3559430760,3559430760,00001111,00001110
1773967246038205,0,0,3423064407,3423064407,00001111,00001111
1773967288827362,0,0,4042297891,4042297891,00001111,00001110
1773967293351314,0,0,3339158651,3339158651,00001111,00001110
1773967313841361,0,0,4042297891,4042297891,00001111,00001110
1773967318375365,0,0,3339158651,3339158651,00001111,00001110
1773967568847356,0,0,3423130078,3423130078,00001111,00001111
1773967622270413,0,0,4193746410,4193746410,00001111,00001110
1773967633186443,0,0,4249670337,4249670337,00001111,00001110
1773967647316463,0,0,4193746410,4193746410,00001111,00001110
1773967897503857,0,0,3423261014,3423261014,00001111,00001111
1773967937766599,0,0,3251876946,3251876946,00001111,00001110
1773967951250618,0,0,4096937928,4096937928,00001111,00001110
1773967962782564,0,0,3251876946,3251876946,00001111,00001110
1773967976284561,0,0,4096937928,4096937928,00001111,00001110
1773967977594602,0,0,3251876946,3251876946,00001111,00001110
1773968272554344,0,0,3778607773,3778607773,00001111,00001110
1773968276616348,0,0,4186274282,4186274282,00001111,00001110
1773968296448336,0,0,4186274282,4186274282,00001111,00001110
1773968297692919,0,0,3778607773,3778607773,00001111,00001110
1773968560230097,0,0,3368997356,3368997356,00001111,00001111
1773968601502869,0,0,3401675225,3401675225,00001111,00001110
1773968621324821,0,0,4145009867,4145009867,00001111,00001110
1773968626519849,0,0,3401675225,3401675225,00001111,00001110
1773968883991523,0,0,3369193921,3369193921,00001111,00001111
1773968923901396,0,0,3315502614,3315502614,00001111,00001110
1773968943727269,0,0,3315502614,3315502614,00001111,00001110
1773968947709340,0,0,3274453823,3274453823,00001111,00001110
1773969211471853,0,0,3369193979,3369193979,00001111,00001111
1773969258807983,0,0,4175442795,4175442795,00001111,00001110
1773969283791966,0,0,4175442795,4175442795,00001111,00001110
1773969540432291,0,0,3369325001,3369325001,00001111,00001111
1773969589016795,0,0,3870545077,3870545077,00001111,00001110
1773969614060713,0,0,3870545077,3870545077,00001111,00001110
1773969869199138,0,0,3369455963,3369455963,00001111,00001111
1773969951880043,0,0,3525592046,3525592046,00001111,00001110
1773970216398766,0,0,3392000451,3392000451,00001111,00001111
1773970242437441,0,0,4002889085,4002889085,00001111,00001110
1773970244361334,0,0,3564397480,3564397480,00001111,00001110
1773970267455445,0,0,4002889085,4002889085,00001111,00001110
1773970269393287,0,0,3564397480,3564397480,00001111,00001110
1773970505770575,0,0,3585650463,3585650463,00001111,00001110
1773970526412546,0,0,3860779474,3860779474,00001111,00001111
1773970530774548,0,0,3585650463,3585650463,00001111,00001110
1773970543066504,0,0,3585650463,3585650463,00001111,00001110
1773970567536301,0,0,4031005644,4031005644,00001111,00001110
1773970581012264,0,0,3352591316,3352591316,00001111,00001110
1773970592749884,0,0,4031005644,4031005644,00001111,00001110
1773970606026252,0,0,3352591316,3352591316,00001111,00001110
1773970836803239,0,0,3585650590,3585650590,00001111,00001110
1773970855145140,0,0,3860910433,3860910433,00001111,00001111
1773970861807101,0,0,3585650590,3585650590,00001111,00001110
1773970902301292,0,0,3980974801,3980974801,00001111,00001110
1773970927307153,0,0,3980974801,3980974801,00001111,00001110
1773971160409080,0,0,3860976109,3860976109,00001111,00001111
1773971185790916,0,0,3860976109,3860976109,00001111,00001111
1773971228455020,0,0,3296030665,3296030665,00001111,00001111
1773971238902915,0,0,3493191852,3493191852,00001111,00001110
1773971251462914,0,0,3296030665,3296030665,00001111,00001111
1773971263916899,0,0,3493191852,3493191852,00001111,00001110
1773971267734850,0,0,3669169417,3669169417,00001111,00001110
1773971514035156,0,0,3861041621,3861041621,00001111,00001111
1773971818996644,0,0,3586043650,3586043650,00001111,00001110
1773971842878531,0,0,3861107182,3861107182,00001111,00001111
1773971843980601,0,0,3586043650,3586043650,00001111,00001110
1773971857972569,0,0,3586043650,3586043650,00001111,00001110
1773971914796470,0,0,3827061720,3827061720,00001111,00001110
1773972149136608,0,0,3586109323,3586109323,00001111,00001110
1773972168398510,0,0,3861434736,3861434736,00001111,00001111
1773972174140477,0,0,3586109323,3586109323,00001111,00001110
1773972186672567,0,0,3586109323,3586109323,00001111,00001110
1773972231546607,0,0,3421589912,3421589912,00001111,00001110
1773972478148782,0,0,3586240422,3586240422,00001111,00001110
1773972503150755,0,0,3586240422,3586240422,00001111,00001110
1773972503872756,0,0,3861500236,3861500236,00001111,00001111
1773972515444718,0,0,3586240422,3586240422,00001111,00001110
1773972546987867,0,0,4000599459,4000599459,00001111,00001111
1773972569979834,0,0,4000599459,4000599459,00001111,00001111
1773972830445789,0,0,3861827941,3861827941,00001111,00001111
1773972883602359,0,0,4096727865,4096727865,00001111,00001111
1773972906564271,0,0,4096727865,4096727865,00001111,00001111
1773972908870240,0,0,3968914111,3968914111,00001111,00001110
1773972911912251,0,0,3764992284,3764992284,00001111,00001110
1773973153295817,0,0,3861893615,3861893615,00001111,00001111
1773973203749870,0,0,3715540513,3715540513,00001111,00001110
1773973224197858,0,0,4220076456,4220076456,00001111,00001110
1773973228768028,0,0,3715540513,3715540513,00001111,00001110
1773973483182622,0,0,3861959032,3861959032,00001111,00001111
1773973537805964,0,0,3544498927,3544498927,00001111,00001110
1773973555053912,0,0,3533811777,3533811777,00001111,00001110
1773973562823998,0,0,3544498927,3544498927,00001111,00001110
1773973812242238,0,0,3862090085,3862090085,00001111,00001111
1773973858433237,0,0,4260855278,4260855278,00001111,00001110
1773973883439324,0,0,4260855278,4260855278,00001111,00001110
1773973894364339,0,0,4260855278,4260855278,00001111,00001110
1773974143283326,0,0,3862155737,3862155737,00001111,00001111
1773974162341408,0,0,3862155737,3862155737,00001111,00001111
1773974471490571,0,0,3862286687,3862286687,00001111,00001111
1773974521674327,0,0,4097610312,4097610312,00001111,00001110
1773974545782302,0,0,3900732411,3900732411,00001111,00001110
1773974546684361,0,0,4097610312,4097610312,00001111,00001110
1773974800472966,0,0,3862352345,3862352345,00001111,00001111
1773974873464384,0,0,4049375821,4049375821,00001111,00001110
1773974880414452,0,0,3320762006,3320762006,00001111,00001110
1773975143295265,0,0,3862548934,3862548934,00001111,00001111
1773975178110358,0,0,3849357913,3849357913,00001111,00001110
1773975203136286,0,0,3849357913,3849357913,00001111,00001110
1773975453823334,0,0,3862679876,3862679876,00001111,00001111
1773975504542270,0,0,3419072216,3419072216,00001111,00001110
1773975513486225,0,0,3609218027,3609218027,00001111,00001110
1773975529548325,0,0,3419072216,3419072216,00001111,00001110
1773975538512189,0,0,3609218027,3609218027,00001111,00001110
1773975783070397,0,0,3862680021,3862680021,00001111,00001111
1773975834108400,0,0,3684890312,3684890312,00001111,00001110
1773975839892374,0,0,4050564621,4050564621,00001111,00001110
1773975859120353,0,0,3684890312,3684890312,00001111,00001110
1773975864924400,0,0,4050564621,4050564621,00001111,00001110
1773976113653331,0,0,3862810956,3862810956,00001111,00001111
1773976167559129,0,0,3231681555,3231681555,00001111,00001110
1773976167780865,0,0,3678629287,3678629287,00001111,00001110
1773976192571067,0,0,3231681555,3231681555,00001111,00001110
1773976192796898,0,0,3678629287,3678629287,00001111,00001110
1773976448125511,0,0,3394294126,3394294126,00001111,00001111
1773976487576400,0,0,3355935860,3355935860,00001111,00001110
1773976497162398,0,0,3267961169,3267961169,00001111,00001110
1773976512592459,0,0,3355935860,3355935860,00001111,00001110
1773976522168388,0,0,3267961169,3267961169,00001111,00001110
1773976749902634,0,0,3587551167,3587551167,00001111,00001110
1773976772664705,0,0,4021604822,4021604822,00001111,00001111
1773976774926674,0,0,3587551167,3587551167,00001111,00001110
1773976788058701,0,0,3587551167,3587551167,00001111,00001110
1773976812588403,0,0,4112910153,4112910153,00001111,00001110
1773976837597421,0,0,4112910153,4112910153,00001111,00001110
1773976840818367,0,0,4054319906,4054319906,00001111,00001110
1773977080348181,0,0,3587616648,3587616648,00001111,00001110
1773977097430213,0,0,3587616648,3587616648,00001111,00001110
1773977100732241,0,0,4021604862,4021604862,00001111,00001111
1773977117444182,0,0,3587616648,3587616648,00001111,00001110
1773977146778264,0,0,4156228900,4156228900,00001111,00001110
1773977149360252,0,0,3442063409,3442063409,00001111,00001110
1773977171808266,0,0,4156228900,4156228900,00001111,00001110
1773977174384323,0,0,3442063409,3442063409,00001111,00001110
1773977480189588,0,0,4240098991,4240098991,00001111,00001110
1773977502499660,0,0,4198462854,4198462854,00001111,00001110
1773977505205555,0,0,4240098991,4240098991,00001111,00001110
1773977764497001,0,0,4162244936,4162244936,00001111,00001111
1773977807893119,0,0,3296514808,3296514808,00001111,00001110
1773977813655121,0,0,3757026380,3757026380,00001111,00001110
1773977832901139,0,0,3296514808,3296514808,00001111,00001110
1773977838687018,0,0,3757026380,3757026380,00001111,00001110
1773978087589710,0,0,4162244989,4162244989,00001111,00001111
1773978135583165,0,0,4125225190,4125225190,00001111,00001110
1773978160631133,0,0,4125225190,4125225190,00001111,00001110
1773978394587268,0,0,4103516040,4103516040,00001111,00001110
1773978416309277,0,0,4162310630,4162310630,00001111,00001111
1773978419591309,0,0,4103516040,4103516040,00001111,00001110
1773978432043260,0,0,4103516040,4103516040,00001111,00001110
1773978462430182,0,0,3240329740,3240329740,00001111,00001111
1773978463876107,0,0,3503122883,3503122883,00001111,00001110
1773978481820164,0,0,3544143343,3544143343,00001111,00001110
1773978485448111,0,0,3240329740,3240329740,00001111,00001111
1773978488886171,0,0,3503122883,3503122883,00001111,00001110
1773978722020377,0,0,4103581455,4103581455,00001111,00001110
1773978742162340,0,0,4162441556,4162441556,00001111,00001111
1773978747024399,0,0,4103581455,4103581455,00001111,00001110
1773978792872925,0,0,3330101754,3330101754,00001111,00001110
1773978795315013,0,0,3974313343,3974313343,00001111,00001110
1773978817876860,0,0,3330101754,3330101754,00001111,00001110
1773978820300789,0,0,3974313343,3974313343,00001111,00001110
1773979071862651,0,0,4162572630,4162572630,00001111,00001111
1773979134113447,0,0,3234861843,3234861843,00001111,00001110
1773979137836891,0,0,3258060670,3258060670,00001111,00001110
1773979153943446,0,0,3234861843,3234861843,00001111,00001110
1773979442798977,0,0,3737763981,3737763981,00001111,00001110
1773979445622862,0,0,3580215529,3580215529,00001111,00001110
1773979467848914,0,0,3737763981,3737763981,00001111,00001110
1773979470630888,0,0,3580215529,3580215529,00001111,00001110
1773979710026115,0,0,4103909149,4103909149,00001111,00001110
1773979726930024,0,0,4103909149,4103909149,00001111,00001110
1773979737892027,0,0,4162769235,4162769235,00001111,00001111
1773979746924031,0,0,4103909149,4103909149,00001111,00001110
1773979771465315,0,0,3230088531,3230088531,00001111,00001110
1773979783945327,0,0,3540775646,3540775646,00001111,00001111
1773979796393341,0,0,4184105861,4184105861,00001111,00001110
1773979796622015,0,0,3230088531,3230088531,00001111,00001110
1773980059564823,0,0,4162834902,4162834902,00001111,00001111
1773980397594592,0,0,4162965838,4162965838,00001111,00001111
1773980448893937,0,0,4050468732,4050468732,00001111,00001111
1773980471895818,0,0,4050468732,4050468732,00001111,00001111
1773980472861868,0,0,3442477937,3442477937,00001111,00001110
1773980695628955,0,0,4104171455,4104171455,00001111,00001110
1773980717410877,0,0,4162965975,4162965975,00001111,00001111
1773980720632845,0,0,4104171455,4104171455,00001111,00001110
1773980763438843,0,0,3259109246,3259109246,00001111,00001110
1773980788450817,0,0,3259109246,3259109246,00001111,00001110
1773981028469333,0,0,4104302469,4104302469,00001111,00001110
1773981046951162,0,0,4163096911,4163096911,00001111,00001111
1773981053473209,0,0,4104302469,4104302469,00001111,00001110
1773981091052319,0,0,3534687489,3534687489,00001111,00001110
1773981116078228,0,0,3534687489,3534687489,00001111,00001110
1773981121022225,0,0,3677183894,3677183894,00001111,00001111
1773981352469042,0,0,4104367905,4104367905,00001111,00001110
1773981374410983,0,0,4163162584,4163162584,00001111,00001111
1773981377472935,0,0,4104367905,4104367905,00001111,00001110
1773981457834676,0,0,3285447888,3285447888,00001111,00001110
1773981681552249,0,0,4104433574,4104433574,00001111,00001110
1773981689449195,0,0,3396325715,3396325715,00001111,00001111
1773981706554210,0,0,4104433574,4104433574,00001111,00001110
1773981714679129,0,0,3396325715,3396325715,00001111,00001111
1773981719178167,0,0,4104433574,4104433574,00001111,00001110
1773981765655761,0,0,3768231539,3768231539,00001111,00001110
1773981785469759,0,0,3894627796,3894627796,00001111,00001110
1773982029505189,0,0,3375419847,3375419847,00001111,00001111
1773982361545408,0,0,3375550802,3375550802,00001111,00001111
1773982411305790,0,0,3465168797,3465168797,00001111,00001110
1773982428069748,0,0,4163662724,4163662724,00001111,00001110
1773982435753711,0,0,3465168797,3465168797,00001111,00001110
1773982737865656,0,0,4013571859,4013571859,00001111,00001110
1773982756331597,0,0,3939363065,3939363065,00001111,00001110
1773982769641525,0,0,3939363065,3939363065,00001111,00001110
1773982995458792,0,0,4104957860,4104957860,00001111,00001110
1773983020462939,0,0,4104957860,4104957860,00001111,00001110
1773983025661893,0,0,4022391148,4022391148,00001111,00001111
1773983067583519,0,0,3918814138,3918814138,00001111,00001110
1773983087407629,0,0,3918814138,3918814138,00001111,00001110
1773983100135741,0,0,4286470083,4286470083,00001111,00001110
1773983324423287,0,0,4105023370,4105023370,00001111,00001110
1773983346965268,0,0,4022456768,4022456768,00001111,00001111
1773983349427299,0,0,4105023370,4105023370,00001111,00001110
1773983652773456,0,0,4105154352,4105154352,00001111,00001110
1773983677777472,0,0,4105154352,4105154352,00001111,00001110
1773983685151437,0,0,4022522231,4022522231,00001111,00001111
1773983941346038,0,0,4022522336,4022522336,00001111,00001111
1773984002651383,0,0,4215400583,4215400583,00001111,00001110
1773984002876842,0,0,3536075585,3536075585,00001111,00001110
1773984271789414,0,0,4022587884,4022587884,00001111,00001111
1773984324379600,0,0,3892758228,3892758228,00001111,00001110
1773984327561519,0,0,3605322373,3605322373,00001111,00001110
1773984349389487,0,0,3892758228,3892758228,00001111,00001110
1773984352577467,0,0,3605322373,3605322373,00001111,00001110
1773984597400939,0,0,4022653260,4022653260,00001111,00001111
1773984679968742,0,0,3657877655,3657877655,00001111,00001111
1773984929251437,0,0,4022653406,4022653406,00001111,00001111
1773984988824636,0,0,3861885978,3861885978,00001111,00001110
1773984991896528,0,0,3972959807,3972959807,00001111,00001110
1773985266889960,0,0,3397964270,3397964270,00001111,00001111
1773985328549993,0,0,3647210341,3647210341,00001111,00001110
1773985535663450,0,0,3900494204,3900494204,00001111,00001111
1773985580695042,0,0,3566921415,3566921415,00001111,00001110
1773985594925062,0,0,4115617225,4115617225,00001111,00001110
1773985605711095,0,0,3566921415,3566921415,00001111,00001110
1773985855386469,0,0,3900625230,3900625230,00001111,00001111
1773985931421256,0,0,3759944476,3759944476,00001111,00001110
1773986181509604,0,0,3900756316,3900756316,00001111,00001111
1773986227118831,0,0,3943234199,3943234199,00001111,00001110
1773986252152824,0,0,3943234199,3943234199,00001111,00001110
1773986524306429,0,0,3398750572,3398750572,00001111,00001111
1773986565019741,0,0,3346141051,3346141051,00001111,00001110
1773986574583908,0,0,3739291917,3739291917,00001111,00001110
1773986590033885,0,0,3346141051,3346141051,00001111,00001110
1773986838643800,0,0,3866481141,3866481141,00001111,00001111
1773986881776671,0,0,3420888600,3420888600,00001111,00001110
1773986892700679,0,0,3355722740,3355722740,00001111,00001110
1773986906792666,0,0,3420888600,3420888600,00001111,00001110
1773986917714637,0,0,3355722740,3355722740,00001111,00001110
1773987166772574,0,0,3866677747,3866677747,00001111,00001111
1773987215230813,0,0,4140541029,4140541029,00001111,00001110
1773987217244376,0,0,3630345764,3630345764,00001111,00001110
1773987240266786,0,0,4140541029,4140541029,00001111,00001110
1773987242198711,0,0,3630345764,3630345764,00001111,00001110
1773987495587900,0,0,3866874363,3866874363,00001111,00001111
1773987544826779,0,0,4274387181,4274387181,00001111,00001110
1773987551988740,0,0,3497914540,3497914540,00001111,00001110
1773987566390751,0,0,4274387181,4274387181,00001111,00001110
1773987577022724,0,0,3497914540,3497914540,00001111,00001110
1773987824370522,0,0,3867136454,3867136454,00001111,00001111
1773987869320119,0,0,3413670839,3413670839,00001111,00001110
1773987875262116,0,0,4072277793,4072277793,00001111,00001110
1773987894346124,0,0,3413670839,3413670839,00001111,00001110
1773987895068161,0,0,4072277793,4072277793,00001111,00001110
1773987905112103,0,0,3413670839,3413670839,00001111,00001110
1773988153023710,0,0,3867332954,3867332954,00001111,00001111
1773988203351293,0,0,3997977520,3997977520,00001111,00001111
1773988205945307,0,0,3304942039,3304942039,00001111,00001110
1773988206172894,0,0,3797118366,3797118366,00001111,00001110
1773988230943215,0,0,3304942039,3304942039,00001111,00001110
1773988231164970,0,0,3797118366,3797118366,00001111,00001110
1773988482439243,0,0,3867529542,3867529542,00001111,00001111
1773988527865510,0,0,3956528312,3956528312,00001111,00001110
1773988547925887,0,0,3995728018,3995728018,00001111,00001110
1773988552869569,0,0,3956528312,3956528312,00001111,00001110
1773988820691330,0,0,3400323582,3400323582,00001111,00001111
1773988864497681,0,0,4253754734,4253754734,00001111,00001110
1773988874881664,0,0,3658698214,3658698214,00001111,00001110
1773988881185644,0,0,4253754734,4253754734,00001111,00001110
1773989141128461,0,0,3378434557,3378434557,00001111,00001111
1773989185567738,0,0,3511060508,3511060508,00001111,00001111
1773989189033652,0,0,3486181084,3486181084,00001111,00001110
1773989200095765,0,0,3486181084,3486181084,00001111,00001110
1773989208583674,0,0,3511060508,3511060508,00001111,00001111
1773989216547784,0,0,3725546978,3725546978,00001111,00001110
1773989219949705,0,0,3486181084,3486181084,00001111,00001110
1773989467436813,0,0,3378696517,3378696517,00001111,00001111
1773989530100432,0,0,3858350262,3858350262,00001111,00001110
1773989536542417,0,0,4278869955,4278869955,00001111,00001110
1773989794054156,0,0,3378893173,3378893173,00001111,00001111
1773989837537143,0,0,3937448569,3937448569,00001111,00001110
1773989846299027,0,0,3712216225,3712216225,00001111,00001110
1773989857363123,0,0,3937448569,3937448569,00001111,00001110
1773989877375068,0,0,3937448569,3937448569,00001111,00001110
1773990124096239,0,0,3379089916,3379089916,00001111,00001111
1773990166284642,0,0,3789187058,3789187058,00001111,00001110
1773990189990650,0,0,4269292290,4269292290,00001111,00001110
1773990191312595,0,0,3789187058,3789187058,00001111,00001110
1773990206096592,0,0,3789187058,3789187058,00001111,00001110
1773990451895409,0,0,3379351917,3379351917,00001111,00001111
1773990502903301,0,0,4001584573,4001584573,00001111,00001110
1773990508067202,0,0,3596423530,3596423530,00001111,00001110
1773990527989858,0,0,4001584573,4001584573,00001111,00001110
1773990533108892,0,0,3596423530,3596423530,00001111,00001110
1773990785521422,0,0,3379548634,3379548634,00001111,00001111
1773990834441089,0,0,4097634952,4097634952,00001111,00001110
1773990837645060,0,0,3285614544,3285614544,00001111,00001110
1773990859457035,0,0,4097634952,4097634952,00001111,00001110
1773990862689052,0,0,3285614544,3285614544,00001111,00001110
1773991119324704,0,0,3379810639,3379810639,00001111,00001111
1773991162796551,0,0,3323493306,3323493306,00001111,00001110
1773991164038478,0,0,4159126884,4159126884,00001111,00001110
1773991187822531,0,0,3323493306,3323493306,00001111,00001110
1773991189044453,0,0,4159126884,4159126884,00001111,00001110
1773991420567002,0,0,4109545398,4109545398,00001111,00001110
1773991437688993,0,0,3380007396,3380007396,00001111,00001111
1773991445590862,0,0,4109545398,4109545398,00001111,00001110
1773991491749577,0,0,3242112573,3242112573,00001111,00001110
1773991511285467,0,0,4260674158,4260674158,00001111,00001110
1773991516755490,0,0,3242112573,3242112573,00001111,00001110
1773991773913243,0,0,4151437097,4151437097,00001111,00001111
1773991774156877,0,0,3403272685,3403272685,00001111,00001111
1773991810128321,0,0,3486898332,3486898332,00001111,00001110
1773991818770255,0,0,3239226941,3239226941,00001111,00001110
1773991829932242,0,0,3486898332,3486898332,00001111,00001110
1773991830172927,0,0,3239226941,3239226941,00001111,00001110
1773991849944236,0,0,3486898332,3486898332,00001111,00001110
1773992100246692,0,0,3870085487,3870085487,00001111,00001111
1773992144508248,0,0,3990710782,3990710782,00001111,00001110
1773992149670244,0,0,4218684231,4218684231,00001111,00001110
1773992158712284,0,0,3990710782,3990710782,00001111,00001110
1773992174708902,0,0,4218684231,4218684231,00001111,00001110
1773992178714258,0,0,3990710782,3990710782,00001111,00001110
1773992427236803,0,0,3870151035,3870151035,00001111,00001111
1773992477973692,0,0,3389474294,3389474294,00001111,00001110
1773992478395560,0,0,3313826518,3313826518,00001111,00001110
1773992502999622,0,0,3389474294,3389474294,00001111,00001110
1773992503401507,0,0,3313826518,3313826518,00001111,00001110
1773992754577634,0,0,3870413121,3870413121,00001111,00001111
1773992803103201,0,0,4096878984,4096878984,00001111,00001110
1773992808185183,0,0,3852570678,3852570678,00001111,00001110
1773992828244916,0,0,4096878984,4096878984,00001111,00001110
1773992833309915,0,0,3852570678,3852570678,00001111,00001110
1773993083446225,0,0,3870609857,3870609857,00001111,00001111
1773993100557282,0,0,4006064005,4006064005,00001111,00001110
1773993133314779,0,0,3622851460,3622851460,00001111,00001110
1773993137196667,0,0,4265439618,4265439618,00001111,00001110
1773993158318675,0,0,3622851460,3622851460,00001111,00001110
1773993162204619,0,0,4265439618,4265439618,00001111,00001110
1773993423255129,0,0,3405173108,3405173108,00001111,00001111
1773993453946359,0,0,3988408254,3988408254,00001111,00001110
1773993459770280,0,0,4200135302,4200135302,00001111,00001110
1773993478974401,0,0,3988408254,3988408254,00001111,00001110
1773993484768316,0,0,4200135302,4200135302,00001111,00001110
1773993493784321,0,0,3988408254,3988408254,00001111,00001110
1773993742011385,0,0,4169716047,4169716047,00001111,00001111
1773993782581378,0,0,3240494973,3240494973,00001111,00001110
1773993792645377,0,0,3867870517,3867870517,00001111,00001110
1773993802607368,0,0,3240494973,3240494973,00001111,00001110
1773993812451391,0,0,3867870517,3867870517,00001111,00001110
1773993822479377,0,0,3240494973,3240494973,00001111,00001110
1773994124041011,0,0,3805964273,3805964273,00001111,00001110
1773994133643025,0,0,3828166936,3828166936,00001111,00001110
1773994149044987,0,0,3805964273,3805964273,00001111,00001110
1773994401410379,0,0,3382366682,3382366682,00001111,00001111
1773994449144270,0,0,3388415258,3388415258,00001111,00001110
1773994449364854,0,0,3744012643,3744012643,00001111,00001110
1773994474150311,0,0,3388415258,3388415258,00001111,00001110
1773994780656248,0,0,3636102667,3636102667,00001111,00001110
1773994789400184,0,0,3696910304,3696910304,00001111,00001110
1773994799222221,0,0,3636102667,3636102667,00001111,00001110
1773995055489294,0,0,3382890962,3382890962,00001111,00001111
1773995107881579,0,0,3993841938,3993841938,00001111,00001110
1773995132745447,0,0,3993841938,3993841938,00001111,00001110
1773995383339963,0,0,3383153094,3383153094,00001111,00001111
1773995439891961,0,0,3940314105,3940314105,00001111,00001110
1773995464896034,0,0,3940314105,3940314105,00001111,00001110
1773995695036928,0,0,3597184827,3597184827,00001111,00001110
1773995714018795,0,0,3383415248,3383415248,00001111,00001111
1773995720040825,0,0,3597184827,3597184827,00001111,00001110
1773995761797536,0,0,3401081817,3401081817,00001111,00001110
1773995775403629,0,0,3401081817,3401081817,00001111,00001110
1773995778405562,0,0,3439791845,3439791845,00001111,00001110
1773995784847601,0,0,3763610396,3763610396,00001111,00001110
1773996021835366,0,0,3555960206,3555960206,00001111,00001111
1773996044734295,0,0,3383677303,3383677303,00001111,00001111
1773996048964285,0,0,3597250473,3597250473,00001111,00001110
1773996049678478,0,0,3555960206,3555960206,00001111,00001111
1773996128523921,0,0,4044549773,4044549773,00001111,00001110
1773996421623569,0,0,3399173529,3399173529,00001111,00001110
1773996422885487,0,0,3509303225,3509303225,00001111,00001110
1773996426127560,0,0,3530631470,3530631470,00001111,00001110
1773996442957916,0,0,3509303225,3509303225,00001111,00001110
1773996446631461,0,0,3399173529,3399173529,00001111,00001110
1773996451133511,0,0,3530631470,3530631470,00001111,00001110
1773996680649589,0,0,3597971223,3597971223,00001111,00001110
1773996701351697,0,0,3384070651,3384070651,00001111,00001111
1773996705653657,0,0,3597971223,3597971223,00001111,00001110
1773996717385698,0,0,3597971223,3597971223,00001111,00001110
1773996748687893,0,0,4113680585,4113680585,00001111,00001110
1773996773711839,0,0,4113680585,4113680585,00001111,00001110
1773997006247522,0,0,3598036905,3598036905,00001111,00001110
1773997028509408,0,0,3384267206,3384267206,00001111,00001111
1773997031284863,0,0,3598036905,3598036905,00001111,00001110
1773997077009199,0,0,3356634932,3356634932,00001111,00001110
1773997100571206,0,0,3356634932,3356634932,00001111,00001110
1773997363244789,0,0,3384529348,3384529348,00001111,00001111
1773997399415229,0,0,4174747691,4174747691,00001111,00001110
1773997407238385,0,0,3862265946,3862265946,00001111,00001110
1773997424419197,0,0,4174747691,4174747691,00001111,00001110
1773997432263158,0,0,3862265946,3862265946,00001111,00001110
1773997670454027,0,0,3598692285,3598692285,00001111,00001110
1773997695455920,0,0,3598692285,3598692285,00001111,00001110
1773997738172894,0,0,4225947304,4225947304,00001111,00001110
1773997763200859,0,0,4225947304,4225947304,00001111,00001110
1773998016482084,0,0,3385250292,3385250292,00001111,00001111
1773998277089068,0,0,3234936515,3234936515,00001111,00001111
1773998297001127,0,0,3234936515,3234936515,00001111,00001111
1773998361412596,0,0,4145389085,4145389085,00001111,00001110
1773998395800777,0,0,3734380301,3734380301,00001111,00001110
1773998420864809,0,0,3734380301,3734380301,00001111,00001110
1773998670215979,0,0,4145651238,4145651238,00001111,00001110
1773998673237931,0,0,3385708893,3385708893,00001111,00001111
1773998680619933,0,0,4145651238,4145651238,00001111,00001110
1773998714603414,0,0,4122609446,4122609446,00001111,00001110
1773998724589455,0,0,3897080340,3897080340,00001111,00001110
1773998734435391,0,0,4122609446,4122609446,00001111,00001110
1773998738473487,0,0,3786701664,3786701664,00001111,00001111
1773998744483667,0,0,3897080340,3897080340,00001111,00001110
1773998754448426,0,0,4122609446,4122609446,00001111,00001110
1773999002612283,0,0,3386102270,3386102270,00001111,00001111
1773999052039336,0,0,3455936990,3455936990,00001111,00001110
1773999056521408,0,0,3815080031,3815080031,00001111,00001110
1773999077045418,0,0,3455936990,3455936990,00001111,00001110
1773999081527429,0,0,3815080031,3815080031,00001111,00001110
1773999329148164,0,0,4145913383,4145913383,00001111,00001110
1773999331939322,0,0,3386429777,3386429777,00001111,00001111
1773999379073339,0,0,3497052908,3497052908,00001111,00001110
1773999404077354,0,0,3497052908,3497052908,00001111,00001110
1773999662094553,0,0,3386626557,3386626557,00001111,00001111
1773999676496480,0,0,4146634371,4146634371,00001111,00001110
1773999710356579,0,0,3283838416,3283838416,00001111,00001110
1773999725380574,0,0,3967711120,3967711120,00001111,00001110
1773999730162647,0,0,3283838416,3283838416,00001111,00001110
