1776243700099390,0,0,3484515810,3484515810,00001111,00001111
1776243713983321,0,0,3637430939,3637430939,00001111,00001110
1776243725177318,0,0,3484515810,3484515810,00001111,00001111
1776243766461935,0,0,3434875670,3434875670,00001111,00001111
1776243791411783,0,0,3434875670,3434875670,00001111,00001111
1776243826862295,0,0,3442797388,3442797388,00001111,00001111
1776243852112342,0,0,3442797388,3442797388,00001111,00001111
1776244027752241,0,0,3484712293,3484712293,00001111,00001111
1776244053164214,0,0,3484712293,3484712293,00001111,00001111
1776244120546892,0,0,3459436864,3459436864,00001111,00001111
1776244157528942,0,0,3441600460,3441600460,00001111,00001111
1776244168385814,0,0,4000090603,4000090603,00001111,00001110
1776244182634856,0,0,3441600460,3441600460,00001111,00001111
1776244191665802,0,0,4000090603,4000090603,00001111,00001110
1776244355705693,0,0,3484909037,3484909037,00001111,00001111
1776244380807657,0,0,3484909037,3484909037,00001111,00001111
1776244425509897,0,0,3492724615,3492724615,00001111,00001110
1776244445330026,0,0,3492724615,3492724615,00001111,00001110
1776244450198872,0,0,3459633533,3459633533,00001111,00001111
1776244465315912,0,0,3492724615,3492724615,00001111,00001110
1776244485764574,0,0,3514067536,3514067536,00001111,00001111
1776244499825534,0,0,3460800459,3460800459,00001111,00001110
1776244511054578,0,0,3514067536,3514067536,00001111,00001111
1776244522266541,0,0,3777040630,3777040630,00001111,00001110
1776244686761611,0,0,3485171034,3485171034,00001111,00001111
1776244712024255,0,0,3485171034,3485171034,00001111,00001111
1776244784689820,0,0,3496722206,3496722206,00001111,00001110
1776244813507059,0,0,3659604187,3659604187,00001111,00001111
1776244821635961,0,0,3816763046,3816763046,00001111,00001110
1776244838780985,0,0,3659604187,3659604187,00001111,00001111
1776244846480042,0,0,3816763046,3816763046,00001111,00001110
1776244858387057,0,0,3816763046,3816763046,00001111,00001110
1776245055732311,0,0,3485433158,3485433158,00001111,00001111
1776245083336365,0,0,3234976226,3234976226,00001111,00001111
1776245108432532,0,0,3234976226,3234976226,00001111,00001111
1776245111506572,0,0,3463226642,3463226642,00001111,00001111
1776245141627532,0,0,3915894056,3915894056,00001111,00001111
1776245152176521,0,0,4010287274,4010287274,00001111,00001110
1776245166793660,0,0,3915894056,3915894056,00001111,00001111
1776245167028617,0,0,4010287274,4010287274,00001111,00001110
1776245187204898,0,0,4010287274,4010287274,00001111,00001110
1776245341322873,0,0,3883826559,3883826559,00001111,00001111
1776245352242944,0,0,4085897588,4085897588,00001111,00001110
1776245366951014,0,0,3883826559,3883826559,00001111,00001111
1776245373585125,0,0,3304410171,3304410171,00001111,00001110
1776245377253095,0,0,4085897588,4085897588,00001111,00001110
1776245389997103,0,0,4085897588,4085897588,00001111,00001110
1776245411433779,0,0,4032546930,4032546930,00001111,00001110
1776245421406723,0,0,3561180290,3561180290,00001111,00001110
1776245431339775,0,0,4032546930,4032546930,00001111,00001110
1776245433063813,0,0,3235238235,3235238235,00001111,00001111
1776245436465845,0,0,3463685525,3463685525,00001111,00001111
1776245447355762,0,0,3463685525,3463685525,00001111,00001111
1776245480313473,0,0,3398488980,3398488980,00001111,00001111
1776245505553049,0,0,3398488980,3398488980,00001111,00001111
1776245515760538,0,0,3657767647,3657767647,00001111,00001110
1776245677194436,0,0,4085963254,4085963254,00001111,00001110
1776245695716494,0,0,4085963254,4085963254,00001111,00001110
1776245709581445,0,0,4085963254,4085963254,00001111,00001110
1776245735129475,0,0,3724372324,3724372324,00001111,00001111
1776245760154580,0,0,3561245742,3561245742,00001111,00001110
1776245760389899,0,0,3724372324,3724372324,00001111,00001111
1776245762171523,0,0,3463750931,3463750931,00001111,00001111
1776245780090537,0,0,3561245742,3561245742,00001111,00001110
1776245804629534,0,0,4261169827,4261169827,00001111,00001111
1776245824291499,0,0,4214317178,4214317178,00001111,00001111
1776245824516916,0,0,4261169827,4261169827,00001111,00001111
1776245836305548,0,0,4261169827,4261169827,00001111,00001111
1776246001975096,0,0,4006022417,4006022417,00001111,00001111
1776246026993132,0,0,4006022417,4006022417,00001111,00001111
1776246032888254,0,0,3812411934,3812411934,00001111,00001110
1776246044458137,0,0,3812411934,3812411934,00001111,00001110
1776246067321244,0,0,3235828171,3235828171,00001111,00001111
1776246067548861,0,0,3464013218,3464013218,00001111,00001111
1776246071503267,0,0,4033857614,4033857614,00001111,00001110
1776246088835271,0,0,4234304942,4234304942,00001111,00001111
1776246092433250,0,0,3235828171,3235828171,00001111,00001111
1776246096511237,0,0,4033857614,4033857614,00001111,00001110
1776246096732864,0,0,3464013218,3464013218,00001111,00001111
1776246108846035,0,0,3464013218,3464013218,00001111,00001111
1776246126678001,0,0,3333782173,3333782173,00001111,00001111
1776246133397920,0,0,3922099959,3922099959,00001111,00001111
1776246153150002,0,0,3922099959,3922099959,00001111,00001111
1776246173135934,0,0,3922099959,3922099959,00001111,00001111
1776246357850396,0,0,3389356209,3389356209,00001111,00001111
1776246407720791,0,0,4034054375,4034054375,00001111,00001110
1776246418902801,0,0,3236155737,3236155737,00001111,00001111
1776246419504740,0,0,4034054375,4034054375,00001111,00001110
1776246420754716,0,0,3464340773,3464340773,00001111,00001111
1776246466567617,0,0,3227490066,3227490066,00001111,00001110
1776246466577458,0,0,3858500155,3858500155,00001111,00001111
1776246474455614,0,0,3603934989,3603934989,00001111,00001111
1776246478865590,0,0,4044374576,4044374576,00001111,00001111
1776246481887652,0,0,3858500155,3858500155,00001111,00001111
1776246491239622,0,0,3698753465,3698753465,00001111,00001111
1776246491501627,0,0,3227490066,3227490066,00001111,00001110
1776246499546562,0,0,3603934989,3603934989,00001111,00001111
1776246501879607,0,0,3858500155,3858500155,00001111,00001111
1776246506344599,0,0,4044374576,4044374576,00001111,00001111
1776246673642623,0,0,3884023293,3884023293,00001111,00001111
1776246698922675,0,0,3884023293,3884023293,00001111,00001111
1776246720299863,0,0,3495127387,3495127387,00001111,00001111
1776246723629800,0,0,3464603036,3464603036,00001111,00001111
1776246740547812,0,0,4034185337,4034185337,00001111,00001110
1776246745397872,0,0,3495127387,3495127387,00001111,00001111
1776246750282877,0,0,3464603036,3464603036,00001111,00001111
1776246752741829,0,0,3426874125,3426874125,00001111,00001111
1776246759872807,0,0,3236680138,3236680138,00001111,00001111
1776246765561918,0,0,4034185337,4034185337,00001111,00001110
1776246770748912,0,0,3495127387,3495127387,00001111,00001111
1776246789388348,0,0,3850345892,3850345892,00001111,00001111
1776246790790357,0,0,3924882423,3924882423,00001111,00001111
1776246810576467,0,0,3924882423,3924882423,00001111,00001111
1776246810820897,0,0,3882619146,3882619146,00001111,00001111
1776246814560371,0,0,3850345892,3850345892,00001111,00001111
1776246830564421,0,0,3924882423,3924882423,00001111,00001111
1776246830566368,0,0,3882619146,3882619146,00001111,00001111
1776247006006066,0,0,3885006150,3885006150,00001111,00001111
1776247031239801,0,0,4086290884,4086290884,00001111,00001110
1776247031597703,0,0,3885006150,3885006150,00001111,00001111
1776247053002200,0,0,3464930581,3464930581,00001111,00001111
1776247065761955,0,0,4034316383,4034316383,00001111,00001110
1776247078227824,0,0,3464930581,3464930581,00001111,00001111
1776247078957784,0,0,3236745683,3236745683,00001111,00001111
1776247090819690,0,0,4034316383,4034316383,00001111,00001110
1776247114492442,0,0,4277665701,4277665701,00001111,00001111
1776247115714373,0,0,4210798749,4210798749,00001111,00001111
1776247120178398,0,0,3585358411,3585358411,00001111,00001111
1776247139932169,0,0,3585358411,3585358411,00001111,00001111
1776247140940171,0,0,4210798749,4210798749,00001111,00001111
1776247150380859,0,0,3295841321,3295841321,00001111,00001111
1776247320100736,0,0,3797076625,3797076625,00001111,00001110
1776247320105725,0,0,3431590231,3431590231,00001111,00001110
1776247339471633,0,0,3254586679,3254586679,00001111,00001111
1776247340024609,0,0,3797076625,3797076625,00001111,00001110
1776247341283609,0,0,3431590231,3431590231,00001111,00001110
1776247350508890,0,0,3548711475,3548711475,00001111,00001111
1776247404487084,0,0,3562687624,3562687624,00001111,00001110
1776247410351987,0,0,3225920227,3225920227,00001111,00001111
1776247411019844,0,0,3969700191,3969700191,00001111,00001111
1776247442640613,0,0,4091011048,4091011048,00001111,00001111
1776247443308562,0,0,3460638927,3460638927,00001111,00001111
1776247448810632,0,0,3707066498,3707066498,00001111,00001111
1776247458822547,0,0,3307033512,3307033512,00001111,00001111
1776247467706453,0,0,4091011048,4091011048,00001111,00001111
1776247468463338,0,0,3460638927,3460638927,00001111,00001111
1776247468700853,0,0,3707066498,3707066498,00001111,00001111
1776247478556372,0,0,3307033512,3307033512,00001111,00001111
1776247488573376,0,0,3707066498,3707066498,00001111,00001111
1776247492850330,0,0,4091011048,4091011048,00001111,00001111
1776247644293080,0,0,3254652183,3254652183,00001111,00001111
1776247666052967,0,0,3797142177,3797142177,00001111,00001110
1776247668329948,0,0,3254652183,3254652183,00001111,00001111
1776247691237941,0,0,3797142177,3797142177,00001111,00001110
1776247771753460,0,0,3664575323,3664575323,00001111,00001111
1776247797041344,0,0,3664575323,3664575323,00001111,00001111
1776247802265275,0,0,3274929574,3274929574,00001111,00001111
1776247807373313,0,0,4150967386,4150967386,00001111,00001111
1776247971624356,0,0,4007267714,4007267714,00001111,00001111
1776247997108239,0,0,4007267714,4007267714,00001111,00001111
1776248071719327,0,0,3427660603,3427660603,00001111,00001111
1776248100062408,0,0,3713561180,3713561180,00001111,00001111
1776248106170371,0,0,3598882568,3598882568,00001111,00001111
1776248106172297,0,0,4251775184,4251775184,00001111,00001111
1776248116562305,0,0,4251775184,4251775184,00001111,00001111
1776248125436263,0,0,3713561180,3713561180,00001111,00001111
1776248125942229,0,0,3598882568,3598882568,00001111,00001111
1776248135924207,0,0,4251775184,4251775184,00001111,00001111
1776248145926123,0,0,3598882568,3598882568,00001111,00001111
1776248149892227,0,0,3609573426,3609573426,00001111,00001111
1776248300969756,0,0,3564207442,3564207442,00001111,00001111
1776248302110814,0,0,4007529753,4007529753,00001111,00001111
1776248313159756,0,0,4007529753,4007529753,00001111,00001111
1776248338467746,0,0,4007529753,4007529753,00001111,00001111
1776248338732829,0,0,3564207442,3564207442,00001111,00001111
1776248391314430,0,0,3969765842,3969765842,00001111,00001111
1776248410488360,0,0,3844832210,3844832210,00001111,00001110
1776248428972892,0,0,4106458991,4106458991,00001111,00001111
1776248444908856,0,0,3304322522,3304322522,00001111,00001111
1776248454082902,0,0,4106458991,4106458991,00001111,00001111
1776248464666848,0,0,3304322522,3304322522,00001111,00001111
1776248465916774,0,0,4180025889,4180025889,00001111,00001110
1776248479181860,0,0,4106458991,4106458991,00001111,00001111
1776248642214522,0,0,3564666223,3564666223,00001111,00001111
1776248653153461,0,0,3564666223,3564666223,00001111,00001111
1776248678331371,0,0,3564666223,3564666223,00001111,00001111
1776248719766358,0,0,3718834065,3718834065,00001111,00001111
1776248723099360,0,0,3970683202,3970683202,00001111,00001111
1776248726741282,0,0,3429299095,3429299095,00001111,00001111
1776248729330353,0,0,4121246298,4121246298,00001111,00001110
1776248757701674,0,0,4025941428,4025941428,00001111,00001111
1776248760791713,0,0,3844434020,3844434020,00001111,00001111
1776248761513636,0,0,3502961207,3502961207,00001111,00001111
1776248768139696,0,0,4025941428,4025941428,00001111,00001111
1776248773761704,0,0,4088187821,4088187821,00001111,00001111
1776248785889641,0,0,3844434020,3844434020,00001111,00001111
1776248786751671,0,0,3502961207,3502961207,00001111,00001111
1776248793391691,0,0,4025941428,4025941428,00001111,00001111
1776248793612863,0,0,4088187821,4088187821,00001111,00001111
1776248793860839,0,0,3306402868,3306402868,00001111,00001110
1776248957934992,0,0,3564862938,3564862938,00001111,00001111
1776248983177080,0,0,3564862938,3564862938,00001111,00001111
1776249022349279,0,0,3718899510,3718899510,00001111,00001111
1776249030691162,0,0,4062630377,4062630377,00001111,00001111
1776249047584218,0,0,3718899510,3718899510,00001111,00001111
1776249055857254,0,0,4062630377,4062630377,00001111,00001111
1776249087617586,0,0,4135460535,4135460535,00001111,00001111
1776249102491650,0,0,3638167046,3638167046,00001111,00001111
1776249112787668,0,0,4135460535,4135460535,00001111,00001111
1776249119959682,0,0,4001131423,4001131423,00001111,00001110
1776249127640660,0,0,3638167046,3638167046,00001111,00001111
1776249287546908,0,0,3565125063,3565125063,00001111,00001111
1776249324570927,0,0,3565125063,3565125063,00001111,00001111
1776249358237214,0,0,4035037275,4035037275,00001111,00001110
1776249377250199,0,0,3719161755,3719161755,00001111,00001111
1776249383251213,0,0,4035037275,4035037275,00001111,00001110
1776249416381836,0,0,4282046270,4282046270,00001111,00001111
1776249431449874,0,0,3804263164,3804263164,00001111,00001111
1776249441135953,0,0,3308896480,3308896480,00001111,00001111
1776249441677953,0,0,4282046270,4282046270,00001111,00001111
1776249451187851,0,0,3804263164,3804263164,00001111,00001111
1776249617822113,0,0,3565387105,3565387105,00001111,00001111
1776249685095419,0,0,3719489314,3719489314,00001111,00001111
1776249710341367,0,0,3719489314,3719489314,00001111,00001111
1776249718872359,0,0,3239170427,3239170427,00001111,00001111
1776249744724127,0,0,3424219213,3424219213,00001111,00001111
1776249750144130,0,0,3498879822,3498879822,00001111,00001111
1776249769856108,0,0,3498879822,3498879822,00001111,00001111
1776249770100899,0,0,3424219213,3424219213,00001111,00001111
1776249772322152,0,0,3584668850,3584668850,00001111,00001111
1776249773144149,0,0,3614536114,3614536114,00001111,00001111
1776249957230960,0,0,3565583859,3565583859,00001111,00001111
1776250011065904,0,0,3719751457,3719751457,00001111,00001111
1776250011598894,0,0,3658089674,3658089674,00001111,00001111
1776250036185995,0,0,3719751457,3719751457,00001111,00001111
1776250036913002,0,0,3658089674,3658089674,00001111,00001111
1776250037268881,0,0,4244165095,4244165095,00001111,00001111
1776250070573953,0,0,3916666577,3916666577,00001111,00001111
1776250074278764,0,0,4214333946,4214333946,00001111,00001111
1776250078960836,0,0,3818134077,3818134077,00001111,00001111
1776250088935870,0,0,3368864480,3368864480,00001111,00001110
1776250095828753,0,0,3916666577,3916666577,00001111,00001111
1776250098712570,0,0,3818134077,3818134077,00001111,00001111
1776250099522728,0,0,4214333946,4214333946,00001111,00001111
1776250108817817,0,0,3368864480,3368864480,00001111,00001110
1776250118716747,0,0,3818134077,3818134077,00001111,00001111
1776250118737744,0,0,3729951795,3729951795,00001111,00001111
1776250120938789,0,0,3916666577,3916666577,00001111,00001111
1776250365561815,0,0,3720275902,3720275902,00001111,00001111
1776250401944370,0,0,4003428617,4003428617,00001111,00001111
1776250402164924,0,0,4234166845,4234166845,00001111,00001111
1776250407546496,0,0,3452882835,3452882835,00001111,00001111
1776250427240526,0,0,4003428617,4003428617,00001111,00001111
1776250427284273,0,0,3452882835,3452882835,00001111,00001111
1776250427493940,0,0,4234166845,4234166845,00001111,00001111
1776250437214345,0,0,3396944367,3396944367,00001111,00001111
1776250437481393,0,0,4016727943,4016727943,00001111,00001110
1776250666219321,0,0,3720341383,3720341383,00001111,00001111
1776250691303258,0,0,3720341383,3720341383,00001111,00001111
1776250696684153,0,0,4244427263,4244427263,00001111,00001111
1776250701906212,0,0,4035299392,4035299392,00001111,00001110
1776250711928217,0,0,3375976975,3375976975,00001111,00001110
1776250730962889,0,0,4011405550,4011405550,00001111,00001111
1776250736244893,0,0,3824813629,3824813629,00001111,00001111
1776250745590856,0,0,4056097174,4056097174,00001111,00001111
1776250755994891,0,0,3824813629,3824813629,00001111,00001111
1776250756236872,0,0,4011405550,4011405550,00001111,00001111
1776250758675934,0,0,4018865479,4018865479,00001111,00001110
1776250770787923,0,0,4056097174,4056097174,00001111,00001111
1776250776002880,0,0,3824813629,3824813629,00001111,00001111
1776250994464564,0,0,3720668940,3720668940,00001111,00001111
1776251000599635,0,0,4197676158,4197676158,00001111,00001110
1776251005989583,0,0,4035758274,4035758274,00001111,00001110
1776251019704646,0,0,3720668940,3720668940,00001111,00001111
1776251020429545,0,0,4197676158,4197676158,00001111,00001110
1776251020739524,0,0,4244492760,4244492760,00001111,00001111
1776251031001629,0,0,4035758274,4035758274,00001111,00001110
1776251040495631,0,0,4197676158,4197676158,00001111,00001110
1776251041657626,0,0,3430347686,3430347686,00001111,00001111
1776251072326627,0,0,3495226193,3495226193,00001111,00001111
1776251073032612,0,0,4040093678,4040093678,00001111,00001111
1776251084374651,0,0,3495226193,3495226193,00001111,00001111
1776251098104655,0,0,4040093678,4040093678,00001111,00001111
1776251265347995,0,0,4022697301,4022697301,00001111,00001111
1776251290614023,0,0,4022697301,4022697301,00001111,00001111
1776251323397807,0,0,3720931234,3720931234,00001111,00001111
1776251329352836,0,0,4198003935,4198003935,00001111,00001110
1776251331874827,0,0,4035889264,4035889264,00001111,00001110
1776251348705786,0,0,3720931234,3720931234,00001111,00001111
1776251349158766,0,0,4198003935,4198003935,00001111,00001110
1776251356860806,0,0,4035889264,4035889264,00001111,00001110
1776251369164825,0,0,4198003935,4198003935,00001111,00001110
1776251369389909,0,0,4035889264,4035889264,00001111,00001110
1776251389511312,0,0,3450052778,3450052778,00001111,00001111
1776251393795305,0,0,3333773464,3333773464,00001111,00001111
1776251413557285,0,0,3333773464,3333773464,00001111,00001111
1776251414900311,0,0,3450052778,3450052778,00001111,00001111
1776251433549373,0,0,3333773464,3333773464,00001111,00001111
1776251588628119,0,0,3989929284,3989929284,00001111,00001111
1776251613930166,0,0,3989929284,3989929284,00001111,00001111
1776251661166694,0,0,4035954938,4035954938,00001111,00001110
1776251668134617,0,0,4198069374,4198069374,00001111,00001110
1776251686156635,0,0,4035954938,4035954938,00001111,00001110
1776251693212957,0,0,4198069374,4198069374,00001111,00001110
1776251949836363,0,0,4008709517,4008709517,00001111,00001111
1776252006272067,0,0,4198331623,4198331623,00001111,00001110
1776252021795957,0,0,4036085980,4036085980,00001111,00001110
1776252026117971,0,0,4198331623,4198331623,00001111,00001110
1776252254957003,0,0,4010544403,4010544403,00001111,00001111
1776252279937013,0,0,4010544403,4010544403,00001111,00001111
1776252589479649,0,0,3859071616,3859071616,00001111,00001110
1776252609371601,0,0,3859071616,3859071616,00001111,00001110
1776252663214939,0,0,3974418792,3974418792,00001111,00001111
1776252670160926,0,0,3974418792,3974418792,00001111,00001111
1776252918135663,0,0,3332555286,3332555286,00001111,00001110
1776252921908656,0,0,3990781262,3990781262,00001111,00001111
1776252938458725,0,0,3332555286,3332555286,00001111,00001110
1776253031184684,0,0,3773827524,3773827524,00001111,00001111
1776253056256680,0,0,3773827524,3773827524,00001111,00001111
1776253244942292,0,0,3991043428,3991043428,00001111,00001111
1776253280534532,0,0,4198639477,4198639477,00001111,00001110
1776253280784497,0,0,3991043428,3991043428,00001111,00001111
1776253576495631,0,0,3991240165,3991240165,00001111,00001111
1776253601037749,0,0,3991240165,3991240165,00001111,00001111
1776253734779226,0,0,3473680876,3473680876,00001111,00001110
1776253888799028,0,0,3991502185,3991502185,00001111,00001111
1776253913937037,0,0,3991502185,3991502185,00001111,00001111
1776253924827126,0,0,3991502185,3991502185,00001111,00001111
1776254043270484,0,0,4215147553,4215147553,00001111,00001110
1776254063058522,0,0,4215147553,4215147553,00001111,00001110
1776254237316194,0,0,3991698929,3991698929,00001111,00001111
1776254262492225,0,0,3991698929,3991698929,00001111,00001111
1776254392118827,0,0,3648950534,3648950534,00001111,00001110
1776254549195534,0,0,3568926158,3568926158,00001111,00001111
1776254573108591,0,0,3859923591,3859923591,00001111,00001110
1776254574565589,0,0,3568926158,3568926158,00001111,00001111
1776254618942477,0,0,3535450008,3535450008,00001111,00001110
1776254643952441,0,0,3535450008,3535450008,00001111,00001110
1776254722851054,0,0,3668773441,3668773441,00001111,00001111
1776254877527942,0,0,3569122777,3569122777,00001111,00001111
1776254902869954,0,0,3569122777,3569122777,00001111,00001111
1776254921136945,0,0,3860841130,3860841130,00001111,00001110
1776254951035424,0,0,3535581087,3535581087,00001111,00001110
1776254976057447,0,0,3535581087,3535581087,00001111,00001110
1776255006392775,0,0,4119500010,4119500010,00001111,00001110
1776255019883852,0,0,4119500010,4119500010,00001111,00001110
1776255029978766,0,0,3804898940,3804898940,00001111,00001111
1776255204899035,0,0,3569384814,3569384814,00001111,00001111
1776255230096848,0,0,3569384814,3569384814,00001111,00001111
1776255348143736,0,0,4006275056,4006275056,00001111,00001111
1776255366449688,0,0,4195390047,4195390047,00001111,00001111
1776255367887623,0,0,4006275056,4006275056,00001111,00001111
1776255537451808,0,0,3569581556,3569581556,00001111,00001111
1776255564139659,0,0,3569581556,3569581556,00001111,00001111
1776255666888403,0,0,3236800862,3236800862,00001111,00001111
1776255677574317,0,0,3918807373,3918807373,00001111,00001111
1776255686636275,0,0,3236800862,3236800862,00001111,00001111
1776255696238286,0,0,3255370087,3255370087,00001111,00001111
1776255706646209,0,0,3236800862,3236800862,00001111,00001111
1776255995709312,0,0,3772226878,3772226878,00001111,00001111
1776256015493304,0,0,3772226878,3772226878,00001111,00001111
1776256027321365,0,0,3772226878,3772226878,00001111,00001111
1776256039723279,0,0,3476776362,3476776362,00001111,00001111
1776256227825095,0,0,3861037709,3861037709,00001111,00001110
1776256334923132,0,0,4093042605,4093042605,00001111,00001111
1776256351024972,0,0,3345472738,3345472738,00001111,00001111
1776256354725924,0,0,4093042605,4093042605,00001111,00001111
1776256614396016,0,0,3224375028,3224375028,00001111,00001110
1776256652629750,0,0,3381240594,3381240594,00001111,00001111
1776256681633748,0,0,3523252855,3523252855,00001111,00001111
1776256918374642,0,0,3518607250,3518607250,00001111,00001110
1776256940616642,0,0,3978088805,3978088805,00001111,00001111
1776256943548881,0,0,3518607250,3518607250,00001111,00001110
1776256982848284,0,0,4088781229,4088781229,00001111,00001111
1776257002602202,0,0,4088781229,4088781229,00001111,00001111
1776257022578215,0,0,4088781229,4088781229,00001111,00001111
1776257247017257,0,0,3518738222,3518738222,00001111,00001110
1776257266851142,0,0,3978219842,3978219842,00001111,00001111
1776257266873117,0,0,3518738222,3518738222,00001111,00001110
1776257269343117,0,0,3431527209,3431527209,00001111,00001111
1776257286891069,0,0,3518738222,3518738222,00001111,00001110
1776257311524706,0,0,3937457076,3937457076,00001111,00001111
1776257343002456,0,0,3937457076,3937457076,00001111,00001111
1776257348670515,0,0,3379638572,3379638572,00001111,00001111
1776257650306029,0,0,3551168269,3551168269,00001111,00001111
1776257670103889,0,0,3551168269,3551168269,00001111,00001111
1776257674337973,0,0,3426420073,3426420073,00001111,00001111
1776257941375872,0,0,3231155362,3231155362,00001111,00001110
1776257968965498,0,0,4244333794,4244333794,00001111,00001111
1776257988691458,0,0,4244333794,4244333794,00001111,00001111
1776258005915526,0,0,3637776383,3637776383,00001111,00001111
1776258008703484,0,0,4244333794,4244333794,00001111,00001111
1776258169349371,0,0,3861955123,3861955123,00001111,00001110
1776258191408249,0,0,3930069509,3930069509,00001111,00001110
1776258233385312,0,0,3233055933,3233055933,00001111,00001110
1776258253253332,0,0,3233055933,3233055933,00001111,00001110
1776258254170234,0,0,4036216953,4036216953,00001111,00001110
1776258273214352,0,0,4036216953,4036216953,00001111,00001110
1776258273221182,0,0,3233055933,3233055933,00001111,00001110
1776258305768004,0,0,3514864399,3514864399,00001111,00001111
1776258330853959,0,0,3514864399,3514864399,00001111,00001111
1776258566786761,0,0,4038445149,4038445149,00001111,00001110
1776258581812681,0,0,4038445149,4038445149,00001111,00001110
1776258601868747,0,0,4038445149,4038445149,00001111,00001110
1776258622063308,0,0,3519586570,3519586570,00001111,00001111
1776258626387354,0,0,3789103231,3789103231,00001111,00001111
1776258626629019,0,0,3766481919,3766481919,00001111,00001110
1776258646135380,0,0,3789103231,3789103231,00001111,00001111
1776258666163369,0,0,3789103231,3789103231,00001111,00001111
1776258821822865,0,0,3759242607,3759242607,00001111,00001111
1776258832929826,0,0,3759242607,3759242607,00001111,00001111
1776258858421824,0,0,3759242607,3759242607,00001111,00001111
1776258893516022,0,0,4038510845,4038510845,00001111,00001110
1776258918561912,0,0,4038510845,4038510845,00001111,00001110
1776258930521003,0,0,4038510845,4038510845,00001111,00001110
1776258959772665,0,0,3840004538,3840004538,00001111,00001111
1776258974794686,0,0,3840004538,3840004538,00001111,00001111
1776258994808633,0,0,3840004538,3840004538,00001111,00001111
1776259179750655,0,0,3759439225,3759439225,00001111,00001111
1776259293804730,0,0,3236694558,3236694558,00001111,00001111
1776259318888699,0,0,3236694558,3236694558,00001111,00001111
1776259516667540,0,0,3759701332,3759701332,00001111,00001111
1776259569329306,0,0,4003975639,4003975639,00001111,00001111
1776259612548498,0,0,4237811106,4237811106,00001111,00001111
1776259632290418,0,0,4237811106,4237811106,00001111,00001111
1776259652294377,0,0,4237811106,4237811106,00001111,00001111
1776259817172037,0,0,3759832563,3759832563,00001111,00001111
1776259842422003,0,0,3759832563,3759832563,00001111,00001111
1776259847938154,0,0,3724086567,3724086567,00001111,00001111
1776259881999332,0,0,4038641880,4038641880,00001111,00001110
1776259896765287,0,0,4004106604,4004106604,00001111,00001111
1776259904836348,0,0,3233186981,3233186981,00001111,00001110
1776259907031256,0,0,4038641880,4038641880,00001111,00001110
1776259907373250,0,0,3502620582,3502620582,00001111,00001111
1776259916650280,0,0,3233186981,3233186981,00001111,00001110
1776259941692150,0,0,3263398117,3263398117,00001111,00001111
1776259946660039,0,0,4208946849,4208946849,00001111,00001111
1776259951242075,0,0,3449167379,3449167379,00001111,00001111
1776259966844001,0,0,3263398117,3263398117,00001111,00001111
1776259970992030,0,0,3449167379,3449167379,00001111,00001111
1776260141653890,0,0,3724152203,3724152203,00001111,00001111
1776260145999874,0,0,3760094573,3760094573,00001111,00001111
1776260166849791,0,0,3724152203,3724152203,00001111,00001111
1776260171267813,0,0,3760094573,3760094573,00001111,00001111
1776260236512200,0,0,3473527161,3473527161,00001111,00001111
1776260270062946,0,0,4238991842,4238991842,00001111,00001111
1776260278848972,0,0,3353124576,3353124576,00001111,00001111
1776260283218885,0,0,3798897209,3798897209,00001111,00001111
1776260295152956,0,0,4238991842,4238991842,00001111,00001111
1776260299830997,0,0,3798897209,3798897209,00001111,00001111
1776260303965034,0,0,3353124576,3353124576,00001111,00001111
1776260309820989,0,0,4238991842,4238991842,00001111,00001111
1776260472821314,0,0,3760291301,3760291301,00001111,00001111
1776260510263216,0,0,3760291301,3760291301,00001111,00001111
1776260595165853,0,0,3991707338,3991707338,00001111,00001111
1776260598767740,0,0,3801381628,3801381628,00001111,00001111
1776260618515814,0,0,3801381628,3801381628,00001111,00001111
1776260620497867,0,0,3991707338,3991707338,00001111,00001111
1776260792807784,0,0,3760553308,3760553308,00001111,00001111
1776260796651761,0,0,3724414219,3724414219,00001111,00001111
1776260818373781,0,0,3760553308,3760553308,00001111,00001111
1776260821835809,0,0,3724414219,3724414219,00001111,00001111
1776260842545644,0,0,3760553308,3760553308,00001111,00001111
1776260866292859,0,0,4038969442,4038969442,00001111,00001110
1776260891314835,0,0,4038969442,4038969442,00001111,00001110
1776260923398471,0,0,3673188670,3673188670,00001111,00001111
1776260936742499,0,0,4121981675,4121981675,00001111,00001111
1776260948760472,0,0,3673188670,3673188670,00001111,00001111
1776260961830366,0,0,4121981675,4121981675,00001111,00001111
1776260965208366,0,0,4270829349,4270829349,00001111,00001111
1776261133948557,0,0,3760946640,3760946640,00001111,00001111
1776261159152610,0,0,3760946640,3760946640,00001111,00001111
1776261228230938,0,0,4039231741,4039231741,00001111,00001110
1776261262087457,0,0,3438110930,3438110930,00001111,00001111
1776261287169246,0,0,3438110930,3438110930,00001111,00001111
1776261458909945,0,0,3895492040,3895492040,00001111,00001111
1776261484105699,0,0,3895492040,3895492040,00001111,00001111
1776261519646411,0,0,3857349461,3857349461,00001111,00001110
1776261539508143,0,0,3857349461,3857349461,00001111,00001110
1776261559554006,0,0,3857349461,3857349461,00001111,00001110
1776261560706110,0,0,4039362758,4039362758,00001111,00001110
1776261580111967,0,0,3783377990,3783377990,00001111,00001111
1776261588453915,0,0,3635622982,3635622982,00001111,00001111
1776261603875730,0,0,3635622982,3635622982,00001111,00001111
1776261605197742,0,0,3783377990,3783377990,00001111,00001111
1776261623869617,0,0,3635622982,3635622982,00001111,00001111
1776261782297587,0,0,3724872994,3724872994,00001111,00001111
1776261801311486,0,0,3895557474,3895557474,00001111,00001111
1776261807445419,0,0,3724872994,3724872994,00001111,00001111
1776261826597340,0,0,3895557474,3895557474,00001111,00001111
1776261848466348,0,0,3857677262,3857677262,00001111,00001110
1776261868328256,0,0,3857677262,3857677262,00001111,00001110
1776261870050187,0,0,3895239997,3895239997,00001111,00001111
1776261870392217,0,0,3981890004,3981890004,00001111,00001111
1776261888340155,0,0,3857677262,3857677262,00001111,00001110
1776261918479689,0,0,4148731436,4148731436,00001111,00001111
1776261932969568,0,0,3231574494,3231574494,00001111,00001111
1776261952713557,0,0,3231574494,3231574494,00001111,00001111
1776261953923432,0,0,4148731436,4148731436,00001111,00001111
1776262174209524,0,0,4039624919,4039624919,00001111,00001110
1776262174511427,0,0,3857939429,3857939429,00001111,00001110
1776262179711510,0,0,3896878357,3896878357,00001111,00001111
1776262187117468,0,0,3857939429,3857939429,00001111,00001110
1776262196386457,0,0,4176218083,4176218083,00001111,00001111
1776262197519433,0,0,3982020956,3982020956,00001111,00001111
1776262199321499,0,0,4039624919,4039624919,00001111,00001110
1776262206141338,0,0,3896878357,3896878357,00001111,00001111
1776262207045365,0,0,3857939429,3857939429,00001111,00001110
1776262251497730,0,0,3605041928,3605041928,00001111,00001111
1776262251867715,0,0,4234151982,4234151982,00001111,00001110
1776262276581719,0,0,3605041928,3605041928,00001111,00001111
1776262276891571,0,0,4234151982,4234151982,00001111,00001110
1776262436383482,0,0,3725593865,3725593865,00001111,00001111
1776262461545345,0,0,3725593865,3725593865,00001111,00001111
1776262511379977,0,0,4086476592,4086476592,00001111,00001110
1776262511389931,0,0,4039690331,4039690331,00001111,00001110
1776262524081993,0,0,4248359251,4248359251,00001111,00001111
1776262525891931,0,0,4086476592,4086476592,00001111,00001110
1776262527206930,0,0,4039690331,4039690331,00001111,00001110
1776262537758015,0,0,4039690331,4039690331,00001111,00001110
1776262545887926,0,0,4086476592,4086476592,00001111,00001110
1776262549055167,0,0,3858201570,3858201570,00001111,00001110
1776262549377846,0,0,4248359251,4248359251,00001111,00001111
1776262565121137,0,0,3767650884,3767650884,00001111,00001111
1776262570357126,0,0,3508176139,3508176139,00001111,00001110
1776262570363087,0,0,3277033233,3277033233,00001111,00001110
1776262570581115,0,0,4220399205,4220399205,00001111,00001111
1776262590161156,0,0,4220399205,4220399205,00001111,00001111
1776262590405906,0,0,3767650884,3767650884,00001111,00001111
1776262591632064,0,0,3277033233,3277033233,00001111,00001110
1776262600772960,0,0,4194613600,4194613600,00001111,00001110
1776262610151072,0,0,4220399205,4220399205,00001111,00001111
1776262610397871,0,0,3277033233,3277033233,00001111,00001110
1776262764491091,0,0,3574169025,3574169025,00001111,00001111
1776262766875026,0,0,3726052645,3726052645,00001111,00001111
1776262789837063,0,0,3574169025,3574169025,00001111,00001111
1776262792178970,0,0,3726052645,3726052645,00001111,00001111
1776262834748822,0,0,3858463608,3858463608,00001111,00001110
1776262852132713,0,0,4086607625,4086607625,00001111,00001110
1776262854614727,0,0,3858463608,3858463608,00001111,00001110
1776262858196732,0,0,3896878491,3896878491,00001111,00001111
1776262874626722,0,0,4086607625,4086607625,00001111,00001110
1776262874852917,0,0,3858463608,3858463608,00001111,00001110
1776262893101472,0,0,3844189047,3844189047,00001111,00001110
1776262899145407,0,0,3364249238,3364249238,00001111,00001111
1776262904469393,0,0,4059722518,4059722518,00001111,00001111
1776262908997384,0,0,3844189047,3844189047,00001111,00001110
1776262920179333,0,0,3690164031,3690164031,00001111,00001111
1776262924221331,0,0,3364249238,3364249238,00001111,00001111
1776262929523255,0,0,4059722518,4059722518,00001111,00001111
1776262934008328,0,0,3844189047,3844189047,00001111,00001110
1776263093279800,0,0,3574234460,3574234460,00001111,00001111
1776263113703823,0,0,3726380298,3726380298,00001111,00001111
1776263118605829,0,0,3574234460,3574234460,00001111,00001111
1776263138837761,0,0,3726380298,3726380298,00001111,00001111
1776263155034565,0,0,4087796067,4087796067,00001111,00001111
1776263163371538,0,0,3858725828,3858725828,00001111,00001110
1776263183241514,0,0,3858725828,3858725828,00001111,00001110
1776263183623445,0,0,3897402672,3897402672,00001111,00001111
1776263193349489,0,0,3233684956,3233684956,00001111,00001111
1776263203249400,0,0,3858725828,3858725828,00001111,00001110
1776263231656755,0,0,3748079181,3748079181,00001111,00001110
1776263233258685,0,0,3693422229,3693422229,00001111,00001110
1776263235942740,0,0,3839467898,3839467898,00001111,00001111
1776263237938608,0,0,3267531849,3267531849,00001111,00001110
1776263249764679,0,0,4107765456,4107765456,00001111,00001111
1776263256672635,0,0,3748079181,3748079181,00001111,00001110
1776263258274607,0,0,3693422229,3693422229,00001111,00001110
1776263261040707,0,0,3839467898,3839467898,00001111,00001111
1776263451122905,0,0,3626639584,3626639584,00001111,00001111
1776263462104878,0,0,3574431091,3574431091,00001111,00001111
1776263492062525,0,0,3858987902,3858987902,00001111,00001110
1776263517064557,0,0,3858987902,3858987902,00001111,00001110
1776263521326596,0,0,3897599423,3897599423,00001111,00001111
1776263531918649,0,0,3858987902,3858987902,00001111,00001110
1776263556592188,0,0,3717420163,3717420163,00001111,00001111
1776263565426017,0,0,3701648568,3701648568,00001111,00001111
1776263576270000,0,0,3717420163,3717420163,00001111,00001111
1776263577862092,0,0,4051800175,4051800175,00001111,00001110
1776263586536063,0,0,3781526586,3781526586,00001111,00001111
1776263590538117,0,0,3701648568,3701648568,00001111,00001111
1776263596279061,0,0,3717420163,3717420163,00001111,00001111
1776263596563050,0,0,4180971032,4180971032,00001111,00001110
1776263767860882,0,0,3574627792,3574627792,00001111,00001111
1776263779830074,0,0,3594602458,3594602458,00001111,00001111
1776263851378410,0,0,3897861524,3897861524,00001111,00001111
1776263879759972,0,0,3252693413,3252693413,00001111,00001111
1776263885281988,0,0,3365131670,3365131670,00001111,00001111
1776263905046039,0,0,3365131670,3365131670,00001111,00001111
1776263921164924,0,0,3348165020,3348165020,00001111,00001111
1776263925030025,0,0,3365131670,3365131670,00001111,00001111
1776264079391358,0,0,3574824440,3574824440,00001111,00001111
1776264084893283,0,0,3726511548,3726511548,00001111,00001111
1776264104655241,0,0,3574824440,3574824440,00001111,00001111
1776264110177226,0,0,3726511548,3726511548,00001111,00001111
1776264149064426,0,0,3859250132,3859250132,00001111,00001110
1776264172522387,0,0,3898123564,3898123564,00001111,00001111
1776264174048453,0,0,3859250132,3859250132,00001111,00001110
1776264208117634,0,0,4291014299,4291014299,00001111,00001111
1776264209483589,0,0,3533471541,3533471541,00001111,00001111
1776264233373554,0,0,4291014299,4291014299,00001111,00001111
1776264234565491,0,0,3533471541,3533471541,00001111,00001111
1776264408381376,0,0,3575021049,3575021049,00001111,00001111
1776264415649334,0,0,4019129617,4019129617,00001111,00001111
1776264433583269,0,0,3575021049,3575021049,00001111,00001111
1776264441013332,0,0,4019129617,4019129617,00001111,00001111
1776264512720885,0,0,3859774447,3859774447,00001111,00001110
1776264536406905,0,0,4254107865,4254107865,00001111,00001111
1776264538812934,0,0,3487829992,3487829992,00001111,00001111
1776264542231066,0,0,3229320986,3229320986,00001111,00001110
1776264563946877,0,0,3487829992,3487829992,00001111,00001111
1776264578225023,0,0,3720733241,3720733241,00001111,00001111
1776264736194123,0,0,3575283015,3575283015,00001111,00001111
1776264761356186,0,0,3575283015,3575283015,00001111,00001111
1776264767504058,0,0,3575414267,3575414267,00001111,00001111
1776264806611529,0,0,3860101967,3860101967,00001111,00001110
1776264807177442,0,0,3898385668,3898385668,00001111,00001111
1776264826409423,0,0,3860101967,3860101967,00001111,00001110
1776264833955393,0,0,3898385668,3898385668,00001111,00001111
1776264846427449,0,0,3860101967,3860101967,00001111,00001110
1776264867775897,0,0,4135692946,4135692946,00001111,00001111
1776264892849838,0,0,4135692946,4135692946,00001111,00001111
1776264894251877,0,0,3729450683,3729450683,00001111,00001111
1776265077638224,0,0,3575479645,3575479645,00001111,00001111
1776265102836169,0,0,3575479645,3575479645,00001111,00001111
1776265133821968,0,0,3898844567,3898844567,00001111,00001111
1776265137811878,0,0,4145349139,4145349139,00001111,00001111
1776265145940931,0,0,3976882521,3976882521,00001111,00001111
1776265160375523,0,0,3898844567,3898844567,00001111,00001111
1776265170869805,0,0,3898844567,3898844567,00001111,00001111
1776265174962823,0,0,4277761796,4277761796,00001111,00001111
1776265196951501,0,0,4037428564,4037428564,00001111,00001111
1776265222181403,0,0,4037428564,4037428564,00001111,00001111
1776265226264418,0,0,3474854953,3474854953,00001111,00001110
1776265413631776,0,0,3575676250,3575676250,00001111,00001111
1776265421317626,0,0,4019195298,4019195298,00001111,00001111
1776265439119726,0,0,3575676250,3575676250,00001111,00001111
1776265463068973,0,0,3899106708,3899106708,00001111,00001111
1776265474831988,0,0,4150592165,4150592165,00001111,00001111
1776265475489986,0,0,3899106708,3899106708,00001111,00001111
1776265478116985,0,0,3985729860,3985729860,00001111,00001111
1776265500697075,0,0,3899106708,3899106708,00001111,00001111
1776265503815072,0,0,4280776607,4280776607,00001111,00001111
1776265521907417,0,0,3768148667,3768148667,00001111,00001111
1776265526511482,0,0,3872818370,3872818370,00001111,00001111
1776265547013434,0,0,3768148667,3768148667,00001111,00001111
1776265551617490,0,0,3872818370,3872818370,00001111,00001111
1776265572107557,0,0,3768148667,3768148667,00001111,00001111
1776265722452734,0,0,3575872981,3575872981,00001111,00001111
1776265747794799,0,0,3575872981,3575872981,00001111,00001111
1776265791101651,0,0,3899368864,3899368864,00001111,00001111
1776265797091082,0,0,3985992031,3985992031,00001111,00001111
1776265816505090,0,0,3899368864,3899368864,00001111,00001111
1776266055924694,0,0,4019850630,4019850630,00001111,00001111
1776266081088640,0,0,4019850630,4019850630,00001111,00001111
1776266081930623,0,0,3576135141,3576135141,00001111,00001111
1776266130319343,0,0,3985166697,3985166697,00001111,00001110
1776266141263282,0,0,3985166697,3985166697,00001111,00001110
1776266144151263,0,0,3495913971,3495913971,00001111,00001111
1776266151373293,0,0,3861347177,3861347177,00001111,00001110
1776266161281178,0,0,3985166697,3985166697,00001111,00001110
1776266198267320,0,0,3692505595,3692505595,00001111,00001110
1776266221982238,0,0,3692505595,3692505595,00001111,00001110
1776266390101158,0,0,3899030884,3899030884,00001111,00001111
1776266415459255,0,0,3899030884,3899030884,00001111,00001111
1776266475245471,0,0,3985428822,3985428822,00001111,00001110
1776266750315302,0,0,3267497247,3267497247,00001111,00001111
1776266757821234,0,0,3899096561,3899096561,00001111,00001111
1776266790463602,0,0,3511642584,3511642584,00001111,00001111
1776266797425617,0,0,3985494514,3985494514,00001111,00001110
1776266815557605,0,0,3511642584,3511642584,00001111,00001111
1776266822447636,0,0,3985494514,3985494514,00001111,00001110
1776267056110761,0,0,3267693884,3267693884,00001111,00001111
1776267063236723,0,0,3899358589,3899358589,00001111,00001111
1776267081460672,0,0,3267693884,3267693884,00001111,00001111
1776267121967682,0,0,3985822019,3985822019,00001111,00001110
1776267128862723,0,0,3306293201,3306293201,00001111,00001111
1776267145938704,0,0,3306293201,3306293201,00001111,00001111
1776267146975699,0,0,3985822019,3985822019,00001111,00001110
1776267377675467,0,0,3267955995,3267955995,00001111,00001111
1776267402883408,0,0,3267955995,3267955995,00001111,00001111
1776267403841479,0,0,3899620692,3899620692,00001111,00001111
1776267444508983,0,0,3986018792,3986018792,00001111,00001110
1776267456302915,0,0,3986018792,3986018792,00001111,00001110
1776267481314904,0,0,3986018792,3986018792,00001111,00001110
1776267502228138,0,0,3917225870,3917225870,00001111,00001110
1776267522283133,0,0,4041096510,4041096510,00001111,00001110
1776267698937542,0,0,3899882824,3899882824,00001111,00001111
1776267722216458,0,0,4051927308,4051927308,00001111,00001110
1776267722661491,0,0,3899882824,3899882824,00001111,00001111
1776267742018467,0,0,4051927308,4051927308,00001111,00001110
1776267766559468,0,0,4039821378,4039821378,00001111,00001110
1776267769981407,0,0,3986412019,3986412019,00001111,00001110
1776267786417406,0,0,3986412019,3986412019,00001111,00001110
1776267786799470,0,0,4039821378,4039821378,00001111,00001110
1776267798901458,0,0,3985556711,3985556711,00001111,00001110
1776267807300440,0,0,3306358650,3306358650,00001111,00001111
1776267809519434,0,0,3985556711,3985556711,00001111,00001110
1776267831116331,0,0,3976027106,3976027106,00001111,00001110
1776267850840246,0,0,3976027106,3976027106,00001111,00001110
1776267855271276,0,0,3944289339,3944289339,00001111,00001111
1776267870832326,0,0,3976027106,3976027106,00001111,00001110
1776268095504476,0,0,3788393623,3788393623,00001111,00001110
1776268115154506,0,0,3788393623,3788393623,00001111,00001110
1776268128681532,0,0,3986543100,3986543100,00001111,00001110
1776268179856484,0,0,3266479180,3266479180,00001111,00001110
1776268199582496,0,0,3266479180,3266479180,00001111,00001110
1776268368944594,0,0,3986805202,3986805202,00001111,00001110
1776268393381853,0,0,3788655670,3788655670,00001111,00001110
1776268393978440,0,0,3986805202,3986805202,00001111,00001110
1776268700148298,0,0,3987198293,3987198293,00001111,00001110
1776268719083273,0,0,3453290312,3453290312,00001111,00001111
1776268725156264,0,0,3987198293,3987198293,00001111,00001110
1776268736229278,0,0,3453290312,3453290312,00001111,00001111
1776268750072075,0,0,3857624382,3857624382,00001111,00001111
1776268775166028,0,0,3857624382,3857624382,00001111,00001111
1776268800282010,0,0,3857624382,3857624382,00001111,00001111
1776269015612808,0,0,4236923695,4236923695,00001111,00001111
1776269024294787,0,0,3987263999,3987263999,00001111,00001110
1776269040716808,0,0,4236923695,4236923695,00001111,00001111
1776269049338781,0,0,3987263999,3987263999,00001111,00001110
1776269345810838,0,0,4238496536,4238496536,00001111,00001111
1776269361983889,0,0,3788852262,3788852262,00001111,00001110
1776269370920932,0,0,4238496536,4238496536,00001111,00001111
1776269387137897,0,0,3788852262,3788852262,00001111,00001110
1776269686137210,0,0,4238758686,4238758686,00001111,00001111
1776269696935243,0,0,3987984869,3987984869,00001111,00001110
1776269700126304,0,0,3789048990,3789048990,00001111,00001110
1776269720851462,0,0,4238758686,4238758686,00001111,00001111
1776269721945469,0,0,3987984869,3987984869,00001111,00001110
1776269782698150,0,0,4241601319,4241601319,00001111,00001111
1776270000931825,0,0,4239020858,4239020858,00001111,00001111
1776270013739886,0,0,3988115954,3988115954,00001111,00001110
1776270026003994,0,0,4239020858,4239020858,00001111,00001111
1776270038741951,0,0,3988115954,3988115954,00001111,00001110
1776270040373969,0,0,3789179959,3789179959,00001111,00001110
1776270345397317,0,0,3789311013,3789311013,00001111,00001110
1776270674470724,0,0,3789376676,3789376676,00001111,00001110
1776270995858262,0,0,3989098957,3989098957,00001111,00001110
1776271006391318,0,0,3443165506,3443165506,00001111,00001110
1776271013182354,0,0,3989098957,3989098957,00001111,00001110
1776271327268212,0,0,3461646696,3461646696,00001111,00001110
1776271341424263,0,0,3989230020,3989230020,00001111,00001110
1776271352286214,0,0,3461646696,3461646696,00001111,00001110
1776271366438309,0,0,3989230020,3989230020,00001111,00001110
1776271624542465,0,0,3839340313,3839340313,00001111,00001111
1776271650810791,0,0,3461908835,3461908835,00001111,00001110
1776271670756842,0,0,3461908835,3461908835,00001111,00001110
1776271986270089,0,0,3989885391,3989885391,00001111,00001110
1776272011272099,0,0,3989885391,3989885391,00001111,00001110
1776272312934311,0,0,3990016458,3990016458,00001111,00001110
1776272337940346,0,0,3990016458,3990016458,00001111,00001110
1776272637804112,0,0,3990278618,3990278618,00001111,00001110
1776272649134010,0,0,3512428903,3512428903,00001111,00001111
1776272657686069,0,0,3990278618,3990278618,00001111,00001110
1776272992619058,0,0,3315061110,3315061110,00001111,00001110
1776273300427635,0,0,4015641037,4015641037,00001111,00001110
1776273325489703,0,0,4015641037,4015641037,00001111,00001110
1776273399339411,0,0,3872238397,3872238397,00001111,00001111
1776273645095747,0,0,4015772021,4015772021,00001111,00001110
1776274058039133,0,0,3383375254,3383375254,00001111,00001110
1776274281548062,0,0,4016427374,4016427374,00001111,00001110
1776274301449896,0,0,4016427374,4016427374,00001111,00001110
1776274612768549,0,0,4016624119,4016624119,00001111,00001110
1776274637770318,0,0,4016624119,4016624119,00001111,00001110
1776274649726256,0,0,4016624119,4016624119,00001111,00001110
1776275271657282,0,0,4017410383,4017410383,00001111,00001110
1776275298019078,0,0,4017410383,4017410383,00001111,00001110
1776275309215148,0,0,4017410383,4017410383,00001111,00001110
1776275600929843,0,0,4017476068,4017476068,00001111,00001110
1776275625931698,0,0,4017476068,4017476068,00001111,00001110
1776276001940471,0,0,3284933804,3284933804,00001111,00001110
1776276026966367,0,0,3284933804,3284933804,00001111,00001110
1776276252026471,0,0,4018196956,4018196956,00001111,00001110
1776276277048436,0,0,4018196956,4018196956,00001111,00001110
1776276585251825,0,0,4018328018,4018328018,00001111,00001110
1776276610253675,0,0,4018328018,4018328018,00001111,00001110
1776276620749746,0,0,4018328018,4018328018,00001111,00001110
1776277242854877,0,0,4019048919,4019048919,00001111,00001110
1776277258256775,0,0,4019048919,4019048919,00001111,00001110
1776277278252804,0,0,4019048919,4019048919,00001111,00001110
1776277573730899,0,0,4019179888,4019179888,00001111,00001110
1776277596912795,0,0,4019179888,4019179888,00001111,00001110
1776277960059511,0,0,3385757010,3385757010,00001111,00001111
1776277985159628,0,0,3385757010,3385757010,00001111,00001111
1776278230690806,0,0,4019769847,4019769847,00001111,00001110
1776278255692895,0,0,4019769847,4019769847,00001111,00001110
1776278559059602,0,0,4019900799,4019900799,00001111,00001110
1776278584061619,0,0,4019900799,4019900799,00001111,00001110
1776278616143882,0,0,4207518497,4207518497,00001111,00001111
1776278888649954,0,0,4020162919,4020162919,00001111,00001110
1776278892337894,0,0,4055858439,4055858439,00001111,00001110
1776278913486972,0,0,4055858439,4055858439,00001111,00001110
1776278913748888,0,0,4020162919,4020162919,00001111,00001110
1776278924609022,0,0,4055858439,4055858439,00001111,00001110
1776279216598560,0,0,4020556138,4020556138,00001111,00001110
1776279221078612,0,0,4058479915,4058479915,00001111,00001110
1776279228926609,0,0,3516885314,3516885314,00001111,00001111
1776279240802558,0,0,4020556138,4020556138,00001111,00001110
1776279474723515,0,0,3525540843,3525540843,00001111,00001110
1776279494605526,0,0,3525540843,3525540843,00001111,00001110
1776279514609532,0,0,3525540843,3525540843,00001111,00001110
1776279539629612,0,0,4020621821,4020621821,00001111,00001110
1776279558931594,0,0,4020621821,4020621821,00001111,00001110
1776279892140715,0,0,4058742051,4058742051,00001111,00001110
1776280146287410,0,0,3531832307,3531832307,00001111,00001110
1776280161999395,0,0,3531832307,3531832307,00001111,00001110
1776280201560583,0,0,4021277148,4021277148,00001111,00001110
1776280214216866,0,0,4059200923,4059200923,00001111,00001110
1776280226574761,0,0,4021277148,4021277148,00001111,00001110
1776280530931355,0,0,4021408095,4021408095,00001111,00001110
1776280555933264,0,0,4021408095,4021408095,00001111,00001110
1776280854677194,0,0,4059659655,4059659655,00001111,00001110
1776280855861099,0,0,4021604815,4021604815,00001111,00001110
1776280880865172,0,0,4021604815,4021604815,00001111,00001110
1776281183233113,0,0,4059856298,4059856298,00001111,00001110
1776281188542141,0,0,4021997902,4021997902,00001111,00001110
1776281195801039,0,0,4059856298,4059856298,00001111,00001110
1776281203100055,0,0,4021997902,4021997902,00001111,00001110
1776281213095082,0,0,4059856298,4059856298,00001111,00001110
1776281223116089,0,0,4021997902,4021997902,00001111,00001110
1776281514336215,0,0,4060118292,4060118292,00001111,00001110
1776281516761170,0,0,4022063472,4022063472,00001111,00001110
1776281541943193,0,0,4022063472,4022063472,00001111,00001110
1776281858651059,0,0,4060314936,4060314936,00001111,00001110
1776281883657878,0,0,4060314936,4060314936,00001111,00001110
1776281908808099,0,0,3973909111,3973909111,00001111,00001111
1776282106551116,0,0,3532290892,3532290892,00001111,00001110
1776282126431040,0,0,3532290892,3532290892,00001111,00001110
1776282145118992,0,0,3532290892,3532290892,00001111,00001110
1776282174399344,0,0,4022587755,4022587755,00001111,00001110
1776282189501456,0,0,4022587755,4022587755,00001111,00001110
1776282209497324,0,0,4022587755,4022587755,00001111,00001110
1776282439674360,0,0,3533405123,3533405123,00001111,00001110
1776282465976314,0,0,3533405123,3533405123,00001111,00001110
1776282499610350,0,0,4060511619,4060511619,00001111,00001110
1776282504317387,0,0,4022653399,4022653399,00001111,00001110
1776282518258365,0,0,4060511619,4060511619,00001111,00001110
1776282529339310,0,0,4022653399,4022653399,00001111,00001110
1776282592747452,0,0,3782413032,3782413032,00001111,00001110
1776282796469871,0,0,3533601603,3533601603,00001111,00001110
1776282867251993,0,0,4060904855,4060904855,00001111,00001110
1776282933616896,0,0,3353473948,3353473948,00001111,00001111
1776283165848443,0,0,4023177725,4023177725,00001111,00001110
1776283190870408,0,0,4023177725,4023177725,00001111,00001110
1776283485793209,0,0,3319180201,3319180201,00001111,00001110
1776283489237129,0,0,4023308652,4023308652,00001111,00001110
1776283514319167,0,0,4023308652,4023308652,00001111,00001110
1776284148162844,0,0,4023832929,4023832929,00001111,00001110
1776284173164863,0,0,4023832929,4023832929,00001111,00001110
1776284483229020,0,0,4023898573,4023898573,00001111,00001110
1776284508231010,0,0,4023898573,4023898573,00001111,00001110
1776285154826934,0,0,4024422740,4024422740,00001111,00001110
1776285459174398,0,0,4024488318,4024488318,00001111,00001110
1776285484176297,0,0,4024488318,4024488318,00001111,00001110
1776286114489001,0,0,4024947143,4024947143,00001111,00001110
1776286139496958,0,0,4024947143,4024947143,00001111,00001110
1776286442380110,0,0,3463979181,3463979181,00001111,00001110
1776286447018087,0,0,4025012685,4025012685,00001111,00001110
1776286454160125,0,0,3463979181,3463979181,00001111,00001110
1776286472036248,0,0,4025012685,4025012685,00001111,00001110
1776286472260888,0,0,3463979181,3463979181,00001111,00001110
1776286851709877,0,0,4060316768,4060316768,00001111,00001110
1776287129566385,0,0,3331969535,3331969535,00001111,00001110
1776287432924467,0,0,3778924876,3778924876,00001111,00001110
1776287448366562,0,0,3778924876,3778924876,00001111,00001110
1776287757144587,0,0,3778925004,3778925004,00001111,00001110
1776287782166625,0,0,3778925004,3778925004,00001111,00001110
1776288090347197,0,0,3778990562,3778990562,00001111,00001110
1776288115508838,0,0,3778990562,3778990562,00001111,00001110
1776288419624213,0,0,3779121606,3779121606,00001111,00001110
1776288444666039,0,0,3779121606,3779121606,00001111,00001110
1776288750408637,0,0,3779121653,3779121653,00001111,00001110
1776288775410532,0,0,3779121653,3779121653,00001111,00001110
1776289406420706,0,0,3779318087,3779318087,00001111,00001110
1776289431422668,0,0,3779318087,3779318087,00001111,00001110
1776290392636911,0,0,3779449160,3779449160,00001111,00001110
1776290417639065,0,0,3779449160,3779449160,00001111,00001110
1776290720941943,0,0,3779449194,3779449194,00001111,00001110
1776290745943978,0,0,3779449194,3779449194,00001111,00001110
1776291377248705,0,0,3779514873,3779514873,00001111,00001110
1776291402310744,0,0,3779514873,3779514873,00001111,00001110
1776291413206766,0,0,3779514873,3779514873,00001111,00001110
1776291705914188,0,0,3779580257,3779580257,00001111,00001110
1776291730916174,0,0,3779580257,3779580257,00001111,00001110
1776292362847404,0,0,3779711297,3779711297,00001111,00001110
1776292379809233,0,0,3779711297,3779711297,00001111,00001110
1776292399384982,0,0,3779711297,3779711297,00001111,00001110
1776292692787409,0,0,3779711330,3779711330,00001111,00001110
1776292725625161,0,0,3779711476,3779711476,00001111,00001110
1776293350065844,0,0,3779842388,3779842388,00001111,00001110
1776293375067870,0,0,3779842388,3779842388,00001111,00001110
1776293385643787,0,0,3779842388,3779842388,00001111,00001110
1776293674545404,0,0,3779842421,3779842421,00001111,00001110
1776293699567395,0,0,3779842421,3779842421,00001111,00001110
1776294335337745,0,0,3779973454,3779973454,00001111,00001110
1776294360339672,0,0,3779973454,3779973454,00001111,00001110
1776294665718424,0,0,4107841464,4107841464,00001111,00001110
1776294671020388,0,0,3779973495,3779973495,00001111,00001110
1776294690742382,0,0,4107841464,4107841464,00001111,00001110
1776294696074294,0,0,3779973495,3779973495,00001111,00001110
1776298297676640,0,0,3780366797,3780366797,00001111,00001110
1776298612766249,0,0,4280537464,4280537464,00001111,00001110
1776298637768263,0,0,4280537464,4280537464,00001111,00001110
1776299265216208,0,0,3563368360,3563368360,00001111,00001110
1776299271338183,0,0,4280734207,4280734207,00001111,00001110
1776299290220142,0,0,3563368360,3563368360,00001111,00001110
1776299296372146,0,0,4280734207,4280734207,00001111,00001110
1776299591807943,0,0,3563433773,3563433773,00001111,00001110
1776299604771979,0,0,4280799709,4280799709,00001111,00001110
1776299611693888,0,0,3563433773,3563433773,00001111,00001110
1776299629805888,0,0,4280799709,4280799709,00001111,00001110
1776299631695984,0,0,3563433773,3563433773,00001111,00001110
1776300251166899,0,0,4281061861,4281061861,00001111,00001110
1776300276168819,0,0,4281061861,4281061861,00001111,00001110
1776300288504829,0,0,4281061861,4281061861,00001111,00001110
1776300584310617,0,0,4281127284,4281127284,00001111,00001110
1776300609332548,0,0,4281127284,4281127284,00001111,00001110
1776301570607208,0,0,4281520476,4281520476,00001111,00001110
1776301595609082,0,0,4281520476,4281520476,00001111,00001110
1776301897876161,0,0,4281520616,4281520616,00001111,00001110
1776301922878163,0,0,4281520616,4281520616,00001111,00001110
1776303548800835,0,0,4282110329,4282110329,00001111,00001110
1776303573802831,0,0,4282110329,4282110329,00001111,00001110
1776303869100230,0,0,4282175811,4282175811,00001111,00001110
1776303894122200,0,0,4282175811,4282175811,00001111,00001110
1776304527989710,0,0,4282306942,4282306942,00001111,00001110
1776304553011640,0,0,4282306942,4282306942,00001111,00001110
1776304855353836,0,0,4282307062,4282307062,00001111,00001110
1776304880355820,0,0,4282307062,4282307062,00001111,00001110
1776306497244826,0,0,3546787632,3546787632,00001111,00001110
1776306499486792,0,0,4282765807,4282765807,00001111,00001110
1776306514169079,0,0,3546787632,3546787632,00001111,00001110
1776306524511216,0,0,4282765807,4282765807,00001111,00001110
1776306822979177,0,0,3546787764,3546787764,00001111,00001110
1776306825881233,0,0,4282831219,4282831219,00001111,00001110
1776306842880319,0,0,4282831219,4282831219,00001111,00001110
1776306847985350,0,0,3546787764,3546787764,00001111,00001110
1776307487988919,0,0,4283027827,4283027827,00001111,00001110
1776307512990980,0,0,4283027827,4283027827,00001111,00001110
1776307809262138,0,0,4283027954,4283027954,00001111,00001110
1776307829144194,0,0,4283027954,4283027954,00001111,00001110
1776307849160159,0,0,4283027954,4283027954,00001111,00001110
1776308473919158,0,0,4283289930,4283289930,00001111,00001110
1776308498920862,0,0,4283289930,4283289930,00001111,00001110
1776308812477662,0,0,4283290063,4283290063,00001111,00001110
1776308837479460,0,0,4283290063,4283290063,00001111,00001110
1776309454624078,0,0,4112953103,4112953103,00001111,00001110
1776309461106091,0,0,4283486716,4283486716,00001111,00001110
1776309479627968,0,0,4112953103,4112953103,00001111,00001110
1776309482730078,0,0,4283486716,4283486716,00001111,00001110
1776309781512159,0,0,4112953264,4112953264,00001111,00001110
1776309785134205,0,0,4283552214,4283552214,00001111,00001110
1776309806516161,0,0,4112953264,4112953264,00001111,00001110
1776309810138093,0,0,4283552214,4283552214,00001111,00001110
1776311097446951,0,0,4284010953,4284010953,00001111,00001110
1776311122448739,0,0,4284010953,4284010953,00001111,00001110
1776311137124747,0,0,4284010953,4284010953,00001111,00001110
1776311426031531,0,0,4284076400,4284076400,00001111,00001110
1776311445953346,0,0,4284076400,4284076400,00001111,00001110
1776312083414589,0,0,4284338633,4284338633,00001111,00001110
1776312103296573,0,0,4284338633,4284338633,00001111,00001110
1776312412732954,0,0,4284404061,4284404061,00001111,00001110
1776312432634822,0,0,4284404061,4284404061,00001111,00001110
1776313070540581,0,0,4284731891,4284731891,00001111,00001110
1776313095542635,0,0,4284731891,4284731891,00001111,00001110
1776313109758696,0,0,4284731891,4284731891,00001111,00001110
1776313398540247,0,0,4284797400,4284797400,00001111,00001110
1776313423562292,0,0,4284797400,4284797400,00001111,00001110
1776314062510561,0,0,4285190466,4285190466,00001111,00001110
1776314087512541,0,0,4285190466,4285190466,00001111,00001110
1776314384262975,0,0,4285256007,4285256007,00001111,00001110
1776314409284989,0,0,4285256007,4285256007,00001111,00001110
1776315075822846,0,0,4285583870,4285583870,00001111,00001110
1776315378564891,0,0,4285714762,4285714762,00001111,00001110
1776315403606854,0,0,4285714762,4285714762,00001111,00001110
1776316034243221,0,0,4286108142,4286108142,00001111,00001110
1776316059245109,0,0,4286108142,4286108142,00001111,00001110
1776316384914228,0,0,4286173677,4286173677,00001111,00001110
1776317677569995,0,0,4287025524,4287025524,00001111,00001110
1776317702591976,0,0,4287025524,4287025524,00001111,00001110
1776318002395968,0,0,4287091157,4287091157,00001111,00001110
1776318027417973,0,0,4287091157,4287091157,00001111,00001110
1776318041173912,0,0,4287091157,4287091157,00001111,00001110
1776318665575612,0,0,4287615458,4287615458,00001111,00001110
1776318690577544,0,0,4287615458,4287615458,00001111,00001110
1776318983415233,0,0,3490899773,3490899773,00001111,00001111
1776319008521160,0,0,3490899773,3490899773,00001111,00001111
1776319019176083,0,0,4287746406,4287746406,00001111,00001110
1776319278751863,0,0,3907773733,3907773733,00001111,00001111
1776319312250295,0,0,3492931498,3492931498,00001111,00001111
1776319317335326,0,0,4287943143,4287943143,00001111,00001110
1776319337542285,0,0,3492931498,3492931498,00001111,00001111
1776319342453977,0,0,4287943143,4287943143,00001111,00001110
1776319640936725,0,0,3493193629,3493193629,00001111,00001111
1776319658215692,0,0,3893334562,3893334562,00001111,00001111
1776319666038723,0,0,3493193629,3493193629,00001111,00001111
1776319676765691,0,0,4288336345,4288336345,00001111,00001110
1776319980457242,0,0,4288467271,4288467271,00001111,00001110
1776320003779191,0,0,4288467271,4288467271,00001111,00001110
1776320270788282,0,0,3456213370,3456213370,00001111,00001111
1776320275869213,0,0,3456213370,3456213370,00001111,00001111
1776320384136977,0,0,4150812675,4150812675,00001111,00001110
1776320409113005,0,0,4150812675,4150812675,00001111,00001110
1776320705302414,0,0,3642625261,3642625261,00001111,00001110
1776320725576672,0,0,3642625261,3642625261,00001111,00001110
1776320915703196,0,0,3771393466,3771393466,00001111,00001111
1776321362540446,0,0,3293636578,3293636578,00001111,00001110
1776321382424498,0,0,3293636578,3293636578,00001111,00001110
1776321585388244,0,0,3771852198,3771852198,00001111,00001111
1776321622397158,0,0,4289712626,4289712626,00001111,00001110
1776321647399222,0,0,4289712626,4289712626,00001111,00001110
1776321719630769,0,0,4199926252,4199926252,00001111,00001110
1776321915712506,0,0,3772114359,3772114359,00001111,00001111
1776321950416246,0,0,4289843656,4289843656,00001111,00001110
1776321975452265,0,0,4289843656,4289843656,00001111,00001110
1776322034035674,0,0,3269896350,3269896350,00001111,00001111
1776322050027713,0,0,3931434956,3931434956,00001111,00001110
1776322243756268,0,0,3772441894,3772441894,00001111,00001111
1776322559073991,0,0,3772704063,3772704063,00001111,00001111
1776322605735140,0,0,4290498934,4290498934,00001111,00001110
1776322622929126,0,0,4290498934,4290498934,00001111,00001110
1776322625449202,0,0,3519381848,3519381848,00001111,00001111
1776322626840093,0,0,4086825473,4086825473,00001111,00001111
1776322642937182,0,0,4290498934,4290498934,00001111,00001110
1776322938535530,0,0,4290629967,4290629967,00001111,00001110
1776322963549308,0,0,4290629967,4290629967,00001111,00001110
1776323300522827,0,0,4031231116,4031231116,00001111,00001110
1776323324797515,0,0,3712587067,3712587067,00001111,00001110
1776323344679568,0,0,3712587067,3712587067,00001111,00001110
1776323364693410,0,0,3712587067,3712587067,00001111,00001110
1776323604309292,0,0,4291219956,4291219956,00001111,00001110
1776323629331152,0,0,4291219956,4291219956,00001111,00001110
1776323653480046,0,0,3462554344,3462554344,00001111,00001110
1776323673548836,0,0,3462554344,3462554344,00001111,00001110
1776323693377896,0,0,3462554344,3462554344,00001111,00001110
1776323913740778,0,0,3520627053,3520627053,00001111,00001111
1776323918001816,0,0,3225641771,3225641771,00001111,00001111
1776323937739749,0,0,3225641771,3225641771,00001111,00001111
1776323949105720,0,0,4291350999,4291350999,00001111,00001110
1776323949648705,0,0,3520627053,3520627053,00001111,00001111
1776324282138043,0,0,3520889324,3520889324,00001111,00001111
1776324310608722,0,0,3661631042,3661631042,00001111,00001110
1776324313008642,0,0,4197090847,4197090847,00001111,00001111
1776324320888664,0,0,4084550185,4084550185,00001111,00001110
1776324324782705,0,0,4197090847,4197090847,00001111,00001111
1776324330278612,0,0,3661631042,3661631042,00001111,00001110
1776324339013632,0,0,3359826926,3359826926,00001111,00001110
1776324345488682,0,0,4197090847,4197090847,00001111,00001111
1776324350316579,0,0,3661631042,3661631042,00001111,00001110
1776324571527812,0,0,3521151476,3521151476,00001111,00001111
1776324597696813,0,0,3521151476,3521151476,00001111,00001111
1776324609134823,0,0,3521151476,3521151476,00001111,00001111
1776324679111843,0,0,4283597593,4283597593,00001111,00001110
1776324977687695,0,0,3781728007,3781728007,00001111,00001110
1776324994573665,0,0,4168192093,4168192093,00001111,00001111
1776325002699642,0,0,3781728007,3781728007,00001111,00001110
1776325256664012,0,0,3466326800,3466326800,00001111,00001111
1776325521239676,0,0,3846104498,3846104498,00001111,00001111
1776325586618248,0,0,3474584345,3474584345,00001111,00001111
1776325628927709,0,0,3408764205,3408764205,00001111,00001110
1776325644085759,0,0,3408764205,3408764205,00001111,00001110
1776325657961680,0,0,3742957946,3742957946,00001111,00001111
1776325663467748,0,0,3742957946,3742957946,00001111,00001111
1776325664057716,0,0,3408764205,3408764205,00001111,00001110
1776325910052304,0,0,3695853433,3695853433,00001111,00001110
1776325922526244,0,0,3695853433,3695853433,00001111,00001110
1776326237573727,0,0,3696312150,3696312150,00001111,00001110
1776326257149967,0,0,3696312150,3696312150,00001111,00001110
1776326257487517,0,0,3837406896,3837406896,00001111,00001110
1776326293509294,0,0,3307398115,3307398115,00001111,00001110
1776326304764872,0,0,3307398115,3307398115,00001111,00001110
1776326516254837,0,0,3775653172,3775653172,00001111,00001111
1776326569953424,0,0,4109207375,4109207375,00001111,00001110
1776326571887413,0,0,3474846510,3474846510,00001111,00001111
1776326576290451,0,0,3839700657,3839700657,00001111,00001110
1776326589911399,0,0,3839700657,3839700657,00001111,00001110
1776326604024749,0,0,3850086304,3850086304,00001111,00001110
1776326634717652,0,0,3324849086,3324849086,00001111,00001111
1776326640209688,0,0,3850086304,3850086304,00001111,00001110
1776326652981724,0,0,3446755816,3446755816,00001111,00001111
1776326902040785,0,0,3475632931,3475632931,00001111,00001111
1776326978453652,0,0,3375997617,3375997617,00001111,00001111
1776327149869812,0,0,3922165231,3922165231,00001111,00001111
1776327175073685,0,0,3922165231,3922165231,00001111,00001111
1776327202471666,0,0,3599082495,3599082495,00001111,00001111
1776327227573637,0,0,3599082495,3599082495,00001111,00001111
1776327233738637,0,0,3224783930,3224783930,00001111,00001110
1776327312137385,0,0,3812379590,3812379590,00001111,00001111
1776327462420337,0,0,3922361681,3922361681,00001111,00001111
1776327487580330,0,0,3922361681,3922361681,00001111,00001111
1776327498470375,0,0,3922361681,3922361681,00001111,00001111
1776327526533317,0,0,3604259674,3604259674,00001111,00001111
1776327529407362,0,0,3521413587,3521413587,00001111,00001111
1776327537579389,0,0,4294365510,4294365510,00001111,00001110
1776327551603410,0,0,3604259674,3604259674,00001111,00001111
1776327552365402,0,0,4294365510,4294365510,00001111,00001110
1776327563828138,0,0,3697360747,3697360747,00001111,00001110
1776327565729327,0,0,3475895088,3475895088,00001111,00001111
1776327572381357,0,0,4294365510,4294365510,00001111,00001110
1776327576715390,0,0,3604259674,3604259674,00001111,00001111
1776327640020457,0,0,3597130995,3597130995,00001111,00001111
1776327857902731,0,0,3604521846,3604521846,00001111,00001111
1776327865566743,0,0,4294431186,4294431186,00001111,00001110
1776327881090798,0,0,3697623018,3697623018,00001111,00001110
1776327883016781,0,0,3604521846,3604521846,00001111,00001111
1776327891016722,0,0,4294431186,4294431186,00001111,00001110
1776327896635739,0,0,3523969406,3523969406,00001111,00001111
1776328120155225,0,0,3922492777,3922492777,00001111,00001111
1776328145327175,0,0,3922492777,3922492777,00001111,00001111
1776328198683828,0,0,3697950575,3697950575,00001111,00001110
1776328209827804,0,0,3697950575,3697950575,00001111,00001110
1776328226526754,0,0,3604784082,3604784082,00001111,00001111
1776328274233093,0,0,3243105703,3243105703,00001111,00001110
1776328274963037,0,0,3427460777,3427460777,00001111,00001111
1776328465937284,0,0,3922820431,3922820431,00001111,00001111
1776328491268907,0,0,3922820431,3922820431,00001111,00001111
1776328519809897,0,0,4093706785,4093706785,00001111,00001111
1776328524134952,0,0,4026716505,4026716505,00001111,00001110
1776328525769951,0,0,3524559298,3524559298,00001111,00001111
1776328532138974,0,0,3614032990,3614032990,00001111,00001111
1776328538600925,0,0,4026716505,4026716505,00001111,00001110
1776328544913977,0,0,4093706785,4093706785,00001111,00001111
1776328604417178,0,0,3272106918,3272106918,00001111,00001111
1776328605879121,0,0,4081115385,4081115385,00001111,00001110
1776328816630894,0,0,3922951621,3922951621,00001111,00001111
1776328842523490,0,0,3524886853,3524886853,00001111,00001111
1776328843309475,0,0,3614033015,3614033015,00001111,00001111
1776328857132394,0,0,4026847563,4026847563,00001111,00001110
1776328857374319,0,0,4042110029,4042110029,00001111,00001110
1776328867623509,0,0,3524886853,3524886853,00001111,00001111
1776328868559455,0,0,3614033015,3614033015,00001111,00001111
1776328877284431,0,0,4042110029,4042110029,00001111,00001110
1776328878126409,0,0,3698212835,3698212835,00001111,00001110
1776328882007414,0,0,4026847563,4026847563,00001111,00001110
1776328923307733,0,0,3662980295,3662980295,00001111,00001110
1776328937581742,0,0,4149794705,4149794705,00001111,00001110
1776329111421209,0,0,3923082732,3923082732,00001111,00001111
1776329136523257,0,0,3923082732,3923082732,00001111,00001111
1776329170978368,0,0,3614164092,3614164092,00001111,00001111
1776329184228415,0,0,4283441025,4283441025,00001111,00001111
1776329191472427,0,0,3614229753,3614229753,00001111,00001111
1776329205343415,0,0,3477468037,3477468037,00001111,00001111
1776329206621364,0,0,3698737123,3698737123,00001111,00001110
1776329209324367,0,0,4283441025,4283441025,00001111,00001111
1776329216636382,0,0,3614229753,3614229753,00001111,00001111
1776329217017375,0,0,3698737123,3698737123,00001111,00001110
1776329274504813,0,0,3977946632,3977946632,00001111,00001111
1776329438144243,0,0,3923279206,3923279206,00001111,00001111
1776329448686341,0,0,3923279206,3923279206,00001111,00001111
1776329462708288,0,0,3778143499,3778143499,00001111,00001111
1776329473966316,0,0,3923279206,3923279206,00001111,00001111
1776329499591387,0,0,3614295129,3614295129,00001111,00001111
1776329510368482,0,0,4027568476,4027568476,00001111,00001110
1776329510970393,0,0,3702108053,3702108053,00001111,00001110
1776329525772411,0,0,3477730177,3477730177,00001111,00001111
1776329531645440,0,0,3614360800,3614360800,00001111,00001111
1776329535378448,0,0,4027568476,4027568476,00001111,00001110
1776329536000438,0,0,3702108053,3702108053,00001111,00001110
1776329589328462,0,0,3893823502,3893823502,00001111,00001110
1776329609314340,0,0,3893823502,3893823502,00001111,00001110
1776329763702189,0,0,3923410416,3923410416,00001111,00001111
1776329789024027,0,0,3923410416,3923410416,00001111,00001111
1776329800168126,0,0,3923410416,3923410416,00001111,00001111
1776329833033143,0,0,3614426184,3614426184,00001111,00001111
1776329833826068,0,0,3702239025,3702239025,00001111,00001110
1776329843834127,0,0,4027634171,4027634171,00001111,00001110
1776329853736147,0,0,3702239025,3702239025,00001111,00001110
1776329858167136,0,0,3614426184,3614426184,00001111,00001111
1776329868888178,0,0,4027634171,4027634171,00001111,00001110
1776329918300439,0,0,4185526815,4185526815,00001111,00001110
1776329925778478,0,0,4233031321,4233031321,00001111,00001111
1776330130131979,0,0,3923606983,3923606983,00001111,00001111
1776330160070453,0,0,3614491867,3614491867,00001111,00001111
1776330185396413,0,0,3614491867,3614491867,00001111,00001111
1776330237055574,0,0,3894112462,3894112462,00001111,00001110
1776330261843571,0,0,3746583546,3746583546,00001111,00001111
1776330421771237,0,0,3923803502,3923803502,00001111,00001111
1776330446971229,0,0,3923803502,3923803502,00001111,00001111
1776330451357938,0,0,3849643395,3849643395,00001111,00001111
1776330457545170,0,0,3923803502,3923803502,00001111,00001111
1776330485530132,0,0,3614622835,3614622835,00001111,00001111
1776330487351094,0,0,3477992334,3477992334,00001111,00001111
1776330510732139,0,0,3614622835,3614622835,00001111,00001111
1776330512547025,0,0,3477992334,3477992334,00001111,00001111
1776330521489071,0,0,3740442263,3740442263,00001111,00001110
1776330560240154,0,0,3391433836,3391433836,00001111,00001110
1776330575782024,0,0,3391433836,3391433836,00001111,00001110
1776330595772076,0,0,3391433836,3391433836,00001111,00001110
1776330596227998,0,0,3479048963,3479048963,00001111,00001110
1776330750220539,0,0,3762978240,3762978240,00001111,00001111
1776330775828450,0,0,3762978240,3762978240,00001111,00001111
1776330815122344,0,0,3614688511,3614688511,00001111,00001111
1776330822677446,0,0,4028420418,4028420418,00001111,00001110
1776330829599343,0,0,3749355009,3749355009,00001111,00001110
1776330840530415,0,0,3614688511,3614688511,00001111,00001111
1776330847703342,0,0,4028420418,4028420418,00001111,00001110
1776330854609326,0,0,3749355009,3749355009,00001111,00001110
1776330898445561,0,0,3427091840,3427091840,00001111,00001110
1776330914699562,0,0,4062941460,4062941460,00001111,00001110
1776330916065535,0,0,3615353010,3615353010,00001111,00001111
1776330924403556,0,0,3427091840,3427091840,00001111,00001110
1776331143127446,0,0,3614819552,3614819552,00001111,00001111
1776331144619505,0,0,4096131733,4096131733,00001111,00001111
1776331168249431,0,0,3614819552,3614819552,00001111,00001111
1776331172012390,0,0,3478844196,3478844196,00001111,00001111
1776331177738472,0,0,3478844196,3478844196,00001111,00001111
1776331223570160,0,0,3391285958,3391285958,00001111,00001110
1776331233392032,0,0,4231986138,4231986138,00001111,00001110
1776331251216063,0,0,3439391400,3439391400,00001111,00001111
1776331253257961,0,0,4231986138,4231986138,00001111,00001110
1776331471773326,0,0,3614950504,3614950504,00001111,00001111
1776331487988387,0,0,4029272406,4029272406,00001111,00001110
1776331496979335,0,0,3614950504,3614950504,00001111,00001111
1776331497852295,0,0,3479368614,3479368614,00001111,00001111
1776331507654303,0,0,4029272406,4029272406,00001111,00001110
1776331569650674,0,0,4212995447,4212995447,00001111,00001110
1776331806551946,0,0,4029403481,4029403481,00001111,00001110
1776331809336928,0,0,3615016167,3615016167,00001111,00001111
1776331829563844,0,0,3479630768,3479630768,00001111,00001111
1776331831561872,0,0,4029403481,4029403481,00001111,00001110
1776332130051136,0,0,3547949433,3547949433,00001111,00001111
1776332134689160,0,0,3479958292,3479958292,00001111,00001111
1776332135431273,0,0,3581063045,3581063045,00001111,00001110
1776332151908836,0,0,3479958292,3479958292,00001111,00001111
1776332153205127,0,0,4286274967,4286274967,00001111,00001111
1776332155319157,0,0,3581063045,3581063045,00001111,00001110
1776332156977178,0,0,3936069044,3936069044,00001111,00001111
1776332158136226,0,0,3229764670,3229764670,00001111,00001110
1776332175354129,0,0,3581063045,3581063045,00001111,00001110
1776332175368047,0,0,3229764670,3229764670,00001111,00001110
1776332177275103,0,0,3479958292,3479958292,00001111,00001111
1776332178373147,0,0,4286274967,4286274967,00001111,00001111
1776332229532315,0,0,3327751392,3327751392,00001111,00001110
1776332239730270,0,0,3327751392,3327751392,00001111,00001110
1776332469747989,0,0,3581194114,3581194114,00001111,00001110
1776332473947934,0,0,3488292172,3488292172,00001111,00001111
1776332474180872,0,0,4030189935,4030189935,00001111,00001110
1776332483777949,0,0,4286537143,4286537143,00001111,00001111
1776332484060961,0,0,3581194114,3581194114,00001111,00001110
1776332485584004,0,0,3937576343,3937576343,00001111,00001111
1776332494548974,0,0,3229830203,3229830203,00001111,00001110
1776332499068946,0,0,4030189935,4030189935,00001111,00001110
1776332538443495,0,0,4001193096,4001193096,00001111,00001110
1776332558345485,0,0,4001193096,4001193096,00001111,00001110
1776332788366229,0,0,3549653326,3549653326,00001111,00001111
1776332796150239,0,0,4030320987,4030320987,00001111,00001110
1776332812594218,0,0,4286864697,4286864697,00001111,00001111
1776332813096106,0,0,3937838521,3937838521,00001111,00001111
1776332813458166,0,0,3549653326,3549653326,00001111,00001111
1776332821164220,0,0,4030320987,4030320987,00001111,00001110
1776332836243272,0,0,3230092427,3230092427,00001111,00001110
1776332857170033,0,0,3229612518,3229612518,00001111,00001110
1776332878041932,0,0,3229612518,3229612518,00001111,00001110
1776333056769440,0,0,4287126938,4287126938,00001111,00001111
1776333060634449,0,0,4030648649,4030648649,00001111,00001110
1776333062327426,0,0,3938166072,3938166072,00001111,00001111
1776333080539390,0,0,4030648649,4030648649,00001111,00001110
1776333082123354,0,0,4287126938,4287126938,00001111,00001111
1776333091535416,0,0,3938166072,3938166072,00001111,00001111
1776333100429428,0,0,3550243155,3550243155,00001111,00001111
1776333401249161,0,0,4031107412,4031107412,00001111,00001110
1776333416719173,0,0,3480220548,3480220548,00001111,00001111
1776333419233154,0,0,4031107412,4031107412,00001111,00001110
1776333480600867,0,0,3224366245,3224366245,00001111,00001111
1776333690391651,0,0,3515877911,3515877911,00001111,00001111
1776333723124755,0,0,3481269144,3481269144,00001111,00001111
1776333733879889,0,0,3481269144,3481269144,00001111,00001111
1776333759111859,0,0,3481269144,3481269144,00001111,00001111
1776333807443914,0,0,3275924553,3275924553,00001111,00001110
1776334011934808,0,0,4133087724,4133087724,00001111,00001110
1776334051215794,0,0,3481596689,3481596689,00001111,00001111
1776334076361672,0,0,3481596689,3481596689,00001111,00001111
1776334140473357,0,0,4017094373,4017094373,00001111,00001110
1776334150724325,0,0,4096464697,4096464697,00001111,00001110
1776334318447012,0,0,4135119174,4135119174,00001111,00001110
1776334330648912,0,0,4135119174,4135119174,00001111,00001110
1776334374773311,0,0,3505907498,3505907498,00001111,00001111
1776334378850256,0,0,4031959549,4031959549,00001111,00001110
1776334397971294,0,0,3230354598,3230354598,00001111,00001110
1776334399885297,0,0,3505907498,3505907498,00001111,00001111
1776334403858315,0,0,4031959549,4031959549,00001111,00001110
1776334404980904,0,0,3481858948,3481858948,00001111,00001111
1776334472303869,0,0,4179305756,4179305756,00001111,00001111
1776334479673155,0,0,4013790013,4013790013,00001111,00001110
1776334699426877,0,0,3506169748,3506169748,00001111,00001111
1776334716432798,0,0,4032090594,4032090594,00001111,00001110
1776334724758791,0,0,3506169748,3506169748,00001111,00001111
1776334726668811,0,0,3349808985,3349808985,00001111,00001111
1776334737868820,0,0,3231796284,3231796284,00001111,00001110
1776334741457737,0,0,4032090594,4032090594,00001111,00001110
1776334743964823,0,0,3349808985,3349808985,00001111,00001111
1776334798087804,0,0,3478780871,3478780871,00001111,00001110
1776334997894125,0,0,3308905909,3308905909,00001111,00001111
1776335026319584,0,0,4258072569,4258072569,00001111,00001111
1776335028381566,0,0,3506497327,3506497327,00001111,00001111
1776335034989545,0,0,4290912044,4290912044,00001111,00001111
1776335043675572,0,0,4258072569,4258072569,00001111,00001111
1776335053609498,0,0,3506497327,3506497327,00001111,00001111
1776335060179386,0,0,4290912044,4290912044,00001111,00001111
1776335060970368,0,0,4258072569,4258072569,00001111,00001111
1776335106121946,0,0,3575288863,3575288863,00001111,00001110
1776335138971898,0,0,3575288863,3575288863,00001111,00001110
1776335291596288,0,0,3610213718,3610213718,00001111,00001111
1776335316820166,0,0,3610213718,3610213718,00001111,00001111
1776335362830590,0,0,4027588524,4027588524,00001111,00001111
1776335367626525,0,0,4032876899,4032876899,00001111,00001110
1776335368648556,0,0,3482186500,3482186500,00001111,00001111
1776335373307559,0,0,4027588524,4027588524,00001111,00001111
1776335392652413,0,0,4032876899,4032876899,00001111,00001110
1776335393762492,0,0,3482186500,3482186500,00001111,00001111
1776335398567459,0,0,4027588524,4027588524,00001111,00001111
1776335404982480,0,0,3507087124,3507087124,00001111,00001111
1776335429664618,0,0,3643636691,3643636691,00001111,00001110
1776335446175487,0,0,3643636691,3643636691,00001111,00001110
1776335455805442,0,0,3377652719,3377652719,00001111,00001110
1776335456987483,0,0,3227414437,3227414437,00001111,00001111
1776335625779876,0,0,3844065373,3844065373,00001111,00001110
1776335626529750,0,0,4238551016,4238551016,00001111,00001110
1776335639177818,0,0,4238551016,4238551016,00001111,00001110
1776335663201757,0,0,3844065373,3844065373,00001111,00001110
1776335664407718,0,0,4238551016,4238551016,00001111,00001110
1776335692466794,0,0,4033007975,4033007975,00001111,00001110
1776335710025785,0,0,4033007975,4033007975,00001111,00001110
1776335715038805,0,0,3482973088,3482973088,00001111,00001111
1776335777675658,0,0,3578496112,3578496112,00001111,00001111
1776336015965916,0,0,3615671533,3615671533,00001111,00001111
1776336042668604,0,0,3483300620,3483300620,00001111,00001111
1776336083937300,0,0,3413352813,3413352813,00001111,00001110
1776336103899230,0,0,3413352813,3413352813,00001111,00001110
1776336350718607,0,0,4033728968,4033728968,00001111,00001110
1776336353900538,0,0,4132613918,4132613918,00001111,00001110
1776336368126564,0,0,4033728968,4033728968,00001111,00001110
1776336368128482,0,0,4132613918,4132613918,00001111,00001110
1776336383150527,0,0,3483562783,3483562783,00001111,00001111
1776336670646748,0,0,3507087161,3507087161,00001111,00001111
1776336676337738,0,0,4033860040,4033860040,00001111,00001110
1776336684799739,0,0,4132745132,4132745132,00001111,00001110
1776336695782681,0,0,3507087161,3507087161,00001111,00001111
1776336697725704,0,0,3483824935,3483824935,00001111,00001111
1776336701453857,0,0,4033860040,4033860040,00001111,00001110
1776336707289686,0,0,3749617178,3749617178,00001111,00001110
1776336709852663,0,0,4132745132,4132745132,00001111,00001110
1776336746051984,0,0,4000168548,4000168548,00001111,00001110
1776336750680091,0,0,3359049774,3359049774,00001111,00001110
1776336760659023,0,0,4000168548,4000168548,00001111,00001110
1776336770569973,0,0,3359049774,3359049774,00001111,00001110
1776336776506010,0,0,3850093760,3850093760,00001111,00001111
1776336781072976,0,0,4000168548,4000168548,00001111,00001110
1776336964853219,0,0,3854361992,3854361992,00001111,00001111
1776336999952824,0,0,3508332417,3508332417,00001111,00001111
1776337005247998,0,0,4027916046,4027916046,00001111,00001111
1776337020283740,0,0,3754860077,3754860077,00001111,00001110
1776337035613794,0,0,3754860077,3754860077,00001111,00001110
1776337042305693,0,0,3484087175,3484087175,00001111,00001111
1776337044387699,0,0,3705421793,3705421793,00001111,00001110
1776337080078920,0,0,3743946297,3743946297,00001111,00001110
1776337090562100,0,0,4067682040,4067682040,00001111,00001110
1776337099967174,0,0,3743946297,3743946297,00001111,00001110
1776337110285847,0,0,3325537868,3325537868,00001111,00001110
1776337337580689,0,0,4034711893,4034711893,00001111,00001110
1776337345688735,0,0,3755187740,3755187740,00001111,00001110
1776337354734869,0,0,3705946059,3705946059,00001111,00001110
1776337359914877,0,0,3693023822,3693023822,00001111,00001111
1776337362616813,0,0,4034711893,4034711893,00001111,00001110
1776337370738964,0,0,3755187740,3755187740,00001111,00001110
1776337408245827,0,0,3812136709,3812136709,00001111,00001110
1776337424150002,0,0,3758638021,3758638021,00001111,00001111
1776337429471094,0,0,3812136709,3812136709,00001111,00001110
1776337666943828,0,0,4034842963,4034842963,00001111,00001110
1776337691933893,0,0,3484349353,3484349353,00001111,00001111
1776337691947914,0,0,4034842963,4034842963,00001111,00001110
1776337721140291,0,0,3395825984,3395825984,00001111,00001110
1776337738355311,0,0,3395825984,3395825984,00001111,00001110
1776337751347415,0,0,3584050878,3584050878,00001111,00001111
1776337766948430,0,0,3294660168,3294660168,00001111,00001110
1776337991277064,0,0,3755450038,3755450038,00001111,00001110
1776338016281173,0,0,3755450038,3755450038,00001111,00001110
1776338018043112,0,0,3484939154,3484939154,00001111,00001111
1776338031153201,0,0,3755450038,3755450038,00001111,00001110
1776338055631762,0,0,4218858609,4218858609,00001111,00001110
1776338075624805,0,0,3747519289,3747519289,00001111,00001110
1776338075861877,0,0,4218858609,4218858609,00001111,00001110
1776338077334758,0,0,3967781897,3967781897,00001111,00001111
1776338077616689,0,0,3935059521,3935059521,00001111,00001111
1776338087820833,0,0,4280316826,4280316826,00001111,00001111
1776338095542842,0,0,4218858609,4218858609,00001111,00001110
1776338095549809,0,0,3747519289,3747519289,00001111,00001110
1776338097162850,0,0,3967781897,3967781897,00001111,00001111
1776338323816297,0,0,4035564022,4035564022,00001111,00001110
1776338327484313,0,0,3485201327,3485201327,00001111,00001111
1776338344404307,0,0,3756039866,3756039866,00001111,00001110
1776338348826403,0,0,4035564022,4035564022,00001111,00001110
1776338352644315,0,0,3485201327,3485201327,00001111,00001111
1776338357394318,0,0,3485201327,3485201327,00001111,00001111
1776338394384724,0,0,3293831650,3293831650,00001111,00001110
1776338413718801,0,0,3592170291,3592170291,00001111,00001111
1776338419358747,0,0,3293831650,3293831650,00001111,00001110
1776338648838531,0,0,3756367539,3756367539,00001111,00001110
1776338655020443,0,0,4035695092,4035695092,00001111,00001110
1776338673842499,0,0,3756367539,3756367539,00001111,00001110
1776338680064501,0,0,4035695092,4035695092,00001111,00001110
1776338688730498,0,0,3756367539,3756367539,00001111,00001110
1776338743010228,0,0,3879534529,3879534529,00001111,00001110
1776338747704297,0,0,4215197406,4215197406,00001111,00001111
1776338977461984,0,0,3756695194,3756695194,00001111,00001110
1776339002478038,0,0,3756695194,3756695194,00001111,00001110
1776339005318000,0,0,3485528834,3485528834,00001111,00001111
1776339071072767,0,0,3914635852,3914635852,00001111,00001111
1776339273580359,0,0,4247332858,4247332858,00001111,00001110
1776339326321171,0,0,4178327548,4178327548,00001111,00001110
1776339329267103,0,0,3486053175,3486053175,00001111,00001111
1776339333653904,0,0,3486053175,3486053175,00001111,00001111
1776339344331008,0,0,3486053175,3486053175,00001111,00001111
1776339573028071,0,0,3486315305,3486315305,00001111,00001111
1776339578222109,0,0,4036809041,4036809041,00001111,00001110
1776339602353827,0,0,3486315305,3486315305,00001111,00001111
1776339603229864,0,0,4036809041,4036809041,00001111,00001110
1776339907483802,0,0,4036874746,4036874746,00001111,00001110
1776339923237728,0,0,3486512029,3486512029,00001111,00001111
1776339932295739,0,0,4036874746,4036874746,00001111,00001110
1776339935668671,0,0,3526001002,3526001002,00001111,00001111
1776339994288257,0,0,4262151358,4262151358,00001111,00001110
1776339996237260,0,0,3427269801,3427269801,00001111,00001111
1776339996484943,0,0,4095890991,4095890991,00001111,00001110
1776340001565224,0,0,3775104559,3775104559,00001111,00001110
1776340196503448,0,0,3829398186,3829398186,00001111,00001111
1776340304958448,0,0,4064868308,4064868308,00001111,00001110
1776340304988404,0,0,4047544447,4047544447,00001111,00001110
1776340325118458,0,0,4047544447,4047544447,00001111,00001110
1776340325804459,0,0,3562306481,3562306481,00001111,00001111
1776340330040420,0,0,4064868308,4064868308,00001111,00001110
1776340535031678,0,0,3312661862,3312661862,00001111,00001110
1776340588937442,0,0,3486774184,3486774184,00001111,00001111
1776340619465780,0,0,3821573375,3821573375,00001111,00001111
1776340628929811,0,0,3965046154,3965046154,00001111,00001110
1776340644789817,0,0,3821573375,3821573375,00001111,00001111
1776340651343745,0,0,4286578496,4286578496,00001111,00001111
1776340653557745,0,0,3965046154,3965046154,00001111,00001110
1776340656039760,0,0,3643747644,3643747644,00001111,00001111
1776340893752591,0,0,3712266129,3712266129,00001111,00001110
1776340906051374,0,0,3712266129,3712266129,00001111,00001110
1776340923715361,0,0,3706273605,3706273605,00001111,00001110
1776340931052167,0,0,3712266129,3712266129,00001111,00001110
1776340952338166,0,0,4167157150,4167157150,00001111,00001110
1776340972244225,0,0,4167157150,4167157150,00001111,00001110
1776340973286144,0,0,3850354650,3850354650,00001111,00001111
1776340996176101,0,0,3330083171,3330083171,00001111,00001111
1776341231159182,0,0,4186781650,4186781650,00001111,00001110
1776341233035259,0,0,3712397226,3712397226,00001111,00001110
1776341245355190,0,0,3712397226,3712397226,00001111,00001110
1776341256419115,0,0,3712397226,3712397226,00001111,00001110
1776341313093918,0,0,3305768800,3305768800,00001111,00001111
1776341321338045,0,0,3830950210,3830950210,00001111,00001110
1776341575656095,0,0,4038250965,4038250965,00001111,00001110
1776341586780080,0,0,3709222729,3709222729,00001111,00001110
1776341610025063,0,0,3511723895,3511723895,00001111,00001110
1776341629931047,0,0,3511723895,3511723895,00001111,00001110
1776341637852983,0,0,3745063226,3745063226,00001111,00001111
1776341852281425,0,0,3788170540,3788170540,00001111,00001111
1776341895736261,0,0,3487363884,3487363884,00001111,00001111
1776342161783416,0,0,3788170677,3788170677,00001111,00001111
1776342203380390,0,0,3853113314,3853113314,00001111,00001110
1776342223114496,0,0,3853113314,3853113314,00001111,00001110
1776342297548747,0,0,3393746668,3393746668,00001111,00001110
1776342492821112,0,0,3788432816,3788432816,00001111,00001111
1776342498671201,0,0,3897510378,3897510378,00001111,00001110
1776342506347161,0,0,3439683672,3439683672,00001111,00001111
1776342559301818,0,0,3709747038,3709747038,00001111,00001110
1776342572146689,0,0,3709747038,3709747038,00001111,00001110
1776342574173687,0,0,4187961293,4187961293,00001111,00001110
1776342817780761,0,0,3788694952,3788694952,00001111,00001111
1776342879525512,0,0,3710533615,3710533615,00001111,00001110
1776342881419522,0,0,3273714088,3273714088,00001111,00001110
1776342899431533,0,0,3710533615,3710533615,00001111,00001110
1776342899505520,0,0,3273714088,3273714088,00001111,00001110
1776343146224820,0,0,3313362320,3313362320,00001111,00001111
1776343865561573,0,0,4040610133,4040610133,00001111,00001110
1776343885443559,0,0,4040610133,4040610133,00001111,00001110
1776343913630547,0,0,3431898999,3431898999,00001111,00001111
1776343938640563,0,0,3431898999,3431898999,00001111,00001111
1776344104599047,0,0,3541140015,3541140015,00001111,00001110
1776344141999055,0,0,3541140015,3541140015,00001111,00001110
1776344176947064,0,0,4040675790,4040675790,00001111,00001110
1776344199680120,0,0,3535307131,3535307131,00001111,00001111
1776344201953086,0,0,4040675790,4040675790,00001111,00001110
1776344256021388,0,0,4106421327,4106421327,00001111,00001111
1776344281033471,0,0,4106421327,4106421327,00001111,00001111
1776344459670884,0,0,3432637845,3432637845,00001111,00001111
1776344499684994,0,0,3550439901,3550439901,00001111,00001111
1776344507725012,0,0,4054369024,4054369024,00001111,00001110
1776344515424043,0,0,3539108203,3539108203,00001111,00001111
1776344540548101,0,0,3539108203,3539108203,00001111,00001111
1776344546488677,0,0,4054369024,4054369024,00001111,00001110
1776344579221802,0,0,3646599714,3646599714,00001111,00001110
1776344591999964,0,0,3646599714,3646599714,00001111,00001110
1776344867668862,0,0,3488477976,3488477976,00001111,00001111
1776345190846259,0,0,3539370477,3539370477,00001111,00001111
1776345263741561,0,0,3812891462,3812891462,00001111,00001111
1776345510261751,0,0,3222401952,3222401952,00001111,00001111
1776345822714651,0,0,3222926102,3222926102,00001111,00001111
1776345847806384,0,0,3222926102,3222926102,00001111,00001111
1776345911531519,0,0,3697809139,3697809139,00001111,00001111
1776346239569147,0,0,4113700688,4113700688,00001111,00001111
1776346244579142,0,0,4113700688,4113700688,00001111,00001111
1776346479666917,0,0,4098687633,4098687633,00001111,00001111
1776346490001843,0,0,3942590162,3942590162,00001111,00001111
1776346504780805,0,0,4098687633,4098687633,00001111,00001111
1776346515283818,0,0,3942590162,3942590162,00001111,00001111
1776346577519692,0,0,3514063860,3514063860,00001111,00001111
1776346579153782,0,0,3831200301,3831200301,00001111,00001110
1776346806100902,0,0,4042969459,4042969459,00001111,00001110
1776346831063133,0,0,4042969459,4042969459,00001111,00001110
1776346831284915,0,0,3223712516,3223712516,00001111,00001111
1776346888031853,0,0,3660702092,3660702092,00001111,00001110
1776346901819847,0,0,3943756430,3943756430,00001111,00001111
1776347142370889,0,0,3494878726,3494878726,00001111,00001110
1776347142372828,0,0,4043100484,4043100484,00001111,00001110
1776347167436725,0,0,4043100484,4043100484,00001111,00001110
1776347470983037,0,0,3495337610,3495337610,00001111,00001110
1776347491028925,0,0,3495337610,3495337610,00001111,00001110
1776347546490448,0,0,3507688820,3507688820,00001111,00001111
1776347565426612,0,0,4152088033,4152088033,00001111,00001110
1776347817509854,0,0,3716916624,3716916624,00001111,00001111
1776347819942951,0,0,3508266253,3508266253,00001111,00001110
1776347829723123,0,0,3560401388,3560401388,00001111,00001111
1776348116659610,0,0,3718423999,3718423999,00001111,00001111
1776348142039068,0,0,3718423999,3718423999,00001111,00001111
1776348159285079,0,0,4113564174,4113564174,00001111,00001111
1776348184782132,0,0,3679882825,3679882825,00001111,00001110
1776348202938187,0,0,4083580822,4083580822,00001111,00001111
1776348407227690,0,0,3862488459,3862488459,00001111,00001111
1776348442271280,0,0,3689686118,3689686118,00001111,00001110
1776348444379276,0,0,3718751641,3718751641,00001111,00001111
1776348449557407,0,0,4044214638,4044214638,00001111,00001110
1776348450959343,0,0,3563022689,3563022689,00001111,00001111
1776348455625373,0,0,3224957728,3224957728,00001111,00001111
1776348467277424,0,0,3689686118,3689686118,00001111,00001110
1776348469628933,0,0,3718751641,3718751641,00001111,00001111
1776348474621896,0,0,4044214638,4044214638,00001111,00001110
1776348476057364,0,0,3563022689,3563022689,00001111,00001111
1776348770937451,0,0,3563546991,3563546991,00001111,00001111
1776348771899445,0,0,3719079355,3719079355,00001111,00001111
1776348779493559,0,0,4044280298,4044280298,00001111,00001110
1776348795417634,0,0,4044280298,4044280298,00001111,00001110
1776348796049582,0,0,3563546991,3563546991,00001111,00001111
1776348797079467,0,0,3719079355,3719079355,00001111,00001111
1776348805547601,0,0,3839831614,3839831614,00001111,00001110
1776348809700854,0,0,3719079355,3719079355,00001111,00001111
1776348817468589,0,0,3839831614,3839831614,00001111,00001110
1776348839910765,0,0,3763125804,3763125804,00001111,00001110
1776348860209832,0,0,3763125804,3763125804,00001111,00001110
1776348879788897,0,0,3763125804,3763125804,00001111,00001110
1776349038348179,0,0,3842328587,3842328587,00001111,00001111
1776349063392297,0,0,3842328587,3842328587,00001111,00001111
1776349098367163,0,0,3563809093,3563809093,00001111,00001111
1776349141139271,0,0,3564005880,3564005880,00001111,00001111
1776349207225282,0,0,3825315841,3825315841,00001111,00001111
1776349438105803,0,0,4044935495,4044935495,00001111,00001110
1776349463109361,0,0,4044935495,4044935495,00001111,00001110
1776349533050859,0,0,3330067171,3330067171,00001111,00001111
1776349771938587,0,0,4045001168,4045001168,00001111,00001110
1776349786856396,0,0,3225744278,3225744278,00001111,00001111
1776349796970331,0,0,4045001168,4045001168,00001111,00001110
1776349833748122,0,0,3703409505,3703409505,00001111,00001111
1776349869269704,0,0,3703409505,3703409505,00001111,00001111
1776350046416795,0,0,3981499557,3981499557,00001111,00001110
1776350178592312,0,0,3374875244,3374875244,00001111,00001111
1776350180470271,0,0,3793987576,3793987576,00001111,00001110
1776350193356228,0,0,3556828857,3556828857,00001111,00001110
1776350426589565,0,0,3630451882,3630451882,00001111,00001110
1776350437031535,0,0,3630451882,3630451882,00001111,00001110
1776350457258349,0,0,4045656420,4045656420,00001111,00001110
1776350462093357,0,0,3630451882,3630451882,00001111,00001110
1776350514558496,0,0,3462260907,3462260907,00001111,00001111
1776350751979493,0,0,4045787456,4045787456,00001111,00001110
1776350773540006,0,0,3719406991,3719406991,00001111,00001111
1776350776985285,0,0,4045787456,4045787456,00001111,00001110
1776350780427337,0,0,3226202888,3226202888,00001111,00001111
1776350852504400,0,0,3524086263,3524086263,00001111,00001111
1776351031588930,0,0,4244972076,4244972076,00001111,00001111
1776351090102817,0,0,3847827078,3847827078,00001111,00001110
1776351103952667,0,0,3226923946,3226923946,00001111,00001111
1776351107190681,0,0,3847827078,3847827078,00001111,00001110
1776351108252654,0,0,3721110936,3721110936,00001111,00001111
1776351110102595,0,0,3541074399,3541074399,00001111,00001111
1776351116475663,0,0,3630517385,3630517385,00001111,00001110
1776351161297254,0,0,3560369138,3560369138,00001111,00001110
1776351178285057,0,0,3288808737,3288808737,00001111,00001111
1776351181095021,0,0,3560369138,3560369138,00001111,00001110
1776351362281023,0,0,3931104690,3931104690,00001111,00001111
1776351381500910,0,0,3931104690,3931104690,00001111,00001111
1776351400504724,0,0,3574667526,3574667526,00001111,00001111
1776351407969804,0,0,3631041577,3631041577,00001111,00001110
1776351425598863,0,0,3574667526,3574667526,00001111,00001111
1776351433322923,0,0,3227186071,3227186071,00001111,00001111
1776351501035430,0,0,4151646546,4151646546,00001111,00001111
1776351670168326,0,0,4060469807,4060469807,00001111,00001111
1776351690036863,0,0,4060469807,4060469807,00001111,00001111
1776351709874396,0,0,4060469807,4060469807,00001111,00001111
1776351734378608,0,0,4046704960,4046704960,00001111,00001110
1776351754284742,0,0,4046704960,4046704960,00001111,00001110
1776351771636790,0,0,3577289023,3577289023,00001111,00001111
1776351774570709,0,0,3294161179,3294161179,00001111,00001110
1776351827956634,0,0,3580194035,3580194035,00001111,00001110
1776351832437632,0,0,3732521211,3732521211,00001111,00001111
1776351838700739,0,0,3580194035,3580194035,00001111,00001110
1776352082635115,0,0,3577551259,3577551259,00001111,00001111
1776352096629170,0,0,4046770645,4046770645,00001111,00001110
1776352137519430,0,0,4231954350,4231954350,00001111,00001110
1776352157413462,0,0,4231954350,4231954350,00001111,00001110
1776352168631436,0,0,4231954350,4231954350,00001111,00001110
1776352388625455,0,0,3577616703,3577616703,00001111,00001111
1776352392063440,0,0,3242920739,3242920739,00001111,00001111
1776352401658518,0,0,3631827975,3631827975,00001111,00001110
1776352426596418,0,0,3631827975,3631827975,00001111,00001110
1776352430831538,0,0,3577878837,3577878837,00001111,00001111
1776352451122664,0,0,4085441044,4085441044,00001111,00001111
1776352456381579,0,0,3597110340,3597110340,00001111,00001110
1776352476190667,0,0,4085441044,4085441044,00001111,00001111
1776352476412840,0,0,3274298789,3274298789,00001111,00001110
1776352495818649,0,0,3274356869,3274356869,00001111,00001111
1776352496491621,0,0,4236156526,4236156526,00001111,00001110
1776352497764528,0,0,3274298789,3274298789,00001111,00001110
1776352752295052,0,0,4047491542,4047491542,00001111,00001110
1776352785403985,0,0,4030091234,4030091234,00001111,00001110
1776352805032025,0,0,4030091234,4030091234,00001111,00001110
1776352825057924,0,0,4030091234,4030091234,00001111,00001110
1776353004374672,0,0,3279060301,3279060301,00001111,00001111
1776353008756990,0,0,3459852380,3459852380,00001111,00001111
1776353015052650,0,0,3279060301,3279060301,00001111,00001111
1776353029086556,0,0,3459852380,3459852380,00001111,00001111
1776353063337295,0,0,4047622516,4047622516,00001111,00001110
1776353073607159,0,0,3721438629,3721438629,00001111,00001111
1776353088345237,0,0,4047622516,4047622516,00001111,00001110
1776353114065930,0,0,3876098677,3876098677,00001111,00001110
1776353114301908,0,0,3661654216,3661654216,00001111,00001110
1776353133910954,0,0,3661654216,3661654216,00001111,00001110
1776353133921858,0,0,3876098677,3876098677,00001111,00001110
1776353134574871,0,0,3886553024,3886553024,00001111,00001111
1776353158082813,0,0,3678719933,3678719933,00001111,00001110
1776353308493611,0,0,3279257076,3279257076,00001111,00001111
1776353333519545,0,0,3279257076,3279257076,00001111,00001111
1776353378398889,0,0,3668279135,3668279135,00001111,00001110
1776353398340814,0,0,3668279135,3668279135,00001111,00001110
1776353417279838,0,0,3917451812,3917451812,00001111,00001111
1776353418376875,0,0,3668279135,3668279135,00001111,00001110
1776353444804761,0,0,3373646747,3373646747,00001111,00001110
1776353469808792,0,0,3373646747,3373646747,00001111,00001110
1776353652995685,0,0,3279584585,3279584585,00001111,00001111
1776353655405694,0,0,3460180036,3460180036,00001111,00001111
1776353678301657,0,0,3279584585,3279584585,00001111,00001111
1776353680631846,0,0,3460180036,3460180036,00001111,00001111
1776353707150748,0,0,3632090174,3632090174,00001111,00001110
1776353710699801,0,0,4048277970,4048277970,00001111,00001110
1776353711665655,0,0,4242916307,4242916307,00001111,00001111
1776353712643730,0,0,4147425177,4147425177,00001111,00001110
1776353727045724,0,0,4048277970,4048277970,00001111,00001110
1776353727056743,0,0,4147425177,4147425177,00001111,00001110
1776353727268906,0,0,3632090174,3632090174,00001111,00001110
1776353727269092,0,0,3676864349,3676864349,00001111,00001110
1776353734637763,0,0,4242916307,4242916307,00001111,00001111
1776353747060805,0,0,3632090174,3632090174,00001111,00001110
1776353747081691,0,0,3676864349,3676864349,00001111,00001110
1776353747309889,0,0,4147425177,4147425177,00001111,00001110
1776353771522155,0,0,4262554348,4262554348,00001111,00001110
1776353781522080,0,0,3760398406,3760398406,00001111,00001110
1776353791376084,0,0,4262554348,4262554348,00001111,00001110
1776353806556048,0,0,3760398406,3760398406,00001111,00001110
1776353986049013,0,0,3279846851,3279846851,00001111,00001111
1776354011252970,0,0,3279846851,3279846851,00001111,00001111
1776354035894270,0,0,3633138848,3633138848,00001111,00001110
1776354035923224,0,0,3677126522,3677126522,00001111,00001110
1776354037389345,0,0,4048408956,4048408956,00001111,00001110
1776354038715281,0,0,4005553732,4005553732,00001111,00001111
1776354046548314,0,0,3633138848,3633138848,00001111,00001110
1776354047761310,0,0,4147556230,4147556230,00001111,00001110
1776354053573289,0,0,4243440480,4243440480,00001111,00001111
1776354056991348,0,0,3633138848,3633138848,00001111,00001110
1776354060285241,0,0,4051665570,4051665570,00001111,00001111
1776354060939258,0,0,3677126522,3677126522,00001111,00001110
1776354062485880,0,0,4048408956,4048408956,00001111,00001110
1776354063831278,0,0,4005553732,4005553732,00001111,00001111
1776354067804870,0,0,3867257735,3867257735,00001111,00001110
1776354072819330,0,0,4147556230,4147556230,00001111,00001110
1776354076571377,0,0,4243440480,4243440480,00001111,00001111
1776354100702753,0,0,3749255693,3749255693,00001111,00001110
1776354121693920,0,0,3749255693,3749255693,00001111,00001110
1776354140188687,0,0,3749255693,3749255693,00001111,00001110
1776354294900280,0,0,3280109008,3280109008,00001111,00001111
1776354364566875,0,0,3633400895,3633400895,00001111,00001110
1776354384448801,0,0,3633400895,3633400895,00001111,00001110
1776354404452831,0,0,3633400895,3633400895,00001111,00001110
1776354428869111,0,0,3778200455,3778200455,00001111,00001110
1776354453891118,0,0,3778200455,3778200455,00001111,00001110
1776354624185477,0,0,3936058725,3936058725,00001111,00001111
1776354649497411,0,0,3936058725,3936058725,00001111,00001111
1776354669356740,0,0,4229279665,4229279665,00001111,00001111
1776354687246619,0,0,4005619280,4005619280,00001111,00001111
1776354693230685,0,0,4049129822,4049129822,00001111,00001110
1776354701732712,0,0,4243702645,4243702645,00001111,00001111
1776354713790765,0,0,4052386328,4052386328,00001111,00001111
1776354718256736,0,0,4049129822,4049129822,00001111,00001110
1776354724738721,0,0,4243702645,4243702645,00001111,00001111
1776355025232021,0,0,4049195496,4049195496,00001111,00001110
1776355027122817,0,0,4029445901,4029445901,00001111,00001111
1776355050257801,0,0,4049195496,4049195496,00001111,00001110
1776355055436919,0,0,3772803571,3772803571,00001111,00001111
1776355126503299,0,0,3675366781,3675366781,00001111,00001110
1776355355212012,0,0,4033967919,4033967919,00001111,00001111
1776355377406965,0,0,4031405501,4031405501,00001111,00001111
1776355381788881,0,0,4031405501,4031405501,00001111,00001111
1776355383380943,0,0,3775293910,3775293910,00001111,00001111
1776355425889846,0,0,3259484580,3259484580,00001111,00001110
1776355447239764,0,0,3259484580,3259484580,00001111,00001110
1776355686454938,0,0,4049916368,4049916368,00001111,00001110
1776355711460729,0,0,4049916368,4049916368,00001111,00001110
1776356008918441,0,0,4050047427,4050047427,00001111,00001110
1776356018967316,0,0,3628478632,3628478632,00001111,00001110
1776356022697235,0,0,4191422311,4191422311,00001111,00001111
1776356028810284,0,0,4050047427,4050047427,00001111,00001110
1776356029037860,0,0,3871976336,3871976336,00001111,00001110
1776356038803267,0,0,3628478632,3628478632,00001111,00001110
1776356039825177,0,0,4191422311,4191422311,00001111,00001111
1776356073280744,0,0,3396221548,3396221548,00001111,00001110
1776356093262694,0,0,3396221548,3396221548,00001111,00001110
1776356361148517,0,0,3872762795,3872762795,00001111,00001110
1776356365836588,0,0,3629002767,3629002767,00001111,00001110
1776356370429492,0,0,3439827583,3439827583,00001111,00001110
1776356372395532,0,0,3872762795,3872762795,00001111,00001110
1776356675597485,0,0,4050768220,4050768220,00001111,00001110
1776356700512694,0,0,4050768220,4050768220,00001111,00001110
1776356999950462,0,0,4050899277,4050899277,00001111,00001110
1776357024952356,0,0,4050899277,4050899277,00001111,00001110
1776357279483066,0,0,4229869329,4229869329,00001111,00001111
1776357389096727,0,0,3285856442,3285856442,00001111,00001111
1776357400876791,0,0,3910606897,3910606897,00001111,00001110
1776357422036905,0,0,3910606897,3910606897,00001111,00001110
1776357619195288,0,0,4231901083,4231901083,00001111,00001111
1776357649100942,0,0,3782639174,3782639174,00001111,00001111
1776357653518322,0,0,4051554765,4051554765,00001111,00001110
1776357665944341,0,0,4008765004,4008765004,00001111,00001111
1776357674942384,0,0,3782639174,3782639174,00001111,00001111
1776357678544403,0,0,4051554765,4051554765,00001111,00001110
1776357935608861,0,0,4232163202,4232163202,00001111,00001111
1776357980801102,0,0,4051685717,4051685717,00001111,00001110
1776358000063087,0,0,4051685717,4051685717,00001111,00001110
1776358634881356,0,0,3788996304,3788996304,00001111,00001111
1776358643863351,0,0,4052341227,4052341227,00001111,00001110
1776358649207298,0,0,4008765137,4008765137,00001111,00001111
1776358664329320,0,0,3788996304,3788996304,00001111,00001111
1776358668871282,0,0,4052341227,4052341227,00001111,00001110
1776358679479248,0,0,4008765137,4008765137,00001111,00001111
1776358902106930,0,0,3470468109,3470468109,00001111,00001110
1776358921988921,0,0,3470468109,3470468109,00001111,00001110
1776358942004882,0,0,3470468109,3470468109,00001111,00001110
1776358968512745,0,0,3789848286,3789848286,00001111,00001111
1776358976876631,0,0,4052472278,4052472278,00001111,00001110
1776358979096579,0,0,3564071278,3564071278,00001111,00001111
1776358985900598,0,0,4009682551,4009682551,00001111,00001111
1776359001895618,0,0,4052472278,4052472278,00001111,00001110
1776359002190588,0,0,3789848286,3789848286,00001111,00001111
1776359655408474,0,0,4053193055,4053193055,00001111,00001110
1776359958471226,0,0,4053258745,4053258745,00001111,00001110
1776359984521500,0,0,4053258745,4053258745,00001111,00001110
1776359995669598,0,0,4053258745,4053258745,00001111,00001110
1776360302222427,0,0,3456553417,3456553417,00001111,00001110
1776360314520531,0,0,3456553417,3456553417,00001111,00001110
1776360615719109,0,0,3807236431,3807236431,00001111,00001110
1776360623223112,0,0,3571870025,3571870025,00001111,00001111
1776360642209141,0,0,3807236431,3807236431,00001111,00001110
1776360939655655,0,0,3807302135,3807302135,00001111,00001110
1776360950133600,0,0,3807302135,3807302135,00001111,00001110
1776360975129671,0,0,3807302135,3807302135,00001111,00001110
1776361268169980,0,0,3807629660,3807629660,00001111,00001110
1776361293205997,0,0,3807629660,3807629660,00001111,00001110
1776361601648199,0,0,3808088398,3808088398,00001111,00001110
1776361626610264,0,0,3808088398,3808088398,00001111,00001110
1776361927524720,0,0,3681386472,3681386472,00001111,00001110
1776361929332698,0,0,3808219464,3808219464,00001111,00001110
1776361954334548,0,0,3808219464,3808219464,00001111,00001110
1776362298057662,0,0,3460747614,3460747614,00001111,00001110
1776362584313063,0,0,3808874968,3808874968,00001111,00001110
1776362609334927,0,0,3808874968,3808874968,00001111,00001110
1776362913143239,0,0,3809006024,3809006024,00001111,00001110
1776362923601258,0,0,3809006024,3809006024,00001111,00001110
1776362948599143,0,0,3809006024,3809006024,00001111,00001110
1776362984096437,0,0,3589862700,3589862700,00001111,00001111
1776363007118341,0,0,3589862700,3589862700,00001111,00001111
1776363254773904,0,0,3809268190,3809268190,00001111,00001110
1776363279775839,0,0,3809268190,3809268190,00001111,00001110
1776363285335850,0,0,3573180752,3573180752,00001111,00001111
1776363584896445,0,0,3809661435,3809661435,00001111,00001110
1776363601368380,0,0,3809661435,3809661435,00001111,00001110
1776363608176516,0,0,3685580774,3685580774,00001111,00001110
1776363612565913,0,0,3809661435,3809661435,00001111,00001110
1776363904368717,0,0,3809792448,3809792448,00001111,00001110
1776363929390748,0,0,3809792448,3809792448,00001111,00001110
1776364262637664,0,0,3836033970,3836033970,00001111,00001111
1776364561640667,0,0,3810447739,3810447739,00001111,00001110
1776364586662704,0,0,3810447739,3810447739,00001111,00001110
1776364597184641,0,0,3850386227,3850386227,00001111,00001111
1776364909473985,0,0,3810578780,3810578780,00001111,00001110
1776364925155910,0,0,3810578780,3810578780,00001111,00001110
1776364944072061,0,0,3446347103,3446347103,00001111,00001110
1776365218675456,0,0,3810840925,3810840925,00001111,00001110
1776365243778028,0,0,3810840925,3810840925,00001111,00001110
1776365545410844,0,0,3811103040,3811103040,00001111,00001110
1776365570404788,0,0,3811103040,3811103040,00001111,00001110
1776365874273814,0,0,3811365193,3811365193,00001111,00001110
1776365899277829,0,0,3811365193,3811365193,00001111,00001110
1776365911411858,0,0,3811365193,3811365193,00001111,00001110
1776366200183822,0,0,3811561953,3811561953,00001111,00001110
1776366220069773,0,0,3811561953,3811561953,00001111,00001110
1776366231935747,0,0,3811561953,3811561953,00001111,00001110
1776366529041183,0,0,3811889606,3811889606,00001111,00001110
1776366550331038,0,0,3811889606,3811889606,00001111,00001110
1776366561387057,0,0,3811889606,3811889606,00001111,00001110
1776366874751456,0,0,3812086096,3812086096,00001111,00001110
1776366899755441,0,0,3812086096,3812086096,00001111,00001110
1776367191638088,0,0,3812282858,3812282858,00001111,00001110
1776367216652025,0,0,3812282858,3812282858,00001111,00001110
1776367517795045,0,0,3812675950,3812675950,00001111,00001110
1776367542857131,0,0,3812675950,3812675950,00001111,00001110
1776367853179499,0,0,3812741614,3812741614,00001111,00001110
1776367878213453,0,0,3812741614,3812741614,00001111,00001110
1776368183189121,0,0,3813003603,3813003603,00001111,00001110
1776368203937040,0,0,3813003603,3813003603,00001111,00001110
1776368503895352,0,0,3813331318,3813331318,00001111,00001110
1776368528897225,0,0,3813331318,3813331318,00001111,00001110
1776368835889734,0,0,3813396958,3813396958,00001111,00001110
1776368860891542,0,0,3813396958,3813396958,00001111,00001110
1776369492527071,0,0,3813921137,3813921137,00001111,00001110
1776369507456970,0,0,3813921137,3813921137,00001111,00001110
1776369527484972,0,0,3813921137,3813921137,00001111,00001110
1776369816379771,0,0,3814052197,3814052197,00001111,00001110
1776369841401760,0,0,3814052197,3814052197,00001111,00001110
1776370152085390,0,0,3814248928,3814248928,00001111,00001110
1776370177079608,0,0,3814248928,3814248928,00001111,00001110
1776370477485266,0,0,3814445539,3814445539,00001111,00001110
1776370502487386,0,0,3814445539,3814445539,00001111,00001110
1776370803381264,0,0,3612258201,3612258201,00001111,00001110
1776370806423324,0,0,3814642154,3814642154,00001111,00001110
1776370823267233,0,0,3612258201,3612258201,00001111,00001110
1776370831445283,0,0,3814642154,3814642154,00001111,00001110
1776371139263250,0,0,3814838741,3814838741,00001111,00001110
1776371150707253,0,0,3612323770,3612323770,00001111,00001110
1776371161909230,0,0,3612323770,3612323770,00001111,00001110
1776371164271262,0,0,3814838741,3814838741,00001111,00001110
1776371827580501,0,0,3477787099,3477787099,00001111,00001110
1776372118239803,0,0,3786789233,3786789233,00001111,00001110
1776372143253741,0,0,3786789233,3786789233,00001111,00001110
1776372158129568,0,0,3786789233,3786789233,00001111,00001110
1776372222552296,0,0,4283663469,4283663469,00001111,00001110
1776372450288576,0,0,3786920261,3786920261,00001111,00001110
1776372475290433,0,0,3786920261,3786920261,00001111,00001110
1776372785720090,0,0,3787051370,3787051370,00001111,00001110
1776372810742012,0,0,3787051370,3787051370,00001111,00001110
1776373109804881,0,0,3787182560,3787182560,00001111,00001110
1776373135334827,0,0,3787182560,3787182560,00001111,00001110
1776373146022800,0,0,3787182560,3787182560,00001111,00001110
1776373450650820,0,0,3787379021,3787379021,00001111,00001110
1776373475652730,0,0,3787379021,3787379021,00001111,00001110
1776373784713793,0,0,3787510213,3787510213,00001111,00001110
1776374110336064,0,0,3787772367,3787772367,00001111,00001110
1776374134941801,0,0,3787772367,3787772367,00001111,00001110
1776374419765139,0,0,3787837901,3787837901,00001111,00001110
1776374444766906,0,0,3787837901,3787837901,00001111,00001110
1776374751430525,0,0,3787968978,3787968978,00001111,00001110
1776374776432469,0,0,3787968978,3787968978,00001111,00001110
1776375082952187,0,0,3788100065,3788100065,00001111,00001110
1776375097962128,0,0,3788100065,3788100065,00001111,00001110
1776375407368208,0,0,3788296535,3788296535,00001111,00001110
1776375432390112,0,0,3788296535,3788296535,00001111,00001110
1776375444766106,0,0,3788296535,3788296535,00001111,00001110
1776375739819342,0,0,3788427602,3788427602,00001111,00001110
1776375753533347,0,0,3788427602,3788427602,00001111,00001110
1776376064976298,0,0,3788624217,3788624217,00001111,00001110
1776376082358378,0,0,3788624217,3788624217,00001111,00001110
1776376394580000,0,0,3788689739,3788689739,00001111,00001110
1776376419594018,0,0,3788689739,3788689739,00001111,00001110
1776377051126455,0,0,3789017439,3789017439,00001111,00001110
1776377076120429,0,0,3789017439,3789017439,00001111,00001110
1776377379853376,0,0,3789017598,3789017598,00001111,00001110
1776377404875327,0,0,3789017598,3789017598,00001111,00001110
1776377712039140,0,0,3789214046,3789214046,00001111,00001110
1776377737061064,0,0,3789214046,3789214046,00001111,00001110
1776378369337995,0,0,3789476330,3789476330,00001111,00001110
1776378382616027,0,0,3789476330,3789476330,00001111,00001110
1776378407612234,0,0,3789476330,3789476330,00001111,00001110
1776378695199886,0,0,3789541824,3789541824,00001111,00001110
1776378720202034,0,0,3789541824,3789541824,00001111,00001110
1776378732258031,0,0,3789541824,3789541824,00001111,00001110
1776379352445761,0,0,3789804019,3789804019,00001111,00001110
1776379377447807,0,0,3789804019,3789804019,00001111,00001110
1776379681928886,0,0,3789869533,3789869533,00001111,00001110
1776379698234832,0,0,3789869533,3789869533,00001111,00001110
1776379710052812,0,0,3789869533,3789869533,00001111,00001110
1776380339005053,0,0,3790131672,3790131672,00001111,00001110
1776380364006748,0,0,3790131672,3790131672,00001111,00001110
1776380665320218,0,0,3790197103,3790197103,00001111,00001110
1776380690341954,0,0,3790197103,3790197103,00001111,00001110
1776381325122697,0,0,3790459366,3790459366,00001111,00001110
1776381350184681,0,0,3790459366,3790459366,00001111,00001110
1776381654145186,0,0,3790524793,3790524793,00001111,00001110
1776381672835075,0,0,3790524793,3790524793,00001111,00001110
1776381683849043,0,0,3790524793,3790524793,00001111,00001110
1776382315350329,0,0,3790787020,3790787020,00001111,00001110
1776382329436525,0,0,3790787020,3790787020,00001111,00001110
1776382341198584,0,0,3790787020,3790787020,00001111,00001110
1776382641353029,0,0,3790852444,3790852444,00001111,00001110
1776382666355265,0,0,3790852444,3790852444,00001111,00001110
1776382972556265,0,0,3790918131,3790918131,00001111,00001110
1776382997558342,0,0,3790918131,3790918131,00001111,00001110
1776383289871430,0,0,4217387769,4217387769,00001111,00001111
1776383297693391,0,0,3791114606,3791114606,00001111,00001110
1776383322695354,0,0,3791114606,3791114606,00001111,00001110
1776383632703392,0,0,3791180104,3791180104,00001111,00001110
1776383661841377,0,0,3791245778,3791245778,00001111,00001110
1776384285818856,0,0,3791442272,3791442272,00001111,00001110
1776384301156626,0,0,3791442272,3791442272,00001111,00001110
1776384312942469,0,0,3791442272,3791442272,00001111,00001110
1776384610136050,0,0,3791442415,3791442415,00001111,00001110
1776384631305731,0,0,3791442415,3791442415,00001111,00001110
1776384641999785,0,0,3791442415,3791442415,00001111,00001110
1776384941817891,0,0,3791573457,3791573457,00001111,00001110
1776384966819742,0,0,3791573457,3791573457,00001111,00001110
1776384978795601,0,0,3791573457,3791573457,00001111,00001110
1776385596286400,0,0,3792097604,3792097604,00001111,00001110
1776385621308313,0,0,3792097604,3792097604,00001111,00001110
1776385950773402,0,0,3792163142,3792163142,00001111,00001110
1776386259206277,0,0,3792294357,3792294357,00001111,00001110
1776386284200415,0,0,3792294357,3792294357,00001111,00001110
1776386583769570,0,0,3792425466,3792425466,00001111,00001110
1776386608771662,0,0,3792425466,3792425466,00001111,00001110
1776386912234177,0,0,3792490983,3792490983,00001111,00001110
1776386937232208,0,0,3792490983,3792490983,00001111,00001110
1776388824701715,0,0,3793146220,3793146220,00001111,00001110
1776388849703705,0,0,3793146220,3793146220,00001111,00001110
1776389153614557,0,0,3793146361,3793146361,00001111,00001110
1776389171008491,0,0,3793146361,3793146361,00001111,00001110
1776389810895485,0,0,3793408453,3793408453,00001111,00001110
1776389835917366,0,0,3793408453,3793408453,00001111,00001110
1776390137273208,0,0,3743199018,3743199018,00001111,00001110
1776390139575163,0,0,3793473861,3793473861,00001111,00001110
1776390157157186,0,0,3743199018,3743199018,00001111,00001110
1776390164579172,0,0,3793473861,3793473861,00001111,00001110
1776390177129242,0,0,3743199018,3743199018,00001111,00001110
1776390177356913,0,0,3793473861,3793473861,00001111,00001110
1776390471333117,0,0,3743199148,3743199148,00001111,00001110
1776390486575252,0,0,3743199148,3743199148,00001111,00001110
1776390506551628,0,0,3743199148,3743199148,00001111,00001110
1776392440812687,0,0,4050628374,4050628374,00001111,00001110
1776392465834002,0,0,4050628374,4050628374,00001111,00001110
1776392770388190,0,0,4050628399,4050628399,00001111,00001110
1776392774470195,0,0,3794260322,3794260322,00001111,00001110
1776392795391920,0,0,4050628399,4050628399,00001111,00001110
1776392799665851,0,0,3794260322,3794260322,00001111,00001110
1776392810683696,0,0,3794260322,3794260322,00001111,00001110
1776393097202685,0,0,3794260456,3794260456,00001111,00001110
1776393122224415,0,0,3794260456,3794260456,00001111,00001110
1776393427422841,0,0,3794391373,3794391373,00001111,00001110
1776393452484691,0,0,3794391373,3794391373,00001111,00001110
1776394742871328,0,0,3794850116,3794850116,00001111,00001110
1776394753551379,0,0,3794850116,3794850116,00001111,00001110
1776394778499548,0,0,3794850116,3794850116,00001111,00001110
1776395073360824,0,0,3794850263,3794850263,00001111,00001110
1776395098355018,0,0,3794850263,3794850263,00001111,00001110
1776396059277373,0,0,3795243465,3795243465,00001111,00001110
1776396084299455,0,0,3795243465,3795243465,00001111,00001110
1776396388874414,0,0,3795308891,3795308891,00001111,00001110
1776396406824399,0,0,3795308891,3795308891,00001111,00001110
1776396417458387,0,0,3795308891,3795308891,00001111,00001110
1776397044882474,0,0,3795571138,3795571138,00001111,00001110
1776397069876442,0,0,3795571138,3795571138,00001111,00001110
1776397081812512,0,0,3795571138,3795571138,00001111,00001110
1776397371444401,0,0,3795636574,3795636574,00001111,00001110
1776397396446315,0,0,3795636574,3795636574,00001111,00001110
1776399013674414,0,0,3796226545,3796226545,00001111,00001110
1776399038696293,0,0,3796226545,3796226545,00001111,00001110
1776399344708573,0,0,3746017052,3746017052,00001111,00001110
1776399345670469,0,0,3796292042,3796292042,00001111,00001110
1776399362392573,0,0,3746017052,3746017052,00001111,00001110
1776399370674529,0,0,3796292042,3796292042,00001111,00001110
1776399671183052,0,0,3746082569,3746082569,00001111,00001110
1776399691065171,0,0,3746082569,3746082569,00001111,00001110
1776400005191517,0,0,3796685278,3796685278,00001111,00001110
1776400021321487,0,0,3796685278,3796685278,00001111,00001110
1776400031895501,0,0,3796685278,3796685278,00001111,00001110
1776400329220011,0,0,3796750836,3796750836,00001111,00001110
1776400354221950,0,0,3796750836,3796750836,00001111,00001110
1776400632976399,0,0,3776772491,3776772491,00001111,00001111
1776400992369123,0,0,3797209595,3797209595,00001111,00001110
1776401018799012,0,0,3797209595,3797209595,00001111,00001110
1776401029367153,0,0,3797209595,3797209595,00001111,00001110
1776401315224337,0,0,4171280129,4171280129,00001111,00001110
1776401315460897,0,0,3797275130,3797275130,00001111,00001110
1776401335099400,0,0,4171280129,4171280129,00001111,00001110
1776401340357894,0,0,3797275130,3797275130,00001111,00001110
1776401643971077,0,0,4171345673,4171345673,00001111,00001110
1776401668992992,0,0,4171345673,4171345673,00001111,00001110
1776401679409043,0,0,3233337664,3233337664,00001111,00001110
1776401978975846,0,0,4072526202,4072526202,00001111,00001110
1776402004237874,0,0,4072526202,4072526202,00001111,00001110
1776402303719449,0,0,4072591812,4072591812,00001111,00001110
1776402307181422,0,0,3604983688,3604983688,00001111,00001110
1776402328723424,0,0,4072591812,4072591812,00001111,00001110
1776402332193349,0,0,3604983688,3604983688,00001111,00001110
1776402633319962,0,0,3605049241,3605049241,00001111,00001110
1776402658321997,0,0,3605049241,3605049241,00001111,00001110
1776402668986020,0,0,3234451780,3234451780,00001111,00001110
1776402965777874,0,0,3288519152,3288519152,00001111,00001110
1776402990771621,0,0,3288519152,3288519152,00001111,00001110
1776403294899356,0,0,3288715740,3288715740,00001111,00001110
1776403305919448,0,0,3288715740,3288715740,00001111,00001110
1776403330955263,0,0,3288715740,3288715740,00001111,00001110
1776403620898780,0,0,3288912238,3288912238,00001111,00001110
1776403646052686,0,0,3288912238,3288912238,00001111,00001110
1776403947521309,0,0,3289239903,3289239903,00001111,00001110
1776403972523257,0,0,3289239903,3289239903,00001111,00001110
1776404275214925,0,0,3289305538,3289305538,00001111,00001110
1776404300236922,0,0,3289305538,3289305538,00001111,00001110
1776404614765949,0,0,3289502055,3289502055,00001111,00001110
1776404639767822,0,0,3289502055,3289502055,00001111,00001110
1776405262131203,0,0,3290091885,3290091885,00001111,00001110
1776405287153304,0,0,3290091885,3290091885,00001111,00001110
1776405583762531,0,0,3548571577,3548571577,00001111,00001111
1776405594237539,0,0,3290157516,3290157516,00001111,00001110
1776405607455629,0,0,3290157516,3290157516,00001111,00001110
1776405608870606,0,0,3548571577,3548571577,00001111,00001111
1776405611394617,0,0,4146725391,4146725391,00001111,00001111
1776405619411651,0,0,3290157516,3290157516,00001111,00001110
1776405650910455,0,0,4247519120,4247519120,00001111,00001111
1776405910003281,0,0,3549685655,3549685655,00001111,00001111
1776405918416339,0,0,3290354165,3290354165,00001111,00001110
1776405935167368,0,0,3549685655,3549685655,00001111,00001111
1776405943428367,0,0,3290354165,3290354165,00001111,00001110
1776406238996147,0,0,4147905162,4147905162,00001111,00001111
1776406263280221,0,0,3550144275,3550144275,00001111,00001111
1776406264243256,0,0,4147905162,4147905162,00001111,00001111
1776406288550221,0,0,3550144275,3550144275,00001111,00001111
1776408559717357,0,0,3292320247,3292320247,00001111,00001110
1776408577439064,0,0,3292320247,3292320247,00001111,00001110
1776408875069091,0,0,3292451295,3292451295,00001111,00001110
1776408896143067,0,0,3292451295,3292451295,00001111,00001110
1776408906749084,0,0,3292451295,3292451295,00001111,00001110
1776409532718988,0,0,3293106667,3293106667,00001111,00001110
1776409557720878,0,0,3293106667,3293106667,00001111,00001110
1776409890694582,0,0,4150788670,4150788670,00001111,00001111
1776410201417400,0,0,3293237729,3293237729,00001111,00001110
1776410227700144,0,0,3293237729,3293237729,00001111,00001110
1776410850493140,0,0,3891644511,3891644511,00001111,00001110
1776410851814318,0,0,3294220617,3294220617,00001111,00001110
1776410863022012,0,0,3891644511,3891644511,00001111,00001110
1776410864284334,0,0,3294220617,3294220617,00001111,00001110
1776410875453303,0,0,3891644511,3891644511,00001111,00001110
1776410889175389,0,0,3294220617,3294220617,00001111,00001110
1776411177427135,0,0,3894855883,3894855883,00001111,00001110
