1774016560407816,0,0,3758517256,3758517256,00001111,00001110
1774016834863028,0,0,3925791096,3925791096,00001111,00001110
1774017106942056,0,0,3466071440,3466071440,00001111,00001111
1774017159029167,0,0,3925987793,3925987793,00001111,00001110
1774017459507482,0,0,3926249936,3926249936,00001111,00001110
1774017484529479,0,0,3926249936,3926249936,00001111,00001110
1774017532749852,0,0,4267195300,4267195300,00001111,00001111
1774017546351728,0,0,4013220499,4013220499,00001111,00001111
1774017553857736,0,0,3614920319,3614920319,00001111,00001110
1774017557839807,0,0,4267195300,4267195300,00001111,00001111
1774017799937642,0,0,3397209272,3397209272,00001111,00001110
1774017817596593,0,0,3926512081,3926512081,00001111,00001110
1774017817998646,0,0,3314963391,3314963391,00001111,00001110
1774018060513116,0,0,3643492163,3643492163,00001111,00001110
1774018085515118,0,0,3643492163,3643492163,00001111,00001110
1774018121274614,0,0,3926970827,3926970827,00001111,00001110
1774018146290568,0,0,3926970827,3926970827,00001111,00001110
1774018146936596,0,0,3992377539,3992377539,00001111,00001110
1774018156786524,0,0,3926970827,3926970827,00001111,00001110
1774018181315542,0,0,3678587280,3678587280,00001111,00001110
1774018201102654,0,0,3678587280,3678587280,00001111,00001110
1774018211153586,0,0,4115916573,4115916573,00001111,00001110
1774018221043564,0,0,3846488793,3846488793,00001111,00001111
1774018221268873,0,0,3678587280,3678587280,00001111,00001110
1774018394572284,0,0,3643557826,3643557826,00001111,00001110
1774018411176145,0,0,3643557826,3643557826,00001111,00001110
1774018520184565,0,0,3760066603,3760066603,00001111,00001110
1774018521555577,0,0,4116734038,4116734038,00001111,00001110
1774018540080544,0,0,3274301320,3274301320,00001111,00001110
1774018550169533,0,0,3344881403,3344881403,00001111,00001111
1774018552031541,0,0,4101913756,4101913756,00001111,00001110
1774018779049376,0,0,3316077333,3316077333,00001111,00001110
1774018781102369,0,0,3927298530,3927298530,00001111,00001110
1774018794784460,0,0,3927298530,3927298530,00001111,00001110
1774018813253385,0,0,3316339509,3316339509,00001111,00001110
1774018814993263,0,0,3856376226,3856376226,00001111,00001110
1774018849292830,0,0,3338839471,3338839471,00001111,00001110
1774018857746828,0,0,3391666896,3391666896,00001111,00001111
1774018870542797,0,0,3338839471,3338839471,00001111,00001110
1774018871164826,0,0,3960427984,3960427984,00001111,00001111
1774018881526796,0,0,3338839471,3338839471,00001111,00001110
1774018882844780,0,0,3391666896,3391666896,00001111,00001111
1774019100706705,0,0,3397733436,3397733436,00001111,00001110
1774019143618614,0,0,3609900686,3609900686,00001111,00001110
1774019143861843,0,0,3316339601,3316339601,00001111,00001110
1774019168094979,0,0,3260938185,3260938185,00001111,00001110
1774019176684005,0,0,4016409543,4016409543,00001111,00001110
1774019188065959,0,0,3260938185,3260938185,00001111,00001110
1774019197903912,0,0,4016409543,4016409543,00001111,00001110
1774019208019836,0,0,3260938185,3260938185,00001111,00001110
1774019440632447,0,0,3927560657,3927560657,00001111,00001110
1774019442352391,0,0,3770384344,3770384344,00001111,00001110
1774019452299441,0,0,3398519937,3398519937,00001111,00001110
1774019452540895,0,0,3996178629,3996178629,00001111,00001110
1774019462186407,0,0,3927560657,3927560657,00001111,00001110
1774019464399316,0,0,3996178629,3996178629,00001111,00001110
1774019494007651,0,0,3950760418,3950760418,00001111,00001111
1774019509105622,0,0,4116516979,4116516979,00001111,00001110
1774019534061642,0,0,4116516979,4116516979,00001111,00001110
1774019734092437,0,0,3644344141,3644344141,00001111,00001110
1774019755204476,0,0,4289467470,4289467470,00001111,00001111
1774019766998454,0,0,3928084958,3928084958,00001111,00001110
1774019771638445,0,0,3610949173,3610949173,00001111,00001110
1774019781159614,0,0,3398782081,3398782081,00001111,00001110
1774019782336592,0,0,3928084958,3928084958,00001111,00001110
1774019786022545,0,0,3996964939,3996964939,00001111,00001110
1774019791581710,0,0,3398782081,3398782081,00001111,00001110
1774019801030691,0,0,3928084958,3928084958,00001111,00001110
1774019847785799,0,0,3778414429,3778414429,00001111,00001111
1774019867046817,0,0,3391042113,3391042113,00001111,00001110
1774020176799545,0,0,3641756389,3641756389,00001111,00001111
1774020449103625,0,0,3928347083,3928347083,00001111,00001110
1774020459125589,0,0,4290712652,4290712652,00001111,00001111
1774020834077471,0,0,3329573370,3329573370,00001111,00001111
1774021085109473,0,0,3928871368,3928871368,00001111,00001110
1774021096673451,0,0,3928871368,3928871368,00001111,00001110
1774021096900875,0,0,3611473429,3611473429,00001111,00001110
1774021116623445,0,0,3611473429,3611473429,00001111,00001110
1774021116637317,0,0,3928871368,3928871368,00001111,00001110
1774021424965938,0,0,3929395583,3929395583,00001111,00001110
1774021466707772,0,0,3243209418,3243209418,00001111,00001110
1774021480033636,0,0,3243209418,3243209418,00001111,00001110
1774021499778692,0,0,3243209418,3243209418,00001111,00001110
1774021736317252,0,0,4043695658,4043695658,00001111,00001111
1774021745131328,0,0,3929657712,3929657712,00001111,00001110
1774021760551241,0,0,4220542212,4220542212,00001111,00001111
1774021770097218,0,0,3929657712,3929657712,00001111,00001110
1774021823492848,0,0,4064137422,4064137422,00001111,00001111
1774022083824899,0,0,3929919844,3929919844,00001111,00001110
1774022102908776,0,0,3929919844,3929919844,00001111,00001110
1774022412482431,0,0,4224343463,4224343463,00001111,00001111
1774022720315116,0,0,3773005778,3773005778,00001111,00001110
1774022728817004,0,0,4171524460,4171524460,00001111,00001111
1774022740199045,0,0,3773005778,3773005778,00001111,00001110
1774022751684965,0,0,3754798987,3754798987,00001111,00001110
1774022753806981,0,0,4171524460,4171524460,00001111,00001111
1774022760370991,0,0,3930444269,3930444269,00001111,00001110
1774023054387751,0,0,3930771790,3930771790,00001111,00001110
1774023056049753,0,0,3490426638,3490426638,00001111,00001110
1774023079411697,0,0,3930771790,3930771790,00001111,00001110
1774023081055672,0,0,3490426638,3490426638,00001111,00001110
1774023091421705,0,0,3774054234,3774054234,00001111,00001110
1774023138696745,0,0,3876769499,3876769499,00001111,00001111
1774023377912555,0,0,3931033949,3931033949,00001111,00001110
1774023382302579,0,0,4171786733,4171786733,00001111,00001111
1774023402928512,0,0,3931033949,3931033949,00001111,00001110
1774023407290584,0,0,4171786733,4171786733,00001111,00001111
1774023407784581,0,0,3614291502,3614291502,00001111,00001110
1774023417726501,0,0,3931033949,3931033949,00001111,00001110
1774023482025344,0,0,3529574766,3529574766,00001111,00001111
1774023709618579,0,0,3931296216,3931296216,00001111,00001110
1774023727056588,0,0,3614291624,3614291624,00001111,00001110
1774023734624622,0,0,3931296216,3931296216,00001111,00001110
1774023746496597,0,0,3614291624,3614291624,00001111,00001110
1774024039999878,0,0,3931558381,3931558381,00001111,00001110
1774024065061711,0,0,3931558381,3931558381,00001111,00001110
1774024384078645,0,0,3490688780,3490688780,00001111,00001110
1774024452851183,0,0,4043493069,4043493069,00001111,00001111
1774024704962949,0,0,3932148083,3932148083,00001111,00001110
1774024729984920,0,0,3932148083,3932148083,00001111,00001110
1774024769992182,0,0,3697647773,3697647773,00001111,00001110
1774024789926180,0,0,3927757526,3927757526,00001111,00001111
1774025025332418,0,0,3587351849,3587351849,00001111,00001111
1774025034327533,0,0,3932410229,3932410229,00001111,00001110
1774025051116561,0,0,3587351849,3587351849,00001111,00001111
1774025059339462,0,0,3932410229,3932410229,00001111,00001110
1774025062888491,0,0,3587351849,3587351849,00001111,00001111
1774025105775032,0,0,4017936711,4017936711,00001111,00001110
1774025355185500,0,0,3932672448,3932672448,00001111,00001110
1774025380201486,0,0,3932672448,3932672448,00001111,00001110
1774025388497469,0,0,3587548478,3587548478,00001111,00001111
1774025642452173,0,0,3648276346,3648276346,00001111,00001110
1774025684354058,0,0,3932934613,3932934613,00001111,00001110
1774025709359995,0,0,3932934613,3932934613,00001111,00001110
1774025764866026,0,0,3372556597,3372556597,00001111,00001111
1774025782904006,0,0,3759111688,3759111688,00001111,00001110
1774026010363417,0,0,3933196763,3933196763,00001111,00001110
1774026024507372,0,0,3389265131,3389265131,00001111,00001111
1774026035369411,0,0,3933196763,3933196763,00001111,00001110
1774026049581407,0,0,3389265131,3389265131,00001111,00001111
1774026075238108,0,0,3926917314,3926917314,00001111,00001110
1774026096856069,0,0,3561904104,3561904104,00001111,00001111
1774026100286108,0,0,3926917314,3926917314,00001111,00001110
1774026341848936,0,0,3588007334,3588007334,00001111,00001111
1774026363422869,0,0,3389592673,3389592673,00001111,00001111
1774026367232936,0,0,3588007334,3588007334,00001111,00001111
1774026604160103,0,0,4198909800,4198909800,00001111,00001110
1774026629164001,0,0,4198909800,4198909800,00001111,00001110
1774026667288280,0,0,3588597022,3588597022,00001111,00001111
1774026681232234,0,0,3588597022,3588597022,00001111,00001111
1774026681904245,0,0,3491671967,3491671967,00001111,00001110
1774026688794257,0,0,3933786439,3933786439,00001111,00001110
1774026691848226,0,0,3588597022,3588597022,00001111,00001111
1774026700484336,0,0,3240219857,3240219857,00001111,00001110
1774026706908299,0,0,3491671967,3491671967,00001111,00001110
1774026753007402,0,0,3632184752,3632184752,00001111,00001110
1774026995726736,0,0,3241923694,3241923694,00001111,00001110
1774027015930724,0,0,3588859143,3588859143,00001111,00001111
1774027081360271,0,0,3272269567,3272269567,00001111,00001111
1774027344253159,0,0,3589121289,3589121289,00001111,00001111
1774027352131055,0,0,3934048610,3934048610,00001111,00001110
1774027359091123,0,0,3271435340,3271435340,00001111,00001110
1774027650871428,0,0,3934572899,3934572899,00001111,00001110
1774027660977413,0,0,3271828678,3271828678,00001111,00001110
1774027670699272,0,0,3934572899,3934572899,00001111,00001110
1774027686137273,0,0,3589318074,3589318074,00001111,00001111
1774027691181873,0,0,3934572899,3934572899,00001111,00001110
1774027980113665,0,0,3493638019,3493638019,00001111,00001110
1774027999557633,0,0,3493638019,3493638019,00001111,00001110
1774028338434612,0,0,3935097280,3935097280,00001111,00001110
1774028658570248,0,0,3935359356,3935359356,00001111,00001110
1774028676992284,0,0,3935359356,3935359356,00001111,00001110
1774028726011533,0,0,3514563757,3514563757,00001111,00001111
1774028996090172,0,0,3935621488,3935621488,00001111,00001110
1774029056822448,0,0,3710866913,3710866913,00001111,00001111
1774029299339540,0,0,3935883625,3935883625,00001111,00001110
1774029300201423,0,0,3494752021,3494752021,00001111,00001110
1774029324543354,0,0,3935883625,3935883625,00001111,00001110
1774029325225479,0,0,3494752021,3494752021,00001111,00001110
1774029623485639,0,0,3936145769,3936145769,00001111,00001110
1774029628847612,0,0,3495800742,3495800742,00001111,00001110
1774029648489540,0,0,3936145769,3936145769,00001111,00001110
1774029653851572,0,0,3495800742,3495800742,00001111,00001110
1774029663281604,0,0,3936145769,3936145769,00001111,00001110
1774029711540107,0,0,3263157502,3263157502,00001111,00001111
1774029960044248,0,0,3496062911,3496062911,00001111,00001110
1774029985046245,0,0,3496062911,3496062911,00001111,00001110
1774029991582268,0,0,3936408024,3936408024,00001111,00001110
1774030059835452,0,0,4129451914,4129451914,00001111,00001111
1774030282610344,0,0,3496390462,3496390462,00001111,00001110
1774030303954304,0,0,3936670179,3936670179,00001111,00001110
1774030307616248,0,0,3496390462,3496390462,00001111,00001110
1774030320088321,0,0,3936670179,3936670179,00001111,00001110
1774030320308869,0,0,3496390462,3496390462,00001111,00001110
1774030611486351,0,0,3496652714,3496652714,00001111,00001110
1774030619828340,0,0,3936997711,3936997711,00001111,00001110
1774030636510304,0,0,3496652714,3496652714,00001111,00001110
1774030644842374,0,0,3936997711,3936997711,00001111,00001110
1774030939420267,0,0,3496980261,3496980261,00001111,00001110
1774030964444862,0,0,3496980261,3496980261,00001111,00001110
1774031267456812,0,0,3497242498,3497242498,00001111,00001110
1774031285998695,0,0,3497242498,3497242498,00001111,00001110
1774031296122741,0,0,3937259902,3937259902,00001111,00001110
1774031305974715,0,0,3497242498,3497242498,00001111,00001110
1774031355118424,0,0,4194315014,4194315014,00001111,00001111
1774031372546476,0,0,3307065933,3307065933,00001111,00001111
1774031604118733,0,0,3937849671,3937849671,00001111,00001110
1774031622462775,0,0,3497504679,3497504679,00001111,00001110
1774031629124736,0,0,3937849671,3937849671,00001111,00001110
1774031680213857,0,0,4263821430,4263821430,00001111,00001111
1774031926068228,0,0,3497832227,3497832227,00001111,00001110
1774031951090191,0,0,3497832227,3497832227,00001111,00001110
1774032029003523,0,0,3342635643,3342635643,00001111,00001111
1774032271744850,0,0,3938374108,3938374108,00001111,00001110
1774032291546775,0,0,3938374108,3938374108,00001111,00001110
1774032522601198,0,0,3652667249,3652667249,00001111,00001110
1774032547605090,0,0,3652667249,3652667249,00001111,00001110
1774032585303022,0,0,3498094516,3498094516,00001111,00001110
1774032585524973,0,0,3938636256,3938636256,00001111,00001110
1774032601267023,0,0,3938636256,3938636256,00001111,00001110
1774032610289162,0,0,3498094516,3498094516,00001111,00001110
1774032620219070,0,0,3938636256,3938636256,00001111,00001110
1774032910530740,0,0,3498684303,3498684303,00001111,00001110
1774032935572645,0,0,3498684303,3498684303,00001111,00001110
1774033242956706,0,0,3499011867,3499011867,00001111,00001110
1774033258020548,0,0,3938898423,3938898423,00001111,00001110
1774033267891576,0,0,3499011867,3499011867,00001111,00001110
1774033277834674,0,0,3938898423,3938898423,00001111,00001110
1774033568528311,0,0,3499274018,3499274018,00001111,00001110
1774033593550224,0,0,3499274018,3499274018,00001111,00001110
1774033606606325,0,0,3499274018,3499274018,00001111,00001110
1774033897883882,0,0,3499536178,3499536178,00001111,00001110
1774033900465874,0,0,3939488066,3939488066,00001111,00001110
1774033922909883,0,0,3499536178,3499536178,00001111,00001110
1774033925331977,0,0,3939488066,3939488066,00001111,00001110
1774033925597749,0,0,3936905590,3936905590,00001111,00001110
1774034228778045,0,0,3940012486,3940012486,00001111,00001110
1774034253880006,0,0,3940012486,3940012486,00001111,00001110
1774034564613429,0,0,3941165387,3941165387,00001111,00001110
1774034588112419,0,0,3941165387,3941165387,00001111,00001110
1774034593473386,0,0,3940274541,3940274541,00001111,00001110
1774034642195944,0,0,4078565519,4078565519,00001111,00001111
1774034899640747,0,0,3941689683,3941689683,00001111,00001110
1774034902561830,0,0,3609017640,3609017640,00001111,00001111
1774034909115776,0,0,3940536788,3940536788,00001111,00001110
1774034917910345,0,0,3609017640,3609017640,00001111,00001111
1774034924662687,0,0,3941689683,3941689683,00001111,00001110
1774034971834017,0,0,3575175913,3575175913,00001111,00001111
1774035224316477,0,0,3609279879,3609279879,00001111,00001111
1774035240645394,0,0,3941951825,3941951825,00001111,00001110
1774035249666460,0,0,3609279879,3609279879,00001111,00001111
1774035285202040,0,0,3523730961,3523730961,00001111,00001110
1774035305076907,0,0,3881180580,3881180580,00001111,00001110
1774035316035997,0,0,4146357131,4146357131,00001111,00001111
1774035539281337,0,0,3940798963,3940798963,00001111,00001110
1774035564305216,0,0,3940798963,3940798963,00001111,00001110
1774035579108263,0,0,3940798963,3940798963,00001111,00001110
1774036201279714,0,0,3941650771,3941650771,00001111,00001110
1774036226629698,0,0,3941650771,3941650771,00001111,00001110
1774036238417651,0,0,3609673125,3609673125,00001111,00001111
1774036533677318,0,0,3397063908,3397063908,00001111,00001111
1774036614919064,0,0,3660210150,3660210150,00001111,00001111
1774036873076469,0,0,3941847527,3941847527,00001111,00001110
1774036884010378,0,0,3941847527,3941847527,00001111,00001110
1774036895812339,0,0,3941847527,3941847527,00001111,00001110
1774036940293230,0,0,3799694878,3799694878,00001111,00001111
1774037147246231,0,0,4014849900,4014849900,00001111,00001110
1774037158348194,0,0,4014849900,4014849900,00001111,00001110
1774037217348327,0,0,3499798287,3499798287,00001111,00001110
1774037223680338,0,0,3942371670,3942371670,00001111,00001110
1774037271998670,0,0,4216351623,4216351623,00001111,00001111
1774037511621515,0,0,3942568400,3942568400,00001111,00001110
1774037525749509,0,0,3398440018,3398440018,00001111,00001111
1774037531438517,0,0,3942568400,3942568400,00001111,00001110
1774037543108382,0,0,3943655935,3943655935,00001111,00001110
1774037551419437,0,0,3942568400,3942568400,00001111,00001110
1774037840236477,0,0,3944245722,3944245722,00001111,00001110
1774037860120273,0,0,3944245722,3944245722,00001111,00001110
1774037880114311,0,0,3944245722,3944245722,00001111,00001110
1774038196051608,0,0,3356399220,3356399220,00001111,00001111
1774038532355867,0,0,4181521164,4181521164,00001111,00001110
1774038543695949,0,0,3828931288,3828931288,00001111,00001111
1774038707218987,0,0,3656337371,3656337371,00001111,00001110
1774038732223029,0,0,3656337371,3656337371,00001111,00001110
1774038765354942,0,0,3942830442,3942830442,00001111,00001110
1774038785180876,0,0,3942830442,3942830442,00001111,00001110
1774038865031003,0,0,3827370328,3827370328,00001111,00001111
1774039425296804,0,0,3943879137,3943879137,00001111,00001110
1774039450298725,0,0,3943879137,3943879137,00001111,00001110
1774039462594790,0,0,3943879137,3943879137,00001111,00001110
1774039518336002,0,0,3642577381,3642577381,00001111,00001111
1774039766107836,0,0,3944141127,3944141127,00001111,00001110
1774039771509790,0,0,3996391859,3996391859,00001111,00001110
1774039791295684,0,0,3944141127,3944141127,00001111,00001110
1774039791524861,0,0,3996391859,3996391859,00001111,00001110
1774039795475762,0,0,3306104926,3306104926,00001111,00001110
1774039816062394,0,0,3744980280,3744980280,00001111,00001110
1774040100183641,0,0,3997964697,3997964697,00001111,00001110
1774040409446142,0,0,3502288642,3502288642,00001111,00001110
1774040409668839,0,0,3944468980,3944468980,00001111,00001110
1774040427572056,0,0,3307809023,3307809023,00001111,00001110
1774040429324102,0,0,3944468980,3944468980,00001111,00001110
1774040429540973,0,0,3502288642,3502288642,00001111,00001110
1774040440736706,0,0,3307809023,3307809023,00001111,00001110
1774040740484991,0,0,3504451463,3504451463,00001111,00001110
1774040744627030,0,0,3944665570,3944665570,00001111,00001110
1774040765508934,0,0,3504451463,3504451463,00001111,00001110
1774040769651050,0,0,3944665570,3944665570,00001111,00001110
1774041069104717,0,0,3504648110,3504648110,00001111,00001110
1774041086870729,0,0,3308660812,3308660812,00001111,00001110
1774041091512657,0,0,3944862200,3944862200,00001111,00001110
1774041094114673,0,0,3504648110,3504648110,00001111,00001110
1774041131307808,0,0,3792175749,3792175749,00001111,00001110
1774041151051766,0,0,3792175749,3792175749,00001111,00001110
1774041171041754,0,0,3792175749,3792175749,00001111,00001110
1774041398787417,0,0,3504844709,3504844709,00001111,00001110
1774041401309319,0,0,3945058806,3945058806,00001111,00001110
1774041423791332,0,0,3504844709,3504844709,00001111,00001110
1774041425473386,0,0,3945058806,3945058806,00001111,00001110
1774041435523360,0,0,3504844709,3504844709,00001111,00001110
1774041460101599,0,0,3255378149,3255378149,00001111,00001110
1774041479831588,0,0,3255378149,3255378149,00001111,00001110
1774041483065549,0,0,3239688253,3239688253,00001111,00001111
1774041499825593,0,0,3255378149,3255378149,00001111,00001110
1774041729975975,0,0,3505041328,3505041328,00001111,00001110
1774041735677933,0,0,3945255417,3945255417,00001111,00001110
1774041754089052,0,0,3945255417,3945255417,00001111,00001110
1774041754982045,0,0,3505041328,3505041328,00001111,00001110
1774041815322222,0,0,3713695649,3713695649,00001111,00001111
1774042053011987,0,0,3945451999,3945451999,00001111,00001110
1774042055414007,0,0,3505303307,3505303307,00001111,00001110
1774042072836030,0,0,3945451999,3945451999,00001111,00001110
1774042080418073,0,0,3505303307,3505303307,00001111,00001110
1774042092828051,0,0,3945451999,3945451999,00001111,00001110
1774042386858435,0,0,3945648616,3945648616,00001111,00001110
1774042411880380,0,0,3945648616,3945648616,00001111,00001110
1774042479521863,0,0,3357472436,3357472436,00001111,00001111
1774042710533271,0,0,3945845213,3945845213,00001111,00001110
1774042710756864,0,0,3505499933,3505499933,00001111,00001110
1774042735537306,0,0,3945845213,3945845213,00001111,00001110
1774042735764858,0,0,3505499933,3505499933,00001111,00001110
1774043044452551,0,0,3946041715,3946041715,00001111,00001110
1774043069494653,0,0,3946041715,3946041715,00001111,00001110
1774043452819157,0,0,3392235958,3392235958,00001111,00001111
1774043697311339,0,0,4260241557,4260241557,00001111,00001110
1774043702713319,0,0,3946369524,3946369524,00001111,00001110
1774043718351989,0,0,3946369524,3946369524,00001111,00001110
1774043728999432,0,0,3505893133,3505893133,00001111,00001110
1774043773717278,0,0,4026642007,4026642007,00001111,00001110
1774044028611290,0,0,3506417411,3506417411,00001111,00001110
1774044030393239,0,0,3946566115,3946566115,00001111,00001110
1774044045815296,0,0,3506417411,3506417411,00001111,00001110
1774044055585230,0,0,3946566115,3946566115,00001111,00001110
1774044133889919,0,0,3745705635,3745705635,00001111,00001111
1774044356705103,0,0,3506548668,3506548668,00001111,00001110
1774044381727152,0,0,3506548668,3506548668,00001111,00001110
1774044394509164,0,0,3506548668,3506548668,00001111,00001110
1774044689590786,0,0,3946893820,3946893820,00001111,00001110
1774044714612740,0,0,3946893820,3946893820,00001111,00001110
1774044956487334,0,0,3658958823,3658958823,00001111,00001110
1774044981509412,0,0,3658958823,3658958823,00001111,00001110
1774045029460909,0,0,3506745259,3506745259,00001111,00001110
1774045051934966,0,0,3506745259,3506745259,00001111,00001110
1774045104301419,0,0,3238599037,3238599037,00001111,00001111
1774045345647145,0,0,3507138343,3507138343,00001111,00001110
1774045360991067,0,0,3947286858,3947286858,00001111,00001110
1774045370653006,0,0,3507138343,3507138343,00001111,00001110
1774045430069887,0,0,3223571708,3223571708,00001111,00001111
1774045442817907,0,0,3851982394,3851982394,00001111,00001110
1774045669526261,0,0,3947418077,3947418077,00001111,00001110
1774045689370245,0,0,3947418077,3947418077,00001111,00001110
1774045695412226,0,0,3507269553,3507269553,00001111,00001110
1774045764212891,0,0,4149724363,4149724363,00001111,00001111
1774045999631616,0,0,3507466126,3507466126,00001111,00001110
1774046004473673,0,0,3947614578,3947614578,00001111,00001110
1774046024635587,0,0,3507466126,3507466126,00001111,00001110
1774046029497638,0,0,3947614578,3947614578,00001111,00001110
1774046093194902,0,0,3225780348,3225780348,00001111,00001111
1774046328698299,0,0,3507662620,3507662620,00001111,00001110
1774046346280370,0,0,3507662620,3507662620,00001111,00001110
1774046420067294,0,0,3814366815,3814366815,00001111,00001111
1774046657007468,0,0,3507793824,3507793824,00001111,00001110
1774046675191520,0,0,3947942359,3947942359,00001111,00001110
1774046682013476,0,0,3507793824,3507793824,00001111,00001110
1774046694265502,0,0,3947942359,3947942359,00001111,00001110
1774046694492888,0,0,3507793824,3507793824,00001111,00001110
1774046749535898,0,0,3691827936,3691827936,00001111,00001111
1774046986238560,0,0,3507990298,3507990298,00001111,00001110
1774046989120407,0,0,3948138833,3948138833,00001111,00001110
1774047011242407,0,0,3507990298,3507990298,00001111,00001110
1774047014124447,0,0,3948138833,3948138833,00001111,00001110
1774047075409872,0,0,4285169539,4285169539,00001111,00001111
1774047314891821,0,0,3508121476,3508121476,00001111,00001110
1774047317113733,0,0,3948269951,3948269951,00001111,00001110
1774047332287995,0,0,3948269951,3948269951,00001111,00001110
1774047332516946,0,0,3508121476,3508121476,00001111,00001110
1774047352287746,0,0,3948269951,3948269951,00001111,00001110
1774047405557816,0,0,4261740866,4261740866,00001111,00001111
1774047642334886,0,0,3508317969,3508317969,00001111,00001110
1774047646756926,0,0,3948466505,3948466505,00001111,00001110
1774047661027943,0,0,3948466505,3948466505,00001111,00001110
1774047661244929,0,0,3508317969,3508317969,00001111,00001110
1774047728185835,0,0,3696769824,3696769824,00001111,00001111
1774047971614906,0,0,3508449174,3508449174,00001111,00001110
1774047976316958,0,0,3948597610,3948597610,00001111,00001110
1774047989058855,0,0,3948597610,3948597610,00001111,00001110
1774047989284882,0,0,3508449174,3508449174,00001111,00001110
1774048059017416,0,0,3743656995,3743656995,00001111,00001111
1774048300561699,0,0,3508580287,3508580287,00001111,00001110
1774048302975651,0,0,3948728809,3948728809,00001111,00001110
1774048325557608,0,0,3508580287,3508580287,00001111,00001110
1774048327979592,0,0,3948728809,3948728809,00001111,00001110
1774048389345436,0,0,4196688774,4196688774,00001111,00001111
1774048629104740,0,0,3508776755,3508776755,00001111,00001110
1774048632946749,0,0,3948925248,3948925248,00001111,00001110
1774048647844740,0,0,3948925248,3948925248,00001111,00001110
1774048654110726,0,0,3508776755,3508776755,00001111,00001110
1774048713285122,0,0,4049507917,4049507917,00001111,00001111
1774048957752822,0,0,3508907935,3508907935,00001111,00001110
1774048959994837,0,0,3949056350,3949056350,00001111,00001110
1774048975325898,0,0,3949056350,3949056350,00001111,00001110
1774048982758752,0,0,3508907935,3508907935,00001111,00001110
1774048995308848,0,0,3949056350,3949056350,00001111,00001110
1774049040829348,0,0,4280290115,4280290115,00001111,00001111
1774049286091472,0,0,3509039036,3509039036,00001111,00001110
1774049289913402,0,0,3949187426,3949187426,00001111,00001110
1774049304624502,0,0,3949187426,3949187426,00001111,00001110
1774049304860974,0,0,3509039036,3509039036,00001111,00001110
1774049324607382,0,0,3949187426,3949187426,00001111,00001110
1774049324828848,0,0,3509039036,3509039036,00001111,00001110
1774049372981293,0,0,3309626041,3309626041,00001111,00001111
1774049616221973,0,0,3509235486,3509235486,00001111,00001110
1774049618543853,0,0,3949318496,3949318496,00001111,00001110
1774049633305966,0,0,3949318496,3949318496,00001111,00001110
1774049641227866,0,0,3509235486,3509235486,00001111,00001110
1774049653297911,0,0,3949318496,3949318496,00001111,00001110
1774049703303167,0,0,4181260933,4181260933,00001111,00001111
1774049944289311,0,0,3509366575,3509366575,00001111,00001110
1774049947511350,0,0,3949449582,3949449582,00001111,00001110
1774049969313380,0,0,3509366575,3509366575,00001111,00001110
1774049971955335,0,0,3949449582,3949449582,00001111,00001110
1774050027635215,0,0,4215058951,4215058951,00001111,00001111
1774050273291364,0,0,3509497650,3509497650,00001111,00001110
1774050277473348,0,0,3949580633,3949580633,00001111,00001110
1774050290684327,0,0,3949580633,3949580633,00001111,00001110
1774050298277392,0,0,3509497650,3509497650,00001111,00001110
1774050359959529,0,0,3997932626,3997932626,00001111,00001111
1774050601787390,0,0,3509628714,3509628714,00001111,00001110
1774050605749472,0,0,3949711709,3949711709,00001111,00001110
1774050626791396,0,0,3509628714,3509628714,00001111,00001110
1774050630753504,0,0,3949711709,3949711709,00001111,00001110
1774050686991034,0,0,3473026867,3473026867,00001111,00001111
1774050934064118,0,0,3949842774,3949842774,00001111,00001110
1774050948126094,0,0,3949842774,3949842774,00001111,00001110
1774051012710294,0,0,3377964085,3377964085,00001111,00001111
1774051261765042,0,0,3949908473,3949908473,00001111,00001110
1774051265327046,0,0,3509890848,3509890848,00001111,00001110
1774051276908966,0,0,3949908473,3949908473,00001111,00001110
1774051277132929,0,0,3509890848,3509890848,00001111,00001110
1774051345535945,0,0,3929011350,3929011350,00001111,00001111
1774051585691828,0,0,3509956538,3509956538,00001111,00001110
1774051585713672,0,0,3950104899,3950104899,00001111,00001110
1774051605595698,0,0,3950104899,3950104899,00001111,00001110
1774051610717719,0,0,3509956538,3509956538,00001111,00001110
1774051625527784,0,0,3950104899,3950104899,00001111,00001110
1774051675014371,0,0,3827299480,3827299480,00001111,00001111
1774051916798688,0,0,3510087592,3510087592,00001111,00001110
1774051921920527,0,0,3950170623,3950170623,00001111,00001110
1774051934322624,0,0,3950170623,3950170623,00001111,00001110
1774051934550015,0,0,3510087592,3510087592,00001111,00001110
1774052002886304,0,0,3239991293,3239991293,00001111,00001111
1774052246170196,0,0,3510218646,3510218646,00001111,00001110
1774052249912173,0,0,3950367056,3950367056,00001111,00001110
1774052263683131,0,0,3950367056,3950367056,00001111,00001110
1774052271176225,0,0,3510218646,3510218646,00001111,00001110
1774052283666164,0,0,3950367056,3950367056,00001111,00001110
1774052283892824,0,0,3510218646,3510218646,00001111,00001110
1774052348361012,0,0,3441998385,3441998385,00001111,00001111
1774052572532667,0,0,3510349623,3510349623,00001111,00001110
1774052592416616,0,0,3510349623,3510349623,00001111,00001110
1774052597758600,0,0,3950498159,3950498159,00001111,00001110
1774052663295146,0,0,3977349201,3977349201,00001111,00001111
1774052901110303,0,0,3510480669,3510480669,00001111,00001110
1774052901332906,0,0,3950629195,3950629195,00001111,00001110
1774052920994330,0,0,3950629195,3950629195,00001111,00001110
1774052926136309,0,0,3510480669,3510480669,00001111,00001110
1774052990287617,0,0,3497345516,3497345516,00001111,00001111
1774053231340763,0,0,3510611724,3510611724,00001111,00001110
1774053240124812,0,0,3950694883,3950694883,00001111,00001110
1774053250006750,0,0,3510611724,3510611724,00001111,00001110
1774053259728766,0,0,3950694883,3950694883,00001111,00001110
1774053317233051,0,0,3444032753,3444032753,00001111,00001111
1774053560387158,0,0,3510742789,3510742789,00001111,00001110
1774053562869184,0,0,3950825920,3950825920,00001111,00001110
1774053585391166,0,0,3510742789,3510742789,00001111,00001110
1774053587873104,0,0,3950825920,3950825920,00001111,00001110
1774053643094451,0,0,4133443018,4133443018,00001111,00001111
1774053889273086,0,0,3510808478,3510808478,00001111,00001110
1774053891515109,0,0,3950956903,3950956903,00001111,00001110
1774053914277036,0,0,3510808478,3510808478,00001111,00001110
1774053916539108,0,0,3950956903,3950956903,00001111,00001110
1774053978392112,0,0,3440106737,3440106737,00001111,00001111
1774054217910813,0,0,3510939569,3510939569,00001111,00001110
1774054235834606,0,0,3951022573,3951022573,00001111,00001110
1774054242916654,0,0,3510939569,3510939569,00001111,00001110
1774054302880597,0,0,3246142269,3246142269,00001111,00001111
1774054546554678,0,0,3511070526,3511070526,00001111,00001110
1774054567038553,0,0,3951153518,3951153518,00001111,00001110
1774054571560645,0,0,3511070526,3511070526,00001111,00001110
1774054583912586,0,0,3951153518,3951153518,00001111,00001110
1774054633168524,0,0,4048800973,4048800973,00001111,00001111
1774054875257811,0,0,3511201587,3511201587,00001111,00001110
1774054877759812,0,0,3951284562,3951284562,00001111,00001110
1774054892610790,0,0,3951284562,3951284562,00001111,00001110
1774054900263778,0,0,3511201587,3511201587,00001111,00001110
1774054912593765,0,0,3951284562,3951284562,00001111,00001110
1774054959661944,0,0,3346775099,3346775099,00001111,00001111
1774055204220248,0,0,3511332636,3511332636,00001111,00001110
1774055229242273,0,0,3511332636,3511332636,00001111,00001110
1774055288467254,0,0,3610615851,3610615851,00001111,00001111
1774055532473733,0,0,3511463704,3511463704,00001111,00001110
1774055553977628,0,0,3951481199,3951481199,00001111,00001110
1774055557479726,0,0,3511463704,3511463704,00001111,00001110
1774055619395820,0,0,3812706783,3812706783,00001111,00001111
1774055859124753,0,0,3511529396,3511529396,00001111,00001110
1774055859349895,0,0,3951612228,3951612228,00001111,00001110
1774055878957762,0,0,3951612228,3951612228,00001111,00001110
1774055879188922,0,0,3511529396,3511529396,00001111,00001110
1774055948433440,0,0,3912272469,3912272469,00001111,00001111
1774056190065966,0,0,3511660461,3511660461,00001111,00001110
1774056196507975,0,0,3951677819,3951677819,00001111,00001110
1774056215069949,0,0,3511660461,3511660461,00001111,00001110
1774056221521999,0,0,3951677819,3951677819,00001111,00001110
1774056276586094,0,0,3630222052,3630222052,00001111,00001111
1774056296252059,0,0,3630222052,3630222052,00001111,00001111
1774056516611450,0,0,3951808853,3951808853,00001111,00001110
1774056519153472,0,0,3511791510,3511791510,00001111,00001110
1774056536424472,0,0,3951808853,3951808853,00001111,00001110
1774056536660896,0,0,3511791510,3511791510,00001111,00001110
1774056556427393,0,0,3951808853,3951808853,00001111,00001110
1774056604569757,0,0,3396934006,3396934006,00001111,00001111
1774056789447147,0,0,4043337498,4043337498,00001111,00001111
1774056847728266,0,0,3511922474,3511922474,00001111,00001110
1774056852470227,0,0,3951874545,3951874545,00001111,00001110
1774056872732188,0,0,3511922474,3511922474,00001111,00001110
1774056877474229,0,0,3951874545,3951874545,00001111,00001110
1774056935357184,0,0,3277764159,3277764159,00001111,00001111
1774057176315215,0,0,3511988151,3511988151,00001111,00001110
1774057199359273,0,0,3952005595,3952005595,00001111,00001110
1774057201341161,0,0,3511988151,3511988151,00001111,00001110
1774057213913212,0,0,3952005595,3952005595,00001111,00001110
1774057264118496,0,0,4248613377,4248613377,00001111,00001111
1774057505594273,0,0,3512119102,3512119102,00001111,00001110
1774057522858325,0,0,3952136531,3952136531,00001111,00001110
1774057530600336,0,0,3512119102,3512119102,00001111,00001110
1774057542672311,0,0,3952136531,3952136531,00001111,00001110
1774057589381510,0,0,4266839746,4266839746,00001111,00001111
1774057833948420,0,0,3512250121,3512250121,00001111,00001110
1774057838070477,0,0,3952202198,3952202198,00001111,00001110
1774057858952372,0,0,3512250121,3512250121,00001111,00001110
1774057861536309,0,0,3952202198,3952202198,00001111,00001110
1774057920748609,0,0,3489804076,3489804076,00001111,00001111
1774058162204957,0,0,3512315811,3512315811,00001111,00001110
1774058185908908,0,0,3952333124,3952333124,00001111,00001110
1774058187210894,0,0,3512315811,3512315811,00001111,00001110
1774058200122898,0,0,3952333124,3952333124,00001111,00001110
1774058261983168,0,0,4031121228,4031121228,00001111,00001111
1774058489556505,0,0,3952398716,3952398716,00001111,00001110
1774058491098446,0,0,3512446865,3512446865,00001111,00001110
1774058514580423,0,0,3952398716,3952398716,00001111,00001110
1774058516102460,0,0,3512446865,3512446865,00001111,00001110
1774058579314857,0,0,3460840242,3460840242,00001111,00001111
1774058820570387,0,0,3512577833,3512577833,00001111,00001110
1774058827812486,0,0,3952464370,3952464370,00001111,00001110
1774058845574542,0,0,3512577833,3512577833,00001111,00001110
1774058847636568,0,0,3952464370,3952464370,00001111,00001110
1774058908418277,0,0,3691179680,3691179680,00001111,00001111
1774059149114844,0,0,3512708904,3512708904,00001111,00001110
1774059172178951,0,0,3952595307,3952595307,00001111,00001110
1774059174120837,0,0,3512708904,3512708904,00001111,00001110
1774059232811916,0,0,3576405097,3576405097,00001111,00001111
1774059478071415,0,0,3512774572,3512774572,00001111,00001110
1774059484153427,0,0,3952726336,3952726336,00001111,00001110
1774059495264377,0,0,3952726336,3952726336,00001111,00001110
1774059503077402,0,0,3512774572,3512774572,00001111,00001110
1774059561068802,0,0,4182862213,4182862213,00001111,00001111
1774059806045119,0,0,3512905532,3512905532,00001111,00001110
1774059809907092,0,0,3952792016,3952792016,00001111,00001110
1774059831049146,0,0,3512905532,3512905532,00001111,00001110
1774059834931215,0,0,3952792016,3952792016,00001111,00001110
1774059893340827,0,0,3828353880,3828353880,00001111,00001111
1774060134382146,0,0,3513036571,3513036571,00001111,00001110
1774060141444112,0,0,3952922963,3952922963,00001111,00001110
1774060159386071,0,0,3513036571,3513036571,00001111,00001110
1774060166458108,0,0,3952922963,3952922963,00001111,00001110
1774060172000056,0,0,3513036571,3513036571,00001111,00001110
1774060217708777,0,0,3926944662,3926944662,00001111,00001111
1774060460909373,0,0,3952988643,3952988643,00001111,00001110
1774060463431369,0,0,3513167626,3513167626,00001111,00001110
1774060485933365,0,0,3952988643,3952988643,00001111,00001110
1774060488435439,0,0,3513167626,3513167626,00001111,00001110
1774060547467079,0,0,4043596685,4043596685,00001111,00001111
1774060790024909,0,0,3513233325,3513233325,00001111,00001110
1774060790244855,0,0,3953119580,3953119580,00001111,00001110
1774060815048651,0,0,3513233325,3513233325,00001111,00001110
1774060815269916,0,0,3953119580,3953119580,00001111,00001110
1774060880171629,0,0,4010903635,4010903635,00001111,00001111
1774061120950266,0,0,3513364287,3513364287,00001111,00001110
1774061125132166,0,0,3953185254,3953185254,00001111,00001110
1774061145954144,0,0,3513364287,3513364287,00001111,00001110
1774061148296271,0,0,3953185254,3953185254,00001111,00001110
1774061207137338,0,0,3597083946,3597083946,00001111,00001111
1774061449672090,0,0,3513429950,3513429950,00001111,00001110
1774061452474083,0,0,3953316207,3953316207,00001111,00001110
1774061467056118,0,0,3953316207,3953316207,00001111,00001110
1774061474658128,0,0,3513429950,3513429950,00001111,00001110
1774061487068013,0,0,3953316207,3953316207,00001111,00001110
1774061537067689,0,0,3240316413,3240316413,00001111,00001111
1774061778558173,0,0,3953381861,3953381861,00001111,00001110
1774061779200064,0,0,3513560971,3513560971,00001111,00001110
1774061803602180,0,0,3953381861,3953381861,00001111,00001110
1774061804204072,0,0,3513560971,3513560971,00001111,00001110
1774061864452831,0,0,3833101208,3833101208,00001111,00001111
1774062104597232,0,0,3953512817,3953512817,00001111,00001110
1774062104821880,0,0,3513626556,3513626556,00001111,00001110
1774062124410226,0,0,3953512817,3953512817,00001111,00001110
1774062124645880,0,0,3513626556,3513626556,00001111,00001110
1774062144413255,0,0,3953512817,3953512817,00001111,00001110
1774062144636917,0,0,3513626556,3513626556,00001111,00001110
1774062194117953,0,0,3859567578,3859567578,00001111,00001111
1774062432744520,0,0,3953578471,3953578471,00001111,00001110
1774062437806507,0,0,3513757599,3513757599,00001111,00001110
1774062452597524,0,0,3953578471,3953578471,00001111,00001110
1774062462610597,0,0,3513757599,3513757599,00001111,00001110
1774062472560549,0,0,3953578471,3953578471,00001111,00001110
1774062519346976,0,0,3358705908,3358705908,00001111,00001111
1774062764141877,0,0,3513888572,3513888572,00001111,00001110
1774062768003822,0,0,3953709388,3953709388,00001111,00001110
1774062781285762,0,0,3953709388,3953709388,00001111,00001110
1774062789147686,0,0,3513888572,3513888572,00001111,00001110
1774062801277602,0,0,3953709388,3953709388,00001111,00001110
1774062801501865,0,0,3513888572,3513888572,00001111,00001110
1774062863708974,0,0,3325671482,3325671482,00001111,00001111
1774063092141936,0,0,3514019585,3514019585,00001111,00001110
1774063095363901,0,0,3953775062,3953775062,00001111,00001110
1774063117145863,0,0,3514019585,3514019585,00001111,00001110
1774063120387877,0,0,3953775062,3953775062,00001111,00001110
1774063129797750,0,0,3514019585,3514019585,00001111,00001110
1774063174639801,0,0,3663152614,3663152614,00001111,00001111
1774063419487620,0,0,3514085251,3514085251,00001111,00001110
1774063423989528,0,0,3953840637,3953840637,00001111,00001110
1774063444491565,0,0,3514085251,3514085251,00001111,00001110
1774063448993506,0,0,3953840637,3953840637,00001111,00001110
1774063507322351,0,0,3678084455,3678084455,00001111,00001111
1774063748768805,0,0,3514216211,3514216211,00001111,00001110
1774063755190674,0,0,3953971542,3953971542,00001111,00001110
1774063766741770,0,0,3953971542,3953971542,00001111,00001110
1774063773774806,0,0,3514216211,3514216211,00001111,00001110
1774063786744645,0,0,3953971542,3953971542,00001111,00001110
1774063834399505,0,0,3697779744,3697779744,00001111,00001111
1774064074989231,0,0,3954037116,3954037116,00001111,00001110
1774064077391201,0,0,3514281896,3514281896,00001111,00001110
1774064094813245,0,0,3954037116,3954037116,00001111,00001110
1774064095036932,0,0,3514281896,3514281896,00001111,00001110
1774064162773079,0,0,3845328217,3845328217,00001111,00001111
1774064407080459,0,0,3514412859,3514412859,00001111,00001110
1774064410882425,0,0,3954102769,3954102769,00001111,00001110
1774064432104437,0,0,3514412859,3514412859,00001111,00001110
1774064435886536,0,0,3954102769,3954102769,00001111,00001110
1774064493070121,0,0,3793596446,3793596446,00001111,00001111
1774064734685278,0,0,3514543885,3514543885,00001111,00001110
1774064758709273,0,0,3954233701,3954233701,00001111,00001110
1774064759711244,0,0,3514543885,3514543885,00001111,00001110
1774064772123212,0,0,3954233701,3954233701,00001111,00001110
1774064820706556,0,0,3296435320,3296435320,00001111,00001111
1774065063387694,0,0,3514609548,3514609548,00001111,00001110
1774065073751566,0,0,3954299352,3954299352,00001111,00001110
1774065088413644,0,0,3514609548,3514609548,00001111,00001110
1774065098765692,0,0,3954299352,3954299352,00001111,00001110
1774065147824934,0,0,4017625939,4017625939,00001111,00001111
1774065391986263,0,0,3514740503,3514740503,00001111,00001110
1774065394248265,0,0,3954430274,3954430274,00001111,00001110
1774065409490226,0,0,3954430274,3954430274,00001111,00001110
1774065417012202,0,0,3514740503,3514740503,00001111,00001110
1774065479395342,0,0,3929870678,3929870678,00001111,00001111
1774065718321424,0,0,3514806207,3514806207,00001111,00001110
1774065718548886,0,0,3954495942,3954495942,00001111,00001110
1774065738174439,0,0,3954495942,3954495942,00001111,00001110
1774065738412914,0,0,3514806207,3514806207,00001111,00001110
1774065808744964,0,0,4196845254,4196845254,00001111,00001111
1774066049274137,0,0,3514937228,3514937228,00001111,00001110
1774066050276217,0,0,3954626888,3954626888,00001111,00001110
1774066074278227,0,0,3514937228,3514937228,00001111,00001110
1774066075280137,0,0,3954626888,3954626888,00001111,00001110
1774066134548925,0,0,3896519444,3896519444,00001111,00001111
1774066377810720,0,0,3515068164,3515068164,00001111,00001110
1774066384952729,0,0,3954692561,3954692561,00001111,00001110
1774066402814751,0,0,3515068164,3515068164,00001111,00001110
1774066405596757,0,0,3954692561,3954692561,00001111,00001110
1774066415626642,0,0,3515068164,3515068164,00001111,00001110
1774066464946676,0,0,3646210789,3646210789,00001111,00001111
1774066704440950,0,0,3515133848,3515133848,00001111,00001110
1774066704660840,0,0,3954823492,3954823492,00001111,00001110
1774066729464991,0,0,3515133848,3515133848,00001111,00001110
1774066729684900,0,0,3954823492,3954823492,00001111,00001110
1774066793830220,0,0,3495272492,3495272492,00001111,00001111
1774067035500319,0,0,3515264800,3515264800,00001111,00001110
1774067038022231,0,0,3954889178,3954889178,00001111,00001110
1774067060504344,0,0,3515264800,3515264800,00001111,00001110
1774067063026398,0,0,3954889178,3954889178,00001111,00001110
1774067120957793,0,0,4200955974,4200955974,00001111,00001111
1774067363746324,0,0,3515330493,3515330493,00001111,00001110
1774067367028325,0,0,3955020112,3955020112,00001111,00001110
1774067388750348,0,0,3515330493,3515330493,00001111,00001110
1774067393742279,0,0,3955020112,3955020112,00001111,00001110
1774067452378187,0,0,4078012495,4078012495,00001111,00001111
1774067693987797,0,0,3515461532,3515461532,00001111,00001110
1774067702709805,0,0,3955085798,3955085798,00001111,00001110
1774067718991841,0,0,3515461532,3515461532,00001111,00001110
1774067727743815,0,0,3955085798,3955085798,00001111,00001110
1774067778227529,0,0,4202104134,4202104134,00001111,00001111
1774068019549975,0,0,3515592587,3515592587,00001111,00001110
1774068019773894,0,0,3955216839,3955216839,00001111,00001110
1774068044573898,0,0,3515592587,3515592587,00001111,00001110
1774068044796870,0,0,3955216839,3955216839,00001111,00001110
1774068059365989,0,0,3955216839,3955216839,00001111,00001110
1774068059588885,0,0,3515592587,3515592587,00001111,00001110
1774068109682843,0,0,3272430079,3272430079,00001111,00001111
1774068348310250,0,0,3515723541,3515723541,00001111,00001110
1774068348532871,0,0,3955347827,3955347827,00001111,00001110
1774068373334144,0,0,3515723541,3515723541,00001111,00001110
1774068373556953,0,0,3955347827,3955347827,00001111,00001110
1774068434184678,0,0,3933544726,3933544726,00001111,00001111
1774068680369898,0,0,3955478868,3955478868,00001111,00001110
1774068680596816,0,0,3515854594,3515854594,00001111,00001110
1774068696902823,0,0,3955478868,3955478868,00001111,00001110
1774068705395706,0,0,3515854594,3515854594,00001111,00001110
1774068761170104,0,0,3847994393,3847994393,00001111,00001111
1774069007357923,0,0,3515920315,3515920315,00001111,00001110
1774069015180065,0,0,3955544553,3955544553,00001111,00001110
1774069032361955,0,0,3515920315,3515920315,00001111,00001110
1774069040194008,0,0,3955544553,3955544553,00001111,00001110
1774069093869352,0,0,3527185006,3527185006,00001111,00001111
1774069113587399,0,0,3527185006,3527185006,00001111,00001111
1774069338580466,0,0,3955675611,3955675611,00001111,00001110
1774069344102450,0,0,3516051339,3516051339,00001111,00001110
1774069363684384,0,0,3955675611,3955675611,00001111,00001110
1774069369096350,0,0,3516051339,3516051339,00001111,00001110
1774069420505848,0,0,3694845664,3694845664,00001111,00001111
1774069662515347,0,0,3516182406,3516182406,00001111,00001110
1774069662740893,0,0,3955806666,3955806666,00001111,00001110
1774069682368326,0,0,3955806666,3955806666,00001111,00001110
1774069687541393,0,0,3516182406,3516182406,00001111,00001110
1774069755196948,0,0,3324338618,3324338618,00001111,00001111
1774069991346204,0,0,3955937634,3955937634,00001111,00001110
1774069993588280,0,0,3516313396,3516313396,00001111,00001110
1774070011150189,0,0,3955937634,3955937634,00001111,00001110
1774070018592136,0,0,3516313396,3516313396,00001111,00001110
1774070031142185,0,0,3955937634,3955937634,00001111,00001110
1774070031364829,0,0,3516313396,3516313396,00001111,00001110
1774070078262386,0,0,4262165890,4262165890,00001111,00001111
1774070322869398,0,0,3516444444,3516444444,00001111,00001110
1774070326391447,0,0,3956003315,3956003315,00001111,00001110
1774070347873381,0,0,3516444444,3516444444,00001111,00001110
1774070351395380,0,0,3956003315,3956003315,00001111,00001110
1774070409947951,0,0,3463303410,3463303410,00001111,00001111
1774070648952806,0,0,3956134254,3956134254,00001111,00001110
1774070652214755,0,0,3516575500,3516575500,00001111,00001110
1774070668785713,0,0,3956134254,3956134254,00001111,00001110
1774070677218756,0,0,3516575500,3516575500,00001111,00001110
1774070688788690,0,0,3956134254,3956134254,00001111,00001110
1774070739325802,0,0,3678385191,3678385191,00001111,00001111
1774070979494774,0,0,3516641200,3516641200,00001111,00001110
1774070983676799,0,0,3956199930,3956199930,00001111,00001110
1774070997478867,0,0,3956199930,3956199930,00001111,00001110
1774070997700854,0,0,3516641200,3516641200,00001111,00001110
1774071066487841,0,0,3324111034,3324111034,00001111,00001111
1774071309089697,0,0,3516772243,3516772243,00001111,00001110
1774071311091634,0,0,3956330957,3956330957,00001111,00001110
1774071326133665,0,0,3956330957,3956330957,00001111,00001110
1774071326356870,0,0,3516772243,3516772243,00001111,00001110
1774071396761288,0,0,3430488432,3430488432,00001111,00001111
1774071634967592,0,0,3516903296,3516903296,00001111,00001110
1774071635188918,0,0,3956462057,3956462057,00001111,00001110
1774071659991564,0,0,3516903296,3516903296,00001111,00001110
1774071660212885,0,0,3956462057,3956462057,00001111,00001110
1774071674803627,0,0,3956462057,3956462057,00001111,00001110
1774071675028904,0,0,3516903296,3516903296,00001111,00001110
1774071736608733,0,0,3830508184,3830508184,00001111,00001111
1774071965338894,0,0,3517034277,3517034277,00001111,00001110
1774071971200957,0,0,3956593089,3956593089,00001111,00001110
1774071983571976,0,0,3956593089,3956593089,00001111,00001110
1774071990344992,0,0,3517034277,3517034277,00001111,00001110
1774072052699114,0,0,4197794246,4197794246,00001111,00001111
1774072295414422,0,0,3517165327,3517165327,00001111,00001110
1774072298236487,0,0,3956724060,3956724060,00001111,00001110
1774072313007394,0,0,3956724060,3956724060,00001111,00001110
1774072313244944,0,0,3517165327,3517165327,00001111,00001110
1774072333010464,0,0,3956724060,3956724060,00001111,00001110
1774072379679425,0,0,3288386296,3288386296,00001111,00001111
1774072623646867,0,0,3517231006,3517231006,00001111,00001110
1774072628468873,0,0,3956789756,3956789756,00001111,00001110
1774072641190824,0,0,3956789756,3956789756,00001111,00001110
1774072641232801,0,0,3517231006,3517231006,00001111,00001110
1774072661202832,0,0,3956789756,3956789756,00001111,00001110
1774072661428842,0,0,3517231006,3517231006,00001111,00001110
1774072710518902,0,0,3425052464,3425052464,00001111,00001111
1774072990129877,0,0,3956920810,3956920810,00001111,00001110
1774073036989089,0,0,3414070903,3414070903,00001111,00001111
1774073289517775,0,0,3957117252,3957117252,00001111,00001110
1774073299481678,0,0,3517362059,3517362059,00001111,00001110
1774073309343692,0,0,3957117252,3957117252,00001111,00001110
1774073367157570,0,0,3424676784,3424676784,00001111,00001111
1774073610067375,0,0,3517624196,3517624196,00001111,00001110
1774073628189304,0,0,3517624196,3517624196,00001111,00001110
1774073697456995,0,0,3811398111,3811398111,00001111,00001111
1774073939514971,0,0,3517755172,3517755172,00001111,00001110
1774073963502808,0,0,3957314047,3957314047,00001111,00001110
1774073964524895,0,0,3517755172,3517755172,00001111,00001110
1774074022515553,0,0,4263702146,4263702146,00001111,00001111
1774074268534706,0,0,3517886232,3517886232,00001111,00001110
1774074272316611,0,0,3957445112,3957445112,00001111,00001110
1774074293538632,0,0,3517886232,3517886232,00001111,00001110
1774074297360701,0,0,3957445112,3957445112,00001111,00001110
1774074356125610,0,0,4147202507,4147202507,00001111,00001111
1774074597108368,0,0,3518017280,3518017280,00001111,00001110
1774074622130384,0,0,3518017280,3518017280,00001111,00001110
1774074634712328,0,0,3957576187,3957576187,00001111,00001110
1774074684466113,0,0,3626360996,3626360996,00001111,00001111
1774074923301171,0,0,3518083007,3518083007,00001111,00001110
1774074933325116,0,0,3957772620,3957772620,00001111,00001110
1774074943227126,0,0,3518083007,3518083007,00001111,00001110
1774074958339170,0,0,3957772620,3957772620,00001111,00001110
1774075014075694,0,0,3460208242,3460208242,00001111,00001111
1774075279375788,0,0,3518279437,3518279437,00001111,00001110
1774075342297164,0,0,4096222600,4096222600,00001111,00001111
1774075583723196,0,0,3518410517,3518410517,00001111,00001110
1774075607687166,0,0,3958034812,3958034812,00001111,00001110
1774075608729131,0,0,3518410517,3518410517,00001111,00001110
1774075666067543,0,0,3359640436,3359640436,00001111,00001111
1774075909459124,0,0,3518541598,3518541598,00001111,00001110
1774075909684907,0,0,3958166005,3958166005,00001111,00001110
1774075929303060,0,0,3958166005,3958166005,00001111,00001110
1774075929549905,0,0,3518541598,3518541598,00001111,00001110
1774075949295012,0,0,3958166005,3958166005,00001111,00001110
1774075997000673,0,0,4268164418,4268164418,00001111,00001111
1774076240662474,0,0,3518672768,3518672768,00001111,00001110
1774076245124405,0,0,3958362489,3958362489,00001111,00001110
1774076258026449,0,0,3958362489,3958362489,00001111,00001110
1774076258252882,0,0,3518672768,3518672768,00001111,00001110
1774076328590766,0,0,3863146138,3863146138,00001111,00001111
1774076606925607,0,0,3958559068,3958559068,00001111,00001110
1774076655766981,0,0,3327183610,3327183610,00001111,00001111
1774076915663335,0,0,3958690279,3958690279,00001111,00001110
1774076935507289,0,0,3958690279,3958690279,00001111,00001110
1774076935732849,0,0,3518803868,3518803868,00001111,00001110
1774076981860873,0,0,3607813867,3607813867,00001111,00001111
1774077200017337,0,0,3667871722,3667871722,00001111,00001110
1774077228822165,0,0,3958886749,3958886749,00001111,00001110
1774077253844156,0,0,3958886749,3958886749,00001111,00001110
1774077308476088,0,0,3960271504,3960271504,00001111,00001111
1774077561326066,0,0,3519131558,3519131558,00001111,00001110
1774077586348072,0,0,3519131558,3519131558,00001111,00001110
1774077654758843,0,0,3863867546,3863867546,00001111,00001111
1774077882445776,0,0,3959214531,3959214531,00001111,00001110
1774077885187793,0,0,3519524654,3519524654,00001111,00001110
1774077907449757,0,0,3959214531,3959214531,00001111,00001110
1774077910191661,0,0,3519524654,3519524654,00001111,00001110
1774077972201246,0,0,3680718311,3680718311,00001111,00001111
1774078212523421,0,0,3519721257,3519721257,00001111,00001110
1774078237545421,0,0,3519721257,3519721257,00001111,00001110
1774078300303918,0,0,3929366934,3929366934,00001111,00001111
1774078542845190,0,0,3519917835,3519917835,00001111,00001110
1774078561629208,0,0,3959542258,3959542258,00001111,00001110
1774078567851206,0,0,3519917835,3519917835,00001111,00001110
1774078627964021,0,0,4201736582,4201736582,00001111,00001111
1774078870695793,0,0,3520049057,3520049057,00001111,00001110
1774078873557649,0,0,3959738832,3959738832,00001111,00001110
1774078895719655,0,0,3520049057,3520049057,00001111,00001110
1774078898561698,0,0,3959738832,3959738832,00001111,00001110
1774078957159251,0,0,3648480677,3648480677,00001111,00001111
1774079289079897,0,0,3694778592,3694778592,00001111,00001111
1774079526108830,0,0,3960131941,3960131941,00001111,00001110
1774079545930789,0,0,3960131941,3960131941,00001111,00001110
1774079565926889,0,0,3960131941,3960131941,00001111,00001110
1774079616840535,0,0,3866324378,3866324378,00001111,00001111
1774079864515116,0,0,3520245532,3520245532,00001111,00001110
1774079889373170,0,0,3520245532,3520245532,00001111,00001110
1774079926448824,0,0,3272436189,3272436189,00001111,00001111
1774079945262906,0,0,4133790218,4133790218,00001111,00001111
1774080185985965,0,0,3520769946,3520769946,00001111,00001110
1774080203549808,0,0,3960525155,3960525155,00001111,00001110
1774080211011695,0,0,3520769946,3520769946,00001111,00001110
1774080223363795,0,0,3960525155,3960525155,00001111,00001110
1774080223588874,0,0,3520769946,3520769946,00001111,00001110
1774080272890680,0,0,3943114007,3943114007,00001111,00001111
1774080513776094,0,0,3520966546,3520966546,00001111,00001110
1774080516798062,0,0,3960721776,3960721776,00001111,00001110
1774080532122082,0,0,3520966546,3520966546,00001111,00001110
1774080533376655,0,0,3960721776,3960721776,00001111,00001110
1774080600426469,0,0,3980578513,3980578513,00001111,00001111
1774080843251326,0,0,3521163160,3521163160,00001111,00001110
1774080868273278,0,0,3521163160,3521163160,00001111,00001110
1774080881015283,0,0,3960918366,3960918366,00001111,00001110
1774080927571475,0,0,3730448226,3730448226,00001111,00001111
1774081172181474,0,0,3521359772,3521359772,00001111,00001110
1774081189825519,0,0,3961114962,3961114962,00001111,00001110
1774081197187455,0,0,3521359772,3521359772,00001111,00001110
1774081272700476,0,0,3916151829,3916151829,00001111,00001111
1774081498461916,0,0,3521621771,3521621771,00001111,00001110
1774081498684861,0,0,3961311573,3961311573,00001111,00001110
1774081518314826,0,0,3961311573,3961311573,00001111,00001110
1774081518327651,0,0,3521621771,3521621771,00001111,00001110
1774081604617746,0,0,3575039721,3575039721,00001111,00001111
1774081830154225,0,0,3521818417,3521818417,00001111,00001110
1774081855196215,0,0,3521818417,3521818417,00001111,00001110
1774081920773818,0,0,3495664748,3495664748,00001111,00001111
1774082157275976,0,0,3522015029,3522015029,00001111,00001110
1774082175919897,0,0,3961508217,3961508217,00001111,00001110
1774082182301907,0,0,3522015029,3522015029,00001111,00001110
1774082195753947,0,0,3961508217,3961508217,00001111,00001110
1774082244682425,0,0,3675521895,3675521895,00001111,00001111
1774082484520697,0,0,3961901560,3961901560,00001111,00001110
1774082486702678,0,0,3522211742,3522211742,00001111,00001110
1774082509544715,0,0,3961901560,3961901560,00001111,00001110
1774082524316663,0,0,3961901560,3961901560,00001111,00001110
1774082573037718,0,0,4216668615,4216668615,00001111,00001111
1774082819851816,0,0,3962163551,3962163551,00001111,00001110
1774082844853722,0,0,3962163551,3962163551,00001111,00001110
1774082901273979,0,0,4033527308,4033527308,00001111,00001111
1774083149119715,0,0,3962360279,3962360279,00001111,00001110
1774083154961741,0,0,3522408358,3522408358,00001111,00001110
1774083174123732,0,0,3962360279,3962360279,00001111,00001110
1774083179975626,0,0,3522408358,3522408358,00001111,00001110
1774083227242386,0,0,4235291008,4235291008,00001111,00001111
1774083475569827,0,0,3522866982,3522866982,00001111,00001110
1774083500591794,0,0,3522866982,3522866982,00001111,00001110
1774083579765494,0,0,4094856776,4094856776,00001111,00001111
1774083803573342,0,0,3523129098,3523129098,00001111,00001110
1774083804455299,0,0,3962818929,3962818929,00001111,00001110
1774083828577353,0,0,3523129098,3523129098,00001111,00001110
1774083829563981,0,0,3962818929,3962818929,00001111,00001110
1774083892152133,0,0,3731342562,3731342562,00001111,00001111
1774084128603686,0,0,3523391260,3523391260,00001111,00001110
1774084153645643,0,0,3523391260,3523391260,00001111,00001110
1774084168487635,0,0,3523391260,3523391260,00001111,00001110
1774084168708929,0,0,3963081070,3963081070,00001111,00001110
1774084457291946,0,0,3523587996,3523587996,00001111,00001110
1774084482315926,0,0,3523587996,3523587996,00001111,00001110
1774084484517957,0,0,3963343176,3963343176,00001111,00001110
1774084790416734,0,0,3963539923,3963539923,00001111,00001110
1774084805958647,0,0,3963539923,3963539923,00001111,00001110
1774084882052433,0,0,4183725637,4183725637,00001111,00001111
1774085112056147,0,0,3708709357,3708709357,00001111,00001111
1774085114790198,0,0,3963801948,3963801948,00001111,00001110
1774085137142163,0,0,3708709357,3708709357,00001111,00001111
1774085139816195,0,0,3963801948,3963801948,00001111,00001110
1774085143398155,0,0,3523850166,3523850166,00001111,00001110
1774085204196747,0,0,3545224431,3545224431,00001111,00001111
1774085444998993,0,0,3524308910,3524308910,00001111,00001110
1774085470002929,0,0,3524308910,3524308910,00001111,00001110
1774085471892929,0,0,3708840299,3708840299,00001111,00001111
1774085548980573,0,0,3846872665,3846872665,00001111,00001111
1774085778876192,0,0,3964260854,3964260854,00001111,00001110
1774085792058156,0,0,3964260854,3964260854,00001111,00001110
1774085812034119,0,0,3964260854,3964260854,00001111,00001110
1774086140939360,0,0,3964522971,3964522971,00001111,00001110
1774086187265285,0,0,3424808880,3424808880,00001111,00001111
1774086449675328,0,0,3964785143,3964785143,00001111,00001110
1774086527097755,0,0,3473236403,3473236403,00001111,00001111
1774086762245567,0,0,3965112644,3965112644,00001111,00001110
1774086787247512,0,0,3965112644,3965112644,00001111,00001110
1774086843669842,0,0,3558439336,3558439336,00001111,00001111
1774087120340861,0,0,3965374819,3965374819,00001111,00001110
1774087174106527,0,0,3732309602,3732309602,00001111,00001111
1774087435342996,0,0,3524570938,3524570938,00001111,00001110
1774087747271575,0,0,3526209334,3526209334,00001111,00001110
1774087766395494,0,0,3965899107,3965899107,00001111,00001110
1774087772277493,0,0,3526209334,3526209334,00001111,00001110
1774088099246421,0,0,3526471609,3526471609,00001111,00001110
1774088163767252,0,0,4044785229,4044785229,00001111,00001111
1774088427887797,0,0,3526799126,3526799126,00001111,00001110
1774088431989838,0,0,3966161364,3966161364,00001111,00001110
1774088735380680,0,0,3966751057,3966751057,00001111,00001110
1774088738622682,0,0,3527061407,3527061407,00001111,00001110
1774088750656656,0,0,3588456309,3588456309,00001111,00001110
1774088753319736,0,0,3789769916,3789769916,00001111,00001110
1774088760432667,0,0,3966751057,3966751057,00001111,00001110
1774088763614638,0,0,3527061407,3527061407,00001111,00001110
1774088765900660,0,0,3789769916,3789769916,00001111,00001110
1774088824028757,0,0,3816545503,3816545503,00001111,00001111
1774089079608173,0,0,3967013246,3967013246,00001111,00001110
1774089099414092,0,0,3967013246,3967013246,00001111,00001110
1774089134040618,0,0,3271408366,3271408366,00001111,00001110
1774089149725458,0,0,4249987073,4249987073,00001111,00001111
1774089163993581,0,0,3979789932,3979789932,00001111,00001110
1774089385081912,0,0,3709102425,3709102425,00001111,00001111
1774089388293904,0,0,3967275494,3967275494,00001111,00001110
1774089388516871,0,0,3852939451,3852939451,00001111,00001110
1774089413349925,0,0,3967275494,3967275494,00001111,00001110
1774089452585507,0,0,3846773220,3846773220,00001111,00001110
1774089472444680,0,0,3846773220,3846773220,00001111,00001110
1774089472888631,0,0,3750129011,3750129011,00001111,00001110
1774089482476579,0,0,3256231742,3256231742,00001111,00001111
1774089483100942,0,0,3846773220,3846773220,00001111,00001110
1774089492439620,0,0,3750129011,3750129011,00001111,00001110
1774089716424679,0,0,3967603035,3967603035,00001111,00001110
1774089721847722,0,0,4277849583,4277849583,00001111,00001110
1774089741440742,0,0,3967603035,3967603035,00001111,00001110
1774089756375817,0,0,3789966364,3789966364,00001111,00001110
1774090054575792,0,0,3527323569,3527323569,00001111,00001110
1774090064599817,0,0,3967865197,3967865197,00001111,00001110
1774090074463783,0,0,3527323569,3527323569,00001111,00001110
1774090074685869,0,0,3304400099,3304400099,00001111,00001110
1774090084427830,0,0,3967865197,3967865197,00001111,00001110
1774090132764392,0,0,4084523663,4084523663,00001111,00001111
1774090459670002,0,0,4235138368,4235138368,00001111,00001111
1774090723827034,0,0,3968127448,3968127448,00001111,00001110
1774090807873573,0,0,3476441075,3476441075,00001111,00001111
1774091030813752,0,0,3968717270,3968717270,00001111,00001110
1774091055835571,0,0,3968717270,3968717270,00001111,00001110
1774091353906373,0,0,4113950592,4113950592,00001111,00001111
1774091365443336,0,0,3969241461,3969241461,00001111,00001110
1774091368385335,0,0,3528437656,3528437656,00001111,00001110
1774091379237044,0,0,4113950592,4113950592,00001111,00001111
1774091380649330,0,0,3969241461,3969241461,00001111,00001110
1774091393395291,0,0,3528437656,3528437656,00001111,00001110
1774091402830068,0,0,3853004858,3853004858,00001111,00001110
1774091432005592,0,0,4062761886,4062761886,00001111,00001111
1774091682831702,0,0,4114081578,4114081578,00001111,00001111
1774091962746318,0,0,3676260220,3676260220,00001111,00001110
1774091982548227,0,0,3676260220,3676260220,00001111,00001110
1774092011912535,0,0,4114212621,4114212621,00001111,00001111
1774092026984535,0,0,3854839824,3854839824,00001111,00001110
1774092037017460,0,0,3529551644,3529551644,00001111,00001110
1774092047107481,0,0,3854839824,3854839824,00001111,00001110
1774092057189903,0,0,3969634650,3969634650,00001111,00001110
1774092106375446,0,0,3795524958,3795524958,00001111,00001111
1774092348528739,0,0,3530076078,3530076078,00001111,00001110
1774092355832667,0,0,3969962316,3969962316,00001111,00001110
1774092373555691,0,0,3530076078,3530076078,00001111,00001110
1774092380844645,0,0,3969962316,3969962316,00001111,00001110
1774092385686649,0,0,3530076078,3530076078,00001111,00001110
1774092388313656,0,0,4114409225,4114409225,00001111,00001111
1774092406338472,0,0,3880582091,3880582091,00001111,00001111
1774092440424337,0,0,3947704599,3947704599,00001111,00001111
1774092684489036,0,0,3530403616,3530403616,00001111,00001110
1774092694532941,0,0,3970224576,3970224576,00001111,00001110
1774092704398934,0,0,3530403616,3530403616,00001111,00001110
1774093009326891,0,0,3530665896,3530665896,00001111,00001110
1774093023208913,0,0,3530665896,3530665896,00001111,00001110
1774093043331024,0,0,3970486775,3970486775,00001111,00001110
1774093088908577,0,0,3741362723,3741362723,00001111,00001111
1774093333041294,0,0,3714935271,3714935271,00001111,00001111
1774093351979343,0,0,3970814288,3970814288,00001111,00001110
1774093358131323,0,0,3714935271,3714935271,00001111,00001111
1774093371791368,0,0,3970814288,3970814288,00001111,00001110
1774093424251702,0,0,4201031174,4201031174,00001111,00001111
1774093660864969,0,0,3971076559,3971076559,00001111,00001110
1774093665968944,0,0,3530993447,3530993447,00001111,00001110
1774093680702905,0,0,3971076559,3971076559,00001111,00001110
1774093680956911,0,0,3530993447,3530993447,00001111,00001110
1774093700663024,0,0,3971076559,3971076559,00001111,00001110
1774093700885919,0,0,3530993447,3530993447,00001111,00001110
1774093756001505,0,0,4000019650,4000019650,00001111,00001111
1774093757643513,0,0,4049792653,4049792653,00001111,00001111
1774093998122381,0,0,3531583390,3531583390,00001111,00001110
1774094023146413,0,0,3531583390,3531583390,00001111,00001110
1774094317533950,0,0,3971338719,3971338719,00001111,00001110
1774094342555894,0,0,3971338719,3971338719,00001111,00001110
1774094355019856,0,0,3398627737,3398627737,00001111,00001111
1774094357359929,0,0,3971338719,3971338719,00001111,00001110
1774094405873285,0,0,3279332927,3279332927,00001111,00001111
1774094994881320,0,0,3971928557,3971928557,00001111,00001110
1774095014703399,0,0,3971928557,3971928557,00001111,00001110
1774095308150273,0,0,3972518374,3972518374,00001111,00001110
1774095333234274,0,0,3972518374,3972518374,00001111,00001110
1774095367885819,0,0,3513596603,3513596603,00001111,00001110
1774095389030840,0,0,3513596603,3513596603,00001111,00001110
1774095409271534,0,0,3513596603,3513596603,00001111,00001110
1774095632065088,0,0,3972780524,3972780524,00001111,00001110
1774095642609043,0,0,3531910921,3531910921,00001111,00001110
1774095651879998,0,0,3972780524,3972780524,00001111,00001110
1774095667613024,0,0,3531910921,3531910921,00001111,00001110
1774095716490233,0,0,3343999533,3343999533,00001111,00001110
1774095969961337,0,0,3533287337,3533287337,00001111,00001110
1774095987227236,0,0,3973042683,3973042683,00001111,00001110
1774095994969181,0,0,3533287337,3533287337,00001111,00001110
1774096042425056,0,0,3977892679,3977892679,00001111,00001110
1774096067432911,0,0,3977892679,3977892679,00001111,00001110
1774096293441543,0,0,3973370226,3973370226,00001111,00001110
1774096314607454,0,0,3533614863,3533614863,00001111,00001110
1774096318449467,0,0,3973370226,3973370226,00001111,00001110
1774096638194234,0,0,3596648395,3596648395,00001111,00001110
1774096688611727,0,0,4045687453,4045687453,00001111,00001111
1774096692777678,0,0,4084558041,4084558041,00001111,00001111
1774096703657749,0,0,4084558041,4084558041,00001111,00001111
1774096706023764,0,0,3595047564,3595047564,00001111,00001110
1774096720967739,0,0,3259231422,3259231422,00001111,00001111
1774096722529678,0,0,4084558041,4084558041,00001111,00001111
1774096722772849,0,0,3595047564,3595047564,00001111,00001110
1774096980792038,0,0,3973960057,3973960057,00001111,00001110
1774096991323986,0,0,3599269877,3599269877,00001111,00001110
1774097011504233,0,0,3648691654,3648691654,00001111,00001111
1774097029884367,0,0,4110764191,4110764191,00001111,00001111
1774097032046348,0,0,3659612160,3659612160,00001111,00001110
1774097036596303,0,0,3648691654,3648691654,00001111,00001111
1774097038430348,0,0,3372737717,3372737717,00001111,00001111
1774097041381928,0,0,4110764191,4110764191,00001111,00001111
1774097051198230,0,0,3648691654,3648691654,00001111,00001111
1774097271028610,0,0,3468432587,3468432587,00001111,00001111
1774097280030530,0,0,3974222330,3974222330,00001111,00001110
1774097297599491,0,0,3974222330,3974222330,00001111,00001110
1774097310236910,0,0,3974222330,3974222330,00001111,00001110
1774097364454490,0,0,3929189583,3929189583,00001111,00001110
1774097371012443,0,0,4248336418,4248336418,00001111,00001111
1774097381330483,0,0,3309902201,3309902201,00001111,00001111
1774097669606982,0,0,3261709213,3261709213,00001111,00001111
1774097689315059,0,0,3261709213,3261709213,00001111,00001111
1774097704537146,0,0,4096318152,4096318152,00001111,00001111
1774097709325176,0,0,3261709213,3261709213,00001111,00001111
1774097939261843,0,0,3533877144,3533877144,00001111,00001110
1774097955203859,0,0,3974812028,3974812028,00001111,00001110
1774097964265857,0,0,3533877144,3533877144,00001111,00001110
1774097973417854,0,0,3599532022,3599532022,00001111,00001110
1774098007848717,0,0,3848603925,3848603925,00001111,00001110
1774098028064702,0,0,3848603925,3848603925,00001111,00001110
1774098034178670,0,0,3826834136,3826834136,00001111,00001111
1774098265894742,0,0,3975074282,3975074282,00001111,00001110
1774098290936685,0,0,3975074282,3975074282,00001111,00001110
1774098326957704,0,0,3775519614,3775519614,00001111,00001111
1774098327205843,0,0,4050814427,4050814427,00001111,00001110
1774098346643786,0,0,3775519614,3775519614,00001111,00001111
1774098352227819,0,0,4110971609,4110971609,00001111,00001111
1774098354193829,0,0,3607226539,3607226539,00001111,00001111
1774098359401754,0,0,3310520223,3310520223,00001111,00001110
1774098366645811,0,0,3775519614,3775519614,00001111,00001111
1774098665566660,0,0,3747533133,3747533133,00001111,00001110
1774098667384746,0,0,3949550549,3949550549,00001111,00001110
1774098673924694,0,0,3474618083,3474618083,00001111,00001111
1774098687066745,0,0,3766484746,3766484746,00001111,00001110
1774098923882615,0,0,3535318800,3535318800,00001111,00001110
1774098945934561,0,0,3975664071,3975664071,00001111,00001110
1774098948890564,0,0,3535318800,3535318800,00001111,00001110
1774098984529882,0,0,3663088752,3663088752,00001111,00001110
1774098994498881,0,0,3978215239,3978215239,00001111,00001111
1774099027826826,0,0,3456387750,3456387750,00001111,00001110
1774099246654730,0,0,3470136532,3470136532,00001111,00001111
1774099253128678,0,0,3975926142,3975926142,00001111,00001110
1774099268700669,0,0,3975926142,3975926142,00001111,00001110
1774099276398670,0,0,3536170891,3536170891,00001111,00001110
1774099288690640,0,0,3975926142,3975926142,00001111,00001110
1774099316240935,0,0,3698024418,3698024418,00001111,00001110
1774099323234849,0,0,3480826239,3480826239,00001111,00001110
1774099344116949,0,0,4066715880,4066715880,00001111,00001110
1774099595869606,0,0,3536367412,3536367412,00001111,00001110
1774099620903634,0,0,3536367412,3536367412,00001111,00001110
1774099635642943,0,0,3360331556,3360331556,00001111,00001111
1774099861428123,0,0,3681175379,3681175379,00001111,00001110
1774099925783025,0,0,4191974897,4191974897,00001111,00001110
1774099927065003,0,0,3976450418,3976450418,00001111,00001110
1774099929723933,0,0,3329149204,3329149204,00001111,00001111
1774099931456919,0,0,3526945982,3526945982,00001111,00001111
1774099945694927,0,0,3976450418,3976450418,00001111,00001110
1774099949284864,0,0,3471512812,3471512812,00001111,00001111
1774099979974001,0,0,3594466953,3594466953,00001111,00001111
1774099991767911,0,0,3594466953,3594466953,00001111,00001111
1774100003573925,0,0,3495648748,3495648748,00001111,00001111
1774100238064803,0,0,3976712552,3976712552,00001111,00001110
1774100244636682,0,0,3932313088,3932313088,00001111,00001111
1774100263086708,0,0,3976712552,3976712552,00001111,00001110
1774100275262688,0,0,3932313088,3932313088,00001111,00001111
1774100308884504,0,0,3308934825,3308934825,00001111,00001111
1774100320615382,0,0,3312668250,3312668250,00001111,00001111
1774100603148176,0,0,3976974786,3976974786,00001111,00001110
1774100603389887,0,0,3766306594,3766306594,00001111,00001110
1774100915189257,0,0,3977236947,3977236947,00001111,00001110
1774100958802080,0,0,3459842158,3459842158,00001111,00001111
1774100983878088,0,0,3459842158,3459842158,00001111,00001111
1774100986084088,0,0,4061109534,4061109534,00001111,00001111
1774101215825287,0,0,3721619906,3721619906,00001111,00001111
1774101220629252,0,0,3977498973,3977498973,00001111,00001110
1774101240431220,0,0,3977498973,3977498973,00001111,00001110
1774101260421175,0,0,3977498973,3977498973,00001111,00001110
1774101279091071,0,0,3665263802,3665263802,00001111,00001111
1774101304139023,0,0,3665263802,3665263802,00001111,00001111
1774101549047760,0,0,3600449484,3600449484,00001111,00001110
1774101557966283,0,0,3942143488,3942143488,00001111,00001111
1774101560688659,0,0,3536629567,3536629567,00001111,00001110
1774101569005897,0,0,3600449484,3600449484,00001111,00001110
1774101578825652,0,0,3536629567,3536629567,00001111,00001110
1774101583310637,0,0,3942143488,3942143488,00001111,00001111
1774101653237231,0,0,3340565882,3340565882,00001111,00001110
1774101876168959,0,0,3942143550,3942143550,00001111,00001111
1774101887618984,0,0,3977957750,3977957750,00001111,00001110
1774101888663975,0,0,3942143550,3942143550,00001111,00001111
1774101900500844,0,0,3942143550,3942143550,00001111,00001111
1774101908740740,0,0,3977957750,3977957750,00001111,00001110
1774101911060973,0,0,3942143550,3942143550,00001111,00001111
1774101921928920,0,0,3942143550,3942143550,00001111,00001111
1774102206469191,0,0,3978219845,3978219845,00001111,00001110
1774102226191123,0,0,3978219845,3978219845,00001111,00001110
1774102237975121,0,0,3978219845,3978219845,00001111,00001110
1774102295225104,0,0,3782698397,3782698397,00001111,00001111
1774102300484084,0,0,3362521036,3362521036,00001111,00001110
1774102545959896,0,0,3538136839,3538136839,00001111,00001110
1774102570983979,0,0,3538136839,3538136839,00001111,00001110
1774102575149907,0,0,3978416583,3978416583,00001111,00001110
1774102639138338,0,0,3360486068,3360486068,00001111,00001111
1774102810892732,0,0,3682944833,3682944833,00001111,00001110
1774102835916690,0,0,3682944833,3682944833,00001111,00001110
1774102867812451,0,0,3978678616,3978678616,00001111,00001110
1774102892856423,0,0,3978678616,3978678616,00001111,00001110
1774102898310298,0,0,3538726847,3538726847,00001111,00001110
1774102903698381,0,0,3978678616,3978678616,00001111,00001110
1774102948575752,0,0,4175744055,4175744055,00001111,00001110
1774102950777767,0,0,3245331709,3245331709,00001111,00001111
1774103192653428,0,0,3978875335,3978875335,00001111,00001110
1774103212497405,0,0,3978875335,3978875335,00001111,00001110
1774103218581370,0,0,3538988841,3538988841,00001111,00001110
1774103232532907,0,0,3978875335,3978875335,00001111,00001110
1774103266845323,0,0,3946890412,3946890412,00001111,00001110
1774103282071298,0,0,3494923244,3494923244,00001111,00001111
1774103287477956,0,0,3946890412,3946890412,00001111,00001110
1774103524470382,0,0,3979137350,3979137350,00001111,00001110
1774103529632371,0,0,3539185596,3539185596,00001111,00001110
1774103549474340,0,0,3979137350,3979137350,00001111,00001110
1774103554676877,0,0,3539185596,3539185596,00001111,00001110
1774103625228459,0,0,3391726393,3391726393,00001111,00001110
1774103852205240,0,0,3539447682,3539447682,00001111,00001110
1774103855027177,0,0,3979334125,3979334125,00001111,00001110
1774103877209295,0,0,3539447682,3539447682,00001111,00001110
1774103880876092,0,0,3979334125,3979334125,00001111,00001110
1774103891941311,0,0,3979334125,3979334125,00001111,00001110
1774103914197485,0,0,3913583662,3913583662,00001111,00001110
1774103936879491,0,0,4249645953,4249645953,00001111,00001111
1774103940297576,0,0,3962090304,3962090304,00001111,00001111
1774104184615314,0,0,3979596246,3979596246,00001111,00001110
1774104206759254,0,0,3539709728,3539709728,00001111,00001110
1774104208389357,0,0,3975201183,3975201183,00001111,00001111
1774104209623319,0,0,3979596246,3979596246,00001111,00001110
1774104511044940,0,0,3979858287,3979858287,00001111,00001110
1774104516908994,0,0,3548996244,3548996244,00001111,00001110
1774104536052943,0,0,3979858287,3979858287,00001111,00001110
1774104536824978,0,0,3548996244,3548996244,00001111,00001110
1774104546742825,0,0,3539906456,3539906456,00001111,00001110
1774104565679564,0,0,3948937735,3948937735,00001111,00001111
1774104843254800,0,0,3540168485,3540168485,00001111,00001110
1774104868276800,0,0,3540168485,3540168485,00001111,00001110
1774104908692443,0,0,3338195405,3338195405,00001111,00001111
1774104923801471,0,0,3393463094,3393463094,00001111,00001111
1774104933529297,0,0,4231409232,4231409232,00001111,00001111
1774105140154145,0,0,3663939543,3663939543,00001111,00001110
1774105168625229,0,0,3980382541,3980382541,00001111,00001110
1774105184347121,0,0,3980382541,3980382541,00001111,00001110
1774105236144339,0,0,4057774394,4057774394,00001111,00001111
1774105513267441,0,0,3980579284,3980579284,00001111,00001110
1774105568056168,0,0,4030651606,4030651606,00001111,00001110
1774105587672199,0,0,4030651606,4030651606,00001111,00001110
1774105821793028,0,0,3980841296,3980841296,00001111,00001110
1774105831897049,0,0,3996614487,3996614487,00001111,00001110
1774105841620910,0,0,3980841296,3980841296,00001111,00001110
1774105861610915,0,0,3980841296,3980841296,00001111,00001110
1774106165105485,0,0,3981038033,3981038033,00001111,00001110
1774106190246136,0,0,3981038033,3981038033,00001111,00001110
1774106479362007,0,0,3981300091,3981300091,00001111,00001110
1774106499205955,0,0,3981300091,3981300091,00001111,00001110
1774106499428905,0,0,3540365226,3540365226,00001111,00001110
1774106586336179,0,0,4181836511,4181836511,00001111,00001110
1774106817328872,0,0,3541610249,3541610249,00001111,00001110
1774106842334812,0,0,3541610249,3541610249,00001111,00001110
1774106872565994,0,0,3983726232,3983726232,00001111,00001110
1774106896258108,0,0,4100652680,4100652680,00001111,00001111
1774106899181928,0,0,3983726232,3983726232,00001111,00001110
1774107146973395,0,0,3701992199,3701992199,00001111,00001110
1774107180141317,0,0,3981824359,3981824359,00001111,00001110
1774107469427420,0,0,3982021112,3982021112,00001111,00001110
1774107481991449,0,0,3228181616,3228181616,00001111,00001110
1774107494437376,0,0,3982021112,3982021112,00001111,00001110
1774107504079383,0,0,3996942171,3996942171,00001111,00001110
1774107507149470,0,0,3228181616,3228181616,00001111,00001110
1774107530187665,0,0,4211436445,4211436445,00001111,00001110
1774107549993625,0,0,4211436445,4211436445,00001111,00001110
1774107809929056,0,0,3982283227,3982283227,00001111,00001110
1774107818495079,0,0,3997335529,3997335529,00001111,00001110
1774107834933146,0,0,3982283227,3982283227,00001111,00001110
1774107868949845,0,0,4016183066,4016183066,00001111,00001110
1774107876524834,0,0,3307283235,3307283235,00001111,00001110
1774107888928809,0,0,4016183066,4016183066,00001111,00001110
1774107890181895,0,0,3864665946,3864665946,00001111,00001111
1774107890495845,0,0,3307283235,3307283235,00001111,00001110
1774107901731946,0,0,3307283235,3307283235,00001111,00001110
1774108094763448,0,0,3665250271,3665250271,00001111,00001110
1774108136340929,0,0,4169512625,4169512625,00001111,00001110
1774108230658207,0,0,4098073944,4098073944,00001111,00001111
1774108462444262,0,0,3997466451,3997466451,00001111,00001110
1774108473292338,0,0,3982742011,3982742011,00001111,00001110
1774108481958321,0,0,3997466451,3997466451,00001111,00001110
1774108516455091,0,0,3653520324,3653520324,00001111,00001110
1774108547199973,0,0,3653520324,3653520324,00001111,00001110
1774108809235166,0,0,3581575081,3581575081,00001111,00001111
1774109062745970,0,0,3745061251,3745061251,00001111,00001111
1774109078714080,0,0,3983004133,3983004133,00001111,00001110
1774109087930022,0,0,3745061251,3745061251,00001111,00001111
1774109091598978,0,0,4038806546,4038806546,00001111,00001110
1774109105701906,0,0,3245500141,3245500141,00001111,00001111
1774109130802031,0,0,3245500141,3245500141,00001111,00001111
1774109134827930,0,0,4150967819,4150967819,00001111,00001111
1774109156143931,0,0,3245500141,3245500141,00001111,00001111
1774109339560339,0,0,4058662779,4058662779,00001111,00001110
1774109382415381,0,0,3983528259,3983528259,00001111,00001110
1774109406197331,0,0,3983528259,3983528259,00001111,00001110
1774109710085694,0,0,3983725054,3983725054,00001111,00001110
1774109735087616,0,0,3983725054,3983725054,00001111,00001110
1774110037748028,0,0,3983987139,3983987139,00001111,00001110
1774110050294031,0,0,3542331152,3542331152,00001111,00001110
1774110051272046,0,0,3476624504,3476624504,00001111,00001111
1774110053538049,0,0,3983987139,3983987139,00001111,00001110
1774110073525970,0,0,3983987139,3983987139,00001111,00001110
1774110075299876,0,0,3542331152,3542331152,00001111,00001110
1774110362224387,0,0,3914554809,3914554809,00001111,00001111
1774110362598270,0,0,3984183799,3984183799,00001111,00001110
1774110367720304,0,0,3544297359,3544297359,00001111,00001110
1774110382464115,0,0,3544297359,3544297359,00001111,00001110
1774110382495986,0,0,3984183799,3984183799,00001111,00001110
1774110387757919,0,0,3914554809,3914554809,00001111,00001111
1774110402436281,0,0,3984183799,3984183799,00001111,00001110
1774110402444163,0,0,3544297359,3544297359,00001111,00001110
1774110443138783,0,0,3727084619,3727084619,00001111,00001111
1774110454364753,0,0,3463695439,3463695439,00001111,00001110
1774110468242649,0,0,3727084619,3727084619,00001111,00001111
1774110702069693,0,0,3984445902,3984445902,00001111,00001110
1774110720035572,0,0,3544559387,3544559387,00001111,00001110
1774110721097556,0,0,3984445902,3984445902,00001111,00001110
1774110765622437,0,0,3239150292,3239150292,00001111,00001111
1774110780391421,0,0,3765929052,3765929052,00001111,00001111
1774110785414552,0,0,3239150292,3239150292,00001111,00001111
1774111022699954,0,0,3984707936,3984707936,00001111,00001110
1774111024041963,0,0,3544756156,3544756156,00001111,00001110
1774111047771920,0,0,3984707936,3984707936,00001111,00001110
1774111049045877,0,0,3544756156,3544756156,00001111,00001110
1774111312821463,0,0,3687204854,3687204854,00001111,00001110
1774111388713121,0,0,3984904703,3984904703,00001111,00001110
1774111697479650,0,0,3985232211,3985232211,00001111,00001110
1774111702420666,0,0,3919273258,3919273258,00001111,00001111
1774111702784594,0,0,3545280419,3545280419,00001111,00001110
1774112003152977,0,0,3919928618,3919928618,00001111,00001111
1774112010560985,0,0,3985494344,3985494344,00001111,00001110
1774112018928914,0,0,3545542457,3545542457,00001111,00001110
1774112025964879,0,0,3985494344,3985494344,00001111,00001110
1774112034036881,0,0,3292602406,3292602406,00001111,00001110
1774112043938836,0,0,3545542457,3545542457,00001111,00001110
1774112100738658,0,0,3979066385,3979066385,00001111,00001111
1774112374378328,0,0,3985691118,3985691118,00001111,00001110
1774112676637504,0,0,3551029613,3551029613,00001111,00001111
1774112683213441,0,0,3985953240,3985953240,00001111,00001110
1774112683436859,0,0,3998252871,3998252871,00001111,00001110
1774112703037482,0,0,3985953240,3985953240,00001111,00001110
1774112996815615,0,0,3986215278,3986215278,00001111,00001110
1774112996821533,0,0,3727059310,3727059310,00001111,00001111
1774113002577548,0,0,3545804579,3545804579,00001111,00001110
1774113012381574,0,0,3986215278,3986215278,00001111,00001110
1774113012612858,0,0,3603378219,3603378219,00001111,00001110
1774113032330602,0,0,3986215278,3986215278,00001111,00001110
1774113032352408,0,0,3603378219,3603378219,00001111,00001110
1774113033772490,0,0,3295027328,3295027328,00001111,00001110
1774113080049188,0,0,3866527322,3866527322,00001111,00001111
1774113096877113,0,0,3605114741,3605114741,00001111,00001110
1774113324850805,0,0,3546525627,3546525627,00001111,00001110
1774113331198814,0,0,3986412023,3986412023,00001111,00001110
1774113349868725,0,0,3546525627,3546525627,00001111,00001110
1774113351066779,0,0,3986412023,3986412023,00001111,00001110
1774113429253737,0,0,3927497430,3927497430,00001111,00001111
1774113659931081,0,0,3986674113,3986674113,00001111,00001110
1774113681072992,0,0,3986674113,3986674113,00001111,00001110
1774113690276914,0,0,3546787740,3546787740,00001111,00001110
1774113986610062,0,0,3547049889,3547049889,00001111,00001110
1774113988672053,0,0,3986936144,3986936144,00001111,00001110
1774114011614194,0,0,3547049889,3547049889,00001111,00001110
1774114013676126,0,0,3986936144,3986936144,00001111,00001110
1774114307342011,0,0,3987132914,3987132914,00001111,00001110
1774114327164098,0,0,3987132914,3987132914,00001111,00001110
1774114401649641,0,0,3650096186,3650096186,00001111,00001110
1774114411611710,0,0,3782706269,3782706269,00001111,00001111
1774114653441066,0,0,3987394917,3987394917,00001111,00001110
1774114656163033,0,0,3547574146,3547574146,00001111,00001110
1774114666045100,0,0,3987394917,3987394917,00001111,00001110
1774114676047104,0,0,3547574146,3547574146,00001111,00001110
1774114902581291,0,0,3626649444,3626649444,00001111,00001110
1774114927585280,0,0,3626649444,3626649444,00001111,00001110
1774114941039203,0,0,3626649444,3626649444,00001111,00001110
1774114965543261,0,0,3987591672,3987591672,00001111,00001110
1774114966145215,0,0,3547836214,3547836214,00001111,00001110
1774114986693296,0,0,3987591672,3987591672,00001111,00001110
1774114991149206,0,0,3547836214,3547836214,00001111,00001110
1774115005359276,0,0,3987591672,3987591672,00001111,00001110
1774115060586693,0,0,3393259894,3393259894,00001111,00001111
1774115297026274,0,0,3548098329,3548098329,00001111,00001110
1774115322050148,0,0,3548098329,3548098329,00001111,00001110
1774115334044218,0,0,3548098329,3548098329,00001111,00001110
1774115360543825,0,0,3364551147,3364551147,00001111,00001110
1774115625023981,0,0,3548360453,3548360453,00001111,00001110
1774115628147870,0,0,3987853803,3987853803,00001111,00001110
1774115642590025,0,0,3987853803,3987853803,00001111,00001110
1774115650041918,0,0,3548360453,3548360453,00001111,00001110
1774115662579941,0,0,3987853803,3987853803,00001111,00001110
1774115713850949,0,0,3324706490,3324706490,00001111,00001111
1774115887167419,0,0,3627435852,3627435852,00001111,00001110
1774115912171336,0,0,3627435852,3627435852,00001111,00001110
1774115959980851,0,0,3988378111,3988378111,00001111,00001110
1774115985002801,0,0,3988378111,3988378111,00001111,00001110
1774116043687202,0,0,3511661613,3511661613,00001111,00001111
1774116318126812,0,0,3548557119,3548557119,00001111,00001110
1774116611509636,0,0,3549081380,3549081380,00001111,00001110
1774116613051575,0,0,3988902382,3988902382,00001111,00001110
1774116636513623,0,0,3549081380,3549081380,00001111,00001110
1774116638055657,0,0,3988902382,3988902382,00001111,00001110
1774116710948220,0,0,3260271870,3260271870,00001111,00001111
1774116937187084,0,0,3989164357,3989164357,00001111,00001110
1774116947268008,0,0,3965665783,3965665783,00001111,00001110
1774116957013082,0,0,3989164357,3989164357,00001111,00001110
1774117269515559,0,0,3989426645,3989426645,00001111,00001110
1774117276197603,0,0,3549343616,3549343616,00001111,00001110
1774117285959658,0,0,3989426645,3989426645,00001111,00001110
1774117301207531,0,0,3549343616,3549343616,00001111,00001110
1774117305949584,0,0,3989426645,3989426645,00001111,00001110
1774117325228900,0,0,3745436942,3745436942,00001111,00001111
1774117598069827,0,0,3549933370,3549933370,00001111,00001110
1774117623091875,0,0,3549933370,3549933370,00001111,00001110
1774117699162210,0,0,4100682968,4100682968,00001111,00001111
1774117928971239,0,0,3989819903,3989819903,00001111,00001110
1774117942137275,0,0,3550195590,3550195590,00001111,00001110
1774117953459296,0,0,3989819903,3989819903,00001111,00001110
1774117967161262,0,0,3550195590,3550195590,00001111,00001110
1774118252357241,0,0,3550457638,3550457638,00001111,00001110
1774118272259100,0,0,3550457638,3550457638,00001111,00001110
1774118292261192,0,0,3550457638,3550457638,00001111,00001110
1774118615058386,0,0,3990278650,3990278650,00001111,00001110
1774118891880687,0,0,3550719805,3550719805,00001111,00001110
1774119186421204,0,0,3551178556,3551178556,00001111,00001110
1774119189123100,0,0,3990540755,3990540755,00001111,00001110
1774119211425239,0,0,3551178556,3551178556,00001111,00001110
1774119214127201,0,0,3990540755,3990540755,00001111,00001110
1774119243188466,0,0,3966639616,3966639616,00001111,00001111
1774119519669433,0,0,3990999384,3990999384,00001111,00001110
1774119533342388,0,0,3990999384,3990999384,00001111,00001110
1774119882195657,0,0,3991261524,3991261524,00001111,00001110
1774119939298863,0,0,3977064721,3977064721,00001111,00001111
1774120176311063,0,0,3991523685,3991523685,00001111,00001110
1774120180913074,0,0,3551440786,3551440786,00001111,00001110
1774120201335127,0,0,3991523685,3991523685,00001111,00001110
1774120205917073,0,0,3551440786,3551440786,00001111,00001110
1774120259679135,0,0,4198950534,4198950534,00001111,00001111
1774120501333698,0,0,3552227230,3552227230,00001111,00001110
1774120519515665,0,0,3552227230,3552227230,00001111,00001110
1774120539491621,0,0,3552227230,3552227230,00001111,00001110
1774120587209102,0,0,3590701290,3590701290,00001111,00001111
1774120587610976,0,0,4282797715,4282797715,00001111,00001111
1774120823958709,0,0,3482981581,3482981581,00001111,00001111
1774120839266717,0,0,3991982583,3991982583,00001111,00001110
1774120864280762,0,0,3991982583,3991982583,00001111,00001110
1774120919175190,0,0,3912128469,3912128469,00001111,00001111
1774120923577196,0,0,3223636908,3223636908,00001111,00001111
1774121093936541,0,0,3630253921,3630253921,00001111,00001110
1774121119101901,0,0,3630253921,3630253921,00001111,00001110
1774121157187075,0,0,3992244678,3992244678,00001111,00001110
1774121177011005,0,0,3992244678,3992244678,00001111,00001110
1774121177737062,0,0,4289142088,4289142088,00001111,00001110
1774121187157113,0,0,3552489348,3552489348,00001111,00001110
1774121197825016,0,0,3992244678,3992244678,00001111,00001110
1774121244403555,0,0,3607513067,3607513067,00001111,00001111
1774121485884295,0,0,3992506817,3992506817,00001111,00001110
1774121494766324,0,0,3553013642,3553013642,00001111,00001110
1774121505728292,0,0,3992506817,3992506817,00001111,00001110
1774121519780231,0,0,3553013642,3553013642,00001111,00001110
1774121525702272,0,0,3992506817,3992506817,00001111,00001110
1774121544450976,0,0,4077893602,4077893602,00001111,00001111
1774121569553050,0,0,4077893602,4077893602,00001111,00001111
1774121819498368,0,0,3992703432,3992703432,00001111,00001110
1774121821200249,0,0,3553275695,3553275695,00001111,00001110
1774121834406106,0,0,3992703432,3992703432,00001111,00001110
1774121846236928,0,0,3553275695,3553275695,00001111,00001110
1774121854352294,0,0,3992703432,3992703432,00001111,00001110
1774121901050298,0,0,3311414073,3311414073,00001111,00001111
1774121911256304,0,0,3799360499,3799360499,00001111,00001111
1774121912606262,0,0,3342455211,3342455211,00001111,00001111
1774122143213167,0,0,3553537833,3553537833,00001111,00001110
1774122143437884,0,0,3992965451,3992965451,00001111,00001110
1774122163079180,0,0,3553537833,3553537833,00001111,00001110
1774122163301921,0,0,3992965451,3992965451,00001111,00001110
1774122183047003,0,0,3992965451,3992965451,00001111,00001110
1774122183268842,0,0,3553537833,3553537833,00001111,00001110
1774122248590911,0,0,3392227830,3392227830,00001111,00001111
1774122476057811,0,0,3455003199,3455003199,00001111,00001110
1774122497747712,0,0,4292091235,4292091235,00001111,00001110
1774122821179625,0,0,3993358845,3993358845,00001111,00001110
1774122840995597,0,0,3993358845,3993358845,00001111,00001110
1774122882872237,0,0,3340325035,3340325035,00001111,00001111
1774122903276087,0,0,3372883829,3372883829,00001111,00001111
1774123134772923,0,0,3553799938,3553799938,00001111,00001110
1774123141765732,0,0,3762650811,3762650811,00001111,00001110
1774123146824720,0,0,3459394105,3459394105,00001111,00001110
1774123159783732,0,0,3553799938,3553799938,00001111,00001110
1774123160005867,0,0,3459394105,3459394105,00001111,00001110
1774123169901656,0,0,3511427119,3511427119,00001111,00001110
1774123236690488,0,0,4112137993,4112137993,00001111,00001111
1774123458590861,0,0,4193326052,4193326052,00001111,00001110
1774123458628793,0,0,3993620829,3993620829,00001111,00001110
1774123459170827,0,0,3554520890,3554520890,00001111,00001110
1774123478442838,0,0,3993620829,3993620829,00001111,00001110
1774123484192875,0,0,3554520890,3554520890,00001111,00001110
1774123498440844,0,0,3993620829,3993620829,00001111,00001110
1774123787375308,0,0,3487978085,3487978085,00001111,00001110
1774123792389376,0,0,3554783013,3554783013,00001111,00001110
1774123792991305,0,0,3994079553,3994079553,00001111,00001110
1774123807191304,0,0,3487978085,3487978085,00001111,00001110
1774123808443301,0,0,3994079553,3994079553,00001111,00001110
1774123817177350,0,0,3554783013,3554783013,00001111,00001110
1774124136763028,0,0,3555045156,3555045156,00001111,00001110
1774124185634413,0,0,4195309099,4195309099,00001111,00001111
1774124218998446,0,0,3562976808,3562976808,00001111,00001111
1774124504338515,0,0,3277755794,3277755794,00001111,00001111
1774124534086489,0,0,3410461815,3410461815,00001111,00001111
1774124541030484,0,0,3761132593,3761132593,00001111,00001111
1774124780509586,0,0,3994276221,3994276221,00001111,00001110
1774124784373628,0,0,3555504050,3555504050,00001111,00001110
1774124794235674,0,0,3994276221,3994276221,00001111,00001110
1774124804259603,0,0,3555504050,3555504050,00001111,00001110
1774124814221581,0,0,3994276221,3994276221,00001111,00001110
1774124839499236,0,0,3663466635,3663466635,00001111,00001111
1774124878690245,0,0,3798664471,3798664471,00001111,00001110
1774125108481596,0,0,3994931552,3994931552,00001111,00001110
1774125133485512,0,0,3994931552,3994931552,00001111,00001110
1774125133735416,0,0,3360688667,3360688667,00001111,00001111
1774125195048499,0,0,3648732453,3648732453,00001111,00001111
1774125198592491,0,0,4199100502,4199100502,00001111,00001111
1774125437415975,0,0,3995128262,3995128262,00001111,00001110
1774125454441998,0,0,3555766073,3555766073,00001111,00001110
1774125462264009,0,0,3995128262,3995128262,00001111,00001110
1774125472253953,0,0,3555766073,3555766073,00001111,00001110
1774125540697324,0,0,4194804742,4194804742,00001111,00001111
1774125764222494,0,0,3556224801,3556224801,00001111,00001110
1774125789228379,0,0,3556224801,3556224801,00001111,00001110
1774126108422521,0,0,3459590686,3459590686,00001111,00001110
1774126110551416,0,0,3995586908,3995586908,00001111,00001110
1774126120937462,0,0,3459590686,3459590686,00001111,00001110
1774126130377464,0,0,3995586908,3995586908,00001111,00001110
1774126176755254,0,0,4047947469,4047947469,00001111,00001111
1774126424644570,0,0,3995783526,3995783526,00001111,00001110
1774126424868841,0,0,3556683525,3556683525,00001111,00001110
1774126439208647,0,0,3995783526,3995783526,00001111,00001110
1774126439428859,0,0,3556683525,3556683525,00001111,00001110
1774126509700659,0,0,3793931998,3793931998,00001111,00001111
1774126750425156,0,0,3556880138,3556880138,00001111,00001110
1774126775447087,0,0,3556880138,3556880138,00001111,00001110
1774127079686262,0,0,3996176745,3996176745,00001111,00001110
1774127081668222,0,0,3557076773,3557076773,00001111,00001110
1774127104690228,0,0,3996176745,3996176745,00001111,00001110
1774127106692280,0,0,3557076773,3557076773,00001111,00001110
1774127410604684,0,0,3557273514,3557273514,00001111,00001110
1774127434248754,0,0,3996373351,3996373351,00001111,00001110
1774127435630718,0,0,3557273514,3557273514,00001111,00001110
1774127739643322,0,0,3557535522,3557535522,00001111,00001110
1774127744487349,0,0,3996569958,3996569958,00001111,00001110
1774127764309298,0,0,3996569958,3996569958,00001111,00001110
1774127764571241,0,0,3557535522,3557535522,00001111,00001110
1774127827504936,0,0,4011862803,4011862803,00001111,00001111
1774128071365295,0,0,3996766575,3996766575,00001111,00001110
1774128083007326,0,0,3996766575,3996766575,00001111,00001110
1774128404482234,0,0,3996963166,3996963166,00001111,00001110
1774128416626145,0,0,3557732127,3557732127,00001111,00001110
1774128429488172,0,0,3996963166,3996963166,00001111,00001110
1774128660507665,0,0,3676718918,3676718918,00001111,00001110
1774128685531618,0,0,3676718918,3676718918,00001111,00001110
1774128721118131,0,0,3997159878,3997159878,00001111,00001110
1774128740946049,0,0,3997159878,3997159878,00001111,00001110
1774128749708095,0,0,3558125470,3558125470,00001111,00001110
1774128760950042,0,0,3997159878,3997159878,00001111,00001110
1774128761172907,0,0,3558125470,3558125470,00001111,00001110
1774128810526339,0,0,3339955259,3339955259,00001111,00001111
1774129074599772,0,0,3558322084,3558322084,00001111,00001110
1774129135567335,0,0,3376799925,3376799925,00001111,00001111
1774129377843228,0,0,3997553125,3997553125,00001111,00001110
1774129397707156,0,0,3997553125,3997553125,00001111,00001110
1774129407575228,0,0,3558518679,3558518679,00001111,00001110
1774129417661160,0,0,3997553125,3997553125,00001111,00001110
1774129707766350,0,0,3558715267,3558715267,00001111,00001110
1774129711368353,0,0,3997749716,3997749716,00001111,00001110
1774129732770306,0,0,3558715267,3558715267,00001111,00001110
1774129737696859,0,0,3997749716,3997749716,00001111,00001110
1774129792896807,0,0,3307083641,3307083641,00001111,00001111
1774130040040078,0,0,3558911890,3558911890,00001111,00001110
1774130048642082,0,0,3997946238,3997946238,00001111,00001110
1774130065044150,0,0,3558911890,3558911890,00001111,00001110
1774130073656068,0,0,3997946238,3997946238,00001111,00001110
1774130389697799,0,0,3998142801,3998142801,00001111,00001110
1774130394299839,0,0,3559108490,3559108490,00001111,00001110
1774130450896023,0,0,3329540858,3329540858,00001111,00001111
1774130697938564,0,0,3998274030,3998274030,00001111,00001110
1774130699240566,0,0,3559305018,3559305018,00001111,00001110
1774130722642580,0,0,3998274030,3998274030,00001111,00001110
1774130724244520,0,0,3559305018,3559305018,00001111,00001110
1774130734434558,0,0,3998274030,3998274030,00001111,00001110
1774131023673475,0,0,3559501617,3559501617,00001111,00001110
1774131041295460,0,0,3559501617,3559501617,00001111,00001110
1774131061271395,0,0,3559501617,3559501617,00001111,00001110
1774131110606273,0,0,3556953832,3556953832,00001111,00001111
1774131349475469,0,0,3998470602,3998470602,00001111,00001110
1774131369297467,0,0,3998470602,3998470602,00001111,00001110
1774131384673403,0,0,3559698213,3559698213,00001111,00001110
1774131437715387,0,0,3827453912,3827453912,00001111,00001111
1774131680053063,0,0,3559829434,3559829434,00001111,00001110
1774131683814976,0,0,3998798309,3998798309,00001111,00001110
1774131697546049,0,0,3998798309,3998798309,00001111,00001110
1774131705078982,0,0,3559829434,3559829434,00001111,00001110
1774131717549017,0,0,3998798309,3998798309,00001111,00001110
1774132010288821,0,0,3560025996,3560025996,00001111,00001110
1774132011850827,0,0,3998994881,3998994881,00001111,00001110
1774132035292824,0,0,3560025996,3560025996,00001111,00001110
1774132036854874,0,0,3998994881,3998994881,00001111,00001110
1774132096418195,0,0,3242381053,3242381053,00001111,00001111
1774132354551859,0,0,3560222493,3560222493,00001111,00001110
1774132360673823,0,0,3999125994,3999125994,00001111,00001110
1774132379555802,0,0,3560222493,3560222493,00001111,00001110
1774132421332742,0,0,4062511438,4062511438,00001111,00001111
1774132666133845,0,0,3560353685,3560353685,00001111,00001110
1774132691177803,0,0,3560353685,3560353685,00001111,00001110
1774132695999778,0,0,3999322464,3999322464,00001111,00001110
1774132749098453,0,0,3294785464,3294785464,00001111,00001111
1774132992357468,0,0,3560550178,3560550178,00001111,00001110
1774132998139451,0,0,3999453644,3999453644,00001111,00001110
1774133012181571,0,0,3999453644,3999453644,00001111,00001110
1774133017383456,0,0,3560550178,3560550178,00001111,00001110
1774133032193476,0,0,3999453644,3999453644,00001111,00001110
1774133032421880,0,0,3560550178,3560550178,00001111,00001110
1774133090157706,0,0,4032771340,4032771340,00001111,00001111
1774133321078405,0,0,3560681391,3560681391,00001111,00001110
1774133321300896,0,0,3999650119,3999650119,00001111,00001110
1774133340931286,0,0,3999650119,3999650119,00001111,00001110
1774133346104324,0,0,3560681391,3560681391,00001111,00001110
1774133360914339,0,0,3999650119,3999650119,00001111,00001110
1774133361140901,0,0,3560681391,3560681391,00001111,00001110
1774133420431163,0,0,3913825045,3913825045,00001111,00001111
1774133652856234,0,0,3560877955,3560877955,00001111,00001110
1774133655038217,0,0,3999781239,3999781239,00001111,00001110
1774133677860205,0,0,3560877955,3560877955,00001111,00001110
1774133680185856,0,0,3999781239,3999781239,00001111,00001110
1774133982146150,0,0,3561074455,3561074455,00001111,00001110
1774133984308118,0,0,3999977799,3999977799,00001111,00001110
1774133999039102,0,0,3999977799,3999977799,00001111,00001110
1774134007152058,0,0,3561074455,3561074455,00001111,00001110
1774134069365265,0,0,3779347421,3779347421,00001111,00001111
1774134310759145,0,0,3561205666,3561205666,00001111,00001110
1774134313601110,0,0,4000108923,4000108923,00001111,00001110
1774134327792152,0,0,4000108923,4000108923,00001111,00001110
1774134335765096,0,0,3561205666,3561205666,00001111,00001110
1774134398525852,0,0,3892985620,3892985620,00001111,00001111
1774134636784163,0,0,4000240095,4000240095,00001111,00001110
1774134639006092,0,0,3561402172,3561402172,00001111,00001110
1774134656608167,0,0,4000240095,4000240095,00001111,00001110
1774134664010137,0,0,3561402172,3561402172,00001111,00001110
1774134967691162,0,0,3561533368,3561533368,00001111,00001110
1774134970873124,0,0,4000436566,4000436566,00001111,00001110
1774134992695270,0,0,3561533368,3561533368,00001111,00001110
1774134995897295,0,0,4000436566,4000436566,00001111,00001110
1774135054348556,0,0,3661987942,3661987942,00001111,00001111
1774135296202314,0,0,3561729852,3561729852,00001111,00001110
1774135314246318,0,0,3561729852,3561729852,00001111,00001110
1774135314468885,0,0,4000567755,4000567755,00001111,00001110
1774135334180279,0,0,4000567755,4000567755,00001111,00001110
1774135386906083,0,0,3378303733,3378303733,00001111,00001111
1774135623034509,0,0,4000764260,4000764260,00001111,00001110
1774135623036439,0,0,3561926408,3561926408,00001111,00001110
1774135642847500,0,0,4000764260,4000764260,00001111,00001110
1774135648080536,0,0,3561926408,3561926408,00001111,00001110
1774135713687612,0,0,4269121538,4269121538,00001111,00001111
1774135954325296,0,0,3562057533,3562057533,00001111,00001110
1774135956467255,0,0,4000895316,4000895316,00001111,00001110
1774135971758253,0,0,3562057533,3562057533,00001111,00001110
1774135981737854,0,0,4000895316,4000895316,00001111,00001110
1774136042524174,0,0,3580174633,3580174633,00001111,00001111
1774136282943497,0,0,3562188720,3562188720,00001111,00001110
1774136285125556,0,0,4001026508,4001026508,00001111,00001110
1774136307947498,0,0,3562188720,3562188720,00001111,00001110
1774136310129547,0,0,4001026508,4001026508,00001111,00001110
1774136611560828,0,0,3562385183,3562385183,00001111,00001110
1774136613742904,0,0,4001157611,4001157611,00001111,00001110
1774136636564818,0,0,3562385183,3562385183,00001111,00001110
1774136638746828,0,0,4001157611,4001157611,00001111,00001110
1774136649196727,0,0,3562385183,3562385183,00001111,00001110
1774136939905866,0,0,3562516360,3562516360,00001111,00001110
1774136942067868,0,0,4001288690,4001288690,00001111,00001110
1774136964909888,0,0,3562516360,3562516360,00001111,00001110
1774136967213506,0,0,4001288690,4001288690,00001111,00001110
1774137030128948,0,0,3946560535,3946560535,00001111,00001111
1774137268769454,0,0,3562712860,3562712860,00001111,00001110
1774137271411425,0,0,4001419758,4001419758,00001111,00001110
1774137293773417,0,0,3562712860,3562712860,00001111,00001110
1774137296415469,0,0,4001419758,4001419758,00001111,00001110
1774137355908482,0,0,4196641798,4196641798,00001111,00001111
1774137597430228,0,0,3562843930,3562843930,00001111,00001110
1774137601272267,0,0,4001550847,4001550847,00001111,00001110
1774137622434164,0,0,3562843930,3562843930,00001111,00001110
1774137625016258,0,0,4001550847,4001550847,00001111,00001110
1774137680149048,0,0,3326183546,3326183546,00001111,00001111
1774137923301991,0,0,4001747268,4001747268,00001111,00001110
1774137923524840,0,0,3562975031,3562975031,00001111,00001110
1774137948305963,0,0,4001747268,4001747268,00001111,00001110
1774137948532910,0,0,3562975031,3562975031,00001111,00001110
1774138011838152,0,0,4128760970,4128760970,00001111,00001111
1774138257625087,0,0,3563106217,3563106217,00001111,00001110
1774138257852907,0,0,4001878358,4001878358,00001111,00001110
1774138282609098,0,0,3563106217,3563106217,00001111,00001110
1774138282836874,0,0,4001878358,4001878358,00001111,00001110
1774138338756593,0,0,3760621148,3760621148,00001111,00001111
1774138581518037,0,0,4002009430,4002009430,00001111,00001110
1774138583679961,0,0,3563237290,3563237290,00001111,00001110
1774138606542038,0,0,4002009430,4002009430,00001111,00001110
1774138608684025,0,0,3563237290,3563237290,00001111,00001110
1774138665837990,0,0,4011651731,4011651731,00001111,00001111
1774138910222966,0,0,3563368345,3563368345,00001111,00001110
1774138910444841,0,0,4002140484,4002140484,00001111,00001110
1774138930126965,0,0,3563368345,3563368345,00001111,00001110
1774138935288949,0,0,4002140484,4002140484,00001111,00001110
1774138996174779,0,0,3607413483,3607413483,00001111,00001111
1774139241265555,0,0,3563499318,3563499318,00001111,00001110
1774139266289585,0,0,3563499318,3563499318,00001111,00001110
1774139267831492,0,0,4002206188,4002206188,00001111,00001110
1774139328574754,0,0,3223065468,3223065468,00001111,00001111
1774139569018451,0,0,3563630372,3563630372,00001111,00001110
1774139571520430,0,0,4002337247,4002337247,00001111,00001110
1774139594022372,0,0,3563630372,3563630372,00001111,00001110
1774139596544441,0,0,4002337247,4002337247,00001111,00001110
1774139652635997,0,0,3674327271,3674327271,00001111,00001111
1774139896389439,0,0,4002468332,4002468332,00001111,00001110
1774139898631419,0,0,3563761424,3563761424,00001111,00001110
1774139916202309,0,0,4002468332,4002468332,00001111,00001110
1774139926317353,0,0,3563827129,3563827129,00001111,00001110
1774139936185403,0,0,4002468332,4002468332,00001111,00001110
1774139982955321,0,0,3963904912,3963904912,00001111,00001111
1774140227508270,0,0,3563892490,3563892490,00001111,00001110
1774140229430164,0,0,4002599399,4002599399,00001111,00001110
1774140252512262,0,0,3563892490,3563892490,00001111,00001110
1774140254454193,0,0,4002599399,4002599399,00001111,00001110
1774140559028338,0,0,4002730366,4002730366,00001111,00001110
1774140583654282,0,0,3563958166,3563958166,00001111,00001110
1774140584036328,0,0,4002730366,4002730366,00001111,00001110
1774140882589681,0,0,4002861427,4002861427,00001111,00001110
1774140884851743,0,0,3564089135,3564089135,00001111,00001110
1774140902430641,0,0,3564089135,3564089135,00001111,00001110
1774140902435590,0,0,4002861427,4002861427,00001111,00001110
1774141211252575,0,0,3564220170,3564220170,00001111,00001110
1774141211476852,0,0,4002992476,4002992476,00001111,00001110
1774141231096510,0,0,4002992476,4002992476,00001111,00001110
1774141231317885,0,0,3564220170,3564220170,00001111,00001110
1774141251088469,0,0,4002992476,4002992476,00001111,00001110
1774141540104987,0,0,3564285870,3564285870,00001111,00001110
1774141540332844,0,0,4003058161,4003058161,00001111,00001110
1774141559970966,0,0,3564285870,3564285870,00001111,00001110
1774141559977770,0,0,4003058161,4003058161,00001111,00001110
1774141579920899,0,0,4003058161,4003058161,00001111,00001110
1774141871147038,0,0,3564482307,3564482307,00001111,00001110
1774141874229000,0,0,4003189216,4003189216,00001111,00001110
1774141896150890,0,0,3564482307,3564482307,00001111,00001110
1774141899232983,0,0,4003189216,4003189216,00001111,00001110
1774142207575028,0,0,3564613388,3564613388,00001111,00001110
1774142207796879,0,0,4003320276,4003320276,00001111,00001110
1774142227407947,0,0,4003320276,4003320276,00001111,00001110
1774142232660946,0,0,3564613388,3564613388,00001111,00001110
1774142528698297,0,0,3564744468,3564744468,00001111,00001110
1774142535020190,0,0,4003451255,4003451255,00001111,00001110
1774142546222213,0,0,4003451255,4003451255,00001111,00001110
1774142553704222,0,0,3564744468,3564744468,00001111,00001110
1774142858216203,0,0,3564875526,3564875526,00001111,00001110
1774142859198166,0,0,4003582303,4003582303,00001111,00001110
1774142883220331,0,0,3564875526,3564875526,00001111,00001110
1774142884202300,0,0,4003582303,4003582303,00001111,00001110
1774143184580115,0,0,3564941236,3564941236,00001111,00001110
1774143204784024,0,0,4003647959,4003647959,00001111,00001110
1774143215206046,0,0,4003647959,4003647959,00001111,00001110
1774143513289429,0,0,4003778913,4003778913,00001111,00001110
1774143521151491,0,0,3565072301,3565072301,00001111,00001110
1774143533133467,0,0,4003778913,4003778913,00001111,00001110
1774143546155430,0,0,3565072301,3565072301,00001111,00001110
1774143553125446,0,0,4003778913,4003778913,00001111,00001110
1774143841386234,0,0,4003909958,4003909958,00001111,00001110
1774143843828113,0,0,3565268765,3565268765,00001111,00001110
1774143861210216,0,0,4003909958,4003909958,00001111,00001110
1774143868832132,0,0,3565268765,3565268765,00001111,00001110
1774144166086613,0,0,4132387399,4132387399,00001111,00001111
1774144170240595,0,0,4003975622,4003975622,00001111,00001110
1774144172462562,0,0,3565399843,3565399843,00001111,00001110
1774144191360598,0,0,4132387399,4132387399,00001111,00001111
1774144195420927,0,0,4003975622,4003975622,00001111,00001110
1774144197488663,0,0,3565399843,3565399843,00001111,00001110
1774144501420926,0,0,3565530912,3565530912,00001111,00001110
1774144526444897,0,0,3565530912,3565530912,00001111,00001110
1774144526726889,0,0,4004106567,4004106567,00001111,00001110
1774144838094446,0,0,4004172244,4004172244,00001111,00001110
1774144857778354,0,0,4004172244,4004172244,00001111,00001110
1774144863760353,0,0,3565661962,3565661962,00001111,00001110
1774145159028304,0,0,3565727662,3565727662,00001111,00001110
1774145183992178,0,0,4004303214,4004303214,00001111,00001110
1774145184237862,0,0,3565727662,3565727662,00001111,00001110
1774145493738575,0,0,4004368894,4004368894,00001111,00001110
1774145513796882,0,0,3565858707,3565858707,00001111,00001110
1774145515404483,0,0,4004368894,4004368894,00001111,00001110
1774145817015143,0,0,3565989681,3565989681,00001111,00001110
1774145823997094,0,0,4004499830,4004499830,00001111,00001110
1774145842019099,0,0,3565989681,3565989681,00001111,00001110
1774145849011063,0,0,4004499830,4004499830,00001111,00001110
1774146145969180,0,0,3566120741,3566120741,00001111,00001110
1774146149111070,0,0,4004630852,4004630852,00001111,00001110
1774146170973074,0,0,3566120741,3566120741,00001111,00001110
1774146174135068,0,0,4004630852,4004630852,00001111,00001110
1774146474553281,0,0,3566251813,3566251813,00001111,00001110
1774146480935187,0,0,4004696542,4004696542,00001111,00001110
1774146492146242,0,0,4004696542,4004696542,00001111,00001110
1774146499559262,0,0,3566251813,3566251813,00001111,00001110
1774146512149206,0,0,4004696542,4004696542,00001111,00001110
1774146512372924,0,0,3566251813,3566251813,00001111,00001110
1774146803579497,0,0,3566382856,3566382856,00001111,00001110
1774146825903525,0,0,4004827484,4004827484,00001111,00001110
1774146828605587,0,0,3566382856,3566382856,00001111,00001110
1774147131900851,0,0,3566513921,3566513921,00001111,00001110
1774147137602782,0,0,4004893181,4004893181,00001111,00001110
1774147150790860,0,0,4004893181,4004893181,00001111,00001110
1774147156906930,0,0,3566513921,3566513921,00001111,00001110
1774147161788845,0,0,4004893181,4004893181,00001111,00001110
1774147460867614,0,0,3566579633,3566579633,00001111,00001110
1774147468789571,0,0,4005024232,4005024232,00001111,00001110
1774147485871573,0,0,3566579633,3566579633,00001111,00001110
1774147488173564,0,0,4005024232,4005024232,00001111,00001110
1774147789610034,0,0,3566710695,3566710695,00001111,00001110
1774147814613945,0,0,3566710695,3566710695,00001111,00001110
1774147815355914,0,0,4005155181,4005155181,00001111,00001110
1774148143701974,0,0,4005220857,4005220857,00001111,00001110
1774148145343953,0,0,3566841731,3566841731,00001111,00001110
1774148155725884,0,0,4005220857,4005220857,00001111,00001110
1774148155987898,0,0,3566841731,3566841731,00001111,00001110
1774148444588207,0,0,3566972722,3566972722,00001111,00001110
1774148454612168,0,0,4005351804,4005351804,00001111,00001110
1774148469614169,0,0,3566972722,3566972722,00001111,00001110
1774148474436161,0,0,4005351804,4005351804,00001111,00001110
1774148484466162,0,0,3566972722,3566972722,00001111,00001110
1774148773370984,0,0,3567103783,3567103783,00001111,00001110
1774148773596884,0,0,4005482847,4005482847,00001111,00001110
1774148793214942,0,0,4005482847,4005482847,00001111,00001110
1774148798396863,0,0,3567103783,3567103783,00001111,00001110
1774148813186851,0,0,4005482847,4005482847,00001111,00001110
1774149102082201,0,0,4005548529,4005548529,00001111,00001110
1774149105204208,0,0,3567169461,3567169461,00001111,00001110
1774149121875155,0,0,4005548529,4005548529,00001111,00001110
1774149122108890,0,0,3567169461,3567169461,00001111,00001110
1774149141878105,0,0,4005548529,4005548529,00001111,00001110
1774149142101866,0,0,3567169461,3567169461,00001111,00001110
1774149432689472,0,0,3567300519,3567300519,00001111,00001110
1774149437751442,0,0,4005679445,4005679445,00001111,00001110
1774149457813917,0,0,3567300519,3567300519,00001111,00001110
1774149462892895,0,0,4005679445,4005679445,00001111,00001110
1774149761977142,0,0,3567431555,3567431555,00001111,00001110
1774149772481024,0,0,4005745107,4005745107,00001111,00001110
1774149779543135,0,0,3567431555,3567431555,00001111,00001110
1774149797495042,0,0,4005745107,4005745107,00001111,00001110
1774150087906489,0,0,4005876059,4005876059,00001111,00001110
1774150090268437,0,0,3567562555,3567562555,00001111,00001110
1774150112910478,0,0,4005876059,4005876059,00001111,00001110
1774150115312480,0,0,3567562555,3567562555,00001111,00001110
1774150416647106,0,0,3567693610,3567693610,00001111,00001110
1774150416949015,0,0,4005941706,4005941706,00001111,00001110
1774150441671093,0,0,3567693610,3567693610,00001111,00001110
1774150441973028,0,0,4005941706,4005941706,00001111,00001110
1774150747500634,0,0,3567824666,3567824666,00001111,00001110
1774150749762573,0,0,4006072661,4006072661,00001111,00001110
1774150772504670,0,0,3567824666,3567824666,00001111,00001110
1774150774926593,0,0,4006072661,4006072661,00001111,00001110
1774151074103213,0,0,3567955718,3567955718,00001111,00001110
1774151099127212,0,0,3567955718,3567955718,00001111,00001110
1774151103049251,0,0,4006138347,4006138347,00001111,00001110
1774151416375995,0,0,3568021389,3568021389,00001111,00001110
1774151419518039,0,0,4006269393,4006269393,00001111,00001110
1774151441379991,0,0,3568021389,3568021389,00001111,00001110
1774151444522000,0,0,4006269393,4006269393,00001111,00001110
1774151734141877,0,0,3568152356,3568152356,00001111,00001110
1774151739523875,0,0,4006400336,4006400336,00001111,00001110
1774151759145877,0,0,3568152356,3568152356,00001111,00001110
1774151761587871,0,0,4006400336,4006400336,00001111,00001110
1774152063107207,0,0,3568218027,3568218027,00001111,00001110
1774152066909185,0,0,4006465989,4006465989,00001111,00001110
1774152080460227,0,0,4006465989,4006465989,00001111,00001110
1774152088113203,0,0,3568218027,3568218027,00001111,00001110
1774152391734499,0,0,3568349063,3568349063,00001111,00001110
1774152409178495,0,0,3568349063,3568349063,00001111,00001110
1774152416960518,0,0,4006596943,4006596943,00001111,00001110
1774152429132502,0,0,4006596943,4006596943,00001111,00001110
1774152429356837,0,0,3568349063,3568349063,00001111,00001110
1774152720430727,0,0,3568480058,3568480058,00001111,00001110
1774152729912753,0,0,4006662609,4006662609,00001111,00001110
1774152745434695,0,0,3568480058,3568480058,00001111,00001110
1774152754946693,0,0,4006662609,4006662609,00001111,00001110
1774153049335450,0,0,3568611080,3568611080,00001111,00001110
1774153058877469,0,0,4006793559,4006793559,00001111,00001110
1774153074339477,0,0,3568611080,3568611080,00001111,00001110
1774153083891477,0,0,4006793559,4006793559,00001111,00001110
1774153377974394,0,0,3568676739,3568676739,00001111,00001110
1774153380156398,0,0,4006859223,4006859223,00001111,00001110
1774153395258390,0,0,4006859223,4006859223,00001111,00001110
1774153402980324,0,0,3568676739,3568676739,00001111,00001110
1774153706549616,0,0,3568807684,3568807684,00001111,00001110
1774153724253588,0,0,4006990175,4006990175,00001111,00001110
1774153731575618,0,0,3568807684,3568807684,00001111,00001110
1774153744047563,0,0,4006990175,4006990175,00001111,00001110
1774154035584354,0,0,3568873349,3568873349,00001111,00001110
1774154041946371,0,0,4007055835,4007055835,00001111,00001110
1774154060588315,0,0,3568873349,3568873349,00001111,00001110
1774154066960263,0,0,4007055835,4007055835,00001111,00001110
1774154364541786,0,0,3568938932,3568938932,00001111,00001110
1774154364843694,0,0,4007186806,4007186806,00001111,00001110
1774154389545775,0,0,3568938932,3568938932,00001111,00001110
1774154389807753,0,0,4007186806,4007186806,00001111,00001110
1774154692856100,0,0,3569069958,3569069958,00001111,00001110
1774154699198115,0,0,4007252470,4007252470,00001111,00001110
1774154710389170,0,0,4007252470,4007252470,00001111,00001110
1774154717862074,0,0,3569069958,3569069958,00001111,00001110
1774155021346045,0,0,3569135542,3569135542,00001111,00001110
1774155031730096,0,0,4007383419,4007383419,00001111,00001110
1774155046351872,0,0,3569135542,3569135542,00001111,00001110
1774155056723914,0,0,4007383419,4007383419,00001111,00001110
1774155294745211,0,0,4007449061,4007449061,00001111,00001110
1774155297967145,0,0,3569266484,3569266484,00001111,00001110
1774155319769111,0,0,4007449061,4007449061,00001111,00001110
1774155322991136,0,0,3569266484,3569266484,00001111,00001110
1774155625867290,0,0,3569332028,3569332028,00001111,00001110
1774155631989364,0,0,4007579988,4007579988,00001111,00001110
1774155643380285,0,0,3569332028,3569332028,00001111,00001110
1774155657003240,0,0,4007579988,4007579988,00001111,00001110
1774155964209394,0,0,3569397675,3569397675,00001111,00001110
1774155972273408,0,0,4007645650,4007645650,00001111,00001110
1774155982135390,0,0,3569397675,3569397675,00001111,00001110
1774155992077348,0,0,4007645650,4007645650,00001111,00001110
1774156283266511,0,0,3569528711,3569528711,00001111,00001110
1774156287988382,0,0,4007776605,4007776605,00001111,00001110
1774156308290325,0,0,3569528711,3569528711,00001111,00001110
1774156312992411,0,0,4007776605,4007776605,00001111,00001110
1774156612517993,0,0,3569659654,3569659654,00001111,00001110
1774156619701988,0,0,4007907657,4007907657,00001111,00001110
1774156637523978,0,0,3569659654,3569659654,00001111,00001110
1774156644715947,0,0,4007907657,4007907657,00001111,00001110
1774156649545963,0,0,3569659654,3569659654,00001111,00001110
1774156940851272,0,0,3569725348,3569725348,00001111,00001110
1774156947553217,0,0,4007973344,4007973344,00001111,00001110
1774156965855241,0,0,3569725348,3569725348,00001111,00001110
1774156972567202,0,0,4007973344,4007973344,00001111,00001110
1774156978269197,0,0,3569725348,3569725348,00001111,00001110
1774157268689573,0,0,3569856299,3569856299,00001111,00001110
1774157287993594,0,0,4008104389,4008104389,00001111,00001110
1774157293695629,0,0,3569856299,3569856299,00001111,00001110
1774157598066839,0,0,3569987342,3569987342,00001111,00001110
1774157623090805,0,0,3569987342,3569987342,00001111,00001110
1774157623352741,0,0,4008235352,4008235352,00001111,00001110
1774157926713116,0,0,3570053017,3570053017,00001111,00001110
1774157944357161,0,0,3570053017,3570053017,00001111,00001110
1774157951999123,0,0,4008301044,4008301044,00001111,00001110
1774158258276015,0,0,4008432068,4008432068,00001111,00001110
1774158283279903,0,0,4008432068,4008432068,00001111,00001110
1774158286781936,0,0,3570183983,3570183983,00001111,00001110
1774158523195975,0,0,3570315019,3570315019,00001111,00001110
1774158546239894,0,0,4008563035,4008563035,00001111,00001110
1774158548201872,0,0,3570315019,3570315019,00001111,00001110
1774158560733969,0,0,4008563035,4008563035,00001111,00001110
1774158560743825,0,0,3570315019,3570315019,00001111,00001110
1774158851892790,0,0,3570380586,3570380586,00001111,00001110
1774158857994810,0,0,4008628681,4008628681,00001111,00001110
1774158869356845,0,0,4008628681,4008628681,00001111,00001110
1774158876898773,0,0,3570380586,3570380586,00001111,00001110
1774159180534756,0,0,3570446237,3570446237,00001111,00001110
1774159184996796,0,0,4008759638,4008759638,00001111,00001110
1774159205558812,0,0,3570446237,3570446237,00001111,00001110
1774159208180961,0,0,4008759638,4008759638,00001111,00001110
1774159218170807,0,0,3570446237,3570446237,00001111,00001110
1774159509435211,0,0,3570577193,3570577193,00001111,00001110
1774159532179271,0,0,4008890719,4008890719,00001111,00001110
1774159534441170,0,0,3570577193,3570577193,00001111,00001110
1774159838772783,0,0,3570708228,3570708228,00001111,00001110
1774159843234601,0,0,4009021774,4009021774,00001111,00001110
1774159855745761,0,0,4009021774,4009021774,00001111,00001110
1774159863778732,0,0,3570708228,3570708228,00001111,00001110
1774159875728688,0,0,4009021774,4009021774,00001111,00001110
1774160167097268,0,0,3570773925,3570773925,00001111,00001110
1774160174579153,0,0,4009087461,4009087461,00001111,00001110
1774160192101158,0,0,3570773925,3570773925,00001111,00001110
1774160194637884,0,0,4009087461,4009087461,00001111,00001110
1774160499329916,0,0,3570904864,3570904864,00001111,00001110
1774160519673796,0,0,4009218504,4009218504,00001111,00001110
1774160524335868,0,0,3570904864,3570904864,00001111,00001110
1774160533207863,0,0,4009218504,4009218504,00001111,00001110
1774160824650038,0,0,3571035916,3571035916,00001111,00001110
1774160830111996,0,0,4009349458,4009349458,00001111,00001110
1774160849653984,0,0,3571035916,3571035916,00001111,00001110
1774160855126033,0,0,4009349458,4009349458,00001111,00001110
1774161153365668,0,0,3571101598,3571101598,00001111,00001110
1774161157767546,0,0,4009415153,4009415153,00001111,00001110
1774161178369401,0,0,3571101598,3571101598,00001111,00001110
1774161180791528,0,0,4009415153,4009415153,00001111,00001110
1774161481981923,0,0,3571232696,3571232696,00001111,00001110
1774161507005819,0,0,3571232696,3571232696,00001111,00001110
1774161509747798,0,0,4009546202,4009546202,00001111,00001110
1774161519599827,0,0,3571232696,3571232696,00001111,00001110
1774161809938206,0,0,3571429123,3571429123,00001111,00001110
1774161813120118,0,0,4009677255,4009677255,00001111,00001110
1774161827602057,0,0,4009677255,4009677255,00001111,00001110
1774161827603994,0,0,3571429123,3571429123,00001111,00001110
1774162139261931,0,0,3571560233,3571560233,00001111,00001110
1774162144003930,0,0,4009808331,4009808331,00001111,00001110
1774162164265820,0,0,3571560233,3571560233,00001111,00001110
1774162169007777,0,0,4009808331,4009808331,00001111,00001110
1774162465195629,0,0,4009939322,4009939322,00001111,00001110
1774162467457469,0,0,3571691398,3571691398,00001111,00001110
1774162490239499,0,0,4009939322,4009939322,00001111,00001110
1774162492501633,0,0,3571691398,3571691398,00001111,00001110
1774162796493210,0,0,3571822395,3571822395,00001111,00001110
1774162798375238,0,0,4010070498,4010070498,00001111,00001110
1774162821497167,0,0,3571822395,3571822395,00001111,00001110
1774162823379227,0,0,4010070498,4010070498,00001111,00001110
1774162833849191,0,0,3571822395,3571822395,00001111,00001110
1774163124363694,0,0,3571953552,3571953552,00001111,00001110
1774163142807706,0,0,4010201583,4010201583,00001111,00001110
1774163149369751,0,0,3571953552,3571953552,00001111,00001110
1774163162601686,0,0,4010201583,4010201583,00001111,00001110
1774163162828842,0,0,3571953552,3571953552,00001111,00001110
1774163454056357,0,0,3572084627,3572084627,00001111,00001110
1774163457918231,0,0,4010332662,4010332662,00001111,00001110
1774163479080316,0,0,3572084627,3572084627,00001111,00001110
1774163482922286,0,0,4010332662,4010332662,00001111,00001110
1774163782711128,0,0,3572215724,3572215724,00001111,00001110
1774163787553130,0,0,4010529104,4010529104,00001111,00001110
1774163807695195,0,0,3572215724,3572215724,00001111,00001110
1774163814667267,0,0,4010529104,4010529104,00001111,00001110
1774164111414025,0,0,3572412173,3572412173,00001111,00001110
1774164127678075,0,0,4010660177,4010660177,00001111,00001110
1774164136439984,0,0,3572412173,3572412173,00001111,00001110
1774164148911975,0,0,4010660177,4010660177,00001111,00001110
1774164437933196,0,0,4010791274,4010791274,00001111,00001110
1774164440295175,0,0,3572543363,3572543363,00001111,00001110
1774164457746243,0,0,4010791274,4010791274,00001111,00001110
1774164465319210,0,0,3572543363,3572543363,00001111,00001110
1774164477809167,0,0,4010791274,4010791274,00001111,00001110
1774164769008886,0,0,3572674490,3572674490,00001111,00001110
1774164771830892,0,0,4010922433,4010922433,00001111,00001110
1774164794012910,0,0,3572674490,3572674490,00001111,00001110
1774164796854898,0,0,4010922433,4010922433,00001111,00001110
1774165097521655,0,0,3572870949,3572870949,00001111,00001110
1774165101123735,0,0,4011053526,4011053526,00001111,00001110
1774165122525667,0,0,3572870949,3572870949,00001111,00001110
1774165125347637,0,0,4011053526,4011053526,00001111,00001110
1774165426537546,0,0,3573002142,3573002142,00001111,00001110
1774165444201557,0,0,4011250006,4011250006,00001111,00001110
1774165451543587,0,0,3573002142,3573002142,00001111,00001110
1774165755043522,0,0,3573198625,3573198625,00001111,00001110
1774165772727541,0,0,3573198625,3573198625,00001111,00001110
1774165780469506,0,0,4011381103,4011381103,00001111,00001110
1774165792661501,0,0,4011381103,4011381103,00001111,00001110
1774165792884894,0,0,3573198625,3573198625,00001111,00001110
1774166084213213,0,0,3573329841,3573329841,00001111,00001110
1774166086075132,0,0,4011512310,4011512310,00001111,00001110
1774166101426198,0,0,4011512310,4011512310,00001111,00001110
1774166101459074,0,0,3573329841,3573329841,00001111,00001110
1774166413178349,0,0,3573526296,3573526296,00001111,00001110
1774166414720309,0,0,4011708779,4011708779,00001111,00001110
1774166430259324,0,0,4011708779,4011708779,00001111,00001110
1774166438184344,0,0,3573526296,3573526296,00001111,00001110
1774166742067273,0,0,3573657402,3573657402,00001111,00001110
1774166750069348,0,0,4011839979,4011839979,00001111,00001110
1774166767071388,0,0,3573657402,3573657402,00001111,00001110
1774166768793298,0,0,4011839979,4011839979,00001111,00001110
1774167070142801,0,0,3573853964,3573853964,00001111,00001110
1774167073924723,0,0,4012036464,4012036464,00001111,00001110
1774167095146683,0,0,3573853964,3573853964,00001111,00001110
1774167098928734,0,0,4012036464,4012036464,00001111,00001110
1774167107518786,0,0,3573853964,3573853964,00001111,00001110
1774167406375606,0,0,3573985208,3573985208,00001111,00001110
1774167416399738,0,0,4012233057,4012233057,00001111,00001110
1774167431421708,0,0,3573985208,3573985208,00001111,00001110
1774167436203729,0,0,4012233057,4012233057,00001111,00001110
1774167727270624,0,0,3574181691,3574181691,00001111,00001110
1774167740794635,0,0,4012429660,4012429660,00001111,00001110
1774167752276577,0,0,3574181691,3574181691,00001111,00001110
1774167765808497,0,0,4012429660,4012429660,00001111,00001110
1774168056318467,0,0,3574378275,3574378275,00001111,00001110
1774168059520319,0,0,4012560877,4012560877,00001111,00001110
1774168081322351,0,0,3574378275,3574378275,00001111,00001110
1774168084544344,0,0,4012560877,4012560877,00001111,00001110
1774168384858815,0,0,3574574892,3574574892,00001111,00001110
1774168388480871,0,0,4012757464,4012757464,00001111,00001110
1774168409862850,0,0,3574574892,3574574892,00001111,00001110
1774168412504872,0,0,4012757464,4012757464,00001111,00001110
1774168422534833,0,0,3574574892,3574574892,00001111,00001110
1774168714303422,0,0,3574771518,3574771518,00001111,00001110
1774168716785377,0,0,4012953955,4012953955,00001111,00001110
1774168731227364,0,0,4012953955,4012953955,00001111,00001110
1774168739309438,0,0,3574771518,3574771518,00001111,00001110
1774168741851449,0,0,4012953955,4012953955,00001111,00001110
1774168751139326,0,0,3574771518,3574771518,00001111,00001110
1774169042122561,0,0,3574968204,3574968204,00001111,00001110
1774169044463307,0,0,4013085176,4013085176,00001111,00001110
1774169067125328,0,0,3574968204,3574968204,00001111,00001110
1774169069467356,0,0,4013085176,4013085176,00001111,00001110
1774169368778350,0,0,3575164851,3575164851,00001111,00001110
1774169369005885,0,0,4013281751,4013281751,00001111,00001110
1774169393802357,0,0,3575164851,3575164851,00001111,00001110
1774169394029919,0,0,4013281751,4013281751,00001111,00001110
1774169699957244,0,0,3575426821,3575426821,00001111,00001110
1774169717581180,0,0,4013478271,4013478271,00001111,00001110
1774169724983188,0,0,3575426821,3575426821,00001111,00001110
1774169737395235,0,0,4013478271,4013478271,00001111,00001110
1774170026283225,0,0,4013674858,4013674858,00001111,00001110
1774170028465187,0,0,3575558065,3575558065,00001111,00001110
1774170051307183,0,0,4013674858,4013674858,00001111,00001110
1774170053469150,0,0,3575558065,3575558065,00001111,00001110
1774170358128949,0,0,3575820044,3575820044,00001111,00001110
1774170365710985,0,0,4013871460,4013871460,00001111,00001110
1774170383133005,0,0,3575820044,3575820044,00001111,00001110
1774170390724846,0,0,4013871460,4013871460,00001111,00001110
1774170686783569,0,0,3576016691,3576016691,00001111,00001110
1774170690545616,0,0,4014068033,4014068033,00001111,00001110
1774170711787544,0,0,3576016691,3576016691,00001111,00001110
1774170715549612,0,0,4014068033,4014068033,00001111,00001110
1774171014881825,0,0,3576213423,3576213423,00001111,00001110
1774171016963869,0,0,4014264672,4014264672,00001111,00001110
1774171039885841,0,0,3576213423,3576213423,00001111,00001110
1774171041987893,0,0,4014264672,4014264672,00001111,00001110
1774171052917834,0,0,4014264672,4014264672,00001111,00001110
1774171053140860,0,0,3576213423,3576213423,00001111,00001110
1774171346591198,0,0,4014461303,4014461303,00001111,00001110
1774171352093031,0,0,3576475439,3576475439,00001111,00001110
1774171371595127,0,0,4014461303,4014461303,00001111,00001110
1774171377107128,0,0,3576475439,3576475439,00001111,00001110
1774171670536391,0,0,3576672159,3576672159,00001111,00001110
1774171670538274,0,0,4014658020,4014658020,00001111,00001110
1774171695560317,0,0,4014658020,4014658020,00001111,00001110
1774171695562222,0,0,3576672159,3576672159,00001111,00001110
1774171710352709,0,0,4014658020,4014658020,00001111,00001110
1774171710572855,0,0,3576672159,3576672159,00001111,00001110
1774172006397755,0,0,3576934161,3576934161,00001111,00001110
1774172019221775,0,0,3576934161,3576934161,00001111,00001110
1774172025923806,0,0,4014920021,4014920021,00001111,00001110
1774172338242548,0,0,4015116668,4015116668,00001111,00001110
1774172363244418,0,0,4015116668,4015116668,00001111,00001110
1774172662053846,0,0,4015313365,4015313365,00001111,00001110
1774172663715784,0,0,3577130901,3577130901,00001111,00001110
1774172686837742,0,0,4015313365,4015313365,00001111,00001110
1774172688719818,0,0,3577130901,3577130901,00001111,00001110
1774172988221754,0,0,3577589635,3577589635,00001111,00001110
1774173005805681,0,0,4015510010,4015510010,00001111,00001110
1774173013227670,0,0,3577589635,3577589635,00001111,00001110
1774173025619659,0,0,4015510010,4015510010,00001111,00001110
1774173317419796,0,0,4015771986,4015771986,00001111,00001110
1774173317644853,0,0,3577851684,3577851684,00001111,00001110
1774173335870561,0,0,4015771986,4015771986,00001111,00001110
1774173342505838,0,0,3577851684,3577851684,00001111,00001110
1774173346807800,0,0,4015771986,4015771986,00001111,00001110
1774173663613074,0,0,4015968734,4015968734,00001111,00001110
1774173669817068,0,0,3578048439,3578048439,00001111,00001110
1774173683427030,0,0,4015968734,4015968734,00001111,00001110
1774173972323239,0,0,3578310529,3578310529,00001111,00001110
1774173972548882,0,0,4016230752,4016230752,00001111,00001110
1774173997347151,0,0,3578310529,3578310529,00001111,00001110
1774173997572872,0,0,4016230752,4016230752,00001111,00001110
1774174247070772,0,0,4016492887,4016492887,00001111,00001110
1774174266892709,0,0,4016492887,4016492887,00001111,00001110
1774174843641121,0,0,3714664316,3714664316,00001111,00001110
1774174868645109,0,0,3714664316,3714664316,00001111,00001110
1774174904515259,0,0,4016886271,4016886271,00001111,00001110
1774174929539249,0,0,4016886271,4016886271,00001111,00001110
1774174936227254,0,0,4112454861,4112454861,00001111,00001111
1774174944333249,0,0,4016886271,4016886271,00001111,00001110
1774175253162539,0,0,4017148386,4017148386,00001111,00001110
1774175569465453,0,0,4113175646,4113175646,00001111,00001111
1774175595842363,0,0,4017410403,4017410403,00001111,00001110
1774175896004682,0,0,4017672530,4017672530,00001111,00001110
1774175921005544,0,0,4017672530,4017672530,00001111,00001110
1774175927053580,0,0,3957939622,3957939622,00001111,00001111
1774175952048252,0,0,3411736551,3411736551,00001111,00001111
1774176249481379,0,0,4017869261,4017869261,00001111,00001110
1774176278526431,0,0,3226774380,3226774380,00001111,00001111
1774176553594032,0,0,4018131326,4018131326,00001111,00001110
1774176570055879,0,0,3944981808,3944981808,00001111,00001111
1774176578599935,0,0,4018131326,4018131326,00001111,00001110
1774176881304204,0,0,4018393437,4018393437,00001111,00001110
1774176891877197,0,0,3330027533,3330027533,00001111,00001110
1774176906318265,0,0,4018393437,4018393437,00001111,00001110
1774176916905232,0,0,3330027533,3330027533,00001111,00001110
1774176918186134,0,0,3960495360,3960495360,00001111,00001111
1774177223023403,0,0,4018655564,4018655564,00001111,00001110
1774177226097331,0,0,3961085190,3961085190,00001111,00001111
1774177234851350,0,0,4018655564,4018655564,00001111,00001110
1774177266528967,0,0,3238168365,3238168365,00001111,00001111
1774177539510954,0,0,4018852346,4018852346,00001111,00001110
1774177560104025,0,0,3961347355,3961347355,00001111,00001111
1774177563565275,0,0,4018852346,4018852346,00001111,00001110
1774177563804860,0,0,3330748431,3330748431,00001111,00001110
1774177628657104,0,0,3425856966,3425856966,00001111,00001111
1774177878428531,0,0,4019179841,4019179841,00001111,00001110
1774177903404620,0,0,4019179841,4019179841,00001111,00001110
1774178166910799,0,0,3863206507,3863206507,00001111,00001110
1774178196177503,0,0,4019376639,4019376639,00001111,00001110
1774178221199524,0,0,4019376639,4019376639,00001111,00001110
1774178524796932,0,0,4019704131,4019704131,00001111,00001110
1774178540014773,0,0,4019704131,4019704131,00001111,00001110
1774178845665674,0,0,4115665990,4115665990,00001111,00001111
1774178888623666,0,0,4019966319,4019966319,00001111,00001110
1774179185266915,0,0,4020163071,4020163071,00001111,00001110
1774179198568869,0,0,4020163071,4020163071,00001111,00001110
1774179217244940,0,0,4020163071,4020163071,00001111,00001110
1774179511015596,0,0,4020425179,4020425179,00001111,00001110
1774179536059648,0,0,4020425179,4020425179,00001111,00001110
1774179544271679,0,0,4013064051,4013064051,00001111,00001110
1774179798802107,0,0,3717351389,3717351389,00001111,00001110
1774179862078467,0,0,4020687334,4020687334,00001111,00001110
1774180163007797,0,0,4021014881,4021014881,00001111,00001110
1774180184130603,0,0,4021014881,4021014881,00001111,00001110
1774180195131783,0,0,4021014881,4021014881,00001111,00001110
1774180521497329,0,0,4021277023,4021277023,00001111,00001110
1774180599390634,0,0,4148785371,4148785371,00001111,00001111
1774180820430131,0,0,4021539182,4021539182,00001111,00001110
1774180838750079,0,0,4116124871,4116124871,00001111,00001111
1774180840276065,0,0,4021539182,4021539182,00001111,00001110
1774180860288072,0,0,4021539182,4021539182,00001111,00001110
1774180925814363,0,0,3273381295,3273381295,00001111,00001111
1774181178299120,0,0,4021801315,4021801315,00001111,00001110
1774181217079843,0,0,4261850962,4261850962,00001111,00001111
1774181497913790,0,0,4022063484,4022063484,00001111,00001110
1774181517715729,0,0,4022063484,4022063484,00001111,00001110
1774181826621783,0,0,4022325696,4022325696,00001111,00001110
1774181846423688,0,0,4022325696,4022325696,00001111,00001110
1774182135332786,0,0,4022587732,4022587732,00001111,00001110
1774182146400633,0,0,3963379000,3963379000,00001111,00001111
1774182155147678,0,0,4022587732,4022587732,00001111,00001110
1774182157088567,0,0,3963379000,3963379000,00001111,00001111
1774182175150580,0,0,4022587732,4022587732,00001111,00001110
1774182480331389,0,0,4022849998,4022849998,00001111,00001110
1774182493833310,0,0,4022849998,4022849998,00001111,00001110
1774182792618298,0,0,4023112028,4023112028,00001111,00001110
1774182793882140,0,0,4233111781,4233111781,00001111,00001110
1774182805149114,0,0,4233111781,4233111781,00001111,00001110
1774182812456113,0,0,4023112028,4023112028,00001111,00001110
1774182823212096,0,0,4013195075,4013195075,00001111,00001110
1774182830175094,0,0,4233111781,4233111781,00001111,00001110
1774182852287473,0,0,3363833398,3363833398,00001111,00001111
1774182877413436,0,0,3363833398,3363833398,00001111,00001111
1774183123073796,0,0,4243269849,4243269849,00001111,00001110
1774183134172819,0,0,4243269849,4243269849,00001111,00001110
1774183146085690,0,0,3512691139,3512691139,00001111,00001111
1774183151268733,0,0,4243269849,4243269849,00001111,00001110
1774183154399711,0,0,4023374195,4023374195,00001111,00001110
1774183197805398,0,0,3324598262,3324598262,00001111,00001110
1774183215808294,0,0,3324598262,3324598262,00001111,00001110
1774183228012872,0,0,4008528490,4008528490,00001111,00001110
1774183481277592,0,0,4023570924,4023570924,00001111,00001110
1774183778608687,0,0,4243532018,4243532018,00001111,00001110
1774183789713818,0,0,4243532018,4243532018,00001111,00001110
1774183807344902,0,0,4023833078,4023833078,00001111,00001110
1774183864098453,0,0,3744077336,3744077336,00001111,00001111
1774184117763876,0,0,4024095203,4024095203,00001111,00001110
1774184135967888,0,0,4024095203,4024095203,00001111,00001110
1774184190518436,0,0,3916978317,3916978317,00001111,00001110
1774184444839175,0,0,4024357354,4024357354,00001111,00001110
1774184461441115,0,0,4117697636,4117697636,00001111,00001111
1774184469863111,0,0,4024357354,4024357354,00001111,00001110
1774184539931388,0,0,3458103742,3458103742,00001111,00001110
1774184760760390,0,0,4120581337,4120581337,00001111,00001111
1774184779208352,0,0,4024619508,4024619508,00001111,00001110
1774184793490353,0,0,4024619508,4024619508,00001111,00001110
1774184857921997,0,0,3577506745,3577506745,00001111,00001110
1774184858156857,0,0,4043448577,4043448577,00001111,00001110
1774184868072929,0,0,3750281563,3750281563,00001111,00001110
1774185102434222,0,0,4024881600,4024881600,00001111,00001110
1774185122216252,0,0,4024881600,4024881600,00001111,00001110
1774185421056925,0,0,4025143641,4025143641,00001111,00001110
1774185446277909,0,0,4025143641,4025143641,00001111,00001110
1774185460900935,0,0,4025143641,4025143641,00001111,00001110
1774185745531625,0,0,4120843364,4120843364,00001111,00001111
1774185762529638,0,0,4025405888,4025405888,00001111,00001110
1774185787552591,0,0,4025405888,4025405888,00001111,00001110
1774186089634340,0,0,4025667957,4025667957,00001111,00001110
1774186114636366,0,0,4025667957,4025667957,00001111,00001110
1774186150962260,0,0,3438557320,3438557320,00001111,00001110
1774186736150734,0,0,4025930069,4025930069,00001111,00001110
1774186757456692,0,0,3797262917,3797262917,00001111,00001110
1774186761196620,0,0,4025930069,4025930069,00001111,00001110
1774186768554728,0,0,3797262917,3797262917,00001111,00001110
1774186835034778,0,0,4022378788,4022378788,00001111,00001111
1774187101112390,0,0,4026388929,4026388929,00001111,00001110
1774187397418509,0,0,3758150103,3758150103,00001111,00001110
1774187405190489,0,0,3942958677,3942958677,00001111,00001110
1774187414556425,0,0,4121564276,4121564276,00001111,00001111
1774187422434424,0,0,3758150103,3758150103,00001111,00001110
1774187463230462,0,0,3696485036,3696485036,00001111,00001110
1774187488274408,0,0,3696485036,3696485036,00001111,00001110
1774187722340601,0,0,3758412102,3758412102,00001111,00001110
1774187743483245,0,0,3758412102,3758412102,00001111,00001110
1774187754488520,0,0,3758412102,3758412102,00001111,00001110
1774187787881808,0,0,3369702211,3369702211,00001111,00001111
1774188051008243,0,0,3758608765,3758608765,00001111,00001110
1774188076032110,0,0,3758608765,3758608765,00001111,00001110
1774188389770766,0,0,3758870858,3758870858,00001111,00001110
1774188409572772,0,0,3758870858,3758870858,00001111,00001110
1774188708492909,0,0,3759067494,3759067494,00001111,00001110
1774188733514860,0,0,3759067494,3759067494,00001111,00001110
1774188748290885,0,0,3759067494,3759067494,00001111,00001110
1774188787234986,0,0,3560082379,3560082379,00001111,00001110
1774188800126965,0,0,3784178602,3784178602,00001111,00001111
1774189057317196,0,0,3759264211,3759264211,00001111,00001110
1774189366732528,0,0,3759460859,3759460859,00001111,00001110
1774189391750472,0,0,3759460859,3759460859,00001111,00001110
1774189406528446,0,0,3759460859,3759460859,00001111,00001110
1774189699514647,0,0,3759722833,3759722833,00001111,00001110
1774189700964579,0,0,3997631317,3997631317,00001111,00001110
1774189724736580,0,0,3759722833,3759722833,00001111,00001110
1774189737248491,0,0,3997827945,3997827945,00001111,00001110
1774189779230857,0,0,3764719136,3764719136,00001111,00001110
1774189799135903,0,0,3764719136,3764719136,00001111,00001110
1774190028157995,0,0,3759919561,3759919561,00001111,00001110
1774190050426890,0,0,3501667102,3501667102,00001111,00001111
1774190053186695,0,0,3759919561,3759919561,00001111,00001110
1774190063688032,0,0,3759919561,3759919561,00001111,00001110
1774190288094778,0,0,4095756143,4095756143,00001111,00001110
1774190313116668,0,0,4095756143,4095756143,00001111,00001110
1774190372637947,0,0,3653012829,3653012829,00001111,00001110
1774190392367950,0,0,3653012829,3653012829,00001111,00001110
1774190394021888,0,0,4016275403,4016275403,00001111,00001110
1774190411516225,0,0,4198605142,4198605142,00001111,00001111
1774190438169214,0,0,4198605142,4198605142,00001111,00001111
1774190702097349,0,0,3760378184,3760378184,00001111,00001110
1774190711221370,0,0,4016537441,4016537441,00001111,00001110
1774190721139352,0,0,3760378184,3760378184,00001111,00001110
1774190770007089,0,0,4166387422,4166387422,00001111,00001110
1774191092573396,0,0,3425540384,3425540384,00001111,00001111
1774191349291697,0,0,3760574833,3760574833,00001111,00001110
1774191369155667,0,0,3760574833,3760574833,00001111,00001110
1774191379707715,0,0,3612057958,3612057958,00001111,00001110
1774191677431717,0,0,3761033557,3761033557,00001111,00001110
1774191688053703,0,0,3761033557,3761033557,00001111,00001110
1774191725969123,0,0,3526081062,3526081062,00001111,00001111
1774192006616309,0,0,3761230178,3761230178,00001111,00001110
1774192006836856,0,0,3669806433,3669806433,00001111,00001110
1774192026420263,0,0,3761230178,3761230178,00001111,00001110
1774192026644936,0,0,3669806433,3669806433,00001111,00001110
1774192325280158,0,0,3761426928,3761426928,00001111,00001110
1774192346813139,0,0,3670461805,3670461805,00001111,00001110
1774192350302142,0,0,3761426928,3761426928,00001111,00001110
1774192365123016,0,0,3670461805,3670461805,00001111,00001110
1774192389728067,0,0,3474147985,3474147985,00001111,00001110
1774192409689083,0,0,3474147985,3474147985,00001111,00001110
1774192429568084,0,0,3474147985,3474147985,00001111,00001110
1774192658876007,0,0,3761688898,3761688898,00001111,00001110
1774192661417091,0,0,3501667222,3501667222,00001111,00001111
1774192677468020,0,0,3965738290,3965738290,00001111,00001111
1774192683886073,0,0,3761688898,3761688898,00001111,00001110
1774192730607534,0,0,3307839259,3307839259,00001111,00001110
1774192748281539,0,0,3307839259,3307839259,00001111,00001110
1774192982436263,0,0,3974716672,3974716672,00001111,00001111
1774192982843188,0,0,3761885558,3761885558,00001111,00001110
1774192995299236,0,0,3503567669,3503567669,00001111,00001111
1774192995532907,0,0,3974716672,3974716672,00001111,00001111
1774193000116114,0,0,3974716672,3974716672,00001111,00001111
1774193002616135,0,0,3761885558,3761885558,00001111,00001110
1774193020367986,0,0,3503567669,3503567669,00001111,00001111
1774193024959216,0,0,3670920688,3670920688,00001111,00001110
1774193306012408,0,0,3974978840,3974978840,00001111,00001111
1774193316434451,0,0,3974978840,3974978840,00001111,00001111
1774193320476415,0,0,3974978840,3974978840,00001111,00001111
1774193331268446,0,0,3681035383,3681035383,00001111,00001110
1774193339840452,0,0,3762082248,3762082248,00001111,00001110
1774193346004385,0,0,3974978840,3974978840,00001111,00001111
1774193350389893,0,0,3974978840,3974978840,00001111,00001111
1774193351128392,0,0,3762082248,3762082248,00001111,00001110
1774193352526379,0,0,3681035383,3681035383,00001111,00001110
1774193355228386,0,0,4016799600,4016799600,00001111,00001110
1774193375622811,0,0,3929514868,3929514868,00001111,00001110
1774193395504793,0,0,3929514868,3929514868,00001111,00001110
1774193415500829,0,0,3929514868,3929514868,00001111,00001110
1774193635065777,0,0,3975241017,3975241017,00001111,00001111
1774193656935791,0,0,3762344280,3762344280,00001111,00001110
1774193660161798,0,0,3975241017,3975241017,00001111,00001111
1774193672525849,0,0,4017192955,4017192955,00001111,00001110
1774193681957851,0,0,3762344280,3762344280,00001111,00001110
1774193704380967,0,0,3762708734,3762708734,00001111,00001110
1774193705725955,0,0,4224335455,4224335455,00001111,00001110
1774193715144932,0,0,3762708734,3762708734,00001111,00001110
1774193716881985,0,0,4224335455,4224335455,00001111,00001110
1774193734556851,0,0,3762708734,3762708734,00001111,00001110
1774193946043455,0,0,4097722202,4097722202,00001111,00001110
1774193974406805,0,0,3762540907,3762540907,00001111,00001110
1774193988544751,0,0,3762540907,3762540907,00001111,00001110
1774194008540771,0,0,3762540907,3762540907,00001111,00001110
1774194033221918,0,0,4060147180,4060147180,00001111,00001110
1774194054364011,0,0,4060147180,4060147180,00001111,00001110
1774194065560013,0,0,4060147180,4060147180,00001111,00001110
1774194297439031,0,0,3762737603,3762737603,00001111,00001110
1774194300651027,0,0,3355792134,3355792134,00001111,00001111
1774194317260930,0,0,3762737603,3762737603,00001111,00001110
1774194622752161,0,0,3356513212,3356513212,00001111,00001111
1774194634898132,0,0,3762934264,3762934264,00001111,00001110
1774194636496136,0,0,4017323972,4017323972,00001111,00001110
1774194647501050,0,0,3762934264,3762934264,00001111,00001110
1774194657478201,0,0,4017323972,4017323972,00001111,00001110
1774194666210176,0,0,3762934264,3762934264,00001111,00001110
1774194669772150,0,0,3356644148,3356644148,00001111,00001111
1774194690754144,0,0,3575696779,3575696779,00001111,00001110
1774194710956862,0,0,3575696779,3575696779,00001111,00001110
1774194960629081,0,0,3763196268,3763196268,00001111,00001110
1774194975051017,0,0,3763196268,3763196268,00001111,00001110
1774194985274939,0,0,4017586145,4017586145,00001111,00001110
1774194995026959,0,0,3763196268,3763196268,00001111,00001110
1774195288303368,0,0,3763458375,3763458375,00001111,00001110
1774195305136091,0,0,3763458375,3763458375,00001111,00001110
1774195312471376,0,0,3779946862,3779946862,00001111,00001111
1774195316217241,0,0,3763458375,3763458375,00001111,00001110
1774195323667323,0,0,3691846058,3691846058,00001111,00001111
1774195612628926,0,0,3763655125,3763655125,00001111,00001110
1774195622579772,0,0,3616717921,3616717921,00001111,00001110
1774195625919861,0,0,3780536654,3780536654,00001111,00001111
1774195626305729,0,0,3692435846,3692435846,00001111,00001111
1774195632441821,0,0,3763655125,3763655125,00001111,00001110
1774195642411798,0,0,3616717921,3616717921,00001111,00001110
1774195650732797,0,0,3780536654,3780536654,00001111,00001111
1774195651404778,0,0,3692435846,3692435846,00001111,00001111
1774195652780868,0,0,3480677169,3480677169,00001111,00001110
1774195653700731,0,0,3763655125,3763655125,00001111,00001110
1774195951796555,0,0,3741142184,3741142184,00001111,00001110
1774195953282494,0,0,3763917128,3763917128,00001111,00001110
1774195960672514,0,0,3524225365,3524225365,00001111,00001111
1774195971256516,0,0,3763917128,3763917128,00001111,00001110
1774195972816540,0,0,3741142184,3741142184,00001111,00001110
1774195985746449,0,0,3524225365,3524225365,00001111,00001111
1774196025748250,0,0,3947487454,3947487454,00001111,00001110
1774196045636289,0,0,3947487454,3947487454,00001111,00001110
1774196264681000,0,0,3524225510,3524225510,00001111,00001111
1774196284160888,0,0,3764113886,3764113886,00001111,00001110
1774196305780925,0,0,4017979233,4017979233,00001111,00001110
1774196309174861,0,0,3764113886,3764113886,00001111,00001110
1774196605116463,0,0,3764375899,3764375899,00001111,00001110
1774196609468357,0,0,4018044783,4018044783,00001111,00001110
1774196619362494,0,0,3764375899,3764375899,00001111,00001110
1774196630672497,0,0,4018044783,4018044783,00001111,00001110
1774196639334415,0,0,3764375899,3764375899,00001111,00001110
1774196641794410,0,0,4018044783,4018044783,00001111,00001110
1774196928183930,0,0,3764572614,3764572614,00001111,00001110
1774196953233884,0,0,3764572614,3764572614,00001111,00001110
1774196967981888,0,0,3764572614,3764572614,00001111,00001110
1774196992552968,0,0,3960854681,3960854681,00001111,00001110
1774197257162858,0,0,3526500366,3526500366,00001111,00001110
1774197263668841,0,0,3764769253,3764769253,00001111,00001110
1774197276872731,0,0,3764769253,3764769253,00001111,00001110
1774197278533740,0,0,3526500366,3526500366,00001111,00001110
1774197289618760,0,0,3526500366,3526500366,00001111,00001110
1774197296864865,0,0,3764769253,3764769253,00001111,00001110
1774197585777561,0,0,3765031251,3765031251,00001111,00001110
1774197586004890,0,0,4018110425,4018110425,00001111,00001110
1774197610789477,0,0,3765031251,3765031251,00001111,00001110
1774197625567490,0,0,3765031251,3765031251,00001111,00001110
1774197914326980,0,0,3765228025,3765228025,00001111,00001110
1774197926812872,0,0,3526762552,3526762552,00001111,00001110
1774197939310926,0,0,3765228025,3765228025,00001111,00001110
1774197944168921,0,0,3526762552,3526762552,00001111,00001110
1774197972337003,0,0,3626149748,3626149748,00001111,00001111
1774197997421076,0,0,3626149748,3626149748,00001111,00001111
1774198243130207,0,0,3765490122,3765490122,00001111,00001110
1774198268158223,0,0,3765490122,3765490122,00001111,00001110
1774198283001259,0,0,3765490122,3765490122,00001111,00001110
1774198301224781,0,0,3363320420,3363320420,00001111,00001111
1774198577295285,0,0,3765686760,3765686760,00001111,00001110
1774198583456131,0,0,3614820621,3614820621,00001111,00001110
1774198602301105,0,0,3765686760,3765686760,00001111,00001110
1774198634611417,0,0,3359348004,3359348004,00001111,00001111
1774198636308316,0,0,3882553511,3882553511,00001111,00001110
1774198659923323,0,0,3359348004,3359348004,00001111,00001111
1774198910600490,0,0,3765948864,3765948864,00001111,00001110
1774198930422477,0,0,3765948864,3765948864,00001111,00001110
1774198988343550,0,0,3427249504,3427249504,00001111,00001111
1774199229301527,0,0,3766210892,3766210892,00001111,00001110
1774199254323598,0,0,3766210892,3766210892,00001111,00001110
1774199269119478,0,0,3766210892,3766210892,00001111,00001110
1774199494988981,0,0,3728295930,3728295930,00001111,00001110
1774199519992908,0,0,3728295930,3728295930,00001111,00001110
1774199562531908,0,0,3766407659,3766407659,00001111,00001110
1774199577955952,0,0,3766407659,3766407659,00001111,00001110
1774199889052196,0,0,3766669649,3766669649,00001111,00001110
1774199914076195,0,0,3766669649,3766669649,00001111,00001110
1774199981311527,0,0,4209860401,4209860401,00001111,00001110
1774200251607956,0,0,3766866370,3766866370,00001111,00001110
1774200283044455,0,0,4071536889,4071536889,00001111,00001110
1774200486429660,0,0,3661318098,3661318098,00001111,00001110
1774200511433649,0,0,3661318098,3661318098,00001111,00001110
1774200567987417,0,0,3767128422,3767128422,00001111,00001110
1774200608776903,0,0,3599275165,3599275165,00001111,00001110
1774200617670931,0,0,3559733368,3559733368,00001111,00001111
1774200628637002,0,0,3599275165,3599275165,00001111,00001110
1774200648630948,0,0,3599275165,3599275165,00001111,00001110
1774200649244839,0,0,3401275136,3401275136,00001111,00001110
1774200873178977,0,0,3767390555,3767390555,00001111,00001110
1774200894321752,0,0,3767390555,3767390555,00001111,00001110
1774200905422952,0,0,3767390555,3767390555,00001111,00001110
1774201211895759,0,0,3767587192,3767587192,00001111,00001110
1774201236917735,0,0,3767587192,3767587192,00001111,00001110
1774201300855025,0,0,4038422395,4038422395,00001111,00001110
1774201306592154,0,0,3236170122,3236170122,00001111,00001110
1774201555510292,0,0,3767783924,3767783924,00001111,00001110
1774201593626464,0,0,3714584953,3714584953,00001111,00001111
1774201864300564,0,0,3768045918,3768045918,00001111,00001110
1774201889386551,0,0,3768045918,3768045918,00001111,00001110
1774201899798536,0,0,3768045918,3768045918,00001111,00001110
1774202188193556,0,0,3768242658,3768242658,00001111,00001110
1774202208015592,0,0,3768242658,3768242658,00001111,00001110
1774202227991473,0,0,3768242658,3768242658,00001111,00001110
1774202518095460,0,0,3536644614,3536644614,00001111,00001110
1774202541620437,0,0,3536644614,3536644614,00001111,00001110
1774202549103394,0,0,3768504693,3768504693,00001111,00001110
1774202801158880,0,0,4281944000,4281944000,00001111,00001110
1774202821060988,0,0,4281944000,4281944000,00001111,00001110
1774202845817435,0,0,3545885224,3545885224,00001111,00001110
1774202855671419,0,0,3768701422,3768701422,00001111,00001110
1774202866868907,0,0,3545885224,3545885224,00001111,00001110
1774202880685451,0,0,3768701422,3768701422,00001111,00001110
1774202950123633,0,0,4033419796,4033419796,00001111,00001110
1774203178535935,0,0,3768963531,3768963531,00001111,00001110
1774203185593794,0,0,3934513704,3934513704,00001111,00001110
1774203203611863,0,0,3768963531,3768963531,00001111,00001110
1774203214153803,0,0,3768963531,3768963531,00001111,00001110
1774203505269354,0,0,3934710407,3934710407,00001111,00001110
1774203518131951,0,0,3934710407,3934710407,00001111,00001110
1774203532165462,0,0,3769160188,3769160188,00001111,00001110
1774203546128376,0,0,4008225577,4008225577,00001111,00001110
1774203609175552,0,0,3606349980,3606349980,00001111,00001110
1774203831885159,0,0,3769422302,3769422302,00001111,00001110
1774203851701175,0,0,3769422302,3769422302,00001111,00001110
1774204160540946,0,0,3769684345,3769684345,00001111,00001110
1774204162015905,0,0,3934972431,3934972431,00001111,00001110
1774204180366902,0,0,3769684345,3769684345,00001111,00001110
1774204181705794,0,0,3934972431,3934972431,00001111,00001110
1774204426435097,0,0,4104210374,4104210374,00001111,00001110
1774204444896990,0,0,4104210374,4104210374,00001111,00001110
1774204464793005,0,0,4104210374,4104210374,00001111,00001110
1774204498910328,0,0,3976289690,3976289690,00001111,00001111
1774204505440294,0,0,3935431226,3935431226,00001111,00001110
1774204524864656,0,0,3769946453,3769946453,00001111,00001110
1774204573852846,0,0,3628175405,3628175405,00001111,00001110
1774204818149672,0,0,3770143206,3770143206,00001111,00001110
1774204843177534,0,0,3770143206,3770143206,00001111,00001110
1774204857987649,0,0,3770143206,3770143206,00001111,00001110
1774204876660011,0,0,3511045821,3511045821,00001111,00001111
1774204892412897,0,0,3902698594,3902698594,00001111,00001110
1774204922760992,0,0,3902698594,3902698594,00001111,00001110
1774205146942607,0,0,3770405240,3770405240,00001111,00001110
1774205171964650,0,0,3770405240,3770405240,00001111,00001110
1774205186760522,0,0,3770405240,3770405240,00001111,00001110
1774205480300605,0,0,3770667346,3770667346,00001111,00001110
1774205505464492,0,0,3770667346,3770667346,00001111,00001110
1774205542602791,0,0,3711216497,3711216497,00001111,00001111
1774205565558706,0,0,3426664288,3426664288,00001111,00001111
1774205804545854,0,0,3770864109,3770864109,00001111,00001110
1774205829567810,0,0,3770864109,3770864109,00001111,00001110
1774206138890238,0,0,3771126226,3771126226,00001111,00001110
1774206153112289,0,0,3771126226,3771126226,00001111,00001110
1774206231712639,0,0,4224676479,4224676479,00001111,00001111
1774206461526489,0,0,3771388272,3771388272,00001111,00001110
1774206481332409,0,0,3771388272,3771388272,00001111,00001110
1774206800872497,0,0,3984874916,3984874916,00001111,00001111
1774206812892584,0,0,3984874916,3984874916,00001111,00001111
1774206826332563,0,0,3431888636,3431888636,00001111,00001111
1774207149023583,0,0,3771650382,3771650382,00001111,00001110
1774207183624273,0,0,3585987359,3585987359,00001111,00001110
1774207208271227,0,0,3585987359,3585987359,00001111,00001110
1774207427212681,0,0,4105914308,4105914308,00001111,00001110
1774207447716263,0,0,3772043744,3772043744,00001111,00001110
1774207467538239,0,0,3772043744,3772043744,00001111,00001110
1774207487514163,0,0,3772043744,3772043744,00001111,00001110
1774207490698227,0,0,3986906525,3986906525,00001111,00001111
1774207776469994,0,0,3772305730,3772305730,00001111,00001110
1774207796273950,0,0,3772305730,3772305730,00001111,00001110
1774207852789475,0,0,4109342654,4109342654,00001111,00001110
1774207874087431,0,0,3694496048,3694496048,00001111,00001111
1774208109427927,0,0,3772502373,3772502373,00001111,00001110
1774208125041873,0,0,3738647599,3738647599,00001111,00001110
1774208131139893,0,0,4134606057,4134606057,00001111,00001111
1774208134478711,0,0,3772502373,3772502373,00001111,00001110
1774208145005742,0,0,3772502373,3772502373,00001111,00001110
1774208437150061,0,0,3772698989,3772698989,00001111,00001110
1774208452494137,0,0,3772698989,3772698989,00001111,00001110
1774208472486040,0,0,3772698989,3772698989,00001111,00001110
1774208506758229,0,0,3239144401,3239144401,00001111,00001110
1774208507439276,0,0,3651787539,3651787539,00001111,00001110
1774208526884202,0,0,3651787539,3651787539,00001111,00001110
1774208761510024,0,0,3772895613,3772895613,00001111,00001110
1774208781354055,0,0,3772895613,3772895613,00001111,00001110
1774208789776076,0,0,4099598499,4099598499,00001111,00001111
1774208801308025,0,0,3772895613,3772895613,00001111,00001110
1774209087156597,0,0,4108052638,4108052638,00001111,00001111
1774209095338570,0,0,3773157701,3773157701,00001111,00001110
1774209111456549,0,0,3773157701,3773157701,00001111,00001110
1774209114298580,0,0,4108052638,4108052638,00001111,00001111
1774209149789113,0,0,3397188582,3397188582,00001111,00001111
1774209419170244,0,0,3773354366,3773354366,00001111,00001110
1774209438812300,0,0,4108249278,4108249278,00001111,00001111
1774209439036871,0,0,3773354366,3773354366,00001111,00001110
1774209747938040,0,0,3773551103,3773551103,00001111,00001110
1774209772949968,0,0,3773551103,3773551103,00001111,00001110
1774209787871973,0,0,3773551103,3773551103,00001111,00001110
1774209822376075,0,0,3356456920,3356456920,00001111,00001110
1774210076656211,0,0,3773813085,3773813085,00001111,00001110
1774210097797451,0,0,3773813085,3773813085,00001111,00001110
1774210102320148,0,0,4108511283,4108511283,00001111,00001111
1774210108802177,0,0,3773813085,3773813085,00001111,00001110
1774210112728219,0,0,4108511283,4108511283,00001111,00001111
1774210419185617,0,0,3774009810,3774009810,00001111,00001110
1774210444207630,0,0,3774009810,3774009810,00001111,00001110
1774210734157484,0,0,3774206433,3774206433,00001111,00001110
1774210755280304,0,0,3774206433,3774206433,00001111,00001110
1774210766221423,0,0,3774206433,3774206433,00001111,00001110
1774211080956680,0,0,3774403053,3774403053,00001111,00001110
1774211105970800,0,0,3774403053,3774403053,00001111,00001110
1774211391555717,0,0,3774599661,3774599661,00001111,00001110
1774211411417759,0,0,3774599661,3774599661,00001111,00001110
1774211414319695,0,0,4108904612,4108904612,00001111,00001111
1774211727027887,0,0,3774796228,3774796228,00001111,00001110
1774211752049972,0,0,3774796228,3774796228,00001111,00001110
1774211805515324,0,0,3612178683,3612178683,00001111,00001111
1774212057357899,0,0,3774992762,3774992762,00001111,00001110
1774212069327870,0,0,4109691040,4109691040,00001111,00001111
1774212082341782,0,0,3774992762,3774992762,00001111,00001110
1774212377930791,0,0,3775123961,3775123961,00001111,00001110
1774212403092879,0,0,3775123961,3775123961,00001111,00001110
1774212412856685,0,0,4110084127,4110084127,00001111,00001111
1774212417728634,0,0,3775123961,3775123961,00001111,00001110
1774212482275243,0,0,3288764200,3288764200,00001111,00001111
1774212713300238,0,0,3775320556,3775320556,00001111,00001110
1774212726402210,0,0,4110280719,4110280719,00001111,00001111
1774212738284227,0,0,3775320556,3775320556,00001111,00001110
1774213029279494,0,0,4110477323,4110477323,00001111,00001111
1774213037145493,0,0,3775517124,3775517124,00001111,00001110
1774213054541462,0,0,4110477323,4110477323,00001111,00001111
1774213062167460,0,0,3775517124,3775517124,00001111,00001110
1774213074739440,0,0,3775517124,3775517124,00001111,00001110
1774213383282456,0,0,4110673928,4110673928,00001111,00001111
1774213383604421,0,0,3775713627,3775713627,00001111,00001110
1774213388473433,0,0,4272137955,4272137955,00001111,00001111
1774213403418512,0,0,3775713627,3775713627,00001111,00001110
1774213687826029,0,0,4276856567,4276856567,00001111,00001111
1774213695987148,0,0,3775910222,3775910222,00001111,00001110
1774213711405043,0,0,4110805140,4110805140,00001111,00001111
1774213712908044,0,0,4276856567,4276856567,00001111,00001111
1774213712912977,0,0,3775910222,3775910222,00001111,00001110
1774214017020511,0,0,4111001639,4111001639,00001111,00001111
1774214029122561,0,0,3776041416,3776041416,00001111,00001110
1774214030171552,0,0,3814686225,3814686225,00001111,00001111
1774214032179505,0,0,3926851862,3926851862,00001111,00001110
1774214041648554,0,0,3776041416,3776041416,00001111,00001110
1774214042386594,0,0,4111001639,4111001639,00001111,00001111
1774214061652505,0,0,3776041416,3776041416,00001111,00001110
1774214095556188,0,0,4261735378,4261735378,00001111,00001111
1774214116315114,0,0,3929367546,3929367546,00001111,00001110
1774214356813311,0,0,3776172542,3776172542,00001111,00001110
1774214380483353,0,0,3776172542,3776172542,00001111,00001110
1774214679430191,0,0,3776369022,3776369022,00001111,00001110
1774214704452126,0,0,3776369022,3776369022,00001111,00001110
1774214719248052,0,0,3776369022,3776369022,00001111,00001110
1774215017403570,0,0,3578572693,3578572693,00001111,00001110
1774215028145466,0,0,3578572693,3578572693,00001111,00001110
1774215050901486,0,0,3776565584,3776565584,00001111,00001110
1774215365485376,0,0,3608326055,3608326055,00001111,00001110
1774215437946678,0,0,3579479211,3579479211,00001111,00001110
1774215708797401,0,0,3776696770,3776696770,00001111,00001110
1774216020198345,0,0,3608653589,3608653589,00001111,00001110
1774216088939342,0,0,3277465085,3277465085,00001111,00001110
1774216326404034,0,0,3777024343,3777024343,00001111,00001110
1774216351408105,0,0,3777024343,3777024343,00001111,00001110
1774216364199926,0,0,3608784669,3608784669,00001111,00001110
1774216365879956,0,0,3239253204,3239253204,00001111,00001111
1774216387731446,0,0,3745782177,3745782177,00001111,00001110
1774216407469319,0,0,3745782177,3745782177,00001111,00001110
1774216681504109,0,0,3777286610,3777286610,00001111,00001110
1774216980110016,0,0,3777417725,3777417725,00001111,00001110
1774216993013852,0,0,3608915763,3608915763,00001111,00001110
1774216999975960,0,0,3777417725,3777417725,00001111,00001110
1774217009977849,0,0,3608915763,3608915763,00001111,00001110
1774217019947880,0,0,3777417725,3777417725,00001111,00001110
1774217348934954,0,0,3777614168,3777614168,00001111,00001110
1774217657494028,0,0,3609178022,3609178022,00001111,00001110
1774217667795342,0,0,3777745360,3777745360,00001111,00001110
1774217673781348,0,0,3239449852,3239449852,00001111,00001111
1774217993000407,0,0,3609505544,3609505544,00001111,00001110
1774218328034279,0,0,3609636631,3609636631,00001111,00001110
1774218630391120,0,0,3777876434,3777876434,00001111,00001110
1774218655415084,0,0,3777876434,3777876434,00001111,00001110
1774219281125406,0,0,3778269540,3778269540,00001111,00001110
1774219300947333,0,0,3778269540,3778269540,00001111,00001110
1774219649909253,0,0,3609767809,3609767809,00001111,00001110
1774219965156005,0,0,3240105055,3240105055,00001111,00001111
1774220621809347,0,0,3610554131,3610554131,00001111,00001110
1774220952367249,0,0,3610685206,3610685206,00001111,00001110
1774221274691892,0,0,3778531671,3778531671,00001111,00001110
1774221297015875,0,0,3610816272,3610816272,00001111,00001110
1774221551091676,0,0,4096063777,4096063777,00001111,00001111
1774221841468499,0,0,4096063796,4096063796,00001111,00001111
1774221866770388,0,0,4096063796,4096063796,00001111,00001111
1774221923857414,0,0,3610881952,3610881952,00001111,00001110
1774221940921411,0,0,3779187154,3779187154,00001111,00001110
1774221948863375,0,0,3610881952,3610881952,00001111,00001110
1774222170055596,0,0,4096194824,4096194824,00001111,00001111
1774222195137656,0,0,4096194824,4096194824,00001111,00001111
1774222499389188,0,0,4096260408,4096260408,00001111,00001111
1774222524591164,0,0,4096260408,4096260408,00001111,00001111
1774222568415024,0,0,3779514816,3779514816,00001111,00001110
1774222593437044,0,0,3779514816,3779514816,00001111,00001110
1774222608273049,0,0,3779514816,3779514816,00001111,00001110
1774222828673145,0,0,4096326018,4096326018,00001111,00001111
1774222853755080,0,0,4096326018,4096326018,00001111,00001111
1774222903028734,0,0,3779645775,3779645775,00001111,00001110
1774222917918751,0,0,3779645775,3779645775,00001111,00001110
1774223156664088,0,0,4096456965,4096456965,00001111,00001111
1774223181768113,0,0,4096456965,4096456965,00001111,00001111
1774223231681634,0,0,3779711428,3779711428,00001111,00001110
1774223256703584,0,0,3779711428,3779711428,00001111,00001110
1774223484992588,0,0,4096522532,4096522532,00001111,00001111
1774223510046580,0,0,4096522532,4096522532,00001111,00001111
1774223562262423,0,0,3779842411,3779842411,00001111,00001110
1774223587924383,0,0,3779842411,3779842411,00001111,00001110
1774223814071250,0,0,4096588166,4096588166,00001111,00001111
1774223860791182,0,0,4096653731,4096653731,00001111,00001111
1774223889917322,0,0,3779908095,3779908095,00001111,00001110
1774223913819315,0,0,3779908095,3779908095,00001111,00001110
1774224215986856,0,0,3780039164,3780039164,00001111,00001110
1774224241008836,0,0,3780039164,3780039164,00001111,00001110
1774224544953556,0,0,3780170182,3780170182,00001111,00001110
1774224569955445,0,0,3780170182,3780170182,00001111,00001110
1774224581411420,0,0,3780170182,3780170182,00001111,00001110
1774224870376190,0,0,3780301142,3780301142,00001111,00001110
1774224891498772,0,0,3780301142,3780301142,00001111,00001110
1774224910194074,0,0,3780301142,3780301142,00001111,00001110
1774225201595741,0,0,3780432192,3780432192,00001111,00001110
1774225218837692,0,0,3780432192,3780432192,00001111,00001110
1774225238813681,0,0,3780432192,3780432192,00001111,00001110
1774225553296497,0,0,3780497773,3780497773,00001111,00001110
1774225860501342,0,0,3780628805,3780628805,00001111,00001110
1774225885503275,0,0,3780628805,3780628805,00001111,00001110
1774226184498924,0,0,3780694484,3780694484,00001111,00001110
1774226204320966,0,0,3780694484,3780694484,00001111,00001110
1774226531829531,0,0,3780825429,3780825429,00001111,00001110
1774226556851437,0,0,3780825429,3780825429,00001111,00001110
1774226847668025,0,0,3780891107,3780891107,00001111,00001110
1774226861190005,0,0,3780891107,3780891107,00001111,00001110
1774227178542052,0,0,3781022018,3781022018,00001111,00001110
1774227190024024,0,0,3781022018,3781022018,00001111,00001110
1774227498913795,0,0,3781087602,3781087602,00001111,00001110
1774227518735779,0,0,3781087602,3781087602,00001111,00001110
1774227538731787,0,0,3781087602,3781087602,00001111,00001110
1774227857159526,0,0,3781218626,3781218626,00001111,00001110
1774228158710975,0,0,3781284223,3781284223,00001111,00001110
1774228183732917,0,0,3781284223,3781284223,00001111,00001110
1774228494912603,0,0,3816411630,3816411630,00001111,00001110
1774228519934547,0,0,3816411630,3816411630,00001111,00001110
1774228813740718,0,0,3816477012,3816477012,00001111,00001110
1774228838762621,0,0,3816477012,3816477012,00001111,00001110
1774229148479446,0,0,3816477138,3816477138,00001111,00001110
1774229173481482,0,0,3816477138,3816477138,00001111,00001110
1774229476159442,0,0,3816542554,3816542554,00001111,00001110
1774229490881471,0,0,3816542554,3816542554,00001111,00001110
1774229760216843,0,0,4096653742,4096653742,00001111,00001111
1774229810871938,0,0,3816542683,3816542683,00001111,00001110
1774229835893915,0,0,3816542683,3816542683,00001111,00001110
1774230061617734,0,0,4098357522,4098357522,00001111,00001111
1774230086741784,0,0,4098357522,4098357522,00001111,00001111
1774230129031973,0,0,3816608093,3816608093,00001111,00001110
1774230148873971,0,0,3816608093,3816608093,00001111,00001110
1774230414588921,0,0,4098423192,4098423192,00001111,00001111
1774230468820820,0,0,3816608235,3816608235,00001111,00001110
1774230493842847,0,0,3816608235,3816608235,00001111,00001110
1774230792628744,0,0,3816673660,3816673660,00001111,00001110
1774230817650572,0,0,3816673660,3816673660,00001111,00001110
1774231061954428,0,0,4098554127,4098554127,00001111,00001111
1774231087198398,0,0,4098554127,4098554127,00001111,00001111
1774231123521598,0,0,3816673791,3816673791,00001111,00001110
1774231134623625,0,0,3816673791,3816673791,00001111,00001110
1774231443492950,0,0,3816739281,3816739281,00001111,00001110
1774231463314869,0,0,3816739281,3816739281,00001111,00001110
1774231483290793,0,0,3816739281,3816739281,00001111,00001110
1774231717936509,0,0,4098685338,4098685338,00001111,00001111
1774231743026469,0,0,4098685338,4098685338,00001111,00001111
1774231785940107,0,0,3816804696,3816804696,00001111,00001110
1774231802242042,0,0,3816804696,3816804696,00001111,00001110
1774232059719766,0,0,4098881963,4098881963,00001111,00001111
1774232109422169,0,0,3816804842,3816804842,00001111,00001110
1774232134444102,0,0,3816804842,3816804842,00001111,00001110
1774232437771701,0,0,3816870269,3816870269,00001111,00001110
1774232462773678,0,0,3816870269,3816870269,00001111,00001110
1774232765123232,0,0,3816870385,3816870385,00001111,00001110
1774232788645349,0,0,3816870385,3816870385,00001111,00001110
1774233102011363,0,0,3816935879,3816935879,00001111,00001110
1774233116053312,0,0,3816935879,3816935879,00001111,00001110
1774233415175472,0,0,3817001290,3817001290,00001111,00001110
1774233435057394,0,0,3817001290,3817001290,00001111,00001110
1774233744057619,0,0,3817001415,3817001415,00001111,00001110
1774233763879628,0,0,3817001415,3817001415,00001111,00001110
1774234078400378,0,0,3817066832,3817066832,00001111,00001110
1774234092662438,0,0,3817066832,3817066832,00001111,00001110
1774234401561627,0,0,3817066978,3817066978,00001111,00001110
1774234421383547,0,0,3817066978,3817066978,00001111,00001110
1774234441379615,0,0,3817066978,3817066978,00001111,00001110
1774234741115107,0,0,3817132391,3817132391,00001111,00001110
1774234760177037,0,0,3817132391,3817132391,00001111,00001110
1774235065278866,0,0,3817132517,3817132517,00001111,00001110
1774235079060722,0,0,3817132517,3817132517,00001111,00001110
1774235099056660,0,0,3817132517,3817132517,00001111,00001110
1774235390588297,0,0,3817197923,3817197923,00001111,00001110
1774235415590279,0,0,3817197923,3817197923,00001111,00001110
1774235723195083,0,0,3817198064,3817198064,00001111,00001110
1774235736517119,0,0,3817198064,3817198064,00001111,00001110
1774236045535619,0,0,3817263483,3817263483,00001111,00001110
1774236065357483,0,0,3817263483,3817263483,00001111,00001110
1774236085353466,0,0,3817263483,3817263483,00001111,00001110
1774236390726856,0,0,3817328974,3817328974,00001111,00001110
1774236414088821,0,0,3817328974,3817328974,00001111,00001110
1774236712357937,0,0,3817329119,3817329119,00001111,00001110
1774236732859826,0,0,3817329119,3817329119,00001111,00001110
1774237049919136,0,0,3817394546,3817394546,00001111,00001110
1774237061681130,0,0,3817394546,3817394546,00001111,00001110
1774237363142499,0,0,3817460048,3817460048,00001111,00001110
1774237388164617,0,0,3817460048,3817460048,00001111,00001110
1774237400460560,0,0,3817460048,3817460048,00001111,00001110
1774237694388718,0,0,3817460174,3817460174,00001111,00001110
1774237719411956,0,0,3817460174,3817460174,00001111,00001110
1774238029756562,0,0,3817525600,3817525600,00001111,00001110
1774238054778625,0,0,3817525600,3817525600,00001111,00001110
1774238352314800,0,0,3817525725,3817525725,00001111,00001110
1774238377336770,0,0,3817525725,3817525725,00001111,00001110
1774238687666462,0,0,3817591145,3817591145,00001111,00001110
1774238714868377,0,0,3817591145,3817591145,00001111,00001110
1774239012200337,0,0,3817591288,3817591288,00001111,00001110
1774239034582146,0,0,3817591288,3817591288,00001111,00001110
1774239336948946,0,0,3817656789,3817656789,00001111,00001110
1774239353290855,0,0,3817656789,3817656789,00001111,00001110
1774239373286718,0,0,3817656789,3817656789,00001111,00001110
1774239671373474,0,0,3817722224,3817722224,00001111,00001110
1774239696375479,0,0,3817722224,3817722224,00001111,00001110
1774239990955309,0,0,3817787726,3817787726,00001111,00001110
1774240015977172,0,0,3817787726,3817787726,00001111,00001110
1774240331839064,0,0,3817787877,3817787877,00001111,00001110
1774240349700998,0,0,3817787877,3817787877,00001111,00001110
1774240672635490,0,0,3817853385,3817853385,00001111,00001110
1774240984663334,0,0,3817918814,3817918814,00001111,00001110
1774240997005332,0,0,3817918814,3817918814,00001111,00001110
1774241322235980,0,0,3817918970,3817918970,00001111,00001110
1774241347257970,0,0,3817918970,3817918970,00001111,00001110
1774241639672189,0,0,3817984455,3817984455,00001111,00001110
1774241664694281,0,0,3817984455,3817984455,00001111,00001110
1774241966707003,0,0,3818049894,3818049894,00001111,00001110
1774241991728950,0,0,3818049894,3818049894,00001111,00001110
1774242292200609,0,0,3818115417,3818115417,00001111,00001110
1774242317222672,0,0,3818115417,3818115417,00001111,00001110
1774242631379989,0,0,3818180937,3818180937,00001111,00001110
1774242657522090,0,0,3818180937,3818180937,00001111,00001110
1774242965133301,0,0,3818181114,3818181114,00001111,00001110
1774242990135336,0,0,3818181114,3818181114,00001111,00001110
1774243289917003,0,0,3818246636,3818246636,00001111,00001110
1774243314938958,0,0,3818246636,3818246636,00001111,00001110
1774243607270847,0,0,3818312141,3818312141,00001111,00001110
1774243627092748,0,0,3818312141,3818312141,00001111,00001110
1774243647088808,0,0,3818312141,3818312141,00001111,00001110
1774243946010912,0,0,3818377581,3818377581,00001111,00001110
1774243965892788,0,0,3818377581,3818377581,00001111,00001110
1774244539115238,0,0,4099012906,4099012906,00001111,00001111
1774244564179152,0,0,4099012906,4099012906,00001111,00001111
1774244627192539,0,0,3818443108,3818443108,00001111,00001110
1774244867387990,0,0,4102879519,4102879519,00001111,00001111
1774244892650374,0,0,4102879519,4102879519,00001111,00001111
1774244927997574,0,0,3818508786,3818508786,00001111,00001110
1774244942299499,0,0,3818508786,3818508786,00001111,00001110
1774245225467845,0,0,4103010570,4103010570,00001111,00001111
1774245459700466,0,0,4103141659,4103141659,00001111,00001111
1774245484762495,0,0,4103141659,4103141659,00001111,00001111
1774245553293574,0,0,3818574326,3818574326,00001111,00001110
1774245783356610,0,0,4103272711,4103272711,00001111,00001111
1774245808438639,0,0,4103272711,4103272711,00001111,00001111
1774245872656840,0,0,3818705373,3818705373,00001111,00001110
1774245887538803,0,0,3818705373,3818705373,00001111,00001110
1774246106754944,0,0,4103403909,4103403909,00001111,00001111
1774246176553474,0,0,3818770913,3818770913,00001111,00001110
1774246201575407,0,0,3818770913,3818770913,00001111,00001110
1774246216351466,0,0,3818770913,3818770913,00001111,00001110
1774246436098253,0,0,4103535001,4103535001,00001111,00001111
1774246461180176,0,0,4103535001,4103535001,00001111,00001111
1774246508789867,0,0,3818901832,3818901832,00001111,00001110
1774246525211897,0,0,3818901832,3818901832,00001111,00001110
1774246545187975,0,0,3818901832,3818901832,00001111,00001110
1774246766648753,0,0,4103731463,4103731463,00001111,00001111
1774246791750842,0,0,4103731463,4103731463,00001111,00001111
1774246834132519,0,0,3818967412,3818967412,00001111,00001110
1774246853954426,0,0,3818967412,3818967412,00001111,00001110
1774247421618841,0,0,4103797182,4103797182,00001111,00001111
1774247446998709,0,0,4103797182,4103797182,00001111,00001111
1774248499516436,0,0,3819033047,3819033047,00001111,00001110
1774248517849356,0,0,4036749107,4036749107,00001111,00001111
1774248517862319,0,0,3819033047,3819033047,00001111,00001110
1774248801852095,0,0,4037732250,4037732250,00001111,00001111
1774248811541115,0,0,3819491794,3819491794,00001111,00001110
1774248826900120,0,0,4037732250,4037732250,00001111,00001111
1774248836628688,0,0,3819491794,3819491794,00001111,00001110
1774249129851926,0,0,4037994251,4037994251,00001111,00001111
1774249155019785,0,0,4037994251,4037994251,00001111,00001111
1774249155340738,0,0,3819622758,3819622758,00001111,00001110
1774249175472705,0,0,3819622758,3819622758,00001111,00001110
1774249458800353,0,0,4038191002,4038191002,00001111,00001111
1774249464596392,0,0,3819688438,3819688438,00001111,00001110
1774249483943364,0,0,4038191002,4038191002,00001111,00001111
1774249484400352,0,0,3819688438,3819688438,00001111,00001110
1774249504410390,0,0,3819688438,3819688438,00001111,00001110
1774249800331269,0,0,3819819481,3819819481,00001111,00001110
1774249813429279,0,0,3819819481,3819819481,00001111,00001110
1774250127359630,0,0,3819950412,3819950412,00001111,00001110
1774250152401662,0,0,3819950412,3819950412,00001111,00001110
1774250451483226,0,0,3820016091,3820016091,00001111,00001110
1774250471305173,0,0,3820016091,3820016091,00001111,00001110
1774250491301121,0,0,3820016091,3820016091,00001111,00001110
1774250789999371,0,0,3820147053,3820147053,00001111,00001110
1774250815021412,0,0,3820147053,3820147053,00001111,00001110
1774251118317772,0,0,3820278095,3820278095,00001111,00001110
1774251143339684,0,0,3820278095,3820278095,00001111,00001110
1774251775799598,0,0,3820343786,3820343786,00001111,00001110
1774251795621618,0,0,3820343786,3820343786,00001111,00001110
1774252094474536,0,0,3820605765,3820605765,00001111,00001110
1774252114316475,0,0,3820605765,3820605765,00001111,00001110
1774252431338048,0,0,3820671477,3820671477,00001111,00001110
1774252443119931,0,0,3820671477,3820671477,00001111,00001110
1774252463095938,0,0,3820671477,3820671477,00001111,00001110
1774252782044265,0,0,3999614449,3999614449,00001111,00001110
1774252786898253,0,0,3820802501,3820802501,00001111,00001110
1774253101432461,0,0,3820933456,3820933456,00001111,00001110
1774253110556428,0,0,3397585687,3397585687,00001111,00001111
1774253689329167,0,0,3533023615,3533023615,00001111,00001111
1774253748788501,0,0,3821064515,3821064515,00001111,00001110
1774253773810476,0,0,3821064515,3821064515,00001111,00001110
1774254066919953,0,0,3821261176,3821261176,00001111,00001110
1774254086741971,0,0,3821261176,3821261176,00001111,00001110
1774254106737881,0,0,3821261176,3821261176,00001111,00001110
1774254407692310,0,0,3821392208,3821392208,00001111,00001110
1774254432694189,0,0,3821392208,3821392208,00001111,00001110
1774255059227095,0,0,3611275020,3611275020,00001111,00001110
1774255072889134,0,0,3611275020,3611275020,00001111,00001110
1774255092883043,0,0,3611275020,3611275020,00001111,00001110
1774255384201081,0,0,3625037745,3625037745,00001111,00001110
1774255401723034,0,0,3625037745,3625037745,00001111,00001110
1774255804843232,0,0,4282940629,4282940629,00001111,00001110
1774256462330949,0,0,3933497346,3933497346,00001111,00001110
1774256652837465,0,0,3857760907,3857760907,00001111,00001110
1774256663868481,0,0,3857760907,3857760907,00001111,00001110
1774257060142556,0,0,3821457898,3821457898,00001111,00001110
1774257120543945,0,0,3530414970,3530414970,00001111,00001110
1774257301156826,0,0,3857826487,3857826487,00001111,00001110
1774257321775839,0,0,3857826487,3857826487,00001111,00001110
1774257354987787,0,0,3822309829,3822309829,00001111,00001110
1774257374829658,0,0,3822309829,3822309829,00001111,00001110
1774257429348066,0,0,3676092851,3676092851,00001111,00001110
1774257449182020,0,0,3676092851,3676092851,00001111,00001110
1774257649255964,0,0,3858285246,3858285246,00001111,00001110
1774257693737068,0,0,3822440806,3822440806,00001111,00001110
1774257718759055,0,0,3822440806,3822440806,00001111,00001110
1774257958054175,0,0,3352740406,3352740406,00001111,00001110
1774257968907105,0,0,4228492170,4228492170,00001111,00001111
1774257977958075,0,0,3352740406,3352740406,00001111,00001110
1774258022419696,0,0,3760947145,3760947145,00001111,00001110
1774258116808541,0,0,4149685919,4149685919,00001111,00001110
1774258319402125,0,0,3352871432,3352871432,00001111,00001110
1774258382415785,0,0,3822702947,3822702947,00001111,00001110
1774258428877333,0,0,3719290506,3719290506,00001111,00001111
