1773847560684558,1,0,ANON_5G_CON_IMSI_B0_7fe537932b6fdfaacab2578156e998299f152a456ed77237ac0970acb60f31464e99b7d9a691e7950e7e86ff92
1773847570864428,2,0,ANON_5G_CON_IMSI_B0_7fe537932b6fdfaacab2578156e998299f152a456ed77237ac0970acb60f31464e99b7d9a691e7950e7e86ff92
1773847581044473,3,0,ANON_5G_CON_IMSI_B0_7fe537932b6fdfaacab2578156e998299f152a456ed77237ac0970acb60f31464e99b7d9a691e7950e7e86ff92
1773847863269075,1,0,ANON_5G_CON_IMSI_B0_1213c5652fdb5458e141a23c70b21879431ebbc573cbfd6939b487629bc47627c920c5f12e4b6e6d599cfa0d61
1773847873408962,2,0,ANON_5G_CON_IMSI_B0_1213c5652fdb5458e141a23c70b21879431ebbc573cbfd6939b487629bc47627c920c5f12e4b6e6d599cfa0d61
1773847883548950,3,0,ANON_5G_CON_IMSI_B0_1213c5652fdb5458e141a23c70b21879431ebbc573cbfd6939b487629bc47627c920c5f12e4b6e6d599cfa0d61
1773847893713912,4,0,ANON_5G_CON_IMSI_B0_1213c5652fdb5458e141a23c70b21879431ebbc573cbfd6939b487629bc47627c920c5f12e4b6e6d599cfa0d61
1773847903853855,5,0,ANON_5G_CON_IMSI_B0_1213c5652fdb5458e141a23c70b21879431ebbc573cbfd6939b487629bc47627c920c5f12e4b6e6d599cfa0d61
1773848851018381,1,0,ANON_5G_CON_IMSI_B0_fa70bd5256dc28d70685f51761338d1ee41089348c57986ef65c8a45ea2afc249f2ea7883a3e613415c42c7082
1773848861158224,2,0,ANON_5G_CON_IMSI_B0_fa70bd5256dc28d70685f51761338d1ee41089348c57986ef65c8a45ea2afc249f2ea7883a3e613415c42c7082
1773848871298238,3,0,ANON_5G_CON_IMSI_B0_fa70bd5256dc28d70685f51761338d1ee41089348c57986ef65c8a45ea2afc249f2ea7883a3e613415c42c7082
1773848881423122,4,0,ANON_5G_CON_IMSI_B0_fa70bd5256dc28d70685f51761338d1ee41089348c57986ef65c8a45ea2afc249f2ea7883a3e613415c42c7082
1773848891563106,5,0,ANON_5G_CON_IMSI_B0_fa70bd5256dc28d70685f51761338d1ee41089348c57986ef65c8a45ea2afc249f2ea7883a3e613415c42c7082
1773849190970865,1,0,ANON_5G_CON_IMSI_B0_a3c550f261cc62a2948afd40a8ea4169a5232fc42d315019c15fd4d8e4c9e1058279cf30eb5377a3cc8f5a80cc
1773849201090842,2,0,ANON_5G_CON_IMSI_B0_a3c550f261cc62a2948afd40a8ea4169a5232fc42d315019c15fd4d8e4c9e1058279cf30eb5377a3cc8f5a80cc
1773849211210822,3,0,ANON_5G_CON_IMSI_B0_a3c550f261cc62a2948afd40a8ea4169a5232fc42d315019c15fd4d8e4c9e1058279cf30eb5377a3cc8f5a80cc
1773849221335729,4,0,ANON_5G_CON_IMSI_B0_a3c550f261cc62a2948afd40a8ea4169a5232fc42d315019c15fd4d8e4c9e1058279cf30eb5377a3cc8f5a80cc
1773850166082802,1,0,ANON_5G_CON_IMSI_B0_27b26f6df15a17f0f89e37b3d255a2ea741bd0f6d4bc2ca1f49d9557035ed73642e3db0c3210538f93a4f261a6
1773850176202726,2,0,ANON_5G_CON_IMSI_B0_27b26f6df15a17f0f89e37b3d255a2ea741bd0f6d4bc2ca1f49d9557035ed73642e3db0c3210538f93a4f261a6
1773850186322738,3,0,ANON_5G_CON_IMSI_B0_27b26f6df15a17f0f89e37b3d255a2ea741bd0f6d4bc2ca1f49d9557035ed73642e3db0c3210538f93a4f261a6
1773850196447783,4,0,ANON_5G_CON_IMSI_B0_27b26f6df15a17f0f89e37b3d255a2ea741bd0f6d4bc2ca1f49d9557035ed73642e3db0c3210538f93a4f261a6
1773850206587910,5,0,ANON_5G_CON_IMSI_B0_27b26f6df15a17f0f89e37b3d255a2ea741bd0f6d4bc2ca1f49d9557035ed73642e3db0c3210538f93a4f261a6
1773851165525139,1,0,ANON_5G_CON_IMSI_B0_20e92f5624e6cc0b2a698e20d1d0c8eb927ac1e244bb96b08f49c101d5b0772879dc10f52294a43fbc39a43dd5
1773851175665163,2,0,ANON_5G_CON_IMSI_B0_20e92f5624e6cc0b2a698e20d1d0c8eb927ac1e244bb96b08f49c101d5b0772879dc10f52294a43fbc39a43dd5
1773851185805093,3,0,ANON_5G_CON_IMSI_B0_20e92f5624e6cc0b2a698e20d1d0c8eb927ac1e244bb96b08f49c101d5b0772879dc10f52294a43fbc39a43dd5
1773851195970264,4,0,ANON_5G_CON_IMSI_B0_20e92f5624e6cc0b2a698e20d1d0c8eb927ac1e244bb96b08f49c101d5b0772879dc10f52294a43fbc39a43dd5
1773852150583985,1,0,ANON_5G_CON_IMSI_B0_27f1cb5bf2675552cb0e1c5baa5d16ae6bb7acf02488c479dc90ab8406010d0f22538ca7fae509516a17f841f4
1773852160703977,2,0,ANON_5G_CON_IMSI_B0_27f1cb5bf2675552cb0e1c5baa5d16ae6bb7acf02488c479dc90ab8406010d0f22538ca7fae509516a17f841f4
1773852170844090,3,0,ANON_5G_CON_IMSI_B0_27f1cb5bf2675552cb0e1c5baa5d16ae6bb7acf02488c479dc90ab8406010d0f22538ca7fae509516a17f841f4
1773852180969052,4,0,ANON_5G_CON_IMSI_B0_27f1cb5bf2675552cb0e1c5baa5d16ae6bb7acf02488c479dc90ab8406010d0f22538ca7fae509516a17f841f4
1773853122443656,1,0,ANON_5G_CON_IMSI_B0_782d575591483ff542c49ba2d37363763bb90f8f41a0ae920e0d31fdcf93594801b03b24a0dd144824d9a6ab22
1773853132563570,2,0,ANON_5G_CON_IMSI_B0_782d575591483ff542c49ba2d37363763bb90f8f41a0ae920e0d31fdcf93594801b03b24a0dd144824d9a6ab22
1773853138043620,3,0,ANON_5G_CON_IMSI_B0_c4aaa3d519295075321541dde2a947243bf70ff77f58ca2b096cf99499c9426df990384beeeb1dfd00f4bc435f
1773853142708499,4,0,ANON_5G_CON_IMSI_B0_782d575591483ff542c49ba2d37363763bb90f8f41a0ae920e0d31fdcf93594801b03b24a0dd144824d9a6ab22
1773853149348525,5,0,ANON_5G_CON_IMSI_B0_c4aaa3d519295075321541dde2a947243bf70ff77f58ca2b096cf99499c9426df990384beeeb1dfd00f4bc435f
1773853152828460,6,0,ANON_5G_CON_IMSI_B0_782d575591483ff542c49ba2d37363763bb90f8f41a0ae920e0d31fdcf93594801b03b24a0dd144824d9a6ab22
1773853159593480,7,0,ANON_5G_CON_IMSI_B0_c4aaa3d519295075321541dde2a947243bf70ff77f58ca2b096cf99499c9426df990384beeeb1dfd00f4bc435f
1773853162973462,8,0,ANON_5G_CON_IMSI_B0_782d575591483ff542c49ba2d37363763bb90f8f41a0ae920e0d31fdcf93594801b03b24a0dd144824d9a6ab22
1773853169833484,9,0,ANON_5G_CON_IMSI_B0_c4aaa3d519295075321541dde2a947243bf70ff77f58ca2b096cf99499c9426df990384beeeb1dfd00f4bc435f
1773854115767349,1,0,ANON_5G_CON_IMSI_B0_8b3f08a0855e2dc60586dc2bd7ab21688dd15dca78c56f04c000ac13e8a7906460b382bfe3f30433adbab56adc
1773854125887299,2,0,ANON_5G_CON_IMSI_B0_8b3f08a0855e2dc60586dc2bd7ab21688dd15dca78c56f04c000ac13e8a7906460b382bfe3f30433adbab56adc
1773854136007341,3,0,ANON_5G_CON_IMSI_B0_8b3f08a0855e2dc60586dc2bd7ab21688dd15dca78c56f04c000ac13e8a7906460b382bfe3f30433adbab56adc
1773854146132347,4,0,ANON_5G_CON_IMSI_B0_8b3f08a0855e2dc60586dc2bd7ab21688dd15dca78c56f04c000ac13e8a7906460b382bfe3f30433adbab56adc
1773854156272435,5,0,ANON_5G_CON_IMSI_B0_8b3f08a0855e2dc60586dc2bd7ab21688dd15dca78c56f04c000ac13e8a7906460b382bfe3f30433adbab56adc
1773854813090745,1,0,ANON_5G_CON_IMSI_B0_f301430fc00892aec007bb80db55be8090f5118db704b97150fe0ebaecc5322ae0f2f659677e1957ee4c95ef41
1773855110447590,1,0,ANON_5G_CON_IMSI_B0_59a03db991bab8c7b2c9bf600c46cac4a82c23d49863c57779c8dfdc7c757b7f50de893718c17539c1483145b6
1773855120567636,2,0,ANON_5G_CON_IMSI_B0_59a03db991bab8c7b2c9bf600c46cac4a82c23d49863c57779c8dfdc7c757b7f50de893718c17539c1483145b6
1773855130687668,3,0,ANON_5G_CON_IMSI_B0_59a03db991bab8c7b2c9bf600c46cac4a82c23d49863c57779c8dfdc7c757b7f50de893718c17539c1483145b6
1773855140812697,4,0,ANON_5G_CON_IMSI_B0_59a03db991bab8c7b2c9bf600c46cac4a82c23d49863c57779c8dfdc7c757b7f50de893718c17539c1483145b6
1773855435088735,1,0,ANON_5G_CON_IMSI_B0_a780ff685710acb05d2d36121a78b665d3dae72fcc36940d56747a65d20d871aab55d5bf99b454bf2b637c1621
1773855445368691,2,0,ANON_5G_CON_IMSI_B0_a780ff685710acb05d2d36121a78b665d3dae72fcc36940d56747a65d20d871aab55d5bf99b454bf2b637c1621
1773855456528574,3,0,ANON_5G_CON_IMSI_B0_a780ff685710acb05d2d36121a78b665d3dae72fcc36940d56747a65d20d871aab55d5bf99b454bf2b637c1621
1773855466773605,4,0,ANON_5G_CON_IMSI_B0_a780ff685710acb05d2d36121a78b665d3dae72fcc36940d56747a65d20d871aab55d5bf99b454bf2b637c1621
1773856088586439,1,0,ANON_5G_CON_IMSI_B0_13f17c1dd56d3cf52b1f069423724b02245960be60c83bd22b28f5c7fe1b5451b22c28e6f9854b93e5f322acbb
1773856098706378,2,0,ANON_5G_CON_IMSI_B0_13f17c1dd56d3cf52b1f069423724b02245960be60c83bd22b28f5c7fe1b5451b22c28e6f9854b93e5f322acbb
1773856108846429,3,0,ANON_5G_CON_IMSI_B0_13f17c1dd56d3cf52b1f069423724b02245960be60c83bd22b28f5c7fe1b5451b22c28e6f9854b93e5f322acbb
1773856118971485,4,0,ANON_5G_CON_IMSI_B0_13f17c1dd56d3cf52b1f069423724b02245960be60c83bd22b28f5c7fe1b5451b22c28e6f9854b93e5f322acbb
1773856129111535,5,0,ANON_5G_CON_IMSI_B0_13f17c1dd56d3cf52b1f069423724b02245960be60c83bd22b28f5c7fe1b5451b22c28e6f9854b93e5f322acbb
1773857080690169,1,0,ANON_5G_CON_IMSI_B0_f0661613158ca0a415216d65db7c5089e92cf0733e6813c1090df0d69e519d559e3fa8bcb21758e1ad5a3b60ab
1773857090810287,2,0,ANON_5G_CON_IMSI_B0_f0661613158ca0a415216d65db7c5089e92cf0733e6813c1090df0d69e519d559e3fa8bcb21758e1ad5a3b60ab
1773857100930353,3,0,ANON_5G_CON_IMSI_B0_f0661613158ca0a415216d65db7c5089e92cf0733e6813c1090df0d69e519d559e3fa8bcb21758e1ad5a3b60ab
1773857108475284,4,0,ANON_5G_CON_IMSI_B0_2b3b9422886aacfefd5532b6e874a1c89ee7b5c9f98d16ca4739edac0310855ae5a2d4488c2df9dbc90cec0254
1773857111055286,5,0,ANON_5G_CON_IMSI_B0_f0661613158ca0a415216d65db7c5089e92cf0733e6813c1090df0d69e519d559e3fa8bcb21758e1ad5a3b60ab
1773858082205596,1,0,ANON_5G_CON_IMSI_B0_584a9cf5eec9fb6fc3b7214d30268b98c039b9261dede00132c9d95be8f0ed7a77007f1441004ea251ca85597c
1773858092325603,2,0,ANON_5G_CON_IMSI_B0_584a9cf5eec9fb6fc3b7214d30268b98c039b9261dede00132c9d95be8f0ed7a77007f1441004ea251ca85597c
1773858102445479,3,0,ANON_5G_CON_IMSI_B0_584a9cf5eec9fb6fc3b7214d30268b98c039b9261dede00132c9d95be8f0ed7a77007f1441004ea251ca85597c
1773858380779150,1,0,ANON_5G_CON_IMSI_B0_b37a0e5904cfa7e2b2d7ff9a901465fb20f6b9ac097f65c7805cb54fce1f0e73813b29b8acf0f30be02177b503
1773858390899147,2,0,ANON_5G_CON_IMSI_B0_b37a0e5904cfa7e2b2d7ff9a901465fb20f6b9ac097f65c7805cb54fce1f0e73813b29b8acf0f30be02177b503
1773858401019126,3,0,ANON_5G_CON_IMSI_B0_b37a0e5904cfa7e2b2d7ff9a901465fb20f6b9ac097f65c7805cb54fce1f0e73813b29b8acf0f30be02177b503
1773858411144078,4,0,ANON_5G_CON_IMSI_B0_b37a0e5904cfa7e2b2d7ff9a901465fb20f6b9ac097f65c7805cb54fce1f0e73813b29b8acf0f30be02177b503
1773858421284070,5,0,ANON_5G_CON_IMSI_B0_b37a0e5904cfa7e2b2d7ff9a901465fb20f6b9ac097f65c7805cb54fce1f0e73813b29b8acf0f30be02177b503
1773859383502874,1,0,ANON_5G_CON_IMSI_B0_611713f7045efc1f0d8d9d3043355f0b5b4d790d7757b6d94ed0bfb72385da5762e61479140f47a6bf572be8fa
1773859393622973,2,0,ANON_5G_CON_IMSI_B0_611713f7045efc1f0d8d9d3043355f0b5b4d790d7757b6d94ed0bfb72385da5762e61479140f47a6bf572be8fa
1773859400883034,3,0,ANON_5G_CON_IMSI_B0_4e0c1aa4b7a392944dae11573a1ada83fce99f645c52b98b39a84ae81d5e5143f131d9f241ddce3ee5e3217a31
1773859403747757,4,0,ANON_5G_CON_IMSI_B0_611713f7045efc1f0d8d9d3043355f0b5b4d790d7757b6d94ed0bfb72385da5762e61479140f47a6bf572be8fa
1773859411827949,5,0,ANON_5G_CON_IMSI_B0_4e0c1aa4b7a392944dae11573a1ada83fce99f645c52b98b39a84ae81d5e5143f131d9f241ddce3ee5e3217a31
1773859413867889,6,0,ANON_5G_CON_IMSI_B0_611713f7045efc1f0d8d9d3043355f0b5b4d790d7757b6d94ed0bfb72385da5762e61479140f47a6bf572be8fa
1773860372105828,1,0,ANON_5G_CON_IMSI_B0_fd15212fb36f74a4934d6777e827eda31dc9256a5e7a8bd329b3cf929a839015dbcd5cef93222832b051742c3c
1773860382225882,2,0,ANON_5G_CON_IMSI_B0_fd15212fb36f74a4934d6777e827eda31dc9256a5e7a8bd329b3cf929a839015dbcd5cef93222832b051742c3c
1773860392345839,3,0,ANON_5G_CON_IMSI_B0_fd15212fb36f74a4934d6777e827eda31dc9256a5e7a8bd329b3cf929a839015dbcd5cef93222832b051742c3c
1773860402470749,4,0,ANON_5G_CON_IMSI_B0_fd15212fb36f74a4934d6777e827eda31dc9256a5e7a8bd329b3cf929a839015dbcd5cef93222832b051742c3c
1773860686793686,1,0,ANON_5G_CON_IMSI_B0_b443544cca6d665ac74f18bb7b1ff7cdfb7e7eaf58d8aecdfb0d7ad69d8ad47219c09a38c6333808e07c62772d
1773860697073714,2,0,ANON_5G_CON_IMSI_B0_b443544cca6d665ac74f18bb7b1ff7cdfb7e7eaf58d8aecdfb0d7ad69d8ad47219c09a38c6333808e07c62772d
1773860707313642,3,0,ANON_5G_CON_IMSI_B0_b443544cca6d665ac74f18bb7b1ff7cdfb7e7eaf58d8aecdfb0d7ad69d8ad47219c09a38c6333808e07c62772d
1773860717558693,4,0,ANON_5G_CON_IMSI_B0_b443544cca6d665ac74f18bb7b1ff7cdfb7e7eaf58d8aecdfb0d7ad69d8ad47219c09a38c6333808e07c62772d
1773860727778542,5,0,ANON_5G_CON_IMSI_B0_b443544cca6d665ac74f18bb7b1ff7cdfb7e7eaf58d8aecdfb0d7ad69d8ad47219c09a38c6333808e07c62772d
1773861373693273,1,0,ANON_5G_CON_IMSI_B0_7d9a7b722c0e3e59bdd859609acd991f99c2fb873813289c7964cb2c4625cc322429a00d3841935ba4ad46ef49
1773861383833249,2,0,ANON_5G_CON_IMSI_B0_7d9a7b722c0e3e59bdd859609acd991f99c2fb873813289c7964cb2c4625cc322429a00d3841935ba4ad46ef49
1773861682976375,1,0,ANON_5G_CON_IMSI_B0_15ed64fb0caf36ef9ee1c24af6a23ed9f1b5ce1ea000183f8f0f53864f835741bd2aeb8fcc7b5a6eb7aa813ac5
1773861688456247,2,0,ANON_5G_CON_IMSI_B0_886a263ce56df21df5751bfe25cb513092e54e0b068670ace5b756c2acabbb266e93b9aecd1cdd75269ab3f4ae
1773861694116295,3,0,ANON_5G_CON_IMSI_B0_15ed64fb0caf36ef9ee1c24af6a23ed9f1b5ce1ea000183f8f0f53864f835741bd2aeb8fcc7b5a6eb7aa813ac5
1773861698581357,4,0,ANON_5G_CON_IMSI_B0_886a263ce56df21df5751bfe25cb513092e54e0b068670ace5b756c2acabbb266e93b9aecd1cdd75269ab3f4ae
1773861704361279,5,0,ANON_5G_CON_IMSI_B0_15ed64fb0caf36ef9ee1c24af6a23ed9f1b5ce1ea000183f8f0f53864f835741bd2aeb8fcc7b5a6eb7aa813ac5
1773861708701295,6,0,ANON_5G_CON_IMSI_B0_886a263ce56df21df5751bfe25cb513092e54e0b068670ace5b756c2acabbb266e93b9aecd1cdd75269ab3f4ae
1773861714606363,7,0,ANON_5G_CON_IMSI_B0_15ed64fb0caf36ef9ee1c24af6a23ed9f1b5ce1ea000183f8f0f53864f835741bd2aeb8fcc7b5a6eb7aa813ac5
1773861718826259,8,0,ANON_5G_CON_IMSI_B0_886a263ce56df21df5751bfe25cb513092e54e0b068670ace5b756c2acabbb266e93b9aecd1cdd75269ab3f4ae
1773862655882019,1,0,ANON_5G_CON_IMSI_B0_3f2ae53917bc86db8a07dbf90e113a53d28a353339355ef18ed36d0defde2c34a542d09f76d3f8fcd7c87b445e
1773862658062130,2,0,ANON_5G_CON_IMSI_B0_fd93f462bc5b1869ef662eb8cb8c9b4d6a9d0f1444c40cc09f6bb63b4ed8035020f6e287f66ca70ba2df6b19c9
1773862666022052,3,0,ANON_5G_CON_IMSI_B0_3f2ae53917bc86db8a07dbf90e113a53d28a353339355ef18ed36d0defde2c34a542d09f76d3f8fcd7c87b445e
1773862669327058,4,0,ANON_5G_CON_IMSI_B0_fd93f462bc5b1869ef662eb8cb8c9b4d6a9d0f1444c40cc09f6bb63b4ed8035020f6e287f66ca70ba2df6b19c9
1773862676166963,5,0,ANON_5G_CON_IMSI_B0_3f2ae53917bc86db8a07dbf90e113a53d28a353339355ef18ed36d0defde2c34a542d09f76d3f8fcd7c87b445e
1773862679567068,6,0,ANON_5G_CON_IMSI_B0_fd93f462bc5b1869ef662eb8cb8c9b4d6a9d0f1444c40cc09f6bb63b4ed8035020f6e287f66ca70ba2df6b19c9
1773862686292012,7,0,ANON_5G_CON_IMSI_B0_3f2ae53917bc86db8a07dbf90e113a53d28a353339355ef18ed36d0defde2c34a542d09f76d3f8fcd7c87b445e
1773862689792046,8,0,ANON_5G_CON_IMSI_B0_fd93f462bc5b1869ef662eb8cb8c9b4d6a9d0f1444c40cc09f6bb63b4ed8035020f6e287f66ca70ba2df6b19c9
1773862696432124,9,0,ANON_5G_CON_IMSI_B0_3f2ae53917bc86db8a07dbf90e113a53d28a353339355ef18ed36d0defde2c34a542d09f76d3f8fcd7c87b445e
1773862700037055,10,0,ANON_5G_CON_IMSI_B0_fd93f462bc5b1869ef662eb8cb8c9b4d6a9d0f1444c40cc09f6bb63b4ed8035020f6e287f66ca70ba2df6b19c9
1773863642949633,1,0,ANON_5G_CON_IMSI_B0_35e056d0650597b403d0ee7bc84a75474d56e61689a1470d70a75e42da81a63cdf11f044046aae215ed3eeb65c
1773863653069610,2,0,ANON_5G_CON_IMSI_B0_35e056d0650597b403d0ee7bc84a75474d56e61689a1470d70a75e42da81a63cdf11f044046aae215ed3eeb65c
1773863663189530,3,0,ANON_5G_CON_IMSI_B0_35e056d0650597b403d0ee7bc84a75474d56e61689a1470d70a75e42da81a63cdf11f044046aae215ed3eeb65c
1773863667694599,4,0,ANON_5G_CON_IMSI_B0_800c67114bb549d1e4ee3a9ccb4978dfc239a82be2155117bb4026d5d502b737c6cd18ae82b6fd0e5ac533a65c
1773863673314537,5,0,ANON_5G_CON_IMSI_B0_35e056d0650597b403d0ee7bc84a75474d56e61689a1470d70a75e42da81a63cdf11f044046aae215ed3eeb65c
1773863678214596,6,0,ANON_5G_CON_IMSI_B0_800c67114bb549d1e4ee3a9ccb4978dfc239a82be2155117bb4026d5d502b737c6cd18ae82b6fd0e5ac533a65c
1773863683439484,7,0,ANON_5G_CON_IMSI_B0_35e056d0650597b403d0ee7bc84a75474d56e61689a1470d70a75e42da81a63cdf11f044046aae215ed3eeb65c
1773863688419526,8,0,ANON_5G_CON_IMSI_B0_800c67114bb549d1e4ee3a9ccb4978dfc239a82be2155117bb4026d5d502b737c6cd18ae82b6fd0e5ac533a65c
1773863979925852,1,0,ANON_5G_CON_IMSI_B0_7152e545c61d9bb13d5e49a5347b25df5b32f688167f781636bc3722b5908310bc163bb98e7f0c0763c7315274
1773863990325776,2,0,ANON_5G_CON_IMSI_B0_7152e545c61d9bb13d5e49a5347b25df5b32f688167f781636bc3722b5908310bc163bb98e7f0c0763c7315274
1773864000565671,3,0,ANON_5G_CON_IMSI_B0_7152e545c61d9bb13d5e49a5347b25df5b32f688167f781636bc3722b5908310bc163bb98e7f0c0763c7315274
1773864010790745,4,0,ANON_5G_CON_IMSI_B0_7152e545c61d9bb13d5e49a5347b25df5b32f688167f781636bc3722b5908310bc163bb98e7f0c0763c7315274
1773864339908463,1,0,ANON_5G_CON_IMSI_B0_d2cd8d4f61bfc3622f3377b629d8883bbfa383baa7c7453726573a1f06d6385cf8ea5074b827e46f4dac6a4c82
1773864628830219,1,0,ANON_5G_CON_IMSI_B0_f9139d4428f921a2545e2e0cbe33a1f0c2ddb1c7189d80146800b34178a11229273bda6e3ab90fbdb58a7a0f74
1773864638950155,2,0,ANON_5G_CON_IMSI_B0_f9139d4428f921a2545e2e0cbe33a1f0c2ddb1c7189d80146800b34178a11229273bda6e3ab90fbdb58a7a0f74
1773864649070197,3,0,ANON_5G_CON_IMSI_B0_f9139d4428f921a2545e2e0cbe33a1f0c2ddb1c7189d80146800b34178a11229273bda6e3ab90fbdb58a7a0f74
1773864659195141,4,0,ANON_5G_CON_IMSI_B0_f9139d4428f921a2545e2e0cbe33a1f0c2ddb1c7189d80146800b34178a11229273bda6e3ab90fbdb58a7a0f74
1773864669335122,5,0,ANON_5G_CON_IMSI_B0_f9139d4428f921a2545e2e0cbe33a1f0c2ddb1c7189d80146800b34178a11229273bda6e3ab90fbdb58a7a0f74
1773864964211626,1,0,ANON_5G_CON_IMSI_B0_7ae70629e36a5004240e4f4d323075a7e8f63233b128ecbf3beeba835f72fa259e80ec9f73f41f8ead048db2dc
1773864974591632,2,0,ANON_5G_CON_IMSI_B0_7ae70629e36a5004240e4f4d323075a7e8f63233b128ecbf3beeba835f72fa259e80ec9f73f41f8ead048db2dc
1773864984831663,3,0,ANON_5G_CON_IMSI_B0_7ae70629e36a5004240e4f4d323075a7e8f63233b128ecbf3beeba835f72fa259e80ec9f73f41f8ead048db2dc
1773864995076706,4,0,ANON_5G_CON_IMSI_B0_7ae70629e36a5004240e4f4d323075a7e8f63233b128ecbf3beeba835f72fa259e80ec9f73f41f8ead048db2dc
1773865005316638,5,0,ANON_5G_CON_IMSI_B0_7ae70629e36a5004240e4f4d323075a7e8f63233b128ecbf3beeba835f72fa259e80ec9f73f41f8ead048db2dc
1773865961342059,1,0,ANON_5G_CON_IMSI_B0_1c0f77f0564c59e509f8649232b5d7fb45eab86dad3ca9b81f240c64b51d7262f3432401d51eb1872231cf4552
1773865972622031,2,0,ANON_5G_CON_IMSI_B0_1c0f77f0564c59e509f8649232b5d7fb45eab86dad3ca9b81f240c64b51d7262f3432401d51eb1872231cf4552
1773865982862115,3,0,ANON_5G_CON_IMSI_B0_1c0f77f0564c59e509f8649232b5d7fb45eab86dad3ca9b81f240c64b51d7262f3432401d51eb1872231cf4552
1773865993107061,4,0,ANON_5G_CON_IMSI_B0_1c0f77f0564c59e509f8649232b5d7fb45eab86dad3ca9b81f240c64b51d7262f3432401d51eb1872231cf4552
1773866284919019,1,0,ANON_5G_CON_IMSI_B0_02e4e2345cfd46d4aa3e23f79e1abb0e85cd786b1afd6003c878f205740b3650e9ffd367a10ad639e5aef42112
1773866291838987,2,0,ANON_5G_CON_IMSI_B0_63a9842278d2db861e9479313a8267b69ff2ced31c3e9b4f0d5895e2b5e5375a80def480378dcde68588a0e43b
1773866295078977,3,0,ANON_5G_CON_IMSI_B0_02e4e2345cfd46d4aa3e23f79e1abb0e85cd786b1afd6003c878f205740b3650e9ffd367a10ad639e5aef42112
1773866301963917,4,0,ANON_5G_CON_IMSI_B0_63a9842278d2db861e9479313a8267b69ff2ced31c3e9b4f0d5895e2b5e5375a80def480378dcde68588a0e43b
1773866305303984,5,0,ANON_5G_CON_IMSI_B0_02e4e2345cfd46d4aa3e23f79e1abb0e85cd786b1afd6003c878f205740b3650e9ffd367a10ad639e5aef42112
1773866312083886,6,0,ANON_5G_CON_IMSI_B0_63a9842278d2db861e9479313a8267b69ff2ced31c3e9b4f0d5895e2b5e5375a80def480378dcde68588a0e43b
1773866315548918,7,0,ANON_5G_CON_IMSI_B0_02e4e2345cfd46d4aa3e23f79e1abb0e85cd786b1afd6003c878f205740b3650e9ffd367a10ad639e5aef42112
1773866322208968,8,0,ANON_5G_CON_IMSI_B0_63a9842278d2db861e9479313a8267b69ff2ced31c3e9b4f0d5895e2b5e5375a80def480378dcde68588a0e43b
1773866625238496,1,0,ANON_5G_CON_IMSI_B0_d377b3a4d6bef52171e243d691336d3c8bd56c93b0f0eac63e15ea9a182e7f7bd7253464d686a195f12fd65fb9
1773866636018486,2,0,ANON_5G_CON_IMSI_B0_d377b3a4d6bef52171e243d691336d3c8bd56c93b0f0eac63e15ea9a182e7f7bd7253464d686a195f12fd65fb9
1773866646258422,3,0,ANON_5G_CON_IMSI_B0_d377b3a4d6bef52171e243d691336d3c8bd56c93b0f0eac63e15ea9a182e7f7bd7253464d686a195f12fd65fb9
1773867270934913,1,0,ANON_5G_CON_IMSI_B0_1f8f6ef63078e387ae9ecab29df5818863b7c683d10b059acae1aeeede6f0d0e5dfa56b914104b61e1ecbcbe36
1773867281074907,2,0,ANON_5G_CON_IMSI_B0_1f8f6ef63078e387ae9ecab29df5818863b7c683d10b059acae1aeeede6f0d0e5dfa56b914104b61e1ecbcbe36
1773867287514847,3,0,ANON_5G_CON_IMSI_B0_a9ca7b0bfcfe411183838257dbad0ffb3304f7fa21d92541230be71849e1de29b6ca0457a236253e0ea59652aa
1773867291219842,4,0,ANON_5G_CON_IMSI_B0_1f8f6ef63078e387ae9ecab29df5818863b7c683d10b059acae1aeeede6f0d0e5dfa56b914104b61e1ecbcbe36
1773867297719807,5,0,ANON_5G_CON_IMSI_B0_a9ca7b0bfcfe411183838257dbad0ffb3304f7fa21d92541230be71849e1de29b6ca0457a236253e0ea59652aa
1773867301339834,6,0,ANON_5G_CON_IMSI_B0_1f8f6ef63078e387ae9ecab29df5818863b7c683d10b059acae1aeeede6f0d0e5dfa56b914104b61e1ecbcbe36
1773867307984859,7,0,ANON_5G_CON_IMSI_B0_a9ca7b0bfcfe411183838257dbad0ffb3304f7fa21d92541230be71849e1de29b6ca0457a236253e0ea59652aa
1773868277092232,1,0,ANON_5G_CON_IMSI_B0_9747c03f944f1291abc17d86660e49798093fd3d90806ab5bd9fe1be0168266eae71dfe9c0e42b2314b48b1b2d
1773868287232117,2,0,ANON_5G_CON_IMSI_B0_9747c03f944f1291abc17d86660e49798093fd3d90806ab5bd9fe1be0168266eae71dfe9c0e42b2314b48b1b2d
1773868577506108,1,0,ANON_5G_CON_IMSI_B0_81b40ccf522935bd9a56b38907bc41fe32e456f29c1fecb093ded168e46a9f1b48475d7b446003f5e7bfde0dfd
1773868587646007,2,0,ANON_5G_CON_IMSI_B0_81b40ccf522935bd9a56b38907bc41fe32e456f29c1fecb093ded168e46a9f1b48475d7b446003f5e7bfde0dfd
1773868597766011,3,0,ANON_5G_CON_IMSI_B0_81b40ccf522935bd9a56b38907bc41fe32e456f29c1fecb093ded168e46a9f1b48475d7b446003f5e7bfde0dfd
1773868607890988,4,0,ANON_5G_CON_IMSI_B0_81b40ccf522935bd9a56b38907bc41fe32e456f29c1fecb093ded168e46a9f1b48475d7b446003f5e7bfde0dfd
1773868618031045,5,0,ANON_5G_CON_IMSI_B0_81b40ccf522935bd9a56b38907bc41fe32e456f29c1fecb093ded168e46a9f1b48475d7b446003f5e7bfde0dfd
1773869235417346,1,0,ANON_5G_CON_IMSI_B0_a576d67f756ff1e50ccaf1df491af80aaff37a148544be6c8fb12026b057465b79009c1580303dfa673f3801ea
1773869246037356,2,0,ANON_5G_CON_IMSI_B0_a576d67f756ff1e50ccaf1df491af80aaff37a148544be6c8fb12026b057465b79009c1580303dfa673f3801ea
1773869256277304,3,0,ANON_5G_CON_IMSI_B0_a576d67f756ff1e50ccaf1df491af80aaff37a148544be6c8fb12026b057465b79009c1580303dfa673f3801ea
1773869266522297,4,0,ANON_5G_CON_IMSI_B0_a576d67f756ff1e50ccaf1df491af80aaff37a148544be6c8fb12026b057465b79009c1580303dfa673f3801ea
1773869276742246,5,0,ANON_5G_CON_IMSI_B0_a576d67f756ff1e50ccaf1df491af80aaff37a148544be6c8fb12026b057465b79009c1580303dfa673f3801ea
1773870236846244,1,0,ANON_5G_CON_IMSI_B0_4adb624b90c5e92527cee027e859414b124d18a32a3ebd4b3f2c9544fc133d6f416016d89816e12429f03c535d
1773870246966249,2,0,ANON_5G_CON_IMSI_B0_4adb624b90c5e92527cee027e859414b124d18a32a3ebd4b3f2c9544fc133d6f416016d89816e12429f03c535d
1773870257086243,3,0,ANON_5G_CON_IMSI_B0_4adb624b90c5e92527cee027e859414b124d18a32a3ebd4b3f2c9544fc133d6f416016d89816e12429f03c535d
1773870267211265,4,0,ANON_5G_CON_IMSI_B0_4adb624b90c5e92527cee027e859414b124d18a32a3ebd4b3f2c9544fc133d6f416016d89816e12429f03c535d
1773870591963745,1,0,ANON_5G_CON_IMSI_B0_7329df6b19202d47d18b84064dd86ee005978042be32cba9082c922b69a0a95ca8bbfcc4e7eefe5f0d7c2999bd
1773870898675248,1,0,ANON_5G_CON_IMSI_B0_46431700756bd112bbc43940d16747351c1b1a18a21a12b9acc75a2b9bdbff6ad05c743d63c2d38a4cf8a3e5a8
1773870909455268,2,0,ANON_5G_CON_IMSI_B0_46431700756bd112bbc43940d16747351c1b1a18a21a12b9acc75a2b9bdbff6ad05c743d63c2d38a4cf8a3e5a8
1773870919695204,3,0,ANON_5G_CON_IMSI_B0_46431700756bd112bbc43940d16747351c1b1a18a21a12b9acc75a2b9bdbff6ad05c743d63c2d38a4cf8a3e5a8
1773871219540019,1,0,ANON_5G_CON_IMSI_B0_833e2c741ae5205b5f463e807b3a57b463b37a1d23217f31767f33c02836723aa8f7826deaa9aaa0182055cffb
1773871229639910,2,0,ANON_5G_CON_IMSI_B0_833e2c741ae5205b5f463e807b3a57b463b37a1d23217f31767f33c02836723aa8f7826deaa9aaa0182055cffb
1773871240819861,3,0,ANON_5G_CON_IMSI_B0_833e2c741ae5205b5f463e807b3a57b463b37a1d23217f31767f33c02836723aa8f7826deaa9aaa0182055cffb
1773871251064811,4,0,ANON_5G_CON_IMSI_B0_833e2c741ae5205b5f463e807b3a57b463b37a1d23217f31767f33c02836723aa8f7826deaa9aaa0182055cffb
1773871560568848,1,0,ANON_5G_CON_IMSI_B0_a834a2a0a9538b67d46718b8e6f59bb946aaf381716b55a18a978d940bcc187807a1d5c98062aea0989d97e8af
1773871571168814,2,0,ANON_5G_CON_IMSI_B0_a834a2a0a9538b67d46718b8e6f59bb946aaf381716b55a18a978d940bcc187807a1d5c98062aea0989d97e8af
1773871581408756,3,0,ANON_5G_CON_IMSI_B0_a834a2a0a9538b67d46718b8e6f59bb946aaf381716b55a18a978d940bcc187807a1d5c98062aea0989d97e8af
1773871875189558,1,0,ANON_5G_CON_IMSI_B0_4d0dd57a31b7e64bea9697613024fe84bfc8002eb60c2b29869529e9b8d71d6a7d7d66aadf70dc777c1e3552a7
1773871885329624,2,0,ANON_5G_CON_IMSI_B0_4d0dd57a31b7e64bea9697613024fe84bfc8002eb60c2b29869529e9b8d71d6a7d7d66aadf70dc777c1e3552a7
1773871895469688,3,0,ANON_5G_CON_IMSI_B0_4d0dd57a31b7e64bea9697613024fe84bfc8002eb60c2b29869529e9b8d71d6a7d7d66aadf70dc777c1e3552a7
1773871905594625,4,0,ANON_5G_CON_IMSI_B0_4d0dd57a31b7e64bea9697613024fe84bfc8002eb60c2b29869529e9b8d71d6a7d7d66aadf70dc777c1e3552a7
1773872522949118,1,0,ANON_5G_CON_IMSI_B0_1220fc9294544edbb08dfdd5ca772dd4a6b1c3ebe2d660f375ab3cc41a826821e2bec2b5583bee423862a987ce
1773872533409052,2,0,ANON_5G_CON_IMSI_B0_1220fc9294544edbb08dfdd5ca772dd4a6b1c3ebe2d660f375ab3cc41a826821e2bec2b5583bee423862a987ce
1773872543649016,3,0,ANON_5G_CON_IMSI_B0_1220fc9294544edbb08dfdd5ca772dd4a6b1c3ebe2d660f375ab3cc41a826821e2bec2b5583bee423862a987ce
1773872553874085,4,0,ANON_5G_CON_IMSI_B0_1220fc9294544edbb08dfdd5ca772dd4a6b1c3ebe2d660f375ab3cc41a826821e2bec2b5583bee423862a987ce
1773872564133995,5,0,ANON_5G_CON_IMSI_B0_1220fc9294544edbb08dfdd5ca772dd4a6b1c3ebe2d660f375ab3cc41a826821e2bec2b5583bee423862a987ce
1773872855566492,1,0,ANON_5G_CON_IMSI_B0_f1fb94819543a9bcb05dc917c286960ef015e2feaf34cf1b30df590a0485de624c9a4b4c09eb211bfe7a9d5695
1773872865706523,2,0,ANON_5G_CON_IMSI_B0_f1fb94819543a9bcb05dc917c286960ef015e2feaf34cf1b30df590a0485de624c9a4b4c09eb211bfe7a9d5695
1773872875846359,3,0,ANON_5G_CON_IMSI_B0_f1fb94819543a9bcb05dc917c286960ef015e2feaf34cf1b30df590a0485de624c9a4b4c09eb211bfe7a9d5695
1773872885991439,4,0,ANON_5G_CON_IMSI_B0_f1fb94819543a9bcb05dc917c286960ef015e2feaf34cf1b30df590a0485de624c9a4b4c09eb211bfe7a9d5695
1773872896131512,5,0,ANON_5G_CON_IMSI_B0_f1fb94819543a9bcb05dc917c286960ef015e2feaf34cf1b30df590a0485de624c9a4b4c09eb211bfe7a9d5695
1773873840350909,1,0,ANON_5G_CON_IMSI_B0_9a053928629a057ad9f08f4e20b9c531b7fc1ca3cb5de199b150516affc5253f07fba7357de16915f4e6d16791
1773873850490861,2,0,ANON_5G_CON_IMSI_B0_9a053928629a057ad9f08f4e20b9c531b7fc1ca3cb5de199b150516affc5253f07fba7357de16915f4e6d16791
1773873860630864,3,0,ANON_5G_CON_IMSI_B0_9a053928629a057ad9f08f4e20b9c531b7fc1ca3cb5de199b150516affc5253f07fba7357de16915f4e6d16791
1773873870775841,4,0,ANON_5G_CON_IMSI_B0_9a053928629a057ad9f08f4e20b9c531b7fc1ca3cb5de199b150516affc5253f07fba7357de16915f4e6d16791
1773873880915835,5,0,ANON_5G_CON_IMSI_B0_9a053928629a057ad9f08f4e20b9c531b7fc1ca3cb5de199b150516affc5253f07fba7357de16915f4e6d16791
1773874162962849,1,0,ANON_5G_CON_IMSI_B0_055bb96337729563211c5224c6479e77e17f45cec4f92516b357eb92bd46ae61f1febc6d2b17b507d22ffa0e3a
1773874173122690,2,0,ANON_5G_CON_IMSI_B0_055bb96337729563211c5224c6479e77e17f45cec4f92516b357eb92bd46ae61f1febc6d2b17b507d22ffa0e3a
1773874183382798,3,0,ANON_5G_CON_IMSI_B0_055bb96337729563211c5224c6479e77e17f45cec4f92516b357eb92bd46ae61f1febc6d2b17b507d22ffa0e3a
1773874193607726,4,0,ANON_5G_CON_IMSI_B0_055bb96337729563211c5224c6479e77e17f45cec4f92516b357eb92bd46ae61f1febc6d2b17b507d22ffa0e3a
1773874203847724,5,0,ANON_5G_CON_IMSI_B0_055bb96337729563211c5224c6479e77e17f45cec4f92516b357eb92bd46ae61f1febc6d2b17b507d22ffa0e3a
1773874832566996,1,0,ANON_5G_CON_IMSI_B0_1beb94c807d73224e50b76207b2c137df629bfa87a12cdcedc45d4048a797c7cd161aed6c1ed090b52250927b0
1773874842686884,2,0,ANON_5G_CON_IMSI_B0_1beb94c807d73224e50b76207b2c137df629bfa87a12cdcedc45d4048a797c7cd161aed6c1ed090b52250927b0
1773874852806996,3,0,ANON_5G_CON_IMSI_B0_1beb94c807d73224e50b76207b2c137df629bfa87a12cdcedc45d4048a797c7cd161aed6c1ed090b52250927b0
1773874862931987,4,0,ANON_5G_CON_IMSI_B0_1beb94c807d73224e50b76207b2c137df629bfa87a12cdcedc45d4048a797c7cd161aed6c1ed090b52250927b0
1773875183486000,1,0,ANON_5G_CON_IMSI_B0_5e6481fe41f709e3c21635cd27614b41f01a9676eb384d9f1c9ac25f82bbf10bf8adc6098cdf5c706208f8006e
1773875194525977,2,0,ANON_5G_CON_IMSI_B0_5e6481fe41f709e3c21635cd27614b41f01a9676eb384d9f1c9ac25f82bbf10bf8adc6098cdf5c706208f8006e
1773875808010346,1,0,ANON_5G_CON_IMSI_B0_b3e5f21b0d5a420de8efff8ce976ee2c260436a242b70a7d4f15a63a0e3f4765be81c5c682521c4d1cce02359e
1773875818130256,2,0,ANON_5G_CON_IMSI_B0_b3e5f21b0d5a420de8efff8ce976ee2c260436a242b70a7d4f15a63a0e3f4765be81c5c682521c4d1cce02359e
1773875825730314,3,0,ANON_5G_CON_IMSI_B0_157e3aa6af89a377bf4582638b2c1173b9d959e8efbdd818a61b258f0bc51b606099cec409fcd2a69d46f8e992
1773875828255279,4,0,ANON_5G_CON_IMSI_B0_b3e5f21b0d5a420de8efff8ce976ee2c260436a242b70a7d4f15a63a0e3f4765be81c5c682521c4d1cce02359e
1773875836515185,5,0,ANON_5G_CON_IMSI_B0_157e3aa6af89a377bf4582638b2c1173b9d959e8efbdd818a61b258f0bc51b606099cec409fcd2a69d46f8e992
1773875838375286,6,0,ANON_5G_CON_IMSI_B0_b3e5f21b0d5a420de8efff8ce976ee2c260436a242b70a7d4f15a63a0e3f4765be81c5c682521c4d1cce02359e
1773875846760231,7,0,ANON_5G_CON_IMSI_B0_157e3aa6af89a377bf4582638b2c1173b9d959e8efbdd818a61b258f0bc51b606099cec409fcd2a69d46f8e992
1773875848500214,8,0,ANON_5G_CON_IMSI_B0_b3e5f21b0d5a420de8efff8ce976ee2c260436a242b70a7d4f15a63a0e3f4765be81c5c682521c4d1cce02359e
1773876797957060,1,0,ANON_5G_CON_IMSI_B0_b270068fcec046f9334c68befb05debac66ebc6670e3a9be7b501b4a18fc5308aeb68e737d652b79511f8d4d77
1773876808097000,2,0,ANON_5G_CON_IMSI_B0_b270068fcec046f9334c68befb05debac66ebc6670e3a9be7b501b4a18fc5308aeb68e737d652b79511f8d4d77
1773876818217077,3,0,ANON_5G_CON_IMSI_B0_b270068fcec046f9334c68befb05debac66ebc6670e3a9be7b501b4a18fc5308aeb68e737d652b79511f8d4d77
1773876828342018,4,0,ANON_5G_CON_IMSI_B0_b270068fcec046f9334c68befb05debac66ebc6670e3a9be7b501b4a18fc5308aeb68e737d652b79511f8d4d77
1773876838482139,5,0,ANON_5G_CON_IMSI_B0_b270068fcec046f9334c68befb05debac66ebc6670e3a9be7b501b4a18fc5308aeb68e737d652b79511f8d4d77
1773877143128854,1,0,ANON_5G_CON_IMSI_B0_007c4581c625240a294e07eacd748b54b17e24363fe734e0df4a11fcec76c50f8db72a6a8230c0fa58abcbeed7
1773877154028786,2,0,ANON_5G_CON_IMSI_B0_007c4581c625240a294e07eacd748b54b17e24363fe734e0df4a11fcec76c50f8db72a6a8230c0fa58abcbeed7
1773877164268815,3,0,ANON_5G_CON_IMSI_B0_007c4581c625240a294e07eacd748b54b17e24363fe734e0df4a11fcec76c50f8db72a6a8230c0fa58abcbeed7
1773877789255980,1,0,ANON_5G_CON_IMSI_B0_56928d870765948aa3cde49fbf1b4e1d1e7c32b9959d8e5571ca6084bd58f02ed4d6dd4c4f580b89fc90918fed
1773877799375947,2,0,ANON_5G_CON_IMSI_B0_56928d870765948aa3cde49fbf1b4e1d1e7c32b9959d8e5571ca6084bd58f02ed4d6dd4c4f580b89fc90918fed
1773877809495991,3,0,ANON_5G_CON_IMSI_B0_56928d870765948aa3cde49fbf1b4e1d1e7c32b9959d8e5571ca6084bd58f02ed4d6dd4c4f580b89fc90918fed
1773877819621003,4,0,ANON_5G_CON_IMSI_B0_56928d870765948aa3cde49fbf1b4e1d1e7c32b9959d8e5571ca6084bd58f02ed4d6dd4c4f580b89fc90918fed
1773878113631821,1,0,ANON_5G_CON_IMSI_B0_38ef942b5ec8281147d52f8bb1c4fc55988d463b8064eb9c5a03d28e4e63eb7d17f9041671b256931ddcf07dbd
1773878124511928,2,0,ANON_5G_CON_IMSI_B0_38ef942b5ec8281147d52f8bb1c4fc55988d463b8064eb9c5a03d28e4e63eb7d17f9041671b256931ddcf07dbd
1773878134751743,3,0,ANON_5G_CON_IMSI_B0_38ef942b5ec8281147d52f8bb1c4fc55988d463b8064eb9c5a03d28e4e63eb7d17f9041671b256931ddcf07dbd
1773878144996679,4,0,ANON_5G_CON_IMSI_B0_38ef942b5ec8281147d52f8bb1c4fc55988d463b8064eb9c5a03d28e4e63eb7d17f9041671b256931ddcf07dbd
1773878155216764,5,0,ANON_5G_CON_IMSI_B0_38ef942b5ec8281147d52f8bb1c4fc55988d463b8064eb9c5a03d28e4e63eb7d17f9041671b256931ddcf07dbd
1773878768485869,1,0,ANON_5G_CON_IMSI_B0_0be6236b52f0738fce68e9ef7d19ec8307c7af1027957b31a4fc5e584995d63e843f1f87fd9a4e22e3ba897337
1773878778605869,2,0,ANON_5G_CON_IMSI_B0_0be6236b52f0738fce68e9ef7d19ec8307c7af1027957b31a4fc5e584995d63e843f1f87fd9a4e22e3ba897337
1773878788725818,3,0,ANON_5G_CON_IMSI_B0_0be6236b52f0738fce68e9ef7d19ec8307c7af1027957b31a4fc5e584995d63e843f1f87fd9a4e22e3ba897337
1773878798850850,4,0,ANON_5G_CON_IMSI_B0_0be6236b52f0738fce68e9ef7d19ec8307c7af1027957b31a4fc5e584995d63e843f1f87fd9a4e22e3ba897337
1773878808990913,5,0,ANON_5G_CON_IMSI_B0_0be6236b52f0738fce68e9ef7d19ec8307c7af1027957b31a4fc5e584995d63e843f1f87fd9a4e22e3ba897337
1773879760196784,1,0,ANON_5G_CON_IMSI_B0_f11f0eebaf7cb96412671a09fa0af49fc0e0d66484de9dd0dd43b5d399cf1542fbceb3b9d8ea49ccbbfa3712b9
1773879770316742,2,0,ANON_5G_CON_IMSI_B0_f11f0eebaf7cb96412671a09fa0af49fc0e0d66484de9dd0dd43b5d399cf1542fbceb3b9d8ea49ccbbfa3712b9
1773879780436752,3,0,ANON_5G_CON_IMSI_B0_f11f0eebaf7cb96412671a09fa0af49fc0e0d66484de9dd0dd43b5d399cf1542fbceb3b9d8ea49ccbbfa3712b9
1773879790561797,4,0,ANON_5G_CON_IMSI_B0_f11f0eebaf7cb96412671a09fa0af49fc0e0d66484de9dd0dd43b5d399cf1542fbceb3b9d8ea49ccbbfa3712b9
1773880082032023,1,0,ANON_5G_CON_IMSI_B0_0239d8a8b43cc39ad8a71fd33628b9bcffb7b63eaabe857f069c26b3f20123238c07d46eecbb2bbabcc5d5c574
1773880093331845,2,0,ANON_5G_CON_IMSI_B0_0239d8a8b43cc39ad8a71fd33628b9bcffb7b63eaabe857f069c26b3f20123238c07d46eecbb2bbabcc5d5c574
1773880103571829,3,0,ANON_5G_CON_IMSI_B0_0239d8a8b43cc39ad8a71fd33628b9bcffb7b63eaabe857f069c26b3f20123238c07d46eecbb2bbabcc5d5c574
1773880113816867,4,0,ANON_5G_CON_IMSI_B0_0239d8a8b43cc39ad8a71fd33628b9bcffb7b63eaabe857f069c26b3f20123238c07d46eecbb2bbabcc5d5c574
1773880124056955,5,0,ANON_5G_CON_IMSI_B0_0239d8a8b43cc39ad8a71fd33628b9bcffb7b63eaabe857f069c26b3f20123238c07d46eecbb2bbabcc5d5c574
1773880752655104,1,0,ANON_5G_CON_IMSI_B0_0a5f72e837f2bd745d73c89562f12bf2fa1fec7474bc8a16d551b151d6e622019f97e5404dde648211271d82e3
1773880762775145,2,0,ANON_5G_CON_IMSI_B0_0a5f72e837f2bd745d73c89562f12bf2fa1fec7474bc8a16d551b151d6e622019f97e5404dde648211271d82e3
1773880772895142,3,0,ANON_5G_CON_IMSI_B0_0a5f72e837f2bd745d73c89562f12bf2fa1fec7474bc8a16d551b151d6e622019f97e5404dde648211271d82e3
1773880783020079,4,0,ANON_5G_CON_IMSI_B0_0a5f72e837f2bd745d73c89562f12bf2fa1fec7474bc8a16d551b151d6e622019f97e5404dde648211271d82e3
1773881103222631,1,0,ANON_5G_CON_IMSI_B0_563492c157011d4b8d732de5a8f24590b4878139a2477a4116ca1bcda1003c469a9cb1e188cae2eda46847c1a3
1773881113362554,2,0,ANON_5G_CON_IMSI_B0_563492c157011d4b8d732de5a8f24590b4878139a2477a4116ca1bcda1003c469a9cb1e188cae2eda46847c1a3
1773881441753356,1,0,ANON_5G_CON_IMSI_B0_21fbfb1beb4278d131611fbb5c01a45b0298cb4d144ca957e0b2235762bcf95a072853dfa62b1c16726dde1845
1773881723285835,1,0,ANON_5G_CON_IMSI_B0_a7797ae059b1cb424df73767fac7a565ddaa79ff285d507ff1b58938e084b26579720263fdc497622ca352b7d1
1773881730545776,2,0,ANON_5G_CON_IMSI_B0_3fd1cf2aa0a4a1bff447b145c0d4faaa94ddfc14eb7491541e913a43265cf708965d28cd08962b516e7a92eb82
1773881734385698,3,0,ANON_5G_CON_IMSI_B0_a7797ae059b1cb424df73767fac7a565ddaa79ff285d507ff1b58938e084b26579720263fdc497622ca352b7d1
1773881740670773,4,0,ANON_5G_CON_IMSI_B0_3fd1cf2aa0a4a1bff447b145c0d4faaa94ddfc14eb7491541e913a43265cf708965d28cd08962b516e7a92eb82
1773881744630793,5,0,ANON_5G_CON_IMSI_B0_a7797ae059b1cb424df73767fac7a565ddaa79ff285d507ff1b58938e084b26579720263fdc497622ca352b7d1
1773881750790765,6,0,ANON_5G_CON_IMSI_B0_3fd1cf2aa0a4a1bff447b145c0d4faaa94ddfc14eb7491541e913a43265cf708965d28cd08962b516e7a92eb82
1773881754875726,7,0,ANON_5G_CON_IMSI_B0_a7797ae059b1cb424df73767fac7a565ddaa79ff285d507ff1b58938e084b26579720263fdc497622ca352b7d1
1773881760915698,8,0,ANON_5G_CON_IMSI_B0_3fd1cf2aa0a4a1bff447b145c0d4faaa94ddfc14eb7491541e913a43265cf708965d28cd08962b516e7a92eb82
1773881765115733,9,0,ANON_5G_CON_IMSI_B0_a7797ae059b1cb424df73767fac7a565ddaa79ff285d507ff1b58938e084b26579720263fdc497622ca352b7d1
1773881771040736,10,0,ANON_5G_CON_IMSI_B0_3fd1cf2aa0a4a1bff447b145c0d4faaa94ddfc14eb7491541e913a43265cf708965d28cd08962b516e7a92eb82
1773882713382277,1,0,ANON_5G_CON_IMSI_B0_f9f923e2e70b3f9632373dd9cba4a195e16dc40dea73428d4b97473fe6d8ac363d2ee831904d5b6b7d38a72c28
1773882723502291,2,0,ANON_5G_CON_IMSI_B0_f9f923e2e70b3f9632373dd9cba4a195e16dc40dea73428d4b97473fe6d8ac363d2ee831904d5b6b7d38a72c28
1773882727242290,3,0,ANON_5G_CON_IMSI_B0_b0ad2e8f9a1015b03c57ac029488b89d56fa1be26e57b63aac39c7ebca59f8427533a1915439445cbb09d30c88
1773882733627324,4,0,ANON_5G_CON_IMSI_B0_f9f923e2e70b3f9632373dd9cba4a195e16dc40dea73428d4b97473fe6d8ac363d2ee831904d5b6b7d38a72c28
1773882737387276,5,0,ANON_5G_CON_IMSI_B0_b0ad2e8f9a1015b03c57ac029488b89d56fa1be26e57b63aac39c7ebca59f8427533a1915439445cbb09d30c88
1773882743747276,6,0,ANON_5G_CON_IMSI_B0_f9f923e2e70b3f9632373dd9cba4a195e16dc40dea73428d4b97473fe6d8ac363d2ee831904d5b6b7d38a72c28
1773882747612393,7,0,ANON_5G_CON_IMSI_B0_b0ad2e8f9a1015b03c57ac029488b89d56fa1be26e57b63aac39c7ebca59f8427533a1915439445cbb09d30c88
1773882753892330,8,0,ANON_5G_CON_IMSI_B0_f9f923e2e70b3f9632373dd9cba4a195e16dc40dea73428d4b97473fe6d8ac363d2ee831904d5b6b7d38a72c28
1773882757852296,9,0,ANON_5G_CON_IMSI_B0_b0ad2e8f9a1015b03c57ac029488b89d56fa1be26e57b63aac39c7ebca59f8427533a1915439445cbb09d30c88
1773883043138861,1,0,ANON_5G_CON_IMSI_B0_2fecf5747adba2068d66596554128136984035d929ce7e839987a4cf2b6c456420c1310c5821c6fef1564ce716
1773883054318863,2,0,ANON_5G_CON_IMSI_B0_2fecf5747adba2068d66596554128136984035d929ce7e839987a4cf2b6c456420c1310c5821c6fef1564ce716
1773883064558805,3,0,ANON_5G_CON_IMSI_B0_2fecf5747adba2068d66596554128136984035d929ce7e839987a4cf2b6c456420c1310c5821c6fef1564ce716
1773883074783870,4,0,ANON_5G_CON_IMSI_B0_2fecf5747adba2068d66596554128136984035d929ce7e839987a4cf2b6c456420c1310c5821c6fef1564ce716
1773883085043844,5,0,ANON_5G_CON_IMSI_B0_2fecf5747adba2068d66596554128136984035d929ce7e839987a4cf2b6c456420c1310c5821c6fef1564ce716
1773883707712675,1,0,ANON_5G_CON_IMSI_B0_04e91a5c6472fc1aeecd61aa08ed84dc189823c780b9957af970d92134039d329d49910bdd9affaa73b3cda1d6
1773883717832696,2,0,ANON_5G_CON_IMSI_B0_04e91a5c6472fc1aeecd61aa08ed84dc189823c780b9957af970d92134039d329d49910bdd9affaa73b3cda1d6
1773883727952671,3,0,ANON_5G_CON_IMSI_B0_04e91a5c6472fc1aeecd61aa08ed84dc189823c780b9957af970d92134039d329d49910bdd9affaa73b3cda1d6
1773883738077785,4,0,ANON_5G_CON_IMSI_B0_04e91a5c6472fc1aeecd61aa08ed84dc189823c780b9957af970d92134039d329d49910bdd9affaa73b3cda1d6
1773884681681365,1,0,ANON_5G_CON_IMSI_B0_1d1215f9aa5f04bd80c69477153cbf0f7757f74f3a2cb9e03d64b487a0b3b51af7ff813e7473a7b01fac9f879b
1773884691801343,2,0,ANON_5G_CON_IMSI_B0_1d1215f9aa5f04bd80c69477153cbf0f7757f74f3a2cb9e03d64b487a0b3b51af7ff813e7473a7b01fac9f879b
1773884701921346,3,0,ANON_5G_CON_IMSI_B0_1d1215f9aa5f04bd80c69477153cbf0f7757f74f3a2cb9e03d64b487a0b3b51af7ff813e7473a7b01fac9f879b
1773884712046368,4,0,ANON_5G_CON_IMSI_B0_1d1215f9aa5f04bd80c69477153cbf0f7757f74f3a2cb9e03d64b487a0b3b51af7ff813e7473a7b01fac9f879b
1773884722186391,5,0,ANON_5G_CON_IMSI_B0_1d1215f9aa5f04bd80c69477153cbf0f7757f74f3a2cb9e03d64b487a0b3b51af7ff813e7473a7b01fac9f879b
1773885681016474,1,0,ANON_5G_CON_IMSI_B0_2fce69b7f40e60365741719ccf0d7ec5fb1a1d2af0ec2cf9cddc52dbd7ecde69f985521997953c748eb80e74f3
1773885691136492,2,0,ANON_5G_CON_IMSI_B0_2fce69b7f40e60365741719ccf0d7ec5fb1a1d2af0ec2cf9cddc52dbd7ecde69f985521997953c748eb80e74f3
1773885701256548,3,0,ANON_5G_CON_IMSI_B0_2fce69b7f40e60365741719ccf0d7ec5fb1a1d2af0ec2cf9cddc52dbd7ecde69f985521997953c748eb80e74f3
1773885711421507,4,0,ANON_5G_CON_IMSI_B0_2fce69b7f40e60365741719ccf0d7ec5fb1a1d2af0ec2cf9cddc52dbd7ecde69f985521997953c748eb80e74f3
1773886657636178,1,0,ANON_5G_CON_IMSI_B0_cb913200d5cae8cb9f04a4c644ddea2c7e6a2a5e20941a0c4b948ac0027da51fed0929a1eb7d0cabee64296402
1773886667756010,2,0,ANON_5G_CON_IMSI_B0_cb913200d5cae8cb9f04a4c644ddea2c7e6a2a5e20941a0c4b948ac0027da51fed0929a1eb7d0cabee64296402
1773886677875908,3,0,ANON_5G_CON_IMSI_B0_cb913200d5cae8cb9f04a4c644ddea2c7e6a2a5e20941a0c4b948ac0027da51fed0929a1eb7d0cabee64296402
1773886688000963,4,0,ANON_5G_CON_IMSI_B0_cb913200d5cae8cb9f04a4c644ddea2c7e6a2a5e20941a0c4b948ac0027da51fed0929a1eb7d0cabee64296402
1773886698120884,5,0,ANON_5G_CON_IMSI_B0_cb913200d5cae8cb9f04a4c644ddea2c7e6a2a5e20941a0c4b948ac0027da51fed0929a1eb7d0cabee64296402
1773887640448307,1,0,ANON_5G_CON_IMSI_B0_f2ff969bdf906d5565a35cec36c23cfa1f09f11e1a87cb13cb33c18d5265792581237e4fb91eec3a00ff757b6a
1773887650568348,2,0,ANON_5G_CON_IMSI_B0_f2ff969bdf906d5565a35cec36c23cfa1f09f11e1a87cb13cb33c18d5265792581237e4fb91eec3a00ff757b6a
1773887660688319,3,0,ANON_5G_CON_IMSI_B0_f2ff969bdf906d5565a35cec36c23cfa1f09f11e1a87cb13cb33c18d5265792581237e4fb91eec3a00ff757b6a
1773887670813335,4,0,ANON_5G_CON_IMSI_B0_f2ff969bdf906d5565a35cec36c23cfa1f09f11e1a87cb13cb33c18d5265792581237e4fb91eec3a00ff757b6a
1773887677513438,5,0,ANON_5G_CON_IMSI_B0_00c6425861253b507380d9da83fe8f7785ded3e2e05fc1a321deb3ff5b33057a41e0788576e27a49917093d1aa
1773887680933330,6,0,ANON_5G_CON_IMSI_B0_f2ff969bdf906d5565a35cec36c23cfa1f09f11e1a87cb13cb33c18d5265792581237e4fb91eec3a00ff757b6a
1773887687618335,7,0,ANON_5G_CON_IMSI_B0_00c6425861253b507380d9da83fe8f7785ded3e2e05fc1a321deb3ff5b33057a41e0788576e27a49917093d1aa
1773887985152395,1,0,ANON_5G_CON_IMSI_B0_f666c644bc0a5a2fb7cc4e57e0dddb193bff2712ad4d73258e09243e06a5335771e3b7679e55963c22e3ca43e6
1773887996192307,2,0,ANON_5G_CON_IMSI_B0_f666c644bc0a5a2fb7cc4e57e0dddb193bff2712ad4d73258e09243e06a5335771e3b7679e55963c22e3ca43e6
1773888006432266,3,0,ANON_5G_CON_IMSI_B0_f666c644bc0a5a2fb7cc4e57e0dddb193bff2712ad4d73258e09243e06a5335771e3b7679e55963c22e3ca43e6
1773888016677143,4,0,ANON_5G_CON_IMSI_B0_f666c644bc0a5a2fb7cc4e57e0dddb193bff2712ad4d73258e09243e06a5335771e3b7679e55963c22e3ca43e6
1773888634064110,1,0,ANON_5G_CON_IMSI_B0_cdcdf81256dd3d0849089f5162dec4c854c04f22dc1e9cc6133f3996b2f9904f7fc546932e343e38963de2d136
1773888644184169,2,0,ANON_5G_CON_IMSI_B0_cdcdf81256dd3d0849089f5162dec4c854c04f22dc1e9cc6133f3996b2f9904f7fc546932e343e38963de2d136
1773888654304157,3,0,ANON_5G_CON_IMSI_B0_cdcdf81256dd3d0849089f5162dec4c854c04f22dc1e9cc6133f3996b2f9904f7fc546932e343e38963de2d136
1773888664429227,4,0,ANON_5G_CON_IMSI_B0_cdcdf81256dd3d0849089f5162dec4c854c04f22dc1e9cc6133f3996b2f9904f7fc546932e343e38963de2d136
1773888674569199,5,0,ANON_5G_CON_IMSI_B0_cdcdf81256dd3d0849089f5162dec4c854c04f22dc1e9cc6133f3996b2f9904f7fc546932e343e38963de2d136
1773888986579497,1,0,ANON_5G_CON_IMSI_B0_bde749b0e0e9beb9a7de097e4ec222f8b664a037d1b7e1fb3a089fc485bad3162bb16e6808101d87dd7830882d
1773888997419420,2,0,ANON_5G_CON_IMSI_B0_bde749b0e0e9beb9a7de097e4ec222f8b664a037d1b7e1fb3a089fc485bad3162bb16e6808101d87dd7830882d
1773889622154870,1,0,ANON_5G_CON_IMSI_B0_ada0a199ba51336eb63a50d1f3cfdaa19dcf396258e0a6978fd81d1d9cb4a35849945658ff98a53db4d39a0246
1773889632274896,2,0,ANON_5G_CON_IMSI_B0_ada0a199ba51336eb63a50d1f3cfdaa19dcf396258e0a6978fd81d1d9cb4a35849945658ff98a53db4d39a0246
1773889642394882,3,0,ANON_5G_CON_IMSI_B0_ada0a199ba51336eb63a50d1f3cfdaa19dcf396258e0a6978fd81d1d9cb4a35849945658ff98a53db4d39a0246
1773889652519900,4,0,ANON_5G_CON_IMSI_B0_ada0a199ba51336eb63a50d1f3cfdaa19dcf396258e0a6978fd81d1d9cb4a35849945658ff98a53db4d39a0246
1773889662659933,5,0,ANON_5G_CON_IMSI_B0_ada0a199ba51336eb63a50d1f3cfdaa19dcf396258e0a6978fd81d1d9cb4a35849945658ff98a53db4d39a0246
1773890318482524,1,0,ANON_5G_CON_IMSI_B0_38daa2ccc44b1020f0b6b1aef789bb99878477d6efd72d6d5129b8cd24d4596b218af7cf6124eb08b21b60b1cf
1773890606009488,1,0,ANON_5G_CON_IMSI_B0_b77ceb93a1a1684d3a85ca57b6a713565c8c2f80701a52fa74617d6d85c21630a2cdc9d49d0ac7cf49532ec411
1773890616129482,2,0,ANON_5G_CON_IMSI_B0_b77ceb93a1a1684d3a85ca57b6a713565c8c2f80701a52fa74617d6d85c21630a2cdc9d49d0ac7cf49532ec411
1773890626249565,3,0,ANON_5G_CON_IMSI_B0_b77ceb93a1a1684d3a85ca57b6a713565c8c2f80701a52fa74617d6d85c21630a2cdc9d49d0ac7cf49532ec411
1773890636374353,4,0,ANON_5G_CON_IMSI_B0_b77ceb93a1a1684d3a85ca57b6a713565c8c2f80701a52fa74617d6d85c21630a2cdc9d49d0ac7cf49532ec411
1773890646514487,5,0,ANON_5G_CON_IMSI_B0_b77ceb93a1a1684d3a85ca57b6a713565c8c2f80701a52fa74617d6d85c21630a2cdc9d49d0ac7cf49532ec411
1773891591035776,1,0,ANON_5G_CON_IMSI_B0_f59fee5d650c13d805fb04f6fa6f4f242c0b24bb60da08d7f50017828f51bd02df5b1cc225381335918b59f978
1773891601155786,2,0,ANON_5G_CON_IMSI_B0_f59fee5d650c13d805fb04f6fa6f4f242c0b24bb60da08d7f50017828f51bd02df5b1cc225381335918b59f978
1773891611275863,3,0,ANON_5G_CON_IMSI_B0_f59fee5d650c13d805fb04f6fa6f4f242c0b24bb60da08d7f50017828f51bd02df5b1cc225381335918b59f978
1773891621400735,4,0,ANON_5G_CON_IMSI_B0_f59fee5d650c13d805fb04f6fa6f4f242c0b24bb60da08d7f50017828f51bd02df5b1cc225381335918b59f978
1773891631540820,5,0,ANON_5G_CON_IMSI_B0_f59fee5d650c13d805fb04f6fa6f4f242c0b24bb60da08d7f50017828f51bd02df5b1cc225381335918b59f978
1773892579134133,1,0,ANON_5G_CON_IMSI_B0_e8eab626ea400b78d990c2047a9215462ef7498da55d7e8927bf8da30b565e3fd32524bd9283f22806952da764
1773892589254046,2,0,ANON_5G_CON_IMSI_B0_e8eab626ea400b78d990c2047a9215462ef7498da55d7e8927bf8da30b565e3fd32524bd9283f22806952da764
1773892599374060,3,0,ANON_5G_CON_IMSI_B0_e8eab626ea400b78d990c2047a9215462ef7498da55d7e8927bf8da30b565e3fd32524bd9283f22806952da764
1773892609498927,4,0,ANON_5G_CON_IMSI_B0_e8eab626ea400b78d990c2047a9215462ef7498da55d7e8927bf8da30b565e3fd32524bd9283f22806952da764
1773892619619002,5,0,ANON_5G_CON_IMSI_B0_e8eab626ea400b78d990c2047a9215462ef7498da55d7e8927bf8da30b565e3fd32524bd9283f22806952da764
1773892936700877,1,0,ANON_5G_CON_IMSI_B0_76319bc0ffced1d8e0d9303ca362a6aa75dc6364f2fc335f7ca8f1043103267a2badcd1c32e0aced1fab2fa2de
1773892947540758,2,0,ANON_5G_CON_IMSI_B0_76319bc0ffced1d8e0d9303ca362a6aa75dc6364f2fc335f7ca8f1043103267a2badcd1c32e0aced1fab2fa2de
1773893557227888,1,0,ANON_5G_CON_IMSI_B0_a85e8f9a5f752a01d47905d7a63aa49f76041ffaae37f3b7253796728d1a7e56c965d7934e8704d60ab9714c9a
1773893567347831,2,0,ANON_5G_CON_IMSI_B0_a85e8f9a5f752a01d47905d7a63aa49f76041ffaae37f3b7253796728d1a7e56c965d7934e8704d60ab9714c9a
1773893577467809,3,0,ANON_5G_CON_IMSI_B0_a85e8f9a5f752a01d47905d7a63aa49f76041ffaae37f3b7253796728d1a7e56c965d7934e8704d60ab9714c9a
1773893587592904,4,0,ANON_5G_CON_IMSI_B0_a85e8f9a5f752a01d47905d7a63aa49f76041ffaae37f3b7253796728d1a7e56c965d7934e8704d60ab9714c9a
1773893597732948,5,0,ANON_5G_CON_IMSI_B0_a85e8f9a5f752a01d47905d7a63aa49f76041ffaae37f3b7253796728d1a7e56c965d7934e8704d60ab9714c9a
1773893912341683,1,0,ANON_5G_CON_IMSI_B0_985893f24e9aa6e78734ee0103ee0315f86039970496a30020eec3fbdb0cf137c2c3c70d73226221187847ab98
1773893923461585,2,0,ANON_5G_CON_IMSI_B0_985893f24e9aa6e78734ee0103ee0315f86039970496a30020eec3fbdb0cf137c2c3c70d73226221187847ab98
1773893933681628,3,0,ANON_5G_CON_IMSI_B0_985893f24e9aa6e78734ee0103ee0315f86039970496a30020eec3fbdb0cf137c2c3c70d73226221187847ab98
1773894587813100,1,0,ANON_5G_CON_IMSI_B0_e66c9a77a2bbddf450560300135d1942d466c038c92009e106e7a8ef34dbf0698d3850cdb5ed0d974e4c8e023b
1773894883569128,1,0,ANON_5G_CON_IMSI_B0_039857654effd5f5a0fc2a74a7a70ffadc27ab72c9598e99908a89636f74f44e8780cbd39ba383b366c408e034
1773894893689046,2,0,ANON_5G_CON_IMSI_B0_039857654effd5f5a0fc2a74a7a70ffadc27ab72c9598e99908a89636f74f44e8780cbd39ba383b366c408e034
1773894903809056,3,0,ANON_5G_CON_IMSI_B0_039857654effd5f5a0fc2a74a7a70ffadc27ab72c9598e99908a89636f74f44e8780cbd39ba383b366c408e034
1773894913933990,4,0,ANON_5G_CON_IMSI_B0_039857654effd5f5a0fc2a74a7a70ffadc27ab72c9598e99908a89636f74f44e8780cbd39ba383b366c408e034
1773895562001843,1,0,ANON_5G_CON_IMSI_B0_30b99c45c422aeda537b4bffb9de479803cb050da7c1ed95c18e06e74930cd47a6f5a62e35163ff4109c8e6ee6
1773895572141661,2,0,ANON_5G_CON_IMSI_B0_30b99c45c422aeda537b4bffb9de479803cb050da7c1ed95c18e06e74930cd47a6f5a62e35163ff4109c8e6ee6
1773895871016391,1,0,ANON_5G_CON_IMSI_B0_ae92697e02d27158460d6d2285cee8c48c97af602c823a76464cf66eeb05837462569e4361b1f8f1ed4ecf84d5
1773895881136385,2,0,ANON_5G_CON_IMSI_B0_ae92697e02d27158460d6d2285cee8c48c97af602c823a76464cf66eeb05837462569e4361b1f8f1ed4ecf84d5
1773895891256353,3,0,ANON_5G_CON_IMSI_B0_ae92697e02d27158460d6d2285cee8c48c97af602c823a76464cf66eeb05837462569e4361b1f8f1ed4ecf84d5
1773895901381318,4,0,ANON_5G_CON_IMSI_B0_ae92697e02d27158460d6d2285cee8c48c97af602c823a76464cf66eeb05837462569e4361b1f8f1ed4ecf84d5
1773896190458283,1,0,ANON_5G_CON_IMSI_B0_ac0f1c53f84b1d24e0d1ff6d0bdf169facdfb593062de4c4c1ac6a7f2377b0037b3954a50310cc39c03a9a4b6d
1773896201638195,2,0,ANON_5G_CON_IMSI_B0_ac0f1c53f84b1d24e0d1ff6d0bdf169facdfb593062de4c4c1ac6a7f2377b0037b3954a50310cc39c03a9a4b6d
1773896211858249,3,0,ANON_5G_CON_IMSI_B0_ac0f1c53f84b1d24e0d1ff6d0bdf169facdfb593062de4c4c1ac6a7f2377b0037b3954a50310cc39c03a9a4b6d
1773896222103162,4,0,ANON_5G_CON_IMSI_B0_ac0f1c53f84b1d24e0d1ff6d0bdf169facdfb593062de4c4c1ac6a7f2377b0037b3954a50310cc39c03a9a4b6d
1773896232343157,5,0,ANON_5G_CON_IMSI_B0_ac0f1c53f84b1d24e0d1ff6d0bdf169facdfb593062de4c4c1ac6a7f2377b0037b3954a50310cc39c03a9a4b6d
1773896853826778,1,0,ANON_5G_CON_IMSI_B0_54f59c697c454a652c9b34ec7ff9beeaa73d877763994549c98a159dd77d8d3a7ffea251960e1f9595a37d8772
1773896863946811,2,0,ANON_5G_CON_IMSI_B0_54f59c697c454a652c9b34ec7ff9beeaa73d877763994549c98a159dd77d8d3a7ffea251960e1f9595a37d8772
1773896874066808,3,0,ANON_5G_CON_IMSI_B0_54f59c697c454a652c9b34ec7ff9beeaa73d877763994549c98a159dd77d8d3a7ffea251960e1f9595a37d8772
1773896884191694,4,0,ANON_5G_CON_IMSI_B0_54f59c697c454a652c9b34ec7ff9beeaa73d877763994549c98a159dd77d8d3a7ffea251960e1f9595a37d8772
1773896894331861,5,0,ANON_5G_CON_IMSI_B0_54f59c697c454a652c9b34ec7ff9beeaa73d877763994549c98a159dd77d8d3a7ffea251960e1f9595a37d8772
1773897839866275,1,0,ANON_5G_CON_IMSI_B0_11a5abed557c3ce81e255a934abf5987da240192b180c0d964041cdadf8249110205d4d05a1e502fe735bd2487
1773897849406383,2,0,ANON_5G_CON_IMSI_B0_03dab8259183b3ce74b30f52cf0d81dd993a063d0c5f44917559c7fad80fdd5a4f03396ec0ffafc95f810a10a9
1773897849986412,3,0,ANON_5G_CON_IMSI_B0_11a5abed557c3ce81e255a934abf5987da240192b180c0d964041cdadf8249110205d4d05a1e502fe735bd2487
1773897860111281,4,0,ANON_5G_CON_IMSI_B0_11a5abed557c3ce81e255a934abf5987da240192b180c0d964041cdadf8249110205d4d05a1e502fe735bd2487
1773897860311471,5,0,ANON_5G_CON_IMSI_B0_03dab8259183b3ce74b30f52cf0d81dd993a063d0c5f44917559c7fad80fdd5a4f03396ec0ffafc95f810a10a9
1773897870231337,6,0,ANON_5G_CON_IMSI_B0_11a5abed557c3ce81e255a934abf5987da240192b180c0d964041cdadf8249110205d4d05a1e502fe735bd2487
1773897870556331,7,0,ANON_5G_CON_IMSI_B0_03dab8259183b3ce74b30f52cf0d81dd993a063d0c5f44917559c7fad80fdd5a4f03396ec0ffafc95f810a10a9
1773897880356262,8,0,ANON_5G_CON_IMSI_B0_11a5abed557c3ce81e255a934abf5987da240192b180c0d964041cdadf8249110205d4d05a1e502fe735bd2487
1773897880796418,9,0,ANON_5G_CON_IMSI_B0_03dab8259183b3ce74b30f52cf0d81dd993a063d0c5f44917559c7fad80fdd5a4f03396ec0ffafc95f810a10a9
1773898191394406,1,0,ANON_5G_CON_IMSI_B0_29891c76f87e9bde2508f6e971acb79042416e8efb17d54b032365040e64cf3e5d1e2bd3769dd392a12a7d1f70
1773898201654322,2,0,ANON_5G_CON_IMSI_B0_29891c76f87e9bde2508f6e971acb79042416e8efb17d54b032365040e64cf3e5d1e2bd3769dd392a12a7d1f70
1773898492003875,1,0,ANON_5G_CON_IMSI_B0_d82d99fc0d4aa70f06ba0b80c7bb46f4751c802e59c691c1b11bf7cf27e5f226bdd5d094623e0d2c36a4f13445
1773898503283850,2,0,ANON_5G_CON_IMSI_B0_d82d99fc0d4aa70f06ba0b80c7bb46f4751c802e59c691c1b11bf7cf27e5f226bdd5d094623e0d2c36a4f13445
1773898513383681,3,0,ANON_5G_CON_IMSI_B0_d82d99fc0d4aa70f06ba0b80c7bb46f4751c802e59c691c1b11bf7cf27e5f226bdd5d094623e0d2c36a4f13445
1773898523488758,4,0,ANON_5G_CON_IMSI_B0_d82d99fc0d4aa70f06ba0b80c7bb46f4751c802e59c691c1b11bf7cf27e5f226bdd5d094623e0d2c36a4f13445
1773898533988826,5,0,ANON_5G_CON_IMSI_B0_d82d99fc0d4aa70f06ba0b80c7bb46f4751c802e59c691c1b11bf7cf27e5f226bdd5d094623e0d2c36a4f13445
1773899814140293,1,0,ANON_5G_CON_IMSI_B0_980b87e210ccdf2a704dec845c236f1b5c7da57a63e90a770aa8feef81db4b02e51dc54a45e727be4804488660
1773899824340193,2,0,ANON_5G_CON_IMSI_B0_980b87e210ccdf2a704dec845c236f1b5c7da57a63e90a770aa8feef81db4b02e51dc54a45e727be4804488660
1773899829060239,3,0,ANON_5G_CON_IMSI_B0_b53522df068a7dce2403f8b3fac2054aced5d9126a4acae366d35eee04ff711c5378f5ea4ce0383075598ba3e9
1773899835285288,4,0,ANON_5G_CON_IMSI_B0_980b87e210ccdf2a704dec845c236f1b5c7da57a63e90a770aa8feef81db4b02e51dc54a45e727be4804488660
1773899839205285,5,0,ANON_5G_CON_IMSI_B0_b53522df068a7dce2403f8b3fac2054aced5d9126a4acae366d35eee04ff711c5378f5ea4ce0383075598ba3e9
1773899845545198,6,0,ANON_5G_CON_IMSI_B0_980b87e210ccdf2a704dec845c236f1b5c7da57a63e90a770aa8feef81db4b02e51dc54a45e727be4804488660
1773899849330261,7,0,ANON_5G_CON_IMSI_B0_b53522df068a7dce2403f8b3fac2054aced5d9126a4acae366d35eee04ff711c5378f5ea4ce0383075598ba3e9
1773900497668491,1,0,ANON_5G_CON_IMSI_B0_2cac5a3c1d395b101bd68899ebb454c0dfd2c334eb741195b86dde6b9f54f74b0cbd95ed6aa1b0d23f01e3c948
1773900507368439,2,0,ANON_5G_CON_IMSI_B0_2d94641d586908ce5d15c0771494ab46e686ebd0f1cb056abaf67fd19dc1276210e9247ababeca61800dfd2c7b
1773900507808402,3,0,ANON_5G_CON_IMSI_B0_2cac5a3c1d395b101bd68899ebb454c0dfd2c334eb741195b86dde6b9f54f74b0cbd95ed6aa1b0d23f01e3c948
1773900815239590,1,0,ANON_5G_CON_IMSI_B0_376bb2e27d4cc7208f0970f219b001f2ad35dfd41a3f4ba87b80b8e1b3215d426a6e9a47bce0d5e59e413d8ed3
1773900825359602,2,0,ANON_5G_CON_IMSI_B0_376bb2e27d4cc7208f0970f219b001f2ad35dfd41a3f4ba87b80b8e1b3215d426a6e9a47bce0d5e59e413d8ed3
1773900835479565,3,0,ANON_5G_CON_IMSI_B0_376bb2e27d4cc7208f0970f219b001f2ad35dfd41a3f4ba87b80b8e1b3215d426a6e9a47bce0d5e59e413d8ed3
1773901138827706,1,0,ANON_5G_CON_IMSI_B0_5e6c3ba5073e13195ec32128ed377cc4f3369c3c4a01f1bf46be4c0c76b3690580a5694684f1de26477b0d436a
1773901148967690,2,0,ANON_5G_CON_IMSI_B0_5e6c3ba5073e13195ec32128ed377cc4f3369c3c4a01f1bf46be4c0c76b3690580a5694684f1de26477b0d436a
1773901159107589,3,0,ANON_5G_CON_IMSI_B0_5e6c3ba5073e13195ec32128ed377cc4f3369c3c4a01f1bf46be4c0c76b3690580a5694684f1de26477b0d436a
1773901169252556,4,0,ANON_5G_CON_IMSI_B0_5e6c3ba5073e13195ec32128ed377cc4f3369c3c4a01f1bf46be4c0c76b3690580a5694684f1de26477b0d436a
1773901458507547,1,0,ANON_5G_CON_IMSI_B0_16bae4d9a43077cda1899b3569efdc3c98be4cf2934ec5c6a10f28264efea5723276504796b5f680158908d9ca
1773901469307371,2,0,ANON_5G_CON_IMSI_B0_16bae4d9a43077cda1899b3569efdc3c98be4cf2934ec5c6a10f28264efea5723276504796b5f680158908d9ca
1773901479547450,3,0,ANON_5G_CON_IMSI_B0_16bae4d9a43077cda1899b3569efdc3c98be4cf2934ec5c6a10f28264efea5723276504796b5f680158908d9ca
1773901489792364,4,0,ANON_5G_CON_IMSI_B0_16bae4d9a43077cda1899b3569efdc3c98be4cf2934ec5c6a10f28264efea5723276504796b5f680158908d9ca
1773902436656412,1,0,ANON_5G_CON_IMSI_B0_7240423417338c341dfe6a8037bdd11a86b1fc947fd02a2d0d445c6350ead56a300e54aed124e5d044f186876e
1773902446796460,2,0,ANON_5G_CON_IMSI_B0_7240423417338c341dfe6a8037bdd11a86b1fc947fd02a2d0d445c6350ead56a300e54aed124e5d044f186876e
1773902448276463,3,0,ANON_5G_CON_IMSI_B0_585b8dc5029487b0f4118ca76e482feb63556105ab959420c0434a1a9f701f24b7d9051118a209f59b8ffc7ffe
1773902456941488,4,0,ANON_5G_CON_IMSI_B0_7240423417338c341dfe6a8037bdd11a86b1fc947fd02a2d0d445c6350ead56a300e54aed124e5d044f186876e
1773902458381549,5,0,ANON_5G_CON_IMSI_B0_585b8dc5029487b0f4118ca76e482feb63556105ab959420c0434a1a9f701f24b7d9051118a209f59b8ffc7ffe
1773902467061552,6,0,ANON_5G_CON_IMSI_B0_7240423417338c341dfe6a8037bdd11a86b1fc947fd02a2d0d445c6350ead56a300e54aed124e5d044f186876e
1773902469666485,7,0,ANON_5G_CON_IMSI_B0_585b8dc5029487b0f4118ca76e482feb63556105ab959420c0434a1a9f701f24b7d9051118a209f59b8ffc7ffe
1773902477186519,8,0,ANON_5G_CON_IMSI_B0_7240423417338c341dfe6a8037bdd11a86b1fc947fd02a2d0d445c6350ead56a300e54aed124e5d044f186876e
1773902479906417,9,0,ANON_5G_CON_IMSI_B0_585b8dc5029487b0f4118ca76e482feb63556105ab959420c0434a1a9f701f24b7d9051118a209f59b8ffc7ffe
1773902799992822,1,0,ANON_5G_CON_IMSI_B0_d23270997fa792ee2161b34da7d7fd1c5c7badbc72a3bb0a230ceba34beb98374ff78f64864e9cef889def959c
1773902810912734,2,0,ANON_5G_CON_IMSI_B0_d23270997fa792ee2161b34da7d7fd1c5c7badbc72a3bb0a230ceba34beb98374ff78f64864e9cef889def959c
1773903423490958,1,0,ANON_5G_CON_IMSI_B0_2b50f3d6fadc47d586e8547a92127384726690f9ca6ca48058739c8b0e5dae30fe58c6928408810cb47b137883
1773903433910899,2,0,ANON_5G_CON_IMSI_B0_2b50f3d6fadc47d586e8547a92127384726690f9ca6ca48058739c8b0e5dae30fe58c6928408810cb47b137883
1773903444150968,3,0,ANON_5G_CON_IMSI_B0_2b50f3d6fadc47d586e8547a92127384726690f9ca6ca48058739c8b0e5dae30fe58c6928408810cb47b137883
1773903454395945,4,0,ANON_5G_CON_IMSI_B0_2b50f3d6fadc47d586e8547a92127384726690f9ca6ca48058739c8b0e5dae30fe58c6928408810cb47b137883
1773903464616053,5,0,ANON_5G_CON_IMSI_B0_2b50f3d6fadc47d586e8547a92127384726690f9ca6ca48058739c8b0e5dae30fe58c6928408810cb47b137883
1773903758028978,1,0,ANON_5G_CON_IMSI_B0_cf0795e171d191760b5ce414c7fd1f088a673060a7235e7a1b4c1641b5c4584e7c9e324834b5a44ccd1b57e319
1773904077992215,1,0,ANON_5G_CON_IMSI_B0_215b01cb7f2fc421161bd82e181ca1069c976f804cc846009c4c26df3373692285ffb61a37a41775bdb0bd20b7
1773904088132115,2,0,ANON_5G_CON_IMSI_B0_215b01cb7f2fc421161bd82e181ca1069c976f804cc846009c4c26df3373692285ffb61a37a41775bdb0bd20b7
1773904098272136,3,0,ANON_5G_CON_IMSI_B0_215b01cb7f2fc421161bd82e181ca1069c976f804cc846009c4c26df3373692285ffb61a37a41775bdb0bd20b7
1773904108417114,4,0,ANON_5G_CON_IMSI_B0_215b01cb7f2fc421161bd82e181ca1069c976f804cc846009c4c26df3373692285ffb61a37a41775bdb0bd20b7
1773904118557170,5,0,ANON_5G_CON_IMSI_B0_215b01cb7f2fc421161bd82e181ca1069c976f804cc846009c4c26df3373692285ffb61a37a41775bdb0bd20b7
1773904774502478,1,0,ANON_5G_CON_IMSI_B0_54eb006d33c65f9144925bc64a37f74e9f1b97fe8ee1cf376cff0a4e42433b373fd45156f0f4accb468916b611
1773904785122440,2,0,ANON_5G_CON_IMSI_B0_54eb006d33c65f9144925bc64a37f74e9f1b97fe8ee1cf376cff0a4e42433b373fd45156f0f4accb468916b611
1773905414907575,1,0,ANON_5G_CON_IMSI_B0_92c114b81a36af35426b736059f6d4a71cdb7fc514b6a4f2e1d2d193ead2642338c04835c1fda5667d36e7f531
1773905425007495,2,0,ANON_5G_CON_IMSI_B0_92c114b81a36af35426b736059f6d4a71cdb7fc514b6a4f2e1d2d193ead2642338c04835c1fda5667d36e7f531
1773905435227417,3,0,ANON_5G_CON_IMSI_B0_92c114b81a36af35426b736059f6d4a71cdb7fc514b6a4f2e1d2d193ead2642338c04835c1fda5667d36e7f531
1773906074864820,1,0,ANON_5G_CON_IMSI_B0_573bdc30c1278810535088e044869e35efe00ba8a10c5c810d72b654e6147837b9e68ba81116200a05c4d7edd2
1773906085004842,2,0,ANON_5G_CON_IMSI_B0_573bdc30c1278810535088e044869e35efe00ba8a10c5c810d72b654e6147837b9e68ba81116200a05c4d7edd2
1773906086484761,3,0,ANON_5G_CON_IMSI_B0_e0ed98709c9e01f77b6a67c0f9d5edb1779ce2d5a7692c009e3a0a007f18f347e00e2a6dde9bddbd9383094ebf
1773906095149839,4,0,ANON_5G_CON_IMSI_B0_573bdc30c1278810535088e044869e35efe00ba8a10c5c810d72b654e6147837b9e68ba81116200a05c4d7edd2
1773906097109772,5,0,ANON_5G_CON_IMSI_B0_e0ed98709c9e01f77b6a67c0f9d5edb1779ce2d5a7692c009e3a0a007f18f347e00e2a6dde9bddbd9383094ebf
1773906382408588,1,0,ANON_5G_CON_IMSI_B0_6e5793e8574816e16ccdc85c58d589199e8e8561c5f84781d1f5a42471bffc5d01aa46d531f2abe5ef905e90ec
1773906393748538,2,0,ANON_5G_CON_IMSI_B0_6e5793e8574816e16ccdc85c58d589199e8e8561c5f84781d1f5a42471bffc5d01aa46d531f2abe5ef905e90ec
1773906403988499,3,0,ANON_5G_CON_IMSI_B0_6e5793e8574816e16ccdc85c58d589199e8e8561c5f84781d1f5a42471bffc5d01aa46d531f2abe5ef905e90ec
1773906414213495,4,0,ANON_5G_CON_IMSI_B0_6e5793e8574816e16ccdc85c58d589199e8e8561c5f84781d1f5a42471bffc5d01aa46d531f2abe5ef905e90ec
1773906418793428,5,0,ANON_5G_CON_IMSI_B0_ff0773661fb6f46e1be9fc211c026bc9c971a643ab505daed4a24e6a9be8626415ab48b39c047edc5808fb827e
1773906424473563,6,0,ANON_5G_CON_IMSI_B0_6e5793e8574816e16ccdc85c58d589199e8e8561c5f84781d1f5a42471bffc5d01aa46d531f2abe5ef905e90ec
1773906428918495,7,0,ANON_5G_CON_IMSI_B0_ff0773661fb6f46e1be9fc211c026bc9c971a643ab505daed4a24e6a9be8626415ab48b39c047edc5808fb827e
1773906719037816,1,0,ANON_5G_CON_IMSI_B0_ff0773661fb6f46e1be9fc211c026bc9c971a643ab505daed4a24e6a9be8626415ab48b39c047edc5808fb827e
1773906729177844,2,0,ANON_5G_CON_IMSI_B0_ff0773661fb6f46e1be9fc211c026bc9c971a643ab505daed4a24e6a9be8626415ab48b39c047edc5808fb827e
1773906739317806,3,0,ANON_5G_CON_IMSI_B0_ff0773661fb6f46e1be9fc211c026bc9c971a643ab505daed4a24e6a9be8626415ab48b39c047edc5808fb827e
1773906749462830,4,0,ANON_5G_CON_IMSI_B0_ff0773661fb6f46e1be9fc211c026bc9c971a643ab505daed4a24e6a9be8626415ab48b39c047edc5808fb827e
1773907403771090,1,0,ANON_5G_CON_IMSI_B0_2b9fd4b32870c9fb1254b1324762f34e6a35a7d2cc23b7c2dbc4077ea528ed4f1f09e7d6d6bf244cf7cc29da07
1773907414331144,2,0,ANON_5G_CON_IMSI_B0_2b9fd4b32870c9fb1254b1324762f34e6a35a7d2cc23b7c2dbc4077ea528ed4f1f09e7d6d6bf244cf7cc29da07
1773907707279111,1,0,ANON_5G_CON_IMSI_B0_7b6943847cad08663255b08e6fa94052ffdb746ab966f8eee61605108851433aaddf84590067b47b1cf9813113
1773907718039095,2,0,ANON_5G_CON_IMSI_B0_7b6943847cad08663255b08e6fa94052ffdb746ab966f8eee61605108851433aaddf84590067b47b1cf9813113
1773907728279108,3,0,ANON_5G_CON_IMSI_B0_7b6943847cad08663255b08e6fa94052ffdb746ab966f8eee61605108851433aaddf84590067b47b1cf9813113
1773907738524115,4,0,ANON_5G_CON_IMSI_B0_7b6943847cad08663255b08e6fa94052ffdb746ab966f8eee61605108851433aaddf84590067b47b1cf9813113
1773907743024070,5,0,ANON_5G_CON_IMSI_B0_fef1912a4d0dfd5920acb6f02ba0cec38650bdff1a62344a48317a21397a665394d041350f7b162ecc27f8dc01
1773908028602298,1,0,ANON_5G_CON_IMSI_B0_6a0da35296600631275390546bbf6a9548d10792999d1c19d51a4288c8355a4b567b2dd4f1e46b5449da7f19b2
1773908038722386,2,0,ANON_5G_CON_IMSI_B0_6a0da35296600631275390546bbf6a9548d10792999d1c19d51a4288c8355a4b567b2dd4f1e46b5449da7f19b2
1773908048842327,3,0,ANON_5G_CON_IMSI_B0_6a0da35296600631275390546bbf6a9548d10792999d1c19d51a4288c8355a4b567b2dd4f1e46b5449da7f19b2
1773908058967356,4,0,ANON_5G_CON_IMSI_B0_6a0da35296600631275390546bbf6a9548d10792999d1c19d51a4288c8355a4b567b2dd4f1e46b5449da7f19b2
1773908069107283,5,0,ANON_5G_CON_IMSI_B0_6a0da35296600631275390546bbf6a9548d10792999d1c19d51a4288c8355a4b567b2dd4f1e46b5449da7f19b2
1773909294762706,1,0,ANON_5G_CON_IMSI_B0_b5fb769f853b2a08adf53a52e199d1626dc0b7314a5323c6169166a1aff59262e6615a1c436a11e7f4f88709b1
1773909299782709,2,0,ANON_5G_CON_IMSI_B0_c99cfd1be67128ad9041cfa25a2fd7aa7ecc3dbfc7f4c557a8b6b1474e03a016dec1747cf6839cb5494f571b5f
1773909305822714,3,0,ANON_5G_CON_IMSI_B0_b5fb769f853b2a08adf53a52e199d1626dc0b7314a5323c6169166a1aff59262e6615a1c436a11e7f4f88709b1
1773909309927639,4,0,ANON_5G_CON_IMSI_B0_c99cfd1be67128ad9041cfa25a2fd7aa7ecc3dbfc7f4c557a8b6b1474e03a016dec1747cf6839cb5494f571b5f
1773909316047673,5,0,ANON_5G_CON_IMSI_B0_b5fb769f853b2a08adf53a52e199d1626dc0b7314a5323c6169166a1aff59262e6615a1c436a11e7f4f88709b1
1773909320047662,6,0,ANON_5G_CON_IMSI_B0_c99cfd1be67128ad9041cfa25a2fd7aa7ecc3dbfc7f4c557a8b6b1474e03a016dec1747cf6839cb5494f571b5f
1773909326312658,7,0,ANON_5G_CON_IMSI_B0_b5fb769f853b2a08adf53a52e199d1626dc0b7314a5323c6169166a1aff59262e6615a1c436a11e7f4f88709b1
1773909606943818,1,0,ANON_5G_CON_IMSI_B0_7e6ad6464d069dab4661cc3836f6fec66e762b7670ba7588b5d1325e43e46b60c0276cc300f2cb599b316a0323
1773909617063829,2,0,ANON_5G_CON_IMSI_B0_7e6ad6464d069dab4661cc3836f6fec66e762b7670ba7588b5d1325e43e46b60c0276cc300f2cb599b316a0323
1773909627183753,3,0,ANON_5G_CON_IMSI_B0_7e6ad6464d069dab4661cc3836f6fec66e762b7670ba7588b5d1325e43e46b60c0276cc300f2cb599b316a0323
1773909637308820,4,0,ANON_5G_CON_IMSI_B0_7e6ad6464d069dab4661cc3836f6fec66e762b7670ba7588b5d1325e43e46b60c0276cc300f2cb599b316a0323
1773909646088849,5,0,ANON_5G_CON_IMSI_B0_16899aab3671b7835d8c148bd5858070dfbdfe38bc20c0c3382be1e0957ff166a9bf94898279e5bf61e3092776
1773909647428757,6,0,ANON_5G_CON_IMSI_B0_7e6ad6464d069dab4661cc3836f6fec66e762b7670ba7588b5d1325e43e46b60c0276cc300f2cb599b316a0323
1773909937609727,1,0,ANON_5G_CON_IMSI_B0_f93d945a675203cb1ff973b7b62b0f5b326ded4e5cb83675c94f0da2719555754e7172977bb47dadd71cb15c19
1773909948009836,2,0,ANON_5G_CON_IMSI_B0_f93d945a675203cb1ff973b7b62b0f5b326ded4e5cb83675c94f0da2719555754e7172977bb47dadd71cb15c19
1773909958229630,3,0,ANON_5G_CON_IMSI_B0_f93d945a675203cb1ff973b7b62b0f5b326ded4e5cb83675c94f0da2719555754e7172977bb47dadd71cb15c19
1773909968354672,4,0,ANON_5G_CON_IMSI_B0_f93d945a675203cb1ff973b7b62b0f5b326ded4e5cb83675c94f0da2719555754e7172977bb47dadd71cb15c19
1773909978734730,5,0,ANON_5G_CON_IMSI_B0_f93d945a675203cb1ff973b7b62b0f5b326ded4e5cb83675c94f0da2719555754e7172977bb47dadd71cb15c19
1773910619395022,1,0,ANON_5G_CON_IMSI_B0_43549b175a7a388ab784a8d73c2b51703d31e9b47fee1a5fb263e6a5ac6b282cf2037f44094f217f17f45565b9
1773910629534949,2,0,ANON_5G_CON_IMSI_B0_43549b175a7a388ab784a8d73c2b51703d31e9b47fee1a5fb263e6a5ac6b282cf2037f44094f217f17f45565b9
1773910639675001,3,0,ANON_5G_CON_IMSI_B0_43549b175a7a388ab784a8d73c2b51703d31e9b47fee1a5fb263e6a5ac6b282cf2037f44094f217f17f45565b9
1773910921222247,1,0,ANON_5G_CON_IMSI_B0_0417843bc9cb8dc7f37137ea0f08c228e74929312a1cd4d85f7d8815d5b043427a0fb285cf79889cc11e08202c
1773910931362211,2,0,ANON_5G_CON_IMSI_B0_0417843bc9cb8dc7f37137ea0f08c228e74929312a1cd4d85f7d8815d5b043427a0fb285cf79889cc11e08202c
1773910941502123,3,0,ANON_5G_CON_IMSI_B0_0417843bc9cb8dc7f37137ea0f08c228e74929312a1cd4d85f7d8815d5b043427a0fb285cf79889cc11e08202c
1773910951647196,4,0,ANON_5G_CON_IMSI_B0_0417843bc9cb8dc7f37137ea0f08c228e74929312a1cd4d85f7d8815d5b043427a0fb285cf79889cc11e08202c
1773910961787145,5,0,ANON_5G_CON_IMSI_B0_0417843bc9cb8dc7f37137ea0f08c228e74929312a1cd4d85f7d8815d5b043427a0fb285cf79889cc11e08202c
1773911262543468,1,0,ANON_5G_CON_IMSI_B0_e98823fb23030226e6db4cece49c9bf47b5a3d8f48815ea234e529a5c08bbf0e4e010eefc1b9f4b7da8b5cfbb7
1773911273823467,2,0,ANON_5G_CON_IMSI_B0_e98823fb23030226e6db4cece49c9bf47b5a3d8f48815ea234e529a5c08bbf0e4e010eefc1b9f4b7da8b5cfbb7
1773911284083449,3,0,ANON_5G_CON_IMSI_B0_e98823fb23030226e6db4cece49c9bf47b5a3d8f48815ea234e529a5c08bbf0e4e010eefc1b9f4b7da8b5cfbb7
1773911294308553,4,0,ANON_5G_CON_IMSI_B0_e98823fb23030226e6db4cece49c9bf47b5a3d8f48815ea234e529a5c08bbf0e4e010eefc1b9f4b7da8b5cfbb7
1773911607830860,1,0,ANON_5G_CON_IMSI_B0_3b12a4deb84aba417ccdf034cd488d66e531022d230e7f97bc1f47e33c5b74267ca645cd3cd430bdb185e6fe42
1773911618230675,2,0,ANON_5G_CON_IMSI_B0_3b12a4deb84aba417ccdf034cd488d66e531022d230e7f97bc1f47e33c5b74267ca645cd3cd430bdb185e6fe42
1773911628450675,3,0,ANON_5G_CON_IMSI_B0_3b12a4deb84aba417ccdf034cd488d66e531022d230e7f97bc1f47e33c5b74267ca645cd3cd430bdb185e6fe42
1773911915800597,1,0,ANON_5G_CON_IMSI_B0_6892e5f47a90a53c50e20aa100402020d4b8692fa0a60a48c61ee6c471b0a66ab61e29dc9f2e701665c2a85641
1773911925920610,2,0,ANON_5G_CON_IMSI_B0_6892e5f47a90a53c50e20aa100402020d4b8692fa0a60a48c61ee6c471b0a66ab61e29dc9f2e701665c2a85641
1773911936040557,3,0,ANON_5G_CON_IMSI_B0_6892e5f47a90a53c50e20aa100402020d4b8692fa0a60a48c61ee6c471b0a66ab61e29dc9f2e701665c2a85641
1773911946165638,4,0,ANON_5G_CON_IMSI_B0_6892e5f47a90a53c50e20aa100402020d4b8692fa0a60a48c61ee6c471b0a66ab61e29dc9f2e701665c2a85641
1773911956305451,5,0,ANON_5G_CON_IMSI_B0_6892e5f47a90a53c50e20aa100402020d4b8692fa0a60a48c61ee6c471b0a66ab61e29dc9f2e701665c2a85641
1773912244454135,1,0,ANON_5G_CON_IMSI_B0_87ccb56369645e029ddd0c3a8c4e54c57806664a5787cd2471efaf8fd204ae3dc36d64dc32e0eafe67ebae88a3
1773912254834084,2,0,ANON_5G_CON_IMSI_B0_87ccb56369645e029ddd0c3a8c4e54c57806664a5787cd2471efaf8fd204ae3dc36d64dc32e0eafe67ebae88a3
1773912265074176,3,0,ANON_5G_CON_IMSI_B0_87ccb56369645e029ddd0c3a8c4e54c57806664a5787cd2471efaf8fd204ae3dc36d64dc32e0eafe67ebae88a3
1773912275299067,4,0,ANON_5G_CON_IMSI_B0_87ccb56369645e029ddd0c3a8c4e54c57806664a5787cd2471efaf8fd204ae3dc36d64dc32e0eafe67ebae88a3
1773912285559060,5,0,ANON_5G_CON_IMSI_B0_87ccb56369645e029ddd0c3a8c4e54c57806664a5787cd2471efaf8fd204ae3dc36d64dc32e0eafe67ebae88a3
1773912898815972,1,0,ANON_5G_CON_IMSI_B0_7b5aa94595fa59f1cc27cd449c025b8467066aa7e48d35f5f94e3fb6e099f01a22abb7c5dc753f48f85e429b38
1773912908955814,2,0,ANON_5G_CON_IMSI_B0_7b5aa94595fa59f1cc27cd449c025b8467066aa7e48d35f5f94e3fb6e099f01a22abb7c5dc753f48f85e429b38
1773912919095890,3,0,ANON_5G_CON_IMSI_B0_7b5aa94595fa59f1cc27cd449c025b8467066aa7e48d35f5f94e3fb6e099f01a22abb7c5dc753f48f85e429b38
1773912929240850,4,0,ANON_5G_CON_IMSI_B0_7b5aa94595fa59f1cc27cd449c025b8467066aa7e48d35f5f94e3fb6e099f01a22abb7c5dc753f48f85e429b38
1773912939380795,5,0,ANON_5G_CON_IMSI_B0_7b5aa94595fa59f1cc27cd449c025b8467066aa7e48d35f5f94e3fb6e099f01a22abb7c5dc753f48f85e429b38
1773913886961727,1,0,ANON_5G_CON_IMSI_B0_ca7189c5d12930a727a748df015e1215b22ec4f6568df0e22ab25d9fd91dc61fcb984d461686a582114fa447af
1773913897081655,2,0,ANON_5G_CON_IMSI_B0_ca7189c5d12930a727a748df015e1215b22ec4f6568df0e22ab25d9fd91dc61fcb984d461686a582114fa447af
1773913907201833,3,0,ANON_5G_CON_IMSI_B0_ca7189c5d12930a727a748df015e1215b22ec4f6568df0e22ab25d9fd91dc61fcb984d461686a582114fa447af
1773913917326717,4,0,ANON_5G_CON_IMSI_B0_ca7189c5d12930a727a748df015e1215b22ec4f6568df0e22ab25d9fd91dc61fcb984d461686a582114fa447af
1773913927466655,5,0,ANON_5G_CON_IMSI_B0_ca7189c5d12930a727a748df015e1215b22ec4f6568df0e22ab25d9fd91dc61fcb984d461686a582114fa447af
1773914871832633,1,0,ANON_5G_CON_IMSI_B0_377abbefd4dda1b0090543c27c7fc92f7635d0eafffe9d9c2d9011b01e115a692a4a55013ca8da134516df31e3
1773914881952635,2,0,ANON_5G_CON_IMSI_B0_377abbefd4dda1b0090543c27c7fc92f7635d0eafffe9d9c2d9011b01e115a692a4a55013ca8da134516df31e3
1773914892072558,3,0,ANON_5G_CON_IMSI_B0_377abbefd4dda1b0090543c27c7fc92f7635d0eafffe9d9c2d9011b01e115a692a4a55013ca8da134516df31e3
1773914902197558,4,0,ANON_5G_CON_IMSI_B0_377abbefd4dda1b0090543c27c7fc92f7635d0eafffe9d9c2d9011b01e115a692a4a55013ca8da134516df31e3
1773914912317615,5,0,ANON_5G_CON_IMSI_B0_377abbefd4dda1b0090543c27c7fc92f7635d0eafffe9d9c2d9011b01e115a692a4a55013ca8da134516df31e3
1773915855581158,1,0,ANON_5G_CON_IMSI_B0_002432059c44f5cd093f0173b2b7800ec43ba14070b21339982cc378bdf2572355ceff90ed94d4a1b12f9b5d36
1773915865701103,2,0,ANON_5G_CON_IMSI_B0_002432059c44f5cd093f0173b2b7800ec43ba14070b21339982cc378bdf2572355ceff90ed94d4a1b12f9b5d36
1773915875821086,3,0,ANON_5G_CON_IMSI_B0_002432059c44f5cd093f0173b2b7800ec43ba14070b21339982cc378bdf2572355ceff90ed94d4a1b12f9b5d36
1773915885946050,4,0,ANON_5G_CON_IMSI_B0_002432059c44f5cd093f0173b2b7800ec43ba14070b21339982cc378bdf2572355ceff90ed94d4a1b12f9b5d36
1773915896066178,5,0,ANON_5G_CON_IMSI_B0_002432059c44f5cd093f0173b2b7800ec43ba14070b21339982cc378bdf2572355ceff90ed94d4a1b12f9b5d36
1773916845446400,1,0,ANON_5G_CON_IMSI_B0_b28507661da1dfd586538e8c0d660ab90bd947437cf1561140b2310f143c6c44d33a38ecdce28a4c052a5a0b83
1773916855566298,2,0,ANON_5G_CON_IMSI_B0_b28507661da1dfd586538e8c0d660ab90bd947437cf1561140b2310f143c6c44d33a38ecdce28a4c052a5a0b83
1773916865686312,3,0,ANON_5G_CON_IMSI_B0_b28507661da1dfd586538e8c0d660ab90bd947437cf1561140b2310f143c6c44d33a38ecdce28a4c052a5a0b83
1773916875811285,4,0,ANON_5G_CON_IMSI_B0_b28507661da1dfd586538e8c0d660ab90bd947437cf1561140b2310f143c6c44d33a38ecdce28a4c052a5a0b83
1773916885951363,5,0,ANON_5G_CON_IMSI_B0_b28507661da1dfd586538e8c0d660ab90bd947437cf1561140b2310f143c6c44d33a38ecdce28a4c052a5a0b83
1773918182270765,1,0,ANON_5G_CON_IMSI_B0_d92e8c60bd6230b8d792572667fdf280ae1ecbfc080cbc12504acdf354e6542cf3d56380144c8ddcbb8df69434
1773918193270721,2,0,ANON_5G_CON_IMSI_B0_d92e8c60bd6230b8d792572667fdf280ae1ecbfc080cbc12504acdf354e6542cf3d56380144c8ddcbb8df69434
1773918201490722,3,0,ANON_5G_CON_IMSI_B0_112cb75bec213f8c0fd4b6e0de0018e39f89899a31030c31353471f8084e830863135d4cd284154c768465e88a
1773918203495689,4,0,ANON_5G_CON_IMSI_B0_d92e8c60bd6230b8d792572667fdf280ae1ecbfc080cbc12504acdf354e6542cf3d56380144c8ddcbb8df69434
1773918519605196,1,0,ANON_5G_CON_IMSI_B0_d64d693b45ac8456b6c8551137ec21b43a6fe40ea6afc46d685ff7c7e6725f1e6566f85df9ee5de39412105a91
1773918529725212,2,0,ANON_5G_CON_IMSI_B0_d64d693b45ac8456b6c8551137ec21b43a6fe40ea6afc46d685ff7c7e6725f1e6566f85df9ee5de39412105a91
1773918837141305,1,0,ANON_5G_CON_IMSI_B0_1d494440c6474a99635bb10b2affacf6712b306db01d93b56de70372d67d862b7267cb8f0802896e9b5c2b5ccf
1773918847271238,2,0,ANON_5G_CON_IMSI_B0_1d494440c6474a99635bb10b2affacf6712b306db01d93b56de70372d67d862b7267cb8f0802896e9b5c2b5ccf
1773918857401198,3,0,ANON_5G_CON_IMSI_B0_1d494440c6474a99635bb10b2affacf6712b306db01d93b56de70372d67d862b7267cb8f0802896e9b5c2b5ccf
1773919148189008,1,0,ANON_5G_CON_IMSI_B0_729df8c6f9197832b2b7293f16c0b74a65bbfdf49e3fd7d650596f3bc1e9f31418907c64216560b7e0a9ed8ea2
1773919158308956,2,0,ANON_5G_CON_IMSI_B0_729df8c6f9197832b2b7293f16c0b74a65bbfdf49e3fd7d650596f3bc1e9f31418907c64216560b7e0a9ed8ea2
1773919168449040,3,0,ANON_5G_CON_IMSI_B0_729df8c6f9197832b2b7293f16c0b74a65bbfdf49e3fd7d650596f3bc1e9f31418907c64216560b7e0a9ed8ea2
1773919178573940,4,0,ANON_5G_CON_IMSI_B0_729df8c6f9197832b2b7293f16c0b74a65bbfdf49e3fd7d650596f3bc1e9f31418907c64216560b7e0a9ed8ea2
1773919188693980,5,0,ANON_5G_CON_IMSI_B0_729df8c6f9197832b2b7293f16c0b74a65bbfdf49e3fd7d650596f3bc1e9f31418907c64216560b7e0a9ed8ea2
1773919484340471,1,0,ANON_5G_CON_IMSI_B0_c5d6c8879e86874f3ca628a0137997f0ecf39174f0a3681224ebd382ee9bc85e202ebb8f07d158bd881e44db6d
1773919495260446,2,0,ANON_5G_CON_IMSI_B0_c5d6c8879e86874f3ca628a0137997f0ecf39174f0a3681224ebd382ee9bc85e202ebb8f07d158bd881e44db6d
1773919505500432,3,0,ANON_5G_CON_IMSI_B0_c5d6c8879e86874f3ca628a0137997f0ecf39174f0a3681224ebd382ee9bc85e202ebb8f07d158bd881e44db6d
1773919515745402,4,0,ANON_5G_CON_IMSI_B0_c5d6c8879e86874f3ca628a0137997f0ecf39174f0a3681224ebd382ee9bc85e202ebb8f07d158bd881e44db6d
1773920163205347,1,0,ANON_5G_CON_IMSI_B0_ad41fd3fa81d1aa2186f5ec7f3545cfa14535a29eadd3cf593a5d5ffa3d0ed258a93c8cc3e949655538f088ae7
1773920173325342,2,0,ANON_5G_CON_IMSI_B0_ad41fd3fa81d1aa2186f5ec7f3545cfa14535a29eadd3cf593a5d5ffa3d0ed258a93c8cc3e949655538f088ae7
1773920459093287,1,0,ANON_5G_CON_IMSI_B0_b4a81a96c2e98fbfb914361d97c534e861c71f9b0811c7ffc8a98c691f0d6c1078eab5c5b7cc1b40942f8fe111
1773920469213378,2,0,ANON_5G_CON_IMSI_B0_b4a81a96c2e98fbfb914361d97c534e861c71f9b0811c7ffc8a98c691f0d6c1078eab5c5b7cc1b40942f8fe111
1773920479333373,3,0,ANON_5G_CON_IMSI_B0_b4a81a96c2e98fbfb914361d97c534e861c71f9b0811c7ffc8a98c691f0d6c1078eab5c5b7cc1b40942f8fe111
1773920489458478,4,0,ANON_5G_CON_IMSI_B0_b4a81a96c2e98fbfb914361d97c534e861c71f9b0811c7ffc8a98c691f0d6c1078eab5c5b7cc1b40942f8fe111
1773920499598357,5,0,ANON_5G_CON_IMSI_B0_b4a81a96c2e98fbfb914361d97c534e861c71f9b0811c7ffc8a98c691f0d6c1078eab5c5b7cc1b40942f8fe111
1773921466057259,1,0,ANON_5G_CON_IMSI_B0_160d3f0db43269d412cda118cadd773a98df7ffe24f04ad56c385e6e86a34a4978fa0d7f38be834931c45f936c
1773921476177307,2,0,ANON_5G_CON_IMSI_B0_160d3f0db43269d412cda118cadd773a98df7ffe24f04ad56c385e6e86a34a4978fa0d7f38be834931c45f936c
1773921486297240,3,0,ANON_5G_CON_IMSI_B0_160d3f0db43269d412cda118cadd773a98df7ffe24f04ad56c385e6e86a34a4978fa0d7f38be834931c45f936c
1773921781735134,1,0,ANON_5G_CON_IMSI_B0_96713b707d1aa2804d96fb9d7b21880611144365031a908b51e5f24f9e948f6bd16a1b27067049b896b09f1b36
1773921791855019,2,0,ANON_5G_CON_IMSI_B0_96713b707d1aa2804d96fb9d7b21880611144365031a908b51e5f24f9e948f6bd16a1b27067049b896b09f1b36
1773921801975040,3,0,ANON_5G_CON_IMSI_B0_96713b707d1aa2804d96fb9d7b21880611144365031a908b51e5f24f9e948f6bd16a1b27067049b896b09f1b36
1773921812100042,4,0,ANON_5G_CON_IMSI_B0_96713b707d1aa2804d96fb9d7b21880611144365031a908b51e5f24f9e948f6bd16a1b27067049b896b09f1b36
1773922473775139,1,0,ANON_5G_CON_IMSI_B0_1708b1a1cee659eb49010c2e49b971db982dc5a3080242c49dcca47b4a64b83b8e65ba12fb52001cb1da56d547
1773922769097646,1,0,ANON_5G_CON_IMSI_B0_66b8eeefdfb08616d252910ed92d105ddfc7e0e0859b73e749e0488c20cda375c50225e2eccb2be74454b2169e
1773922779217584,2,0,ANON_5G_CON_IMSI_B0_66b8eeefdfb08616d252910ed92d105ddfc7e0e0859b73e749e0488c20cda375c50225e2eccb2be74454b2169e
1773922789337606,3,0,ANON_5G_CON_IMSI_B0_66b8eeefdfb08616d252910ed92d105ddfc7e0e0859b73e749e0488c20cda375c50225e2eccb2be74454b2169e
1773922799462636,4,0,ANON_5G_CON_IMSI_B0_66b8eeefdfb08616d252910ed92d105ddfc7e0e0859b73e749e0488c20cda375c50225e2eccb2be74454b2169e
1773923750082029,1,0,ANON_5G_CON_IMSI_B0_03e474e2b9e9c16790797783974d3bc1675ea9f42445e43f762d0605ae06e05f4d12e1b4e58e381c18e1495d52
1773923760202054,2,0,ANON_5G_CON_IMSI_B0_03e474e2b9e9c16790797783974d3bc1675ea9f42445e43f762d0605ae06e05f4d12e1b4e58e381c18e1495d52
1773923770321912,3,0,ANON_5G_CON_IMSI_B0_03e474e2b9e9c16790797783974d3bc1675ea9f42445e43f762d0605ae06e05f4d12e1b4e58e381c18e1495d52
1773923780447025,4,0,ANON_5G_CON_IMSI_B0_03e474e2b9e9c16790797783974d3bc1675ea9f42445e43f762d0605ae06e05f4d12e1b4e58e381c18e1495d52
1773923790567013,5,0,ANON_5G_CON_IMSI_B0_03e474e2b9e9c16790797783974d3bc1675ea9f42445e43f762d0605ae06e05f4d12e1b4e58e381c18e1495d52
1773924738198492,1,0,ANON_5G_CON_IMSI_B0_2db40f202703ad8bac0af3a65cc26cb373e4ca2764b7c770fc6cd5d734a2c565d213026c27ba597be416e1ae19
1773924748318593,2,0,ANON_5G_CON_IMSI_B0_2db40f202703ad8bac0af3a65cc26cb373e4ca2764b7c770fc6cd5d734a2c565d213026c27ba597be416e1ae19
1773924758438527,3,0,ANON_5G_CON_IMSI_B0_2db40f202703ad8bac0af3a65cc26cb373e4ca2764b7c770fc6cd5d734a2c565d213026c27ba597be416e1ae19
1773924768563463,4,0,ANON_5G_CON_IMSI_B0_2db40f202703ad8bac0af3a65cc26cb373e4ca2764b7c770fc6cd5d734a2c565d213026c27ba597be416e1ae19
1773924778703510,5,0,ANON_5G_CON_IMSI_B0_2db40f202703ad8bac0af3a65cc26cb373e4ca2764b7c770fc6cd5d734a2c565d213026c27ba597be416e1ae19
1773925725347815,1,0,ANON_5G_CON_IMSI_B0_9c1e5c0eb3d8d2f6c79564989e65e99c6f5362b04a0999c2d016f3dd91d1900c6cd702401f362ad3ac6baa8018
1773925735467777,2,0,ANON_5G_CON_IMSI_B0_9c1e5c0eb3d8d2f6c79564989e65e99c6f5362b04a0999c2d016f3dd91d1900c6cd702401f362ad3ac6baa8018
1773925745587729,3,0,ANON_5G_CON_IMSI_B0_9c1e5c0eb3d8d2f6c79564989e65e99c6f5362b04a0999c2d016f3dd91d1900c6cd702401f362ad3ac6baa8018
1773925755712845,4,0,ANON_5G_CON_IMSI_B0_9c1e5c0eb3d8d2f6c79564989e65e99c6f5362b04a0999c2d016f3dd91d1900c6cd702401f362ad3ac6baa8018
1773925765852870,5,0,ANON_5G_CON_IMSI_B0_9c1e5c0eb3d8d2f6c79564989e65e99c6f5362b04a0999c2d016f3dd91d1900c6cd702401f362ad3ac6baa8018
1773926713831707,1,0,ANON_5G_CON_IMSI_B0_ae865827c01bfd7ca8c13d939f8f4405a36d3aa0d84941f44b0600bcc3cd152eac1770ca7b67e4529c37633b63
1773926724171494,2,0,ANON_5G_CON_IMSI_B0_ae865827c01bfd7ca8c13d939f8f4405a36d3aa0d84941f44b0600bcc3cd152eac1770ca7b67e4529c37633b63
1773926734411681,3,0,ANON_5G_CON_IMSI_B0_ae865827c01bfd7ca8c13d939f8f4405a36d3aa0d84941f44b0600bcc3cd152eac1770ca7b67e4529c37633b63
1773926744636606,4,0,ANON_5G_CON_IMSI_B0_ae865827c01bfd7ca8c13d939f8f4405a36d3aa0d84941f44b0600bcc3cd152eac1770ca7b67e4529c37633b63
1773927033876109,1,0,ANON_5G_CON_IMSI_B0_26c607c075d81cf268237368ceca83381b38bb6443edae1366c2b854c802f95453f7c9ddbb80f16de5b3b1165c
1773927043996080,2,0,ANON_5G_CON_IMSI_B0_26c607c075d81cf268237368ceca83381b38bb6443edae1366c2b854c802f95453f7c9ddbb80f16de5b3b1165c
1773927054116155,3,0,ANON_5G_CON_IMSI_B0_26c607c075d81cf268237368ceca83381b38bb6443edae1366c2b854c802f95453f7c9ddbb80f16de5b3b1165c
1773927064241185,4,0,ANON_5G_CON_IMSI_B0_26c607c075d81cf268237368ceca83381b38bb6443edae1366c2b854c802f95453f7c9ddbb80f16de5b3b1165c
1773927074381127,5,0,ANON_5G_CON_IMSI_B0_26c607c075d81cf268237368ceca83381b38bb6443edae1366c2b854c802f95453f7c9ddbb80f16de5b3b1165c
1773927713102050,1,0,ANON_5G_CON_IMSI_B0_71ca52a4b97b48d756f83a4e01e32361abd78dd02fdb207400544e7591dede1c9b5e99d489b36a7be1597145b0
1773927724202045,2,0,ANON_5G_CON_IMSI_B0_71ca52a4b97b48d756f83a4e01e32361abd78dd02fdb207400544e7591dede1c9b5e99d489b36a7be1597145b0
1773927734442015,3,0,ANON_5G_CON_IMSI_B0_71ca52a4b97b48d756f83a4e01e32361abd78dd02fdb207400544e7591dede1c9b5e99d489b36a7be1597145b0
1773928357724301,1,0,ANON_5G_CON_IMSI_B0_6e5038ffa4c7a2164a4052353ba2feb69f6c50edb0dad83a28dda14deceec6050dbaf834282bd576919b0ae15a
1773928367844329,2,0,ANON_5G_CON_IMSI_B0_6e5038ffa4c7a2164a4052353ba2feb69f6c50edb0dad83a28dda14deceec6050dbaf834282bd576919b0ae15a
1773928377964331,3,0,ANON_5G_CON_IMSI_B0_6e5038ffa4c7a2164a4052353ba2feb69f6c50edb0dad83a28dda14deceec6050dbaf834282bd576919b0ae15a
1773928388089297,4,0,ANON_5G_CON_IMSI_B0_6e5038ffa4c7a2164a4052353ba2feb69f6c50edb0dad83a28dda14deceec6050dbaf834282bd576919b0ae15a
1773929661301609,1,0,ANON_5G_CON_IMSI_B0_b2c72d797c109056d5d1a23b1afba8f85c497eea86bdf7f27880b0002fd73d09f2a9faa0e57fc766889a953bd9
1773929671421488,2,0,ANON_5G_CON_IMSI_B0_b2c72d797c109056d5d1a23b1afba8f85c497eea86bdf7f27880b0002fd73d09f2a9faa0e57fc766889a953bd9
1773929681421540,3,0,ANON_5G_CON_IMSI_B0_f8e8e206db7bf6e7aaaac39f346c6b7bbc2a4fdfe1661de5d0786eda63140c491e06c6e6f91cf68ae856b22536
1773929681606490,4,0,ANON_5G_CON_IMSI_B0_b2c72d797c109056d5d1a23b1afba8f85c497eea86bdf7f27880b0002fd73d09f2a9faa0e57fc766889a953bd9
1773929691746372,5,0,ANON_5G_CON_IMSI_B0_b2c72d797c109056d5d1a23b1afba8f85c497eea86bdf7f27880b0002fd73d09f2a9faa0e57fc766889a953bd9
1773929692726425,6,0,ANON_5G_CON_IMSI_B0_f8e8e206db7bf6e7aaaac39f346c6b7bbc2a4fdfe1661de5d0786eda63140c491e06c6e6f91cf68ae856b22536
1773929701871324,7,0,ANON_5G_CON_IMSI_B0_b2c72d797c109056d5d1a23b1afba8f85c497eea86bdf7f27880b0002fd73d09f2a9faa0e57fc766889a953bd9
1773929702971543,8,0,ANON_5G_CON_IMSI_B0_f8e8e206db7bf6e7aaaac39f346c6b7bbc2a4fdfe1661de5d0786eda63140c491e06c6e6f91cf68ae856b22536
1773930697455416,1,0,ANON_5G_CON_IMSI_B0_602ff12d92a81a89ca70244796351690663300ffb8adc975c0739dfbb6b8c322b6615034787bb58d7843aabcde
1773930983496035,1,0,ANON_5G_CON_IMSI_B0_ff1ff389b2b2297e7c2cc826623eb20589c28c711352827047287ad51d00e20b2dca4c912f5034cdea7b2e500d
1773930993616086,2,0,ANON_5G_CON_IMSI_B0_ff1ff389b2b2297e7c2cc826623eb20589c28c711352827047287ad51d00e20b2dca4c912f5034cdea7b2e500d
1773931003736070,3,0,ANON_5G_CON_IMSI_B0_ff1ff389b2b2297e7c2cc826623eb20589c28c711352827047287ad51d00e20b2dca4c912f5034cdea7b2e500d
1773931013861074,4,0,ANON_5G_CON_IMSI_B0_ff1ff389b2b2297e7c2cc826623eb20589c28c711352827047287ad51d00e20b2dca4c912f5034cdea7b2e500d
1773931024001096,5,0,ANON_5G_CON_IMSI_B0_ff1ff389b2b2297e7c2cc826623eb20589c28c711352827047287ad51d00e20b2dca4c912f5034cdea7b2e500d
1773931979173394,1,0,ANON_5G_CON_IMSI_B0_720ded68e8f2537d823acf1c7438bafb553abeb7d7a3b69b3cc26f5a3a594161d2e18cb912cf82ad05cd9773da
1773931989293429,2,0,ANON_5G_CON_IMSI_B0_720ded68e8f2537d823acf1c7438bafb553abeb7d7a3b69b3cc26f5a3a594161d2e18cb912cf82ad05cd9773da
1773931999413399,3,0,ANON_5G_CON_IMSI_B0_720ded68e8f2537d823acf1c7438bafb553abeb7d7a3b69b3cc26f5a3a594161d2e18cb912cf82ad05cd9773da
1773932009538417,4,0,ANON_5G_CON_IMSI_B0_720ded68e8f2537d823acf1c7438bafb553abeb7d7a3b69b3cc26f5a3a594161d2e18cb912cf82ad05cd9773da
1773932955020142,1,0,ANON_5G_CON_IMSI_B0_9fd0d697707c43bdee55a02a78cb7edf0f13d732ca59256a038dc0733520ab3eced251a43086a61f84e8e2fffe
1773932965140030,2,0,ANON_5G_CON_IMSI_B0_9fd0d697707c43bdee55a02a78cb7edf0f13d732ca59256a038dc0733520ab3eced251a43086a61f84e8e2fffe
1773932975259989,3,0,ANON_5G_CON_IMSI_B0_9fd0d697707c43bdee55a02a78cb7edf0f13d732ca59256a038dc0733520ab3eced251a43086a61f84e8e2fffe
1773932985385052,4,0,ANON_5G_CON_IMSI_B0_9fd0d697707c43bdee55a02a78cb7edf0f13d732ca59256a038dc0733520ab3eced251a43086a61f84e8e2fffe
1773932995525098,5,0,ANON_5G_CON_IMSI_B0_9fd0d697707c43bdee55a02a78cb7edf0f13d732ca59256a038dc0733520ab3eced251a43086a61f84e8e2fffe
1773933954405248,1,0,ANON_5G_CON_IMSI_B0_b765924fae44bad00966d0e696411b5a0789f0524e727270d1df5f28bc98e74a4975e65e0ea3ad5b655199b7ae
1773933964525144,2,0,ANON_5G_CON_IMSI_B0_b765924fae44bad00966d0e696411b5a0789f0524e727270d1df5f28bc98e74a4975e65e0ea3ad5b655199b7ae
1773933974645207,3,0,ANON_5G_CON_IMSI_B0_b765924fae44bad00966d0e696411b5a0789f0524e727270d1df5f28bc98e74a4975e65e0ea3ad5b655199b7ae
1773933984770021,4,0,ANON_5G_CON_IMSI_B0_b765924fae44bad00966d0e696411b5a0789f0524e727270d1df5f28bc98e74a4975e65e0ea3ad5b655199b7ae
1773934957186667,1,0,ANON_5G_CON_IMSI_B0_ae02033cf8a8d477e03c57e93a16c920ec80639c26f22cbf0fc09875715cc73c1fb773a5d2189f49c61e54ab72
1773934967306626,2,0,ANON_5G_CON_IMSI_B0_ae02033cf8a8d477e03c57e93a16c920ec80639c26f22cbf0fc09875715cc73c1fb773a5d2189f49c61e54ab72
1773935280882102,1,0,ANON_5G_CON_IMSI_B0_9f28d42728db3646674342075b2a81f0b8785b4bfefbcd117639d5e683186b27de72bedba9cb19200a1df9f3b3
1773935291002138,2,0,ANON_5G_CON_IMSI_B0_9f28d42728db3646674342075b2a81f0b8785b4bfefbcd117639d5e683186b27de72bedba9cb19200a1df9f3b3
1773935301122065,3,0,ANON_5G_CON_IMSI_B0_9f28d42728db3646674342075b2a81f0b8785b4bfefbcd117639d5e683186b27de72bedba9cb19200a1df9f3b3
1773935590295024,1,0,ANON_5G_CON_IMSI_B0_bb4954fd784b59f147df2ee8512a28e820ce1757a7854d874272ca4a19cca35d1af729afd10d9d19d4b4e309a5
1773935600415018,2,0,ANON_5G_CON_IMSI_B0_bb4954fd784b59f147df2ee8512a28e820ce1757a7854d874272ca4a19cca35d1af729afd10d9d19d4b4e309a5
1773935610535039,3,0,ANON_5G_CON_IMSI_B0_bb4954fd784b59f147df2ee8512a28e820ce1757a7854d874272ca4a19cca35d1af729afd10d9d19d4b4e309a5
1773935620660051,4,0,ANON_5G_CON_IMSI_B0_bb4954fd784b59f147df2ee8512a28e820ce1757a7854d874272ca4a19cca35d1af729afd10d9d19d4b4e309a5
1773936903422389,1,0,ANON_5G_CON_IMSI_B0_b8fcd6a0b6babdaa2369eea91ea1c6b99c698251fe6ab7aef2c19d409717610973ffd4a0998dbe3399b1578d3f
1773936913542402,2,0,ANON_5G_CON_IMSI_B0_b8fcd6a0b6babdaa2369eea91ea1c6b99c698251fe6ab7aef2c19d409717610973ffd4a0998dbe3399b1578d3f
1773936923662335,3,0,ANON_5G_CON_IMSI_B0_b8fcd6a0b6babdaa2369eea91ea1c6b99c698251fe6ab7aef2c19d409717610973ffd4a0998dbe3399b1578d3f
1773936933787324,4,0,ANON_5G_CON_IMSI_B0_b8fcd6a0b6babdaa2369eea91ea1c6b99c698251fe6ab7aef2c19d409717610973ffd4a0998dbe3399b1578d3f
1773936943927299,5,0,ANON_5G_CON_IMSI_B0_b8fcd6a0b6babdaa2369eea91ea1c6b99c698251fe6ab7aef2c19d409717610973ffd4a0998dbe3399b1578d3f
1773937920965636,1,0,ANON_5G_CON_IMSI_B0_b50eb376e436d549bab8144bfcf012c8abf6f6aa309500526d5e156d73505c370b0a3c1be3a6ce2b621e70d5f3
1773937931085526,2,0,ANON_5G_CON_IMSI_B0_b50eb376e436d549bab8144bfcf012c8abf6f6aa309500526d5e156d73505c370b0a3c1be3a6ce2b621e70d5f3
1773938247925461,1,0,ANON_5G_CON_IMSI_B0_4cba7bb53dda42ae7810c4669dfb3e8e2483876eb7fc62f1eb5493587bf20d70b19753f1780261e53e32c94782
1773938258045435,2,0,ANON_5G_CON_IMSI_B0_4cba7bb53dda42ae7810c4669dfb3e8e2483876eb7fc62f1eb5493587bf20d70b19753f1780261e53e32c94782
1773938537377186,1,0,ANON_5G_CON_IMSI_B0_03475abd17ca470f65a59bf8250401b09344f3f3036cbe14a1d52b135bfb1862ab5423e0942526c3187fea0389
1773938547497054,2,0,ANON_5G_CON_IMSI_B0_03475abd17ca470f65a59bf8250401b09344f3f3036cbe14a1d52b135bfb1862ab5423e0942526c3187fea0389
1773938557617052,3,0,ANON_5G_CON_IMSI_B0_03475abd17ca470f65a59bf8250401b09344f3f3036cbe14a1d52b135bfb1862ab5423e0942526c3187fea0389
1773938567742042,4,0,ANON_5G_CON_IMSI_B0_03475abd17ca470f65a59bf8250401b09344f3f3036cbe14a1d52b135bfb1862ab5423e0942526c3187fea0389
1773938577882008,5,0,ANON_5G_CON_IMSI_B0_03475abd17ca470f65a59bf8250401b09344f3f3036cbe14a1d52b135bfb1862ab5423e0942526c3187fea0389
1773939524129511,1,0,ANON_5G_CON_IMSI_B0_4a6aba87873d610038af3b34a0f27aeba5e6f5b0efda539afffd6734deec4107445031462ce58b5f321cea1677
1773939534249663,2,0,ANON_5G_CON_IMSI_B0_4a6aba87873d610038af3b34a0f27aeba5e6f5b0efda539afffd6734deec4107445031462ce58b5f321cea1677
1773939544369705,3,0,ANON_5G_CON_IMSI_B0_4a6aba87873d610038af3b34a0f27aeba5e6f5b0efda539afffd6734deec4107445031462ce58b5f321cea1677
1773939554494579,4,0,ANON_5G_CON_IMSI_B0_4a6aba87873d610038af3b34a0f27aeba5e6f5b0efda539afffd6734deec4107445031462ce58b5f321cea1677
1773939564634636,5,0,ANON_5G_CON_IMSI_B0_4a6aba87873d610038af3b34a0f27aeba5e6f5b0efda539afffd6734deec4107445031462ce58b5f321cea1677
1773940531267150,1,0,ANON_5G_CON_IMSI_B0_b5c7187b7d5279388b811c47037af632931786f1921bbc2e36b34060f0656329a75622a2399aadcffab344eab1
1773940541387206,2,0,ANON_5G_CON_IMSI_B0_b5c7187b7d5279388b811c47037af632931786f1921bbc2e36b34060f0656329a75622a2399aadcffab344eab1
1773940551507254,3,0,ANON_5G_CON_IMSI_B0_b5c7187b7d5279388b811c47037af632931786f1921bbc2e36b34060f0656329a75622a2399aadcffab344eab1
1773941205822882,1,0,ANON_5G_CON_IMSI_B0_3d69cd01ae471dccdaca61a9690ce39b4918aa0933dd9ca7ce0c8873d7626e4fb4ecec590670ea06278e17bcf0
1773941215942795,2,0,ANON_5G_CON_IMSI_B0_3d69cd01ae471dccdaca61a9690ce39b4918aa0933dd9ca7ce0c8873d7626e4fb4ecec590670ea06278e17bcf0
1773941501313187,1,0,ANON_5G_CON_IMSI_B0_19506bdcaa6937f3332382c27af4c414a58aadad107e6bd6e2f5fc83f7567b2e4d537107b3903a9a4d8cb09df0
1773941511433303,2,0,ANON_5G_CON_IMSI_B0_19506bdcaa6937f3332382c27af4c414a58aadad107e6bd6e2f5fc83f7567b2e4d537107b3903a9a4d8cb09df0
1773941521553164,3,0,ANON_5G_CON_IMSI_B0_19506bdcaa6937f3332382c27af4c414a58aadad107e6bd6e2f5fc83f7567b2e4d537107b3903a9a4d8cb09df0
1773941531678213,4,0,ANON_5G_CON_IMSI_B0_19506bdcaa6937f3332382c27af4c414a58aadad107e6bd6e2f5fc83f7567b2e4d537107b3903a9a4d8cb09df0
1773941541818154,5,0,ANON_5G_CON_IMSI_B0_19506bdcaa6937f3332382c27af4c414a58aadad107e6bd6e2f5fc83f7567b2e4d537107b3903a9a4d8cb09df0
1773941846310597,1,0,ANON_5G_CON_IMSI_B0_e747ced64644dc24aefa42d986c6cb8b1afe6afc901d53c1af1315d643416f7b12598640d4b91c0616551d10d1
1773941857050645,2,0,ANON_5G_CON_IMSI_B0_e747ced64644dc24aefa42d986c6cb8b1afe6afc901d53c1af1315d643416f7b12598640d4b91c0616551d10d1
1773941867290623,3,0,ANON_5G_CON_IMSI_B0_e747ced64644dc24aefa42d986c6cb8b1afe6afc901d53c1af1315d643416f7b12598640d4b91c0616551d10d1
1773942156857758,1,0,ANON_5G_CON_IMSI_B0_d98023b736cbbfeda9fec331dc53050bfb1b5ae5ac7ecd047320f7d668ca8f090f6cf21be730d16b9cab6a2b7b
1773942168157776,2,0,ANON_5G_CON_IMSI_B0_d98023b736cbbfeda9fec331dc53050bfb1b5ae5ac7ecd047320f7d668ca8f090f6cf21be730d16b9cab6a2b7b
1773942178397773,3,0,ANON_5G_CON_IMSI_B0_d98023b736cbbfeda9fec331dc53050bfb1b5ae5ac7ecd047320f7d668ca8f090f6cf21be730d16b9cab6a2b7b
1773942188622791,4,0,ANON_5G_CON_IMSI_B0_d98023b736cbbfeda9fec331dc53050bfb1b5ae5ac7ecd047320f7d668ca8f090f6cf21be730d16b9cab6a2b7b
1773942198862574,5,0,ANON_5G_CON_IMSI_B0_d98023b736cbbfeda9fec331dc53050bfb1b5ae5ac7ecd047320f7d668ca8f090f6cf21be730d16b9cab6a2b7b
1773943163138262,1,0,ANON_5G_CON_IMSI_B0_7a9dda4fb49990142e33ac946e49aec26e2fbcae446dfe8a113fcd5b3297f426a238d50109c817a182fc92cc8a
1773943173278232,2,0,ANON_5G_CON_IMSI_B0_7a9dda4fb49990142e33ac946e49aec26e2fbcae446dfe8a113fcd5b3297f426a238d50109c817a182fc92cc8a
1773943183418253,3,0,ANON_5G_CON_IMSI_B0_7a9dda4fb49990142e33ac946e49aec26e2fbcae446dfe8a113fcd5b3297f426a238d50109c817a182fc92cc8a
1773944158799311,1,0,ANON_5G_CON_IMSI_B0_53b25d7391a3d4cd8d70fcf5cc50663c6fa2f8f93aa1a0112f5e42cb87943602f2ca7a4b18627d35e426fcd04f
1773944170019346,2,0,ANON_5G_CON_IMSI_B0_53b25d7391a3d4cd8d70fcf5cc50663c6fa2f8f93aa1a0112f5e42cb87943602f2ca7a4b18627d35e426fcd04f
1773944788928872,1,0,ANON_5G_CON_IMSI_B0_562803c74b13e0c2b62d665b16bd20ed4a8d5ff65059a7879bbf36b1b22737039a39667413289c6b38b0878819
1773944799408799,2,0,ANON_5G_CON_IMSI_B0_562803c74b13e0c2b62d665b16bd20ed4a8d5ff65059a7879bbf36b1b22737039a39667413289c6b38b0878819
1773944809668811,3,0,ANON_5G_CON_IMSI_B0_562803c74b13e0c2b62d665b16bd20ed4a8d5ff65059a7879bbf36b1b22737039a39667413289c6b38b0878819
1773944814093794,4,0,ANON_5G_CON_IMSI_B0_6504d09b723108bff6650db05caeab60384576b5acd58cad3881e44fb88cc1638c7a7b4e485b7f51ba75b098f7
1773944819893808,5,0,ANON_5G_CON_IMSI_B0_562803c74b13e0c2b62d665b16bd20ed4a8d5ff65059a7879bbf36b1b22737039a39667413289c6b38b0878819
1773944824213805,6,0,ANON_5G_CON_IMSI_B0_6504d09b723108bff6650db05caeab60384576b5acd58cad3881e44fb88cc1638c7a7b4e485b7f51ba75b098f7
1773944830138848,7,0,ANON_5G_CON_IMSI_B0_562803c74b13e0c2b62d665b16bd20ed4a8d5ff65059a7879bbf36b1b22737039a39667413289c6b38b0878819
1773945128377334,1,0,ANON_5G_CON_IMSI_B0_d7bbd0203c3dce40a939207d79549e345016a61ce6de0316127bb66743d62a6abfd810700993b21df6b8df532e
1773945138497351,2,0,ANON_5G_CON_IMSI_B0_d7bbd0203c3dce40a939207d79549e345016a61ce6de0316127bb66743d62a6abfd810700993b21df6b8df532e
1773945148617274,3,0,ANON_5G_CON_IMSI_B0_d7bbd0203c3dce40a939207d79549e345016a61ce6de0316127bb66743d62a6abfd810700993b21df6b8df532e
1773945158742263,4,0,ANON_5G_CON_IMSI_B0_d7bbd0203c3dce40a939207d79549e345016a61ce6de0316127bb66743d62a6abfd810700993b21df6b8df532e
1773945770498409,1,0,ANON_5G_CON_IMSI_B0_c07d21da70ac71f7b36594405562ea03b9b7311d64f180b459d49406faaa004ba098e2fe830aa79bae601ba8b4
1773945780698285,2,0,ANON_5G_CON_IMSI_B0_c07d21da70ac71f7b36594405562ea03b9b7311d64f180b459d49406faaa004ba098e2fe830aa79bae601ba8b4
1773945790938368,3,0,ANON_5G_CON_IMSI_B0_c07d21da70ac71f7b36594405562ea03b9b7311d64f180b459d49406faaa004ba098e2fe830aa79bae601ba8b4
1773945801183327,4,0,ANON_5G_CON_IMSI_B0_c07d21da70ac71f7b36594405562ea03b9b7311d64f180b459d49406faaa004ba098e2fe830aa79bae601ba8b4
1773945811403417,5,0,ANON_5G_CON_IMSI_B0_c07d21da70ac71f7b36594405562ea03b9b7311d64f180b459d49406faaa004ba098e2fe830aa79bae601ba8b4
1773946427837383,1,0,ANON_5G_CON_IMSI_B0_bc6932169f9a26cd164bf590dd044277ca15b9d2479d6f74a467ff10dae5ee399d38f01fa8826d454edc1508ff
1773946437977360,2,0,ANON_5G_CON_IMSI_B0_bc6932169f9a26cd164bf590dd044277ca15b9d2479d6f74a467ff10dae5ee399d38f01fa8826d454edc1508ff
1773946448117325,3,0,ANON_5G_CON_IMSI_B0_bc6932169f9a26cd164bf590dd044277ca15b9d2479d6f74a467ff10dae5ee399d38f01fa8826d454edc1508ff
1773946458262348,4,0,ANON_5G_CON_IMSI_B0_bc6932169f9a26cd164bf590dd044277ca15b9d2479d6f74a467ff10dae5ee399d38f01fa8826d454edc1508ff
1773946468402279,5,0,ANON_5G_CON_IMSI_B0_bc6932169f9a26cd164bf590dd044277ca15b9d2479d6f74a467ff10dae5ee399d38f01fa8826d454edc1508ff
1773947034333690,1,0,ANON_5G_CON_IMSI_B0_0f38413aa1c19e81047873936f127ef1272cc03a6a6d7d3c715feb6013d3e66b6701d1a0b5867ded1e8fe11c1b
1773947045413819,2,0,ANON_5G_CON_IMSI_B0_0f38413aa1c19e81047873936f127ef1272cc03a6a6d7d3c715feb6013d3e66b6701d1a0b5867ded1e8fe11c1b
1773947055653676,3,0,ANON_5G_CON_IMSI_B0_0f38413aa1c19e81047873936f127ef1272cc03a6a6d7d3c715feb6013d3e66b6701d1a0b5867ded1e8fe11c1b
1773947065858683,4,0,ANON_5G_CON_IMSI_B0_0f38413aa1c19e81047873936f127ef1272cc03a6a6d7d3c715feb6013d3e66b6701d1a0b5867ded1e8fe11c1b
1773947352521405,1,0,ANON_5G_CON_IMSI_B0_35c9725240f13ccd8538fd26beff500d4684abbd078fbcb6a81b11a49f9b3b160e9b78013f2562f355a16670e4
1773947362641379,2,0,ANON_5G_CON_IMSI_B0_35c9725240f13ccd8538fd26beff500d4684abbd078fbcb6a81b11a49f9b3b160e9b78013f2562f355a16670e4
1773947372761344,3,0,ANON_5G_CON_IMSI_B0_35c9725240f13ccd8538fd26beff500d4684abbd078fbcb6a81b11a49f9b3b160e9b78013f2562f355a16670e4
1773947382886363,4,0,ANON_5G_CON_IMSI_B0_35c9725240f13ccd8538fd26beff500d4684abbd078fbcb6a81b11a49f9b3b160e9b78013f2562f355a16670e4
1773947393026391,5,0,ANON_5G_CON_IMSI_B0_35c9725240f13ccd8538fd26beff500d4684abbd078fbcb6a81b11a49f9b3b160e9b78013f2562f355a16670e4
1773947726226338,1,0,ANON_5G_CON_IMSI_B0_30bdb3607fd1d3732a8d11b5851290baf1d552351236d45748b4c8068b5a514795566e0ab707da9c75353af792
1773948017411029,1,0,ANON_5G_CON_IMSI_B0_59c5559c6fc158670f2c0eede624bf5d29cd57bca32691c3e1bf2c886e4820741c994f14140eb2548b90002447
1773948028430899,2,0,ANON_5G_CON_IMSI_B0_59c5559c6fc158670f2c0eede624bf5d29cd57bca32691c3e1bf2c886e4820741c994f14140eb2548b90002447
1773948038650937,3,0,ANON_5G_CON_IMSI_B0_59c5559c6fc158670f2c0eede624bf5d29cd57bca32691c3e1bf2c886e4820741c994f14140eb2548b90002447
1773948048895953,4,0,ANON_5G_CON_IMSI_B0_59c5559c6fc158670f2c0eede624bf5d29cd57bca32691c3e1bf2c886e4820741c994f14140eb2548b90002447
1773948058995979,5,0,ANON_5G_CON_IMSI_B0_59c5559c6fc158670f2c0eede624bf5d29cd57bca32691c3e1bf2c886e4820741c994f14140eb2548b90002447
1773948375340676,1,0,ANON_5G_CON_IMSI_B0_77d8b8abd4e4287d73c9cbe634bec6abed5af462416ff7c48c56f2f5a09dff2bdfcc625a935aa4c5059ad88f1e
1773948385480686,2,0,ANON_5G_CON_IMSI_B0_77d8b8abd4e4287d73c9cbe634bec6abed5af462416ff7c48c56f2f5a09dff2bdfcc625a935aa4c5059ad88f1e
1773948676391081,1,0,ANON_5G_CON_IMSI_B0_b6c99de989cfa08c428bdd0542065f6414aa24d2d18e43947125d9b8e1a1f73aae8274516f7d4848bc2888f473
1773948686511130,2,0,ANON_5G_CON_IMSI_B0_b6c99de989cfa08c428bdd0542065f6414aa24d2d18e43947125d9b8e1a1f73aae8274516f7d4848bc2888f473
1773948696631089,3,0,ANON_5G_CON_IMSI_B0_b6c99de989cfa08c428bdd0542065f6414aa24d2d18e43947125d9b8e1a1f73aae8274516f7d4848bc2888f473
1773948706756105,4,0,ANON_5G_CON_IMSI_B0_b6c99de989cfa08c428bdd0542065f6414aa24d2d18e43947125d9b8e1a1f73aae8274516f7d4848bc2888f473
1773948716896100,5,0,ANON_5G_CON_IMSI_B0_b6c99de989cfa08c428bdd0542065f6414aa24d2d18e43947125d9b8e1a1f73aae8274516f7d4848bc2888f473
1773950315621854,1,0,ANON_5G_CON_IMSI_B0_b429c311f5a9b02d1912e76a1d93eafae32fdbdbe4d0a3d2b9461de01500266f2e85859b95bb7f4768488c6142
1773950325721750,2,0,ANON_5G_CON_IMSI_B0_b429c311f5a9b02d1912e76a1d93eafae32fdbdbe4d0a3d2b9461de01500266f2e85859b95bb7f4768488c6142
1773950336461887,3,0,ANON_5G_CON_IMSI_B0_b429c311f5a9b02d1912e76a1d93eafae32fdbdbe4d0a3d2b9461de01500266f2e85859b95bb7f4768488c6142
1773950346686823,4,0,ANON_5G_CON_IMSI_B0_b429c311f5a9b02d1912e76a1d93eafae32fdbdbe4d0a3d2b9461de01500266f2e85859b95bb7f4768488c6142
1773950356926815,5,0,ANON_5G_CON_IMSI_B0_b429c311f5a9b02d1912e76a1d93eafae32fdbdbe4d0a3d2b9461de01500266f2e85859b95bb7f4768488c6142
1773951299056366,1,0,ANON_5G_CON_IMSI_B0_352608ee81ad7ef2c6073e43c6d7ca9818d0ff890d94fff32ab3071b7021e025d9cffc6b24d653951399fb025a
1773951309176383,2,0,ANON_5G_CON_IMSI_B0_352608ee81ad7ef2c6073e43c6d7ca9818d0ff890d94fff32ab3071b7021e025d9cffc6b24d653951399fb025a
1773951319296362,3,0,ANON_5G_CON_IMSI_B0_352608ee81ad7ef2c6073e43c6d7ca9818d0ff890d94fff32ab3071b7021e025d9cffc6b24d653951399fb025a
1773951329421304,4,0,ANON_5G_CON_IMSI_B0_352608ee81ad7ef2c6073e43c6d7ca9818d0ff890d94fff32ab3071b7021e025d9cffc6b24d653951399fb025a
1773951339561251,5,0,ANON_5G_CON_IMSI_B0_352608ee81ad7ef2c6073e43c6d7ca9818d0ff890d94fff32ab3071b7021e025d9cffc6b24d653951399fb025a
1773951644978760,1,0,ANON_5G_CON_IMSI_B0_95a24ef80a973b6474c9a9a74b579141f5047cf9a416cf1ca910f91b5e80bb7b58a845c4d4b584a78359ffb721
1773951655178634,2,0,ANON_5G_CON_IMSI_B0_95a24ef80a973b6474c9a9a74b579141f5047cf9a416cf1ca910f91b5e80bb7b58a845c4d4b584a78359ffb721
1773951665418696,3,0,ANON_5G_CON_IMSI_B0_95a24ef80a973b6474c9a9a74b579141f5047cf9a416cf1ca910f91b5e80bb7b58a845c4d4b584a78359ffb721
1773951675643768,4,0,ANON_5G_CON_IMSI_B0_95a24ef80a973b6474c9a9a74b579141f5047cf9a416cf1ca910f91b5e80bb7b58a845c4d4b584a78359ffb721
1773951970970178,1,0,ANON_5G_CON_IMSI_B0_8d6c1c98b5f4716ef9c662594f8f9450a2aea326e7397f74d1be0e7e1c13b568cecde491986d6bf7f4cfbd09ce
1773951981630257,2,0,ANON_5G_CON_IMSI_B0_8d6c1c98b5f4716ef9c662594f8f9450a2aea326e7397f74d1be0e7e1c13b568cecde491986d6bf7f4cfbd09ce
1773951991870271,3,0,ANON_5G_CON_IMSI_B0_8d6c1c98b5f4716ef9c662594f8f9450a2aea326e7397f74d1be0e7e1c13b568cecde491986d6bf7f4cfbd09ce
1773952002095175,4,0,ANON_5G_CON_IMSI_B0_8d6c1c98b5f4716ef9c662594f8f9450a2aea326e7397f74d1be0e7e1c13b568cecde491986d6bf7f4cfbd09ce
1773952289389816,1,0,ANON_5G_CON_IMSI_B0_f68fc66c56e7e214c920e19755fc0a1aa1c49aa93d35ea4066918da56708d40114216f284d27a3dcd026f900f3
1773952300089898,2,0,ANON_5G_CON_IMSI_B0_f68fc66c56e7e214c920e19755fc0a1aa1c49aa93d35ea4066918da56708d40114216f284d27a3dcd026f900f3
1773952310329910,3,0,ANON_5G_CON_IMSI_B0_f68fc66c56e7e214c920e19755fc0a1aa1c49aa93d35ea4066918da56708d40114216f284d27a3dcd026f900f3
1773952320554791,4,0,ANON_5G_CON_IMSI_B0_f68fc66c56e7e214c920e19755fc0a1aa1c49aa93d35ea4066918da56708d40114216f284d27a3dcd026f900f3
1773952330814981,5,0,ANON_5G_CON_IMSI_B0_f68fc66c56e7e214c920e19755fc0a1aa1c49aa93d35ea4066918da56708d40114216f284d27a3dcd026f900f3
1773952613241487,1,0,ANON_5G_CON_IMSI_B0_967aa489ab5ca362997cbc8c54ec000057128f96dbfa4f9703c55e9f71335213d7d5f836ca0dc91e9009337884
1773952623361418,2,0,ANON_5G_CON_IMSI_B0_967aa489ab5ca362997cbc8c54ec000057128f96dbfa4f9703c55e9f71335213d7d5f836ca0dc91e9009337884
1773952633481360,3,0,ANON_5G_CON_IMSI_B0_967aa489ab5ca362997cbc8c54ec000057128f96dbfa4f9703c55e9f71335213d7d5f836ca0dc91e9009337884
1773952643606415,4,0,ANON_5G_CON_IMSI_B0_967aa489ab5ca362997cbc8c54ec000057128f96dbfa4f9703c55e9f71335213d7d5f836ca0dc91e9009337884
1773952653746368,5,0,ANON_5G_CON_IMSI_B0_967aa489ab5ca362997cbc8c54ec000057128f96dbfa4f9703c55e9f71335213d7d5f836ca0dc91e9009337884
1773953296151420,1,0,ANON_5G_CON_IMSI_B0_e6fc95f99ff7876807064911f2cf32c41893b5e23358d625b69f07daf6aac15751f7cc7aefce39cd265b58b7ed
1773953306851397,2,0,ANON_5G_CON_IMSI_B0_e6fc95f99ff7876807064911f2cf32c41893b5e23358d625b69f07daf6aac15751f7cc7aefce39cd265b58b7ed
1773953317011373,3,0,ANON_5G_CON_IMSI_B0_e6fc95f99ff7876807064911f2cf32c41893b5e23358d625b69f07daf6aac15751f7cc7aefce39cd265b58b7ed
1773953598561960,1,0,ANON_5G_CON_IMSI_B0_d3331c8fbca0b07762d51a9c1c445db54cb79040763f47d99a886a6ddfb9fa3627b2963e7fc4eafdbccbb2aff7
1773953608681845,2,0,ANON_5G_CON_IMSI_B0_d3331c8fbca0b07762d51a9c1c445db54cb79040763f47d99a886a6ddfb9fa3627b2963e7fc4eafdbccbb2aff7
1773953618801940,3,0,ANON_5G_CON_IMSI_B0_d3331c8fbca0b07762d51a9c1c445db54cb79040763f47d99a886a6ddfb9fa3627b2963e7fc4eafdbccbb2aff7
1773953628926917,4,0,ANON_5G_CON_IMSI_B0_d3331c8fbca0b07762d51a9c1c445db54cb79040763f47d99a886a6ddfb9fa3627b2963e7fc4eafdbccbb2aff7
1773953639066939,5,0,ANON_5G_CON_IMSI_B0_d3331c8fbca0b07762d51a9c1c445db54cb79040763f47d99a886a6ddfb9fa3627b2963e7fc4eafdbccbb2aff7
1773953641706856,6,0,ANON_5G_CON_IMSI_B0_0188a012f10dca5cacf866aca252a8e6462287d691da788542fe8dc33515750f5e9ee1ea1a1cb728b389e4ee26
1773953961133873,1,0,ANON_5G_CON_IMSI_B0_36438480891802dff8d99b8baa13400a289a3bc9362a0a1d4f54012b292c7239ae9e65b3d7654829a2e9724e16
1773953971813717,2,0,ANON_5G_CON_IMSI_B0_36438480891802dff8d99b8baa13400a289a3bc9362a0a1d4f54012b292c7239ae9e65b3d7654829a2e9724e16
1773954590128804,1,0,ANON_5G_CON_IMSI_B0_a4e21949dcb828f089ac960e1e4cbb8f771ffc7abc9cfa231e45424d7eb7cc49c28e1858cfe8b2616813e17f4d
1773954600968908,2,0,ANON_5G_CON_IMSI_B0_a4e21949dcb828f089ac960e1e4cbb8f771ffc7abc9cfa231e45424d7eb7cc49c28e1858cfe8b2616813e17f4d
1773954611188920,3,0,ANON_5G_CON_IMSI_B0_a4e21949dcb828f089ac960e1e4cbb8f771ffc7abc9cfa231e45424d7eb7cc49c28e1858cfe8b2616813e17f4d
1773954621453890,4,0,ANON_5G_CON_IMSI_B0_a4e21949dcb828f089ac960e1e4cbb8f771ffc7abc9cfa231e45424d7eb7cc49c28e1858cfe8b2616813e17f4d
1773954631673573,5,0,ANON_5G_CON_IMSI_B0_a4e21949dcb828f089ac960e1e4cbb8f771ffc7abc9cfa231e45424d7eb7cc49c28e1858cfe8b2616813e17f4d
1773954913748693,1,0,ANON_5G_CON_IMSI_B0_ca84f2d75e26878750c6ad57993c47c0c5bbbec31747956a2d23e0623ec2355423fc23a4f908f199981d027949
1773954923868551,2,0,ANON_5G_CON_IMSI_B0_ca84f2d75e26878750c6ad57993c47c0c5bbbec31747956a2d23e0623ec2355423fc23a4f908f199981d027949
1773954933988629,3,0,ANON_5G_CON_IMSI_B0_ca84f2d75e26878750c6ad57993c47c0c5bbbec31747956a2d23e0623ec2355423fc23a4f908f199981d027949
1773954944113474,4,0,ANON_5G_CON_IMSI_B0_ca84f2d75e26878750c6ad57993c47c0c5bbbec31747956a2d23e0623ec2355423fc23a4f908f199981d027949
1773954954253589,5,0,ANON_5G_CON_IMSI_B0_ca84f2d75e26878750c6ad57993c47c0c5bbbec31747956a2d23e0623ec2355423fc23a4f908f199981d027949
1773956926108421,1,0,ANON_5G_CON_IMSI_B0_f95b0b2eec4066667f02d9da568e12f946c2fa36123a5cf5cb275adab7c33a5421ab191ac9b41c97bb39c9c0b8
1773956936248351,2,0,ANON_5G_CON_IMSI_B0_f95b0b2eec4066667f02d9da568e12f946c2fa36123a5cf5cb275adab7c33a5421ab191ac9b41c97bb39c9c0b8
1773957217789353,1,0,ANON_5G_CON_IMSI_B0_893792048bdba49827c4ac024efd1c3a16baceb70b72707dcf01973b6725516a674e4b7d84c38b7f27e232523c
1773957227909338,2,0,ANON_5G_CON_IMSI_B0_893792048bdba49827c4ac024efd1c3a16baceb70b72707dcf01973b6725516a674e4b7d84c38b7f27e232523c
1773957238029267,3,0,ANON_5G_CON_IMSI_B0_893792048bdba49827c4ac024efd1c3a16baceb70b72707dcf01973b6725516a674e4b7d84c38b7f27e232523c
1773957248154265,4,0,ANON_5G_CON_IMSI_B0_893792048bdba49827c4ac024efd1c3a16baceb70b72707dcf01973b6725516a674e4b7d84c38b7f27e232523c
1773957258294427,5,0,ANON_5G_CON_IMSI_B0_893792048bdba49827c4ac024efd1c3a16baceb70b72707dcf01973b6725516a674e4b7d84c38b7f27e232523c
1773957892180020,1,0,ANON_5G_CON_IMSI_B0_542d4664e1321a5e299de92eb31abafc2cea30c25453368a28d3068d9ab57817b7fac8d0e6e2049d42e083c8a1
1773957902279927,2,0,ANON_5G_CON_IMSI_B0_542d4664e1321a5e299de92eb31abafc2cea30c25453368a28d3068d9ab57817b7fac8d0e6e2049d42e083c8a1
1773957912379861,3,0,ANON_5G_CON_IMSI_B0_542d4664e1321a5e299de92eb31abafc2cea30c25453368a28d3068d9ab57817b7fac8d0e6e2049d42e083c8a1
1773958205507720,1,0,ANON_5G_CON_IMSI_B0_95de6473cf693f483d1adc741391cdf652808407443ec086ca9b01e83fcf6b2d8d48b9b5e3539598cfb593c04b
1773958215647742,2,0,ANON_5G_CON_IMSI_B0_95de6473cf693f483d1adc741391cdf652808407443ec086ca9b01e83fcf6b2d8d48b9b5e3539598cfb593c04b
1773958225787671,3,0,ANON_5G_CON_IMSI_B0_95de6473cf693f483d1adc741391cdf652808407443ec086ca9b01e83fcf6b2d8d48b9b5e3539598cfb593c04b
1773958235932662,4,0,ANON_5G_CON_IMSI_B0_95de6473cf693f483d1adc741391cdf652808407443ec086ca9b01e83fcf6b2d8d48b9b5e3539598cfb593c04b
1773958246072762,5,0,ANON_5G_CON_IMSI_B0_95de6473cf693f483d1adc741391cdf652808407443ec086ca9b01e83fcf6b2d8d48b9b5e3539598cfb593c04b
1773959195099870,1,0,ANON_5G_CON_IMSI_B0_a664a6f5abfe819b5c6327eb068c5043fd0e6ccee4390bf31fddbe80155bd62cae6f0c4f357593e0f2783b3eee
1773959201759886,2,0,ANON_5G_CON_IMSI_B0_bfe8e0039b02a03f3fa688632a1ae475cea6a75e9db063d710a2fb8ea9fdd017ea550fb6a3ca1527a7cddee1ef
1773959205239830,3,0,ANON_5G_CON_IMSI_B0_a664a6f5abfe819b5c6327eb068c5043fd0e6ccee4390bf31fddbe80155bd62cae6f0c4f357593e0f2783b3eee
1773959212264820,4,0,ANON_5G_CON_IMSI_B0_bfe8e0039b02a03f3fa688632a1ae475cea6a75e9db063d710a2fb8ea9fdd017ea550fb6a3ca1527a7cddee1ef
1773959215384820,5,0,ANON_5G_CON_IMSI_B0_a664a6f5abfe819b5c6327eb068c5043fd0e6ccee4390bf31fddbe80155bd62cae6f0c4f357593e0f2783b3eee
1773959222584934,6,0,ANON_5G_CON_IMSI_B0_bfe8e0039b02a03f3fa688632a1ae475cea6a75e9db063d710a2fb8ea9fdd017ea550fb6a3ca1527a7cddee1ef
1773959225509854,7,0,ANON_5G_CON_IMSI_B0_a664a6f5abfe819b5c6327eb068c5043fd0e6ccee4390bf31fddbe80155bd62cae6f0c4f357593e0f2783b3eee
1773959232829878,8,0,ANON_5G_CON_IMSI_B0_bfe8e0039b02a03f3fa688632a1ae475cea6a75e9db063d710a2fb8ea9fdd017ea550fb6a3ca1527a7cddee1ef
1773959235629864,9,0,ANON_5G_CON_IMSI_B0_a664a6f5abfe819b5c6327eb068c5043fd0e6ccee4390bf31fddbe80155bd62cae6f0c4f357593e0f2783b3eee
1773959552660321,1,0,ANON_5G_CON_IMSI_B0_a8d877f5c0c01747d7647ee0d8d3860df3299bd3c4de6fc540d454c1a6a7b73b989a72555f02179c9da17f6ed3
1773959562780327,2,0,ANON_5G_CON_IMSI_B0_a8d877f5c0c01747d7647ee0d8d3860df3299bd3c4de6fc540d454c1a6a7b73b989a72555f02179c9da17f6ed3
1773960850016703,1,0,ANON_5G_CON_IMSI_B0_fa9b78dd1b7ded401f0aa72631a74f8e4418a48c8bad6d2fc9751e6a8cb84f40bfbf4bcc0d41511dd6f6c87fc8
1773960860116612,2,0,ANON_5G_CON_IMSI_B0_fa9b78dd1b7ded401f0aa72631a74f8e4418a48c8bad6d2fc9751e6a8cb84f40bfbf4bcc0d41511dd6f6c87fc8
1773960871156686,3,0,ANON_5G_CON_IMSI_B0_fa9b78dd1b7ded401f0aa72631a74f8e4418a48c8bad6d2fc9751e6a8cb84f40bfbf4bcc0d41511dd6f6c87fc8
1773961161394168,1,0,ANON_5G_CON_IMSI_B0_b0c46a65b889ade053cc774aafe6b8e4dba95be068df2ef074097b6f7b1c672a3a3a2e6f6bb4e44843e79257f6
1773961171714105,2,0,ANON_5G_CON_IMSI_B0_b0c46a65b889ade053cc774aafe6b8e4dba95be068df2ef074097b6f7b1c672a3a3a2e6f6bb4e44843e79257f6
1773961181954163,3,0,ANON_5G_CON_IMSI_B0_b0c46a65b889ade053cc774aafe6b8e4dba95be068df2ef074097b6f7b1c672a3a3a2e6f6bb4e44843e79257f6
1773961192179073,4,0,ANON_5G_CON_IMSI_B0_b0c46a65b889ade053cc774aafe6b8e4dba95be068df2ef074097b6f7b1c672a3a3a2e6f6bb4e44843e79257f6
1773961202439072,5,0,ANON_5G_CON_IMSI_B0_b0c46a65b889ade053cc774aafe6b8e4dba95be068df2ef074097b6f7b1c672a3a3a2e6f6bb4e44843e79257f6
1773961497215664,1,0,ANON_5G_CON_IMSI_B0_230fda94575c929851c7e9fbc8328e9e915799212f208046122de476f4d65d734d214c613962e4f67b5b05a166
1773961507355681,2,0,ANON_5G_CON_IMSI_B0_230fda94575c929851c7e9fbc8328e9e915799212f208046122de476f4d65d734d214c613962e4f67b5b05a166
1773961517495572,3,0,ANON_5G_CON_IMSI_B0_230fda94575c929851c7e9fbc8328e9e915799212f208046122de476f4d65d734d214c613962e4f67b5b05a166
1773961527640604,4,0,ANON_5G_CON_IMSI_B0_230fda94575c929851c7e9fbc8328e9e915799212f208046122de476f4d65d734d214c613962e4f67b5b05a166
1773961537780632,5,0,ANON_5G_CON_IMSI_B0_230fda94575c929851c7e9fbc8328e9e915799212f208046122de476f4d65d734d214c613962e4f67b5b05a166
1773962151793804,1,0,ANON_5G_CON_IMSI_B0_a840df4e52197e732c3ed18329443bb1c70356334b3b8fdeb53602675d4ac9026e98d248ce9b9eaa8e1616d443
1773962161953665,2,0,ANON_5G_CON_IMSI_B0_a840df4e52197e732c3ed18329443bb1c70356334b3b8fdeb53602675d4ac9026e98d248ce9b9eaa8e1616d443
1773962172193747,3,0,ANON_5G_CON_IMSI_B0_a840df4e52197e732c3ed18329443bb1c70356334b3b8fdeb53602675d4ac9026e98d248ce9b9eaa8e1616d443
1773962182438684,4,0,ANON_5G_CON_IMSI_B0_a840df4e52197e732c3ed18329443bb1c70356334b3b8fdeb53602675d4ac9026e98d248ce9b9eaa8e1616d443
1773962192678712,5,0,ANON_5G_CON_IMSI_B0_a840df4e52197e732c3ed18329443bb1c70356334b3b8fdeb53602675d4ac9026e98d248ce9b9eaa8e1616d443
1773962835889040,1,0,ANON_5G_CON_IMSI_B0_dc2602a658bab8c5bb9baf0de3198352f692e6ed09139c05b2a50de0382e9d4b79cdf4ded78c33f70be70c87d1
1773962846029037,2,0,ANON_5G_CON_IMSI_B0_dc2602a658bab8c5bb9baf0de3198352f692e6ed09139c05b2a50de0382e9d4b79cdf4ded78c33f70be70c87d1
1773963131702129,1,0,ANON_5G_CON_IMSI_B0_7befbf598aa67d3b886b2093d2864de8c8122c82650559f58b762b0450d3b15541caedd4f08cbef0061d2fd020
1773963141822091,2,0,ANON_5G_CON_IMSI_B0_7befbf598aa67d3b886b2093d2864de8c8122c82650559f58b762b0450d3b15541caedd4f08cbef0061d2fd020
1773963148622125,3,0,ANON_5G_CON_IMSI_B0_2873bd81ef252de3eeb1baa8d431988bbfc41eed46c5110d4f2ca7933e27ae7ddcb308811bfb239fe57fe46659
1773963151947098,4,0,ANON_5G_CON_IMSI_B0_7befbf598aa67d3b886b2093d2864de8c8122c82650559f58b762b0450d3b15541caedd4f08cbef0061d2fd020
1773963158987241,5,0,ANON_5G_CON_IMSI_B0_2873bd81ef252de3eeb1baa8d431988bbfc41eed46c5110d4f2ca7933e27ae7ddcb308811bfb239fe57fe46659
1773963162067107,6,0,ANON_5G_CON_IMSI_B0_7befbf598aa67d3b886b2093d2864de8c8122c82650559f58b762b0450d3b15541caedd4f08cbef0061d2fd020
1773963169232325,7,0,ANON_5G_CON_IMSI_B0_2873bd81ef252de3eeb1baa8d431988bbfc41eed46c5110d4f2ca7933e27ae7ddcb308811bfb239fe57fe46659
1773963172192049,8,0,ANON_5G_CON_IMSI_B0_7befbf598aa67d3b886b2093d2864de8c8122c82650559f58b762b0450d3b15541caedd4f08cbef0061d2fd020
1773963179612106,9,0,ANON_5G_CON_IMSI_B0_2873bd81ef252de3eeb1baa8d431988bbfc41eed46c5110d4f2ca7933e27ae7ddcb308811bfb239fe57fe46659
1773964490599831,1,0,ANON_5G_CON_IMSI_B0_4557ffb77e81f53758e6d35582ae96737b90f8bbb75c8346fa154611a56cbc32ab37b2f771b89e1441b0b7cc37
1773965439188249,1,0,ANON_5G_CON_IMSI_B0_be5445dfff7bae65c57b000f9f0b9b59a427ec6668291c7f16ff4b360ba20f7b28411261cbbb7a766651771991
1773965448028340,2,0,ANON_5G_CON_IMSI_B0_f890ac01f8db3ea373a915b5f96077990b131be0a84e839592029061f1622f41380cbbb9a65215e24daedbc006
1773965449948213,3,0,ANON_5G_CON_IMSI_B0_be5445dfff7bae65c57b000f9f0b9b59a427ec6668291c7f16ff4b360ba20f7b28411261cbbb7a766651771991
1773965458173332,4,0,ANON_5G_CON_IMSI_B0_f890ac01f8db3ea373a915b5f96077990b131be0a84e839592029061f1622f41380cbbb9a65215e24daedbc006
1773965460593344,5,0,ANON_5G_CON_IMSI_B0_be5445dfff7bae65c57b000f9f0b9b59a427ec6668291c7f16ff4b360ba20f7b28411261cbbb7a766651771991
1773965468293225,6,0,ANON_5G_CON_IMSI_B0_f890ac01f8db3ea373a915b5f96077990b131be0a84e839592029061f1622f41380cbbb9a65215e24daedbc006
1773965470838344,7,0,ANON_5G_CON_IMSI_B0_be5445dfff7bae65c57b000f9f0b9b59a427ec6668291c7f16ff4b360ba20f7b28411261cbbb7a766651771991
1773965478418269,8,0,ANON_5G_CON_IMSI_B0_f890ac01f8db3ea373a915b5f96077990b131be0a84e839592029061f1622f41380cbbb9a65215e24daedbc006
1773965481058339,9,0,ANON_5G_CON_IMSI_B0_be5445dfff7bae65c57b000f9f0b9b59a427ec6668291c7f16ff4b360ba20f7b28411261cbbb7a766651771991
1773966777673944,1,0,ANON_5G_CON_IMSI_B0_12a05156872914f4500b5149a9b1e40a92b29e57ae2faf2efc01aa67bb2fa06cf85e3a8ca5be447cc813af2baa
1773966787773890,2,0,ANON_5G_CON_IMSI_B0_12a05156872914f4500b5149a9b1e40a92b29e57ae2faf2efc01aa67bb2fa06cf85e3a8ca5be447cc813af2baa
1773967408459912,1,0,ANON_5G_CON_IMSI_B0_532707fab95d8a8af2b44107da4c8934c312afbd81547e3bcacc514ec388556b08713a846a4a643279401b56ab
1773967419459857,2,0,ANON_5G_CON_IMSI_B0_532707fab95d8a8af2b44107da4c8934c312afbd81547e3bcacc514ec388556b08713a846a4a643279401b56ab
1773967429699860,3,0,ANON_5G_CON_IMSI_B0_532707fab95d8a8af2b44107da4c8934c312afbd81547e3bcacc514ec388556b08713a846a4a643279401b56ab
1773967439944814,4,0,ANON_5G_CON_IMSI_B0_532707fab95d8a8af2b44107da4c8934c312afbd81547e3bcacc514ec388556b08713a846a4a643279401b56ab
1773967450164786,5,0,ANON_5G_CON_IMSI_B0_532707fab95d8a8af2b44107da4c8934c312afbd81547e3bcacc514ec388556b08713a846a4a643279401b56ab
1773968734775927,1,0,ANON_5G_CON_IMSI_B0_12c2331f22f3d9a992639e153ee55b8bd4d18589d60188cb9f09b1dd5207a350b27d2afa08efbad53c88914863
1773968745715919,2,0,ANON_5G_CON_IMSI_B0_12c2331f22f3d9a992639e153ee55b8bd4d18589d60188cb9f09b1dd5207a350b27d2afa08efbad53c88914863
1773968755955797,3,0,ANON_5G_CON_IMSI_B0_12c2331f22f3d9a992639e153ee55b8bd4d18589d60188cb9f09b1dd5207a350b27d2afa08efbad53c88914863
1773968766200828,4,0,ANON_5G_CON_IMSI_B0_12c2331f22f3d9a992639e153ee55b8bd4d18589d60188cb9f09b1dd5207a350b27d2afa08efbad53c88914863
1773969382111356,1,0,ANON_5G_CON_IMSI_B0_61d7e1e180377e1976c886c533a04dfb6d36031470239dba7f2429e97266fd3d65f4f6e819f09c5ac373027401
1773969392971163,2,0,ANON_5G_CON_IMSI_B0_61d7e1e180377e1976c886c533a04dfb6d36031470239dba7f2429e97266fd3d65f4f6e819f09c5ac373027401
1773969403211132,3,0,ANON_5G_CON_IMSI_B0_61d7e1e180377e1976c886c533a04dfb6d36031470239dba7f2429e97266fd3d65f4f6e819f09c5ac373027401
1773969413456138,4,0,ANON_5G_CON_IMSI_B0_61d7e1e180377e1976c886c533a04dfb6d36031470239dba7f2429e97266fd3d65f4f6e819f09c5ac373027401
1773969423696156,5,0,ANON_5G_CON_IMSI_B0_61d7e1e180377e1976c886c533a04dfb6d36031470239dba7f2429e97266fd3d65f4f6e819f09c5ac373027401
1773970080613243,1,0,ANON_5G_CON_IMSI_B0_21711e8ab65898a5bb43f243bc6dca22887e728cd882ecb0ef42bd402e3f9c778aa20f154af0fb063d11dcde23
1773970376504349,1,0,ANON_5G_CON_IMSI_B0_c21bf48568b92174d58b65dcea5fdaf24c50e623e6d15654ea035daf734c7640845be15470e5af356b5bdce59e
1773970381884471,2,0,ANON_5G_CON_IMSI_B0_92171fc91aa7f2e16cceac64734e1c78d987d1ff80b40b08e1b819ac076ba56df100e0d9aaa27f270b7825fffb
1773970386624383,3,0,ANON_5G_CON_IMSI_B0_c21bf48568b92174d58b65dcea5fdaf24c50e623e6d15654ea035daf734c7640845be15470e5af356b5bdce59e
1773970391989386,4,0,ANON_5G_CON_IMSI_B0_92171fc91aa7f2e16cceac64734e1c78d987d1ff80b40b08e1b819ac076ba56df100e0d9aaa27f270b7825fffb
1773970396749325,5,0,ANON_5G_CON_IMSI_B0_c21bf48568b92174d58b65dcea5fdaf24c50e623e6d15654ea035daf734c7640845be15470e5af356b5bdce59e
1773970402309535,6,0,ANON_5G_CON_IMSI_B0_92171fc91aa7f2e16cceac64734e1c78d987d1ff80b40b08e1b819ac076ba56df100e0d9aaa27f270b7825fffb
1773970406874294,7,0,ANON_5G_CON_IMSI_B0_c21bf48568b92174d58b65dcea5fdaf24c50e623e6d15654ea035daf734c7640845be15470e5af356b5bdce59e
1773970412554373,8,0,ANON_5G_CON_IMSI_B0_92171fc91aa7f2e16cceac64734e1c78d987d1ff80b40b08e1b819ac076ba56df100e0d9aaa27f270b7825fffb
1773971059902211,1,0,ANON_5G_CON_IMSI_B0_8f1bb68c9355a715a5eb873681f4fa4b0fcd1b3c1e9f74f7df56e9253a33466fbe44056102b566727871f4649f
1773971070222030,2,0,ANON_5G_CON_IMSI_B0_8f1bb68c9355a715a5eb873681f4fa4b0fcd1b3c1e9f74f7df56e9253a33466fbe44056102b566727871f4649f
1773971681940582,1,0,ANON_5G_CON_IMSI_B0_e40359c9f3399724ec66426ac181ea19a751b13242e6b34b78068b44cbd1e723f1d4e589df3db70606b930708f
1773971692060598,2,0,ANON_5G_CON_IMSI_B0_e40359c9f3399724ec66426ac181ea19a751b13242e6b34b78068b44cbd1e723f1d4e589df3db70606b930708f
1773971702180579,3,0,ANON_5G_CON_IMSI_B0_e40359c9f3399724ec66426ac181ea19a751b13242e6b34b78068b44cbd1e723f1d4e589df3db70606b930708f
1773971712305582,4,0,ANON_5G_CON_IMSI_B0_e40359c9f3399724ec66426ac181ea19a751b13242e6b34b78068b44cbd1e723f1d4e589df3db70606b930708f
1773971722445584,5,0,ANON_5G_CON_IMSI_B0_e40359c9f3399724ec66426ac181ea19a751b13242e6b34b78068b44cbd1e723f1d4e589df3db70606b930708f
1773972030944344,1,0,ANON_5G_CON_IMSI_B0_603ed1659abcd88077b73a92d4ce1bf8186cff05f92d62d75dcc815a2d153864c9032f1602e0a0440eadc35896
1773972041504253,2,0,ANON_5G_CON_IMSI_B0_603ed1659abcd88077b73a92d4ce1bf8186cff05f92d62d75dcc815a2d153864c9032f1602e0a0440eadc35896
1773972051744197,3,0,ANON_5G_CON_IMSI_B0_603ed1659abcd88077b73a92d4ce1bf8186cff05f92d62d75dcc815a2d153864c9032f1602e0a0440eadc35896
1773972685667758,1,0,ANON_5G_CON_IMSI_B0_34b1ac7df849b5ad32cbe9c72cf00c135405c17eb21400eca6af7a3dae8a4777f688e6dd084d1805f280a5245c
1773972695807710,2,0,ANON_5G_CON_IMSI_B0_34b1ac7df849b5ad32cbe9c72cf00c135405c17eb21400eca6af7a3dae8a4777f688e6dd084d1805f280a5245c
1773972705947741,3,0,ANON_5G_CON_IMSI_B0_34b1ac7df849b5ad32cbe9c72cf00c135405c17eb21400eca6af7a3dae8a4777f688e6dd084d1805f280a5245c
1773973021490367,1,0,ANON_5G_CON_IMSI_B0_507857a0f9d5510a60a718c445d9c396ab990b2f2106c1f9f81c7c9d09c8fd1a1da09acafcdf42e74762a30f23
1773973032290283,2,0,ANON_5G_CON_IMSI_B0_507857a0f9d5510a60a718c445d9c396ab990b2f2106c1f9f81c7c9d09c8fd1a1da09acafcdf42e74762a30f23
1773973042530235,3,0,ANON_5G_CON_IMSI_B0_507857a0f9d5510a60a718c445d9c396ab990b2f2106c1f9f81c7c9d09c8fd1a1da09acafcdf42e74762a30f23
1773973343933203,1,0,ANON_5G_CON_IMSI_B0_48e3faa28cdd86f8ab77592800af32477701516a56e6f46cb5b18cae562e676ac80364635973f35e2a4330d2c6
1773973354073278,2,0,ANON_5G_CON_IMSI_B0_48e3faa28cdd86f8ab77592800af32477701516a56e6f46cb5b18cae562e676ac80364635973f35e2a4330d2c6
1773973364213260,3,0,ANON_5G_CON_IMSI_B0_48e3faa28cdd86f8ab77592800af32477701516a56e6f46cb5b18cae562e676ac80364635973f35e2a4330d2c6
1773974310849653,1,0,ANON_5G_CON_IMSI_B0_fbe703505ac53d9b45621bf55624eb8c864085c0ac694912e94807a88a08d47683f6aaf53bf91921887f567b12
1773974321589548,2,0,ANON_5G_CON_IMSI_B0_fbe703505ac53d9b45621bf55624eb8c864085c0ac694912e94807a88a08d47683f6aaf53bf91921887f567b12
1773974331829658,3,0,ANON_5G_CON_IMSI_B0_fbe703505ac53d9b45621bf55624eb8c864085c0ac694912e94807a88a08d47683f6aaf53bf91921887f567b12
1773974342054554,4,0,ANON_5G_CON_IMSI_B0_fbe703505ac53d9b45621bf55624eb8c864085c0ac694912e94807a88a08d47683f6aaf53bf91921887f567b12
1773974352294595,5,0,ANON_5G_CON_IMSI_B0_fbe703505ac53d9b45621bf55624eb8c864085c0ac694912e94807a88a08d47683f6aaf53bf91921887f567b12
1773974641028450,1,0,ANON_5G_CON_IMSI_B0_1a6f7cc88882c743c69a8628d5e32b70c691e31aac9a534f522bd997dc179f74f42f7e1fc1bdf03ae59eee5f69
1773974651148388,2,0,ANON_5G_CON_IMSI_B0_1a6f7cc88882c743c69a8628d5e32b70c691e31aac9a534f522bd997dc179f74f42f7e1fc1bdf03ae59eee5f69
1773974661268383,3,0,ANON_5G_CON_IMSI_B0_1a6f7cc88882c743c69a8628d5e32b70c691e31aac9a534f522bd997dc179f74f42f7e1fc1bdf03ae59eee5f69
1773974671393338,4,0,ANON_5G_CON_IMSI_B0_1a6f7cc88882c743c69a8628d5e32b70c691e31aac9a534f522bd997dc179f74f42f7e1fc1bdf03ae59eee5f69
1773974681533335,5,0,ANON_5G_CON_IMSI_B0_1a6f7cc88882c743c69a8628d5e32b70c691e31aac9a534f522bd997dc179f74f42f7e1fc1bdf03ae59eee5f69
1773975308876051,1,0,ANON_5G_CON_IMSI_B0_22a54164732f3a4841c3c270e1551e1daf183bd8cbefbe03c3451604c2f0fb78b880fe5d03424490d62271a9b8
1773975320236076,2,0,ANON_5G_CON_IMSI_B0_22a54164732f3a4841c3c270e1551e1daf183bd8cbefbe03c3451604c2f0fb78b880fe5d03424490d62271a9b8
1773975330476026,3,0,ANON_5G_CON_IMSI_B0_22a54164732f3a4841c3c270e1551e1daf183bd8cbefbe03c3451604c2f0fb78b880fe5d03424490d62271a9b8
1773975340721084,4,0,ANON_5G_CON_IMSI_B0_22a54164732f3a4841c3c270e1551e1daf183bd8cbefbe03c3451604c2f0fb78b880fe5d03424490d62271a9b8
1773975630510426,1,0,ANON_5G_CON_IMSI_B0_377d7ca2ac37c83a253023fe9072f72a003872a3d9cf2ee8f2aeef1fcc9ea42bafe60b318087e1b6a17d93d613
1773975641090427,2,0,ANON_5G_CON_IMSI_B0_377d7ca2ac37c83a253023fe9072f72a003872a3d9cf2ee8f2aeef1fcc9ea42bafe60b318087e1b6a17d93d613
1773975651330495,3,0,ANON_5G_CON_IMSI_B0_377d7ca2ac37c83a253023fe9072f72a003872a3d9cf2ee8f2aeef1fcc9ea42bafe60b318087e1b6a17d93d613
1773975661555392,4,0,ANON_5G_CON_IMSI_B0_377d7ca2ac37c83a253023fe9072f72a003872a3d9cf2ee8f2aeef1fcc9ea42bafe60b318087e1b6a17d93d613
1773975671815434,5,0,ANON_5G_CON_IMSI_B0_377d7ca2ac37c83a253023fe9072f72a003872a3d9cf2ee8f2aeef1fcc9ea42bafe60b318087e1b6a17d93d613
1773976612931830,1,0,ANON_5G_CON_IMSI_B0_11f735ba42012fa2b63930202e572eada31ed594d70ad3652794572fd44be85fe49ed39c4c9f18c29f8537098d
1773976618251843,2,0,ANON_5G_CON_IMSI_B0_af5f39fb1afb0d4eb4b82f8e9b9dfef9ddd1974bba8df1cb9e0314ba5513477d099abf1a6480b40c12af6c103b
1773976623051813,3,0,ANON_5G_CON_IMSI_B0_11f735ba42012fa2b63930202e572eada31ed594d70ad3652794572fd44be85fe49ed39c4c9f18c29f8537098d
1773976628376819,4,0,ANON_5G_CON_IMSI_B0_af5f39fb1afb0d4eb4b82f8e9b9dfef9ddd1974bba8df1cb9e0314ba5513477d099abf1a6480b40c12af6c103b
1773976633276937,5,0,ANON_5G_CON_IMSI_B0_11f735ba42012fa2b63930202e572eada31ed594d70ad3652794572fd44be85fe49ed39c4c9f18c29f8537098d
1773976638496787,6,0,ANON_5G_CON_IMSI_B0_af5f39fb1afb0d4eb4b82f8e9b9dfef9ddd1974bba8df1cb9e0314ba5513477d099abf1a6480b40c12af6c103b
1773976643521901,7,0,ANON_5G_CON_IMSI_B0_11f735ba42012fa2b63930202e572eada31ed594d70ad3652794572fd44be85fe49ed39c4c9f18c29f8537098d
1773976648621842,8,0,ANON_5G_CON_IMSI_B0_af5f39fb1afb0d4eb4b82f8e9b9dfef9ddd1974bba8df1cb9e0314ba5513477d099abf1a6480b40c12af6c103b
1773976653761792,9,0,ANON_5G_CON_IMSI_B0_11f735ba42012fa2b63930202e572eada31ed594d70ad3652794572fd44be85fe49ed39c4c9f18c29f8537098d
1773976658746780,10,0,ANON_5G_CON_IMSI_B0_af5f39fb1afb0d4eb4b82f8e9b9dfef9ddd1974bba8df1cb9e0314ba5513477d099abf1a6480b40c12af6c103b
1773977622192720,1,0,ANON_5G_CON_IMSI_B0_07fa4f1edf0f66bb906ef11b65c1481e3de0d6eec75862aaafdd0f69f8e84275e8bcee8ef15abde1fcec288bfb
1773977633032811,2,0,ANON_5G_CON_IMSI_B0_07fa4f1edf0f66bb906ef11b65c1481e3de0d6eec75862aaafdd0f69f8e84275e8bcee8ef15abde1fcec288bfb
1773977643272849,3,0,ANON_5G_CON_IMSI_B0_07fa4f1edf0f66bb906ef11b65c1481e3de0d6eec75862aaafdd0f69f8e84275e8bcee8ef15abde1fcec288bfb
1773977947996312,1,0,ANON_5G_CON_IMSI_B0_92034f926b054bbb97a1c5ef48e8ccd5f8e07a74f84071526108d57b6e9c77743ebd5542107bd589af4542516a
1773977958116233,2,0,ANON_5G_CON_IMSI_B0_92034f926b054bbb97a1c5ef48e8ccd5f8e07a74f84071526108d57b6e9c77743ebd5542107bd589af4542516a
1773977968236274,3,0,ANON_5G_CON_IMSI_B0_92034f926b054bbb97a1c5ef48e8ccd5f8e07a74f84071526108d57b6e9c77743ebd5542107bd589af4542516a
1773978253850732,1,0,ANON_5G_CON_IMSI_B0_26ae77537c939a4a41e5dda52884bcc41b4906d65529976d1394b6787bf20432eb7809f04c01c4bcec4fdaad52
1773978263970780,2,0,ANON_5G_CON_IMSI_B0_26ae77537c939a4a41e5dda52884bcc41b4906d65529976d1394b6787bf20432eb7809f04c01c4bcec4fdaad52
1773978274090689,3,0,ANON_5G_CON_IMSI_B0_26ae77537c939a4a41e5dda52884bcc41b4906d65529976d1394b6787bf20432eb7809f04c01c4bcec4fdaad52
1773978284215764,4,0,ANON_5G_CON_IMSI_B0_26ae77537c939a4a41e5dda52884bcc41b4906d65529976d1394b6787bf20432eb7809f04c01c4bcec4fdaad52
1773978294355732,5,0,ANON_5G_CON_IMSI_B0_26ae77537c939a4a41e5dda52884bcc41b4906d65529976d1394b6787bf20432eb7809f04c01c4bcec4fdaad52
1773979265710989,1,0,ANON_5G_CON_IMSI_B0_cab517f1b6069e3739c1882ccdd247d2c7aaa9c7fdb353275ac4a3a9237b541141424edb9f1baf766a4bbbabf1
1773979277050909,2,0,ANON_5G_CON_IMSI_B0_cab517f1b6069e3739c1882ccdd247d2c7aaa9c7fdb353275ac4a3a9237b541141424edb9f1baf766a4bbbabf1
1773979287290812,3,0,ANON_5G_CON_IMSI_B0_cab517f1b6069e3739c1882ccdd247d2c7aaa9c7fdb353275ac4a3a9237b541141424edb9f1baf766a4bbbabf1
1773979572814304,1,0,ANON_5G_CON_IMSI_B0_d12f3c6b80420f2dec4bf8ac887cd71c681577d860716deac77e73e891f54832bdb40a68c91d37a30a2fe8ae09
1773979582934151,2,0,ANON_5G_CON_IMSI_B0_d12f3c6b80420f2dec4bf8ac887cd71c681577d860716deac77e73e891f54832bdb40a68c91d37a30a2fe8ae09
1773979590554246,3,0,ANON_5G_CON_IMSI_B0_9afaa2b3e884a5bd38f5cc76ce1100cf7839f0abb6038d82e69e16ea2a170307be51d79b49993a6ac99da76f37
1773979593059185,4,0,ANON_5G_CON_IMSI_B0_d12f3c6b80420f2dec4bf8ac887cd71c681577d860716deac77e73e891f54832bdb40a68c91d37a30a2fe8ae09
1773979601199123,5,0,ANON_5G_CON_IMSI_B0_9afaa2b3e884a5bd38f5cc76ce1100cf7839f0abb6038d82e69e16ea2a170307be51d79b49993a6ac99da76f37
1773979603179122,6,0,ANON_5G_CON_IMSI_B0_d12f3c6b80420f2dec4bf8ac887cd71c681577d860716deac77e73e891f54832bdb40a68c91d37a30a2fe8ae09
1773979611444244,7,0,ANON_5G_CON_IMSI_B0_9afaa2b3e884a5bd38f5cc76ce1100cf7839f0abb6038d82e69e16ea2a170307be51d79b49993a6ac99da76f37
1773979613304061,8,0,ANON_5G_CON_IMSI_B0_d12f3c6b80420f2dec4bf8ac887cd71c681577d860716deac77e73e891f54832bdb40a68c91d37a30a2fe8ae09
1773979920680712,1,0,ANON_5G_CON_IMSI_B0_24a41ffcfe70ad916c4404e4f48e6c02bb621612e9449d4ca9861befafce63328a88b9576cb7a6cb899ff89c4e
1773979931940703,2,0,ANON_5G_CON_IMSI_B0_24a41ffcfe70ad916c4404e4f48e6c02bb621612e9449d4ca9861befafce63328a88b9576cb7a6cb899ff89c4e
1773979942180754,3,0,ANON_5G_CON_IMSI_B0_24a41ffcfe70ad916c4404e4f48e6c02bb621612e9449d4ca9861befafce63328a88b9576cb7a6cb899ff89c4e
1773980250691371,1,0,ANON_5G_CON_IMSI_B0_c63bdd0a322b183e5eeee6aff72bbba94ea121432b0769bf8bb3f91c46345c42b49f68b98a4d1f5de60947849a
1773980261911265,2,0,ANON_5G_CON_IMSI_B0_c63bdd0a322b183e5eeee6aff72bbba94ea121432b0769bf8bb3f91c46345c42b49f68b98a4d1f5de60947849a
1773980272151213,3,0,ANON_5G_CON_IMSI_B0_c63bdd0a322b183e5eeee6aff72bbba94ea121432b0769bf8bb3f91c46345c42b49f68b98a4d1f5de60947849a
1773980598713338,1,0,ANON_5G_CON_IMSI_B0_edcc53cb45b0f73cdbd8d403549cdbbe01feef7258f5ecf4016c931ed96dd506606fc4ca769df1584069a5fdf1
1773980884312679,1,0,ANON_5G_CON_IMSI_B0_a8984585d057a34ed3f559b9f5857a972c631c19a96325faf51a1f097f145f25cf7b82a5c67e04d68177c81eba
1773980886492703,2,0,ANON_5G_CON_IMSI_B0_8cde11ccdd9706d6bf1110edfe91e9f5a0a756169a3c842b993da867ccdef30515f55afc8688956b0add98835c
1773980894452626,3,0,ANON_5G_CON_IMSI_B0_a8984585d057a34ed3f559b9f5857a972c631c19a96325faf51a1f097f145f25cf7b82a5c67e04d68177c81eba
1773980897777655,4,0,ANON_5G_CON_IMSI_B0_8cde11ccdd9706d6bf1110edfe91e9f5a0a756169a3c842b993da867ccdef30515f55afc8688956b0add98835c
1773980904597647,5,0,ANON_5G_CON_IMSI_B0_a8984585d057a34ed3f559b9f5857a972c631c19a96325faf51a1f097f145f25cf7b82a5c67e04d68177c81eba
1773980908017632,6,0,ANON_5G_CON_IMSI_B0_8cde11ccdd9706d6bf1110edfe91e9f5a0a756169a3c842b993da867ccdef30515f55afc8688956b0add98835c
1773980914722571,7,0,ANON_5G_CON_IMSI_B0_a8984585d057a34ed3f559b9f5857a972c631c19a96325faf51a1f097f145f25cf7b82a5c67e04d68177c81eba
1773980918262555,8,0,ANON_5G_CON_IMSI_B0_8cde11ccdd9706d6bf1110edfe91e9f5a0a756169a3c842b993da867ccdef30515f55afc8688956b0add98835c
1773980924862573,9,0,ANON_5G_CON_IMSI_B0_a8984585d057a34ed3f559b9f5857a972c631c19a96325faf51a1f097f145f25cf7b82a5c67e04d68177c81eba
1773980928487559,10,0,ANON_5G_CON_IMSI_B0_8cde11ccdd9706d6bf1110edfe91e9f5a0a756169a3c842b993da867ccdef30515f55afc8688956b0add98835c
1773981870454339,1,0,ANON_5G_CON_IMSI_B0_9fe810248054def5783047f386525e0e8f7ba838f116ad8eb0023e4391c587662e6813b16e961f14f37f54371d
1773981872754298,2,0,ANON_5G_CON_IMSI_B0_f4b737f77e9331e37ae7017619480d451a98985b03bf0b1e6856ce67c97c27634af3bfef1a8d2142b5695c5c03
1773981881234417,3,0,ANON_5G_CON_IMSI_B0_9fe810248054def5783047f386525e0e8f7ba838f116ad8eb0023e4391c587662e6813b16e961f14f37f54371d
1773981882879215,4,0,ANON_5G_CON_IMSI_B0_f4b737f77e9331e37ae7017619480d451a98985b03bf0b1e6856ce67c97c27634af3bfef1a8d2142b5695c5c03
1773981891459243,5,0,ANON_5G_CON_IMSI_B0_9fe810248054def5783047f386525e0e8f7ba838f116ad8eb0023e4391c587662e6813b16e961f14f37f54371d
1773981892999317,6,0,ANON_5G_CON_IMSI_B0_f4b737f77e9331e37ae7017619480d451a98985b03bf0b1e6856ce67c97c27634af3bfef1a8d2142b5695c5c03
1773981901724315,7,0,ANON_5G_CON_IMSI_B0_9fe810248054def5783047f386525e0e8f7ba838f116ad8eb0023e4391c587662e6813b16e961f14f37f54371d
1773981903124149,8,0,ANON_5G_CON_IMSI_B0_f4b737f77e9331e37ae7017619480d451a98985b03bf0b1e6856ce67c97c27634af3bfef1a8d2142b5695c5c03
1773981911964334,9,0,ANON_5G_CON_IMSI_B0_9fe810248054def5783047f386525e0e8f7ba838f116ad8eb0023e4391c587662e6813b16e961f14f37f54371d
1773981913249230,10,0,ANON_5G_CON_IMSI_B0_f4b737f77e9331e37ae7017619480d451a98985b03bf0b1e6856ce67c97c27634af3bfef1a8d2142b5695c5c03
1773982858153353,1,0,ANON_5G_CON_IMSI_B0_23af3e247bb7718ee95b80da2dae0f73a4b7c22a31773616ccb60574ed7e5840f7cd96daa66d955e8e66e8bc58
1773982868273390,2,0,ANON_5G_CON_IMSI_B0_23af3e247bb7718ee95b80da2dae0f73a4b7c22a31773616ccb60574ed7e5840f7cd96daa66d955e8e66e8bc58
1773982878393321,3,0,ANON_5G_CON_IMSI_B0_23af3e247bb7718ee95b80da2dae0f73a4b7c22a31773616ccb60574ed7e5840f7cd96daa66d955e8e66e8bc58
1773982888518473,4,0,ANON_5G_CON_IMSI_B0_23af3e247bb7718ee95b80da2dae0f73a4b7c22a31773616ccb60574ed7e5840f7cd96daa66d955e8e66e8bc58
1773982898658434,5,0,ANON_5G_CON_IMSI_B0_23af3e247bb7718ee95b80da2dae0f73a4b7c22a31773616ccb60574ed7e5840f7cd96daa66d955e8e66e8bc58
1773983203602247,1,0,ANON_5G_CON_IMSI_B0_7b2853083b46be5d375cf32dd47f20be9afdb6e8521e02bcfeb9d95a5ae70010c547bf2769681fb0d18c387e24
1773983214342409,2,0,ANON_5G_CON_IMSI_B0_7b2853083b46be5d375cf32dd47f20be9afdb6e8521e02bcfeb9d95a5ae70010c547bf2769681fb0d18c387e24
1773983224582402,3,0,ANON_5G_CON_IMSI_B0_7b2853083b46be5d375cf32dd47f20be9afdb6e8521e02bcfeb9d95a5ae70010c547bf2769681fb0d18c387e24
1773983550440406,1,0,ANON_5G_CON_IMSI_B0_7b12a642a948058ee02b7d8074b18dec536817025c0593f5ea6b62fc83459b3f07bd497144799d7991932e1ab1
1773983560900314,2,0,ANON_5G_CON_IMSI_B0_7b12a642a948058ee02b7d8074b18dec536817025c0593f5ea6b62fc83459b3f07bd497144799d7991932e1ab1
1773983780070612,1,0,ANON_5G_CON_IMSI_B0_7261bbffea8540be62a73f6c0fafc78c37ac0c71162a06cd1c9fd6153b2da05893b6308226f7e59c38df76a0e9
1773983790190664,2,0,ANON_5G_CON_IMSI_B0_7261bbffea8540be62a73f6c0fafc78c37ac0c71162a06cd1c9fd6153b2da05893b6308226f7e59c38df76a0e9
1773983800310661,3,0,ANON_5G_CON_IMSI_B0_7261bbffea8540be62a73f6c0fafc78c37ac0c71162a06cd1c9fd6153b2da05893b6308226f7e59c38df76a0e9
1773983810435811,4,0,ANON_5G_CON_IMSI_B0_7261bbffea8540be62a73f6c0fafc78c37ac0c71162a06cd1c9fd6153b2da05893b6308226f7e59c38df76a0e9
1773983820555799,5,0,ANON_5G_CON_IMSI_B0_7261bbffea8540be62a73f6c0fafc78c37ac0c71162a06cd1c9fd6153b2da05893b6308226f7e59c38df76a0e9
1773984129360262,1,0,ANON_5G_CON_IMSI_B0_1626894edb78d4ee9482ab91e771fef008da0ccded2d9ee9d2ca024662913f64c6c13a86e4a503e3f1a61efbf8
1773984139580224,2,0,ANON_5G_CON_IMSI_B0_1626894edb78d4ee9482ab91e771fef008da0ccded2d9ee9d2ca024662913f64c6c13a86e4a503e3f1a61efbf8
1773984149820166,3,0,ANON_5G_CON_IMSI_B0_1626894edb78d4ee9482ab91e771fef008da0ccded2d9ee9d2ca024662913f64c6c13a86e4a503e3f1a61efbf8
1773984441337014,1,0,ANON_5G_CON_IMSI_B0_f66fc940e4f237444b2cb18fcbbccad436a93ab17c6466a763941132f9d77c1a142a618bb7d71345a6bad6f082
1773984451456842,2,0,ANON_5G_CON_IMSI_B0_f66fc940e4f237444b2cb18fcbbccad436a93ab17c6466a763941132f9d77c1a142a618bb7d71345a6bad6f082
1773984461676838,3,0,ANON_5G_CON_IMSI_B0_f66fc940e4f237444b2cb18fcbbccad436a93ab17c6466a763941132f9d77c1a142a618bb7d71345a6bad6f082
1773984471921869,4,0,ANON_5G_CON_IMSI_B0_f66fc940e4f237444b2cb18fcbbccad436a93ab17c6466a763941132f9d77c1a142a618bb7d71345a6bad6f082
1773984482161883,5,0,ANON_5G_CON_IMSI_B0_f66fc940e4f237444b2cb18fcbbccad436a93ab17c6466a763941132f9d77c1a142a618bb7d71345a6bad6f082
1773984802837460,1,0,ANON_5G_CON_IMSI_B0_092e9c4bd7765bc4259fc2fcd13a361501ee975d399a2fcafa4cdec409c322229b0b0eb60512c506f0131a1358
1773984812977385,2,0,ANON_5G_CON_IMSI_B0_092e9c4bd7765bc4259fc2fcd13a361501ee975d399a2fcafa4cdec409c322229b0b0eb60512c506f0131a1358
1773985444005880,1,0,ANON_5G_CON_IMSI_B0_4b1d0a54ff88326030b28dbd5f480810cd4697c0b9d1bb728c0a019f9678535350ccca7a2567078ad7f0d43a94
1773985454125821,2,0,ANON_5G_CON_IMSI_B0_4b1d0a54ff88326030b28dbd5f480810cd4697c0b9d1bb728c0a019f9678535350ccca7a2567078ad7f0d43a94
1773985464245855,3,0,ANON_5G_CON_IMSI_B0_4b1d0a54ff88326030b28dbd5f480810cd4697c0b9d1bb728c0a019f9678535350ccca7a2567078ad7f0d43a94
1773985697016891,1,0,ANON_5G_CON_IMSI_B0_87fb9cc80ebe4da62a93ce21f72a0390f61533bd2c8e5154f042513db0f377705b1b2c36a7bdfd077a727dfbdb
1773985707876780,2,0,ANON_5G_CON_IMSI_B0_87fb9cc80ebe4da62a93ce21f72a0390f61533bd2c8e5154f042513db0f377705b1b2c36a7bdfd077a727dfbdb
1773985712896491,3,0,ANON_5G_CON_IMSI_B0_bc7c6caf4d1313b971290f297f986706e9f8147c0cdc53387f55d7f987d8a4250bf6434451b2677ddb3e163f30
1773985718121755,4,0,ANON_5G_CON_IMSI_B0_87fb9cc80ebe4da62a93ce21f72a0390f61533bd2c8e5154f042513db0f377705b1b2c36a7bdfd077a727dfbdb
1773985723021551,5,0,ANON_5G_CON_IMSI_B0_bc7c6caf4d1313b971290f297f986706e9f8147c0cdc53387f55d7f987d8a4250bf6434451b2677ddb3e163f30
1773985728361749,6,0,ANON_5G_CON_IMSI_B0_87fb9cc80ebe4da62a93ce21f72a0390f61533bd2c8e5154f042513db0f377705b1b2c36a7bdfd077a727dfbdb
1773985733146514,7,0,ANON_5G_CON_IMSI_B0_bc7c6caf4d1313b971290f297f986706e9f8147c0cdc53387f55d7f987d8a4250bf6434451b2677ddb3e163f30
1773985738606756,8,0,ANON_5G_CON_IMSI_B0_87fb9cc80ebe4da62a93ce21f72a0390f61533bd2c8e5154f042513db0f377705b1b2c36a7bdfd077a727dfbdb
1773986371807663,1,0,ANON_5G_CON_IMSI_B0_54723ec83e139b63d854b76037b385ef2947ecd8bfedb48961540b5814cc7162156ccd7fb39ce9635231265265
1773986381947693,2,0,ANON_5G_CON_IMSI_B0_54723ec83e139b63d854b76037b385ef2947ecd8bfedb48961540b5814cc7162156ccd7fb39ce9635231265265
1773986392087709,3,0,ANON_5G_CON_IMSI_B0_54723ec83e139b63d854b76037b385ef2947ecd8bfedb48961540b5814cc7162156ccd7fb39ce9635231265265
1773986712702022,1,0,ANON_5G_CON_IMSI_B0_0b26a0bec135bbb301127a0d837c7ac6260f615bff0797b4ffa86f05c8cb360e308c123838ab5dc79af2ae48fa
1773986722841911,2,0,ANON_5G_CON_IMSI_B0_0b26a0bec135bbb301127a0d837c7ac6260f615bff0797b4ffa86f05c8cb360e308c123838ab5dc79af2ae48fa
1773987997923062,1,0,ANON_5G_CON_IMSI_B0_35b69e71994ec515e1342098bfa3cb2e527cf6816949ddec3312af3e3d9b8d75a88607dd284b31ae703b22235e
1773988008122988,2,0,ANON_5G_CON_IMSI_B0_35b69e71994ec515e1342098bfa3cb2e527cf6816949ddec3312af3e3d9b8d75a88607dd284b31ae703b22235e
1773988018322924,3,0,ANON_5G_CON_IMSI_B0_35b69e71994ec515e1342098bfa3cb2e527cf6816949ddec3312af3e3d9b8d75a88607dd284b31ae703b22235e
1773988028588107,4,0,ANON_5G_CON_IMSI_B0_35b69e71994ec515e1342098bfa3cb2e527cf6816949ddec3312af3e3d9b8d75a88607dd284b31ae703b22235e
1773988038828093,5,0,ANON_5G_CON_IMSI_B0_35b69e71994ec515e1342098bfa3cb2e527cf6816949ddec3312af3e3d9b8d75a88607dd284b31ae703b22235e
1773988365498581,1,0,ANON_5G_CON_IMSI_B0_17bb57b40491e63919e3b1dc6300b3b89a7e45d191831977568ecfe339b918396bdb83f920fcc5eb683d12b7a6
1773989342019793,1,0,ANON_5G_CON_IMSI_B0_8b05825402f75ea8c2e1c6b5c31aba4a01a4c77cf62ac89125a4594b27cc682da9c84bb5500b69f11beda9a368
1773989352159774,2,0,ANON_5G_CON_IMSI_B0_8b05825402f75ea8c2e1c6b5c31aba4a01a4c77cf62ac89125a4594b27cc682da9c84bb5500b69f11beda9a368
1773990950848776,1,0,ANON_5G_CON_IMSI_B0_0d0dc61d30a740d1fc1ffa18dff4ecd0573f70354288733780f47752518767681280967213d1aacb2ac1358838
1773990961688833,2,0,ANON_5G_CON_IMSI_B0_0d0dc61d30a740d1fc1ffa18dff4ecd0573f70354288733780f47752518767681280967213d1aacb2ac1358838
1773990971928805,3,0,ANON_5G_CON_IMSI_B0_0d0dc61d30a740d1fc1ffa18dff4ecd0573f70354288733780f47752518767681280967213d1aacb2ac1358838
1773990982073812,4,0,ANON_5G_CON_IMSI_B0_0d0dc61d30a740d1fc1ffa18dff4ecd0573f70354288733780f47752518767681280967213d1aacb2ac1358838
1773990992373844,5,0,ANON_5G_CON_IMSI_B0_0d0dc61d30a740d1fc1ffa18dff4ecd0573f70354288733780f47752518767681280967213d1aacb2ac1358838
1773991297907122,1,0,ANON_5G_CON_IMSI_B0_5b85ee22563461ae4c969448254e70fcf4e8ee25d9452fcbda1900e2cea6df78ef191bf675213c4376493b1dd0
1773991308047135,2,0,ANON_5G_CON_IMSI_B0_5b85ee22563461ae4c969448254e70fcf4e8ee25d9452fcbda1900e2cea6df78ef191bf675213c4376493b1dd0
1773991318187177,3,0,ANON_5G_CON_IMSI_B0_5b85ee22563461ae4c969448254e70fcf4e8ee25d9452fcbda1900e2cea6df78ef191bf675213c4376493b1dd0
1773991972244316,1,0,ANON_5G_CON_IMSI_B0_2d1359acc1e968bb45c574d216d9f818ecade5530bf1ba7bc296c0424d55c37647fa34aab1225fd60b4c403898
1773991982484547,2,0,ANON_5G_CON_IMSI_B0_2d1359acc1e968bb45c574d216d9f818ecade5530bf1ba7bc296c0424d55c37647fa34aab1225fd60b4c403898
1773992600776781,1,0,ANON_5G_CON_IMSI_B0_07a9bce2c89f63ac52b361333126930b94beb3b8b12c72e306a43c5fed78957b92bbbb4dd74ddab190e0a13073
1773992611756792,2,0,ANON_5G_CON_IMSI_B0_07a9bce2c89f63ac52b361333126930b94beb3b8b12c72e306a43c5fed78957b92bbbb4dd74ddab190e0a13073
1773992621996774,3,0,ANON_5G_CON_IMSI_B0_07a9bce2c89f63ac52b361333126930b94beb3b8b12c72e306a43c5fed78957b92bbbb4dd74ddab190e0a13073
1773992624041704,4,0,ANON_5G_CON_IMSI_B0_bf09002ff7d4b1a4507c6a71c06e18df9b143141a772deda0b3706ca735e821d50a8e1c6ed7cbca840d846c634
1773992632241786,5,0,ANON_5G_CON_IMSI_B0_07a9bce2c89f63ac52b361333126930b94beb3b8b12c72e306a43c5fed78957b92bbbb4dd74ddab190e0a13073
1773992634161667,6,0,ANON_5G_CON_IMSI_B0_bf09002ff7d4b1a4507c6a71c06e18df9b143141a772deda0b3706ca735e821d50a8e1c6ed7cbca840d846c634
1773992642486808,7,0,ANON_5G_CON_IMSI_B0_07a9bce2c89f63ac52b361333126930b94beb3b8b12c72e306a43c5fed78957b92bbbb4dd74ddab190e0a13073
1773992943351348,1,0,ANON_5G_CON_IMSI_B0_7f4149f40d25ad5bb09dd89841c87d76213cfb52f02e6196ecc912e4149d36749a4e2e0d5854f099d6c1421905
1773992953471282,2,0,ANON_5G_CON_IMSI_B0_7f4149f40d25ad5bb09dd89841c87d76213cfb52f02e6196ecc912e4149d36749a4e2e0d5854f099d6c1421905
1773992963611382,3,0,ANON_5G_CON_IMSI_B0_7f4149f40d25ad5bb09dd89841c87d76213cfb52f02e6196ecc912e4149d36749a4e2e0d5854f099d6c1421905
1773993249950841,1,0,ANON_5G_CON_IMSI_B0_0be5f290ea9de186ac2aca71e4a84c8d3be85b736154ab50eed639de81d845287e383dd7bc3546b9dcefd12a0a
1773993260090751,2,0,ANON_5G_CON_IMSI_B0_0be5f290ea9de186ac2aca71e4a84c8d3be85b736154ab50eed639de81d845287e383dd7bc3546b9dcefd12a0a
1773993270230829,3,0,ANON_5G_CON_IMSI_B0_0be5f290ea9de186ac2aca71e4a84c8d3be85b736154ab50eed639de81d845287e383dd7bc3546b9dcefd12a0a
1773993280375811,4,0,ANON_5G_CON_IMSI_B0_0be5f290ea9de186ac2aca71e4a84c8d3be85b736154ab50eed639de81d845287e383dd7bc3546b9dcefd12a0a
1773993290515731,5,0,ANON_5G_CON_IMSI_B0_0be5f290ea9de186ac2aca71e4a84c8d3be85b736154ab50eed639de81d845287e383dd7bc3546b9dcefd12a0a
1773993943142311,1,0,ANON_5G_CON_IMSI_B0_882cfa95ad7d2ca39efbd04aa2d274632548e5098a38c08aee8328f318ef4e133330c0dccde8f07970bb74776d
1773993954382474,2,0,ANON_5G_CON_IMSI_B0_882cfa95ad7d2ca39efbd04aa2d274632548e5098a38c08aee8328f318ef4e133330c0dccde8f07970bb74776d
1773994265657658,1,0,ANON_5G_CON_IMSI_B0_7422a677cc543cd79543e513c87cb814ded83bfe5c49ae211c961aad65da3a601b1700c3952c7ec36713474378
1773994273557558,2,0,ANON_5G_CON_IMSI_B0_f9d57385df58c957c6f1550497fd5e4cae83f72bc69604ea3dd71547d2c0d05431ec43ac3dcf9e4b6cd14f9b77
1773994276357631,3,0,ANON_5G_CON_IMSI_B0_7422a677cc543cd79543e513c87cb814ded83bfe5c49ae211c961aad65da3a601b1700c3952c7ec36713474378
1773994283702504,4,0,ANON_5G_CON_IMSI_B0_f9d57385df58c957c6f1550497fd5e4cae83f72bc69604ea3dd71547d2c0d05431ec43ac3dcf9e4b6cd14f9b77
1773994286902592,5,0,ANON_5G_CON_IMSI_B0_7422a677cc543cd79543e513c87cb814ded83bfe5c49ae211c961aad65da3a601b1700c3952c7ec36713474378
1773994569089038,1,0,ANON_5G_CON_IMSI_B0_7464ef68c40c39d3f8fb8a1cb8505138c5dd69ea184bb4d4663a6d05f7a322096f1903a47fa7841bfd4884dd04
1773994579208939,2,0,ANON_5G_CON_IMSI_B0_7464ef68c40c39d3f8fb8a1cb8505138c5dd69ea184bb4d4663a6d05f7a322096f1903a47fa7841bfd4884dd04
1773994589329026,3,0,ANON_5G_CON_IMSI_B0_7464ef68c40c39d3f8fb8a1cb8505138c5dd69ea184bb4d4663a6d05f7a322096f1903a47fa7841bfd4884dd04
1773994599454007,4,0,ANON_5G_CON_IMSI_B0_7464ef68c40c39d3f8fb8a1cb8505138c5dd69ea184bb4d4663a6d05f7a322096f1903a47fa7841bfd4884dd04
1773994609593999,5,0,ANON_5G_CON_IMSI_B0_7464ef68c40c39d3f8fb8a1cb8505138c5dd69ea184bb4d4663a6d05f7a322096f1903a47fa7841bfd4884dd04
1773994935394691,1,0,ANON_5G_CON_IMSI_B0_d00500c86c52d0665b9d0d2681c71e04afa730017f247b367cbc06ad006f5a7d37a8c6c082c2c5c9e5d27f2e47
1773995253261959,1,0,ANON_5G_CON_IMSI_B0_4421b4f3b56382418cf9d1f5a9051f9727c3a9ea65135feaa7a68bd2b4506a6b93c004073ee2524e57e6eb1cfc
1773995264072056,2,0,ANON_5G_CON_IMSI_B0_4421b4f3b56382418cf9d1f5a9051f9727c3a9ea65135feaa7a68bd2b4506a6b93c004073ee2524e57e6eb1cfc
1773995568993857,1,0,ANON_5G_CON_IMSI_B0_b1e6c8fc009854b85600d50344b7c02248cf4067930a52e0338437668a4d9e25cbedf38f9b42470c3075a8de70
1773995579113866,2,0,ANON_5G_CON_IMSI_B0_b1e6c8fc009854b85600d50344b7c02248cf4067930a52e0338437668a4d9e25cbedf38f9b42470c3075a8de70
1773995589233836,3,0,ANON_5G_CON_IMSI_B0_b1e6c8fc009854b85600d50344b7c02248cf4067930a52e0338437668a4d9e25cbedf38f9b42470c3075a8de70
1773995599358855,4,0,ANON_5G_CON_IMSI_B0_b1e6c8fc009854b85600d50344b7c02248cf4067930a52e0338437668a4d9e25cbedf38f9b42470c3075a8de70
1773995897306173,1,0,ANON_5G_CON_IMSI_B0_20a98bb84482ed6d36e8173cd6120af261dcc5ed16cc72bfaf241fcdf96c9f7959c5c1ad23d8df0b208ca4dadd
1773995908366185,2,0,ANON_5G_CON_IMSI_B0_20a98bb84482ed6d36e8173cd6120af261dcc5ed16cc72bfaf241fcdf96c9f7959c5c1ad23d8df0b208ca4dadd
1773995918606218,3,0,ANON_5G_CON_IMSI_B0_20a98bb84482ed6d36e8173cd6120af261dcc5ed16cc72bfaf241fcdf96c9f7959c5c1ad23d8df0b208ca4dadd
1773995928851102,4,0,ANON_5G_CON_IMSI_B0_20a98bb84482ed6d36e8173cd6120af261dcc5ed16cc72bfaf241fcdf96c9f7959c5c1ad23d8df0b208ca4dadd
1773996544045919,1,0,ANON_5G_CON_IMSI_B0_e34fe0322909126097f0edd60ab2fdd27ab621845c69839166ca26fe75122b447db896264a0c6852482b294b68
1773996554165993,2,0,ANON_5G_CON_IMSI_B0_e34fe0322909126097f0edd60ab2fdd27ab621845c69839166ca26fe75122b447db896264a0c6852482b294b68
1773996564285992,3,0,ANON_5G_CON_IMSI_B0_e34fe0322909126097f0edd60ab2fdd27ab621845c69839166ca26fe75122b447db896264a0c6852482b294b68
1773996574410932,4,0,ANON_5G_CON_IMSI_B0_e34fe0322909126097f0edd60ab2fdd27ab621845c69839166ca26fe75122b447db896264a0c6852482b294b68
1773996584531138,5,0,ANON_5G_CON_IMSI_B0_e34fe0322909126097f0edd60ab2fdd27ab621845c69839166ca26fe75122b447db896264a0c6852482b294b68
1773996867260804,1,0,ANON_5G_CON_IMSI_B0_2d1bd60b6c88cf0eca9767715cb30ebc4f9231f82eae5c5316d464939841a723c4ebf580faebf61e52bd3ada45
1773996878340754,2,0,ANON_5G_CON_IMSI_B0_2d1bd60b6c88cf0eca9767715cb30ebc4f9231f82eae5c5316d464939841a723c4ebf580faebf61e52bd3ada45
1773996888700752,3,0,ANON_5G_CON_IMSI_B0_2d1bd60b6c88cf0eca9767715cb30ebc4f9231f82eae5c5316d464939841a723c4ebf580faebf61e52bd3ada45
1773996898945854,4,0,ANON_5G_CON_IMSI_B0_2d1bd60b6c88cf0eca9767715cb30ebc4f9231f82eae5c5316d464939841a723c4ebf580faebf61e52bd3ada45
1773996909185740,5,0,ANON_5G_CON_IMSI_B0_2d1bd60b6c88cf0eca9767715cb30ebc4f9231f82eae5c5316d464939841a723c4ebf580faebf61e52bd3ada45
1773997531899311,1,0,ANON_5G_CON_IMSI_B0_227a95e58e3d677e332265c725840414dee5c6f4b190ec345787c86ba28a4272b4e9ceddb5bc474a8a501849e3
1773997542019379,2,0,ANON_5G_CON_IMSI_B0_227a95e58e3d677e332265c725840414dee5c6f4b190ec345787c86ba28a4272b4e9ceddb5bc474a8a501849e3
1773997552139385,3,0,ANON_5G_CON_IMSI_B0_227a95e58e3d677e332265c725840414dee5c6f4b190ec345787c86ba28a4272b4e9ceddb5bc474a8a501849e3
1773997562264317,4,0,ANON_5G_CON_IMSI_B0_227a95e58e3d677e332265c725840414dee5c6f4b190ec345787c86ba28a4272b4e9ceddb5bc474a8a501849e3
1773997572384375,5,0,ANON_5G_CON_IMSI_B0_227a95e58e3d677e332265c725840414dee5c6f4b190ec345787c86ba28a4272b4e9ceddb5bc474a8a501849e3
1773997896082661,1,0,ANON_5G_CON_IMSI_B0_5fc9d3aeb9f0a9477634dcddddb32bc0cda3f34ec6bb2ff51b356e89ee68b754fa398b4c2b0ede008988ba4b69
1773998511470959,1,0,ANON_5G_CON_IMSI_B0_a959188d90b4ae3ff250cd3f8225ed9151504cb8c81d1ec1b92fb6fb274041728af10029fca10f4bd877715549
1773998521590877,2,0,ANON_5G_CON_IMSI_B0_a959188d90b4ae3ff250cd3f8225ed9151504cb8c81d1ec1b92fb6fb274041728af10029fca10f4bd877715549
1773998531710978,3,0,ANON_5G_CON_IMSI_B0_a959188d90b4ae3ff250cd3f8225ed9151504cb8c81d1ec1b92fb6fb274041728af10029fca10f4bd877715549
1773998541835904,4,0,ANON_5G_CON_IMSI_B0_a959188d90b4ae3ff250cd3f8225ed9151504cb8c81d1ec1b92fb6fb274041728af10029fca10f4bd877715549
1773998551975800,5,0,ANON_5G_CON_IMSI_B0_a959188d90b4ae3ff250cd3f8225ed9151504cb8c81d1ec1b92fb6fb274041728af10029fca10f4bd877715549
1773998879810296,1,0,ANON_5G_CON_IMSI_B0_e631fcf793e8b04f7f28f6e2351eb98bbc741855e58097edd70be3d864447053bcaa7e1ce92f56796457a43146
1773999182440210,1,0,ANON_5G_CON_IMSI_B0_6bf82f0d302548ca6dd792939d49af3f509357ee847b2e3c0d9689fdad1a2a712e031786464e97d257bcccdba1
1773999192600317,2,0,ANON_5G_CON_IMSI_B0_6bf82f0d302548ca6dd792939d49af3f509357ee847b2e3c0d9689fdad1a2a712e031786464e97d257bcccdba1
1773999202840367,3,0,ANON_5G_CON_IMSI_B0_6bf82f0d302548ca6dd792939d49af3f509357ee847b2e3c0d9689fdad1a2a712e031786464e97d257bcccdba1
1773999213085319,4,0,ANON_5G_CON_IMSI_B0_6bf82f0d302548ca6dd792939d49af3f509357ee847b2e3c0d9689fdad1a2a712e031786464e97d257bcccdba1
1773999499855405,1,0,ANON_5G_CON_IMSI_B0_02f2c9f8c1705cfcdba065b7325cf4d039e12ccf2a00711c8cf49d0398471d26adf10c9e39b24d5872b684aa18
1773999511075343,2,0,ANON_5G_CON_IMSI_B0_02f2c9f8c1705cfcdba065b7325cf4d039e12ccf2a00711c8cf49d0398471d26adf10c9e39b24d5872b684aa18
1773999521315266,3,0,ANON_5G_CON_IMSI_B0_02f2c9f8c1705cfcdba065b7325cf4d039e12ccf2a00711c8cf49d0398471d26adf10c9e39b24d5872b684aa18
1773999531560221,4,0,ANON_5G_CON_IMSI_B0_02f2c9f8c1705cfcdba065b7325cf4d039e12ccf2a00711c8cf49d0398471d26adf10c9e39b24d5872b684aa18
1773999541660206,5,0,ANON_5G_CON_IMSI_B0_02f2c9f8c1705cfcdba065b7325cf4d039e12ccf2a00711c8cf49d0398471d26adf10c9e39b24d5872b684aa18
