1776243959205251,1,0,ANON_5G_CON_IMSI_B0_cc1fd307aa6e8f4b14ff8b3078439c4260c2f4cae208754509e9d1c2a0cd780f3dcaae02eca1190d86186e78a8
1776243969465272,2,0,ANON_5G_CON_IMSI_B0_cc1fd307aa6e8f4b14ff8b3078439c4260c2f4cae208754509e9d1c2a0cd780f3dcaae02eca1190d86186e78a8
1776243979705158,3,0,ANON_5G_CON_IMSI_B0_cc1fd307aa6e8f4b14ff8b3078439c4260c2f4cae208754509e9d1c2a0cd780f3dcaae02eca1190d86186e78a8
1776243989950144,4,0,ANON_5G_CON_IMSI_B0_cc1fd307aa6e8f4b14ff8b3078439c4260c2f4cae208754509e9d1c2a0cd780f3dcaae02eca1190d86186e78a8
1776244000190226,5,0,ANON_5G_CON_IMSI_B0_cc1fd307aa6e8f4b14ff8b3078439c4260c2f4cae208754509e9d1c2a0cd780f3dcaae02eca1190d86186e78a8
1776244944166931,1,0,ANON_5G_CON_IMSI_B0_3cd0b2cbd4765a226524f3034b98c304ed43e1b7db36f58f2751406cde1f28413ff74fc63ab40ef5bda3aa8611
1776244954626986,2,0,ANON_5G_CON_IMSI_B0_3cd0b2cbd4765a226524f3034b98c304ed43e1b7db36f58f2751406cde1f28413ff74fc63ab40ef5bda3aa8611
1776244964847100,3,0,ANON_5G_CON_IMSI_B0_3cd0b2cbd4765a226524f3034b98c304ed43e1b7db36f58f2751406cde1f28413ff74fc63ab40ef5bda3aa8611
1776244975072241,4,0,ANON_5G_CON_IMSI_B0_3cd0b2cbd4765a226524f3034b98c304ed43e1b7db36f58f2751406cde1f28413ff74fc63ab40ef5bda3aa8611
1776244985352304,5,0,ANON_5G_CON_IMSI_B0_3cd0b2cbd4765a226524f3034b98c304ed43e1b7db36f58f2751406cde1f28413ff74fc63ab40ef5bda3aa8611
1776245933276494,1,0,ANON_5G_CON_IMSI_B0_f1ffe59400c4bb1db4ed204e22119df581aa95a30cf1d84228552a3b839c6644b0d11c063072cce9f5883cd6bc
1776245935876562,2,0,ANON_5G_CON_IMSI_B0_66c7ec1828838bed25cc441e8beda38f0c8f230c636a991187b2db4eb3bb3818275a486293085a0de2486c5656
1776245943596551,3,0,ANON_5G_CON_IMSI_B0_f1ffe59400c4bb1db4ed204e22119df581aa95a30cf1d84228552a3b839c6644b0d11c063072cce9f5883cd6bc
1776245946041607,4,0,ANON_5G_CON_IMSI_B0_66c7ec1828838bed25cc441e8beda38f0c8f230c636a991187b2db4eb3bb3818275a486293085a0de2486c5656
1776245953821563,5,0,ANON_5G_CON_IMSI_B0_f1ffe59400c4bb1db4ed204e22119df581aa95a30cf1d84228552a3b839c6644b0d11c063072cce9f5883cd6bc
1776245956201564,6,0,ANON_5G_CON_IMSI_B0_66c7ec1828838bed25cc441e8beda38f0c8f230c636a991187b2db4eb3bb3818275a486293085a0de2486c5656
1776245964066587,7,0,ANON_5G_CON_IMSI_B0_f1ffe59400c4bb1db4ed204e22119df581aa95a30cf1d84228552a3b839c6644b0d11c063072cce9f5883cd6bc
1776245966346540,8,0,ANON_5G_CON_IMSI_B0_66c7ec1828838bed25cc441e8beda38f0c8f230c636a991187b2db4eb3bb3818275a486293085a0de2486c5656
1776245974326616,9,0,ANON_5G_CON_IMSI_B0_f1ffe59400c4bb1db4ed204e22119df581aa95a30cf1d84228552a3b839c6644b0d11c063072cce9f5883cd6bc
1776245976451656,10,0,ANON_5G_CON_IMSI_B0_66c7ec1828838bed25cc441e8beda38f0c8f230c636a991187b2db4eb3bb3818275a486293085a0de2486c5656
1776247280458257,1,0,ANON_5G_CON_IMSI_B0_21b695bc7be7d7aeab3ea1e59ded87145e7e187688580e810140f7ff1fe0344384f1191b261315f5254ae9d36a
1776247291048113,2,0,ANON_5G_CON_IMSI_B0_21b695bc7be7d7aeab3ea1e59ded87145e7e187688580e810140f7ff1fe0344384f1191b261315f5254ae9d36a
1776248233445564,1,0,ANON_5G_CON_IMSI_B0_8c07ee0e39da386e889de1a3c8f1c4caa0ecb3f2b9ac9908460765c935b3934fc533378ce4b6f07ebc5dd98336
1776248243605578,2,0,ANON_5G_CON_IMSI_B0_8c07ee0e39da386e889de1a3c8f1c4caa0ecb3f2b9ac9908460765c935b3934fc533378ce4b6f07ebc5dd98336
1776248253825555,3,0,ANON_5G_CON_IMSI_B0_8c07ee0e39da386e889de1a3c8f1c4caa0ecb3f2b9ac9908460765c935b3934fc533378ce4b6f07ebc5dd98336
1776248264070611,4,0,ANON_5G_CON_IMSI_B0_8c07ee0e39da386e889de1a3c8f1c4caa0ecb3f2b9ac9908460765c935b3934fc533378ce4b6f07ebc5dd98336
1776248274290538,5,0,ANON_5G_CON_IMSI_B0_8c07ee0e39da386e889de1a3c8f1c4caa0ecb3f2b9ac9908460765c935b3934fc533378ce4b6f07ebc5dd98336
1776250534733924,1,0,ANON_5G_CON_IMSI_B0_231d7545f9f1742ba618078b5e9d7ac306bd3a48656ee539989f0058cf657608b554637e385cfb58cd70be1829
1776250545413897,2,0,ANON_5G_CON_IMSI_B0_231d7545f9f1742ba618078b5e9d7ac306bd3a48656ee539989f0058cf657608b554637e385cfb58cd70be1829
1776250555653926,3,0,ANON_5G_CON_IMSI_B0_231d7545f9f1742ba618078b5e9d7ac306bd3a48656ee539989f0058cf657608b554637e385cfb58cd70be1829
1776250565898934,4,0,ANON_5G_CON_IMSI_B0_231d7545f9f1742ba618078b5e9d7ac306bd3a48656ee539989f0058cf657608b554637e385cfb58cd70be1829
1776250576118896,5,0,ANON_5G_CON_IMSI_B0_231d7545f9f1742ba618078b5e9d7ac306bd3a48656ee539989f0058cf657608b554637e385cfb58cd70be1829
1776254478400382,1,0,ANON_5G_CON_IMSI_B0_713e721d92155771e1e269ce94ed50bd8dab6d280936a7931a8cade37fb709572807ae4815d34d392c50222e86
1776254488520474,2,0,ANON_5G_CON_IMSI_B0_713e721d92155771e1e269ce94ed50bd8dab6d280936a7931a8cade37fb709572807ae4815d34d392c50222e86
1776254498640429,3,0,ANON_5G_CON_IMSI_B0_713e721d92155771e1e269ce94ed50bd8dab6d280936a7931a8cade37fb709572807ae4815d34d392c50222e86
1776254508745558,4,0,ANON_5G_CON_IMSI_B0_713e721d92155771e1e269ce94ed50bd8dab6d280936a7931a8cade37fb709572807ae4815d34d392c50222e86
1776254518865450,5,0,ANON_5G_CON_IMSI_B0_713e721d92155771e1e269ce94ed50bd8dab6d280936a7931a8cade37fb709572807ae4815d34d392c50222e86
1776255095513687,1,0,ANON_5G_CON_IMSI_A0_032ed01c60d7466a640df52c3f5accb1bf55b9389e5e03ad9b57bfe64addb5762721e78a2e3b1a0c4b12920e2e59
1776255105793658,2,0,ANON_5G_CON_IMSI_A0_032ed01c60d7466a640df52c3f5accb1bf55b9389e5e03ad9b57bfe64addb5762721e78a2e3b1a0c4b12920e2e59
1776255116033611,3,0,ANON_5G_CON_IMSI_A0_032ed01c60d7466a640df52c3f5accb1bf55b9389e5e03ad9b57bfe64addb5762721e78a2e3b1a0c4b12920e2e59
1776256431023428,1,0,ANON_5G_CON_IMSI_A0_032ed01c60d7466a640df52c3f5accb1bf55b9389e5e03ad9b57bfe64addb5762721e78a2e3b1a0c4b12920e2e59
1776256779809327,1,0,ANON_5G_CON_IMSI_B0_ceec77e476362df521b9bc9e9f986770bbb93a7e27a52da61795d9c5ae63c63d4cbb88953524531126c73b4e9e
1776256781829344,2,0,ANON_5G_CON_IMSI_B0_888ff342a334b3e95f3ce850c1afdfa59360973a086d01877b1ba30913c8193b507617d710e21d85e45fc83f05
1776256789929402,3,0,ANON_5G_CON_IMSI_B0_ceec77e476362df521b9bc9e9f986770bbb93a7e27a52da61795d9c5ae63c63d4cbb88953524531126c73b4e9e
1776256792834383,4,0,ANON_5G_CON_IMSI_B0_888ff342a334b3e95f3ce850c1afdfa59360973a086d01877b1ba30913c8193b507617d710e21d85e45fc83f05
1776256800054346,5,0,ANON_5G_CON_IMSI_B0_ceec77e476362df521b9bc9e9f986770bbb93a7e27a52da61795d9c5ae63c63d4cbb88953524531126c73b4e9e
1776256803074255,6,0,ANON_5G_CON_IMSI_B0_888ff342a334b3e95f3ce850c1afdfa59360973a086d01877b1ba30913c8193b507617d710e21d85e45fc83f05
1776256810199302,7,0,ANON_5G_CON_IMSI_B0_ceec77e476362df521b9bc9e9f986770bbb93a7e27a52da61795d9c5ae63c63d4cbb88953524531126c73b4e9e
1776256813339270,8,0,ANON_5G_CON_IMSI_B0_888ff342a334b3e95f3ce850c1afdfa59360973a086d01877b1ba30913c8193b507617d710e21d85e45fc83f05
1776256820319351,9,0,ANON_5G_CON_IMSI_B0_ceec77e476362df521b9bc9e9f986770bbb93a7e27a52da61795d9c5ae63c63d4cbb88953524531126c73b4e9e
1776256823564356,10,0,ANON_5G_CON_IMSI_B0_888ff342a334b3e95f3ce850c1afdfa59360973a086d01877b1ba30913c8193b507617d710e21d85e45fc83f05
1776259415240724,1,0,ANON_5G_CON_IMSI_B0_d3a0e51bd2ed1e4ce44ec6a56434528e67642e0834430894f7c2b9818575c5185cbdb6accc639f293b905f001d
1776259425400548,2,0,ANON_5G_CON_IMSI_B0_d3a0e51bd2ed1e4ce44ec6a56434528e67642e0834430894f7c2b9818575c5185cbdb6accc639f293b905f001d
1776259435640601,3,0,ANON_5G_CON_IMSI_B0_d3a0e51bd2ed1e4ce44ec6a56434528e67642e0834430894f7c2b9818575c5185cbdb6accc639f293b905f001d
1776259445865656,4,0,ANON_5G_CON_IMSI_B0_d3a0e51bd2ed1e4ce44ec6a56434528e67642e0834430894f7c2b9818575c5185cbdb6accc639f293b905f001d
1776259456125525,5,0,ANON_5G_CON_IMSI_B0_d3a0e51bd2ed1e4ce44ec6a56434528e67642e0834430894f7c2b9818575c5185cbdb6accc639f293b905f001d
1776260410039935,1,0,ANON_5G_CON_IMSI_B0_32e05521bcc85407ed8a6d0b2a418d10d6300c7cd27f9bb60d20b2a7c1ca47046336e098bf6576785671240c45
1776260420720019,2,0,ANON_5G_CON_IMSI_B0_32e05521bcc85407ed8a6d0b2a418d10d6300c7cd27f9bb60d20b2a7c1ca47046336e098bf6576785671240c45
1776260430959929,3,0,ANON_5G_CON_IMSI_B0_32e05521bcc85407ed8a6d0b2a418d10d6300c7cd27f9bb60d20b2a7c1ca47046336e098bf6576785671240c45
1776260441204988,4,0,ANON_5G_CON_IMSI_B0_32e05521bcc85407ed8a6d0b2a418d10d6300c7cd27f9bb60d20b2a7c1ca47046336e098bf6576785671240c45
1776261713257031,1,0,ANON_5G_CON_IMSI_B0_1416e1f646ad99efd27bad5e885023df14b6bdfff4d92a5254baaeff2cf38d5efa0b6181191c84d8fb064c14df
1776261724256921,2,0,ANON_5G_CON_IMSI_B0_1416e1f646ad99efd27bad5e885023df14b6bdfff4d92a5254baaeff2cf38d5efa0b6181191c84d8fb064c14df
1776261734496751,3,0,ANON_5G_CON_IMSI_B0_1416e1f646ad99efd27bad5e885023df14b6bdfff4d92a5254baaeff2cf38d5efa0b6181191c84d8fb064c14df
1776261744741704,4,0,ANON_5G_CON_IMSI_B0_1416e1f646ad99efd27bad5e885023df14b6bdfff4d92a5254baaeff2cf38d5efa0b6181191c84d8fb064c14df
1776261754981727,5,0,ANON_5G_CON_IMSI_B0_1416e1f646ad99efd27bad5e885023df14b6bdfff4d92a5254baaeff2cf38d5efa0b6181191c84d8fb064c14df
1776262036372929,1,0,ANON_5G_CON_IMSI_B0_288a3f6573d5ee3488e1cfbd6b533c6e8a938ccc3d2912dd3f2e391447884229326c6cc0490b71742ac676332c
1776262038581739,2,0,ANON_5G_CON_IMSI_B0_288a3f6573d5ee3488e1cfbd6b533c6e8a938ccc3d2912dd3f2e391447884229326c6cc0490b71742ac676332c
1776262040721826,3,0,ANON_5G_CON_IMSI_B0_288a3f6573d5ee3488e1cfbd6b533c6e8a938ccc3d2912dd3f2e391447884229326c6cc0490b71742ac676332c
1776262043026779,4,0,ANON_5G_CON_IMSI_B0_288a3f6573d5ee3488e1cfbd6b533c6e8a938ccc3d2912dd3f2e391447884229326c6cc0490b71742ac676332c
1776262045336788,5,0,ANON_5G_CON_IMSI_B0_288a3f6573d5ee3488e1cfbd6b533c6e8a938ccc3d2912dd3f2e391447884229326c6cc0490b71742ac676332c
1776262364851870,1,0,ANON_5G_CON_IMSI_B0_0e295e0db4d664d753665d5230c3542362054b8ebf2a64a8e18aa48fda6717704673c7cc7f4b3323cb6c02aaff
1776262375011755,2,0,ANON_5G_CON_IMSI_B0_0e295e0db4d664d753665d5230c3542362054b8ebf2a64a8e18aa48fda6717704673c7cc7f4b3323cb6c02aaff
1776262385131724,3,0,ANON_5G_CON_IMSI_B0_0e295e0db4d664d753665d5230c3542362054b8ebf2a64a8e18aa48fda6717704673c7cc7f4b3323cb6c02aaff
1776262395236787,4,0,ANON_5G_CON_IMSI_B0_0e295e0db4d664d753665d5230c3542362054b8ebf2a64a8e18aa48fda6717704673c7cc7f4b3323cb6c02aaff
1776262405356736,5,0,ANON_5G_CON_IMSI_B0_0e295e0db4d664d753665d5230c3542362054b8ebf2a64a8e18aa48fda6717704673c7cc7f4b3323cb6c02aaff
1776263029262599,1,0,ANON_5G_CON_IMSI_B0_dd871a90b38a85e88acd74c234f9550c3b5271f5b77cb2f6db9ed4e3a4a8011ba531c29128b0e71f95ad5e06d5
1776263040522483,2,0,ANON_5G_CON_IMSI_B0_dd871a90b38a85e88acd74c234f9550c3b5271f5b77cb2f6db9ed4e3a4a8011ba531c29128b0e71f95ad5e06d5
1776263050662574,3,0,ANON_5G_CON_IMSI_B0_dd871a90b38a85e88acd74c234f9550c3b5271f5b77cb2f6db9ed4e3a4a8011ba531c29128b0e71f95ad5e06d5
1776263060987446,4,0,ANON_5G_CON_IMSI_B0_dd871a90b38a85e88acd74c234f9550c3b5271f5b77cb2f6db9ed4e3a4a8011ba531c29128b0e71f95ad5e06d5
1776263071237555,5,0,ANON_5G_CON_IMSI_B0_dd871a90b38a85e88acd74c234f9550c3b5271f5b77cb2f6db9ed4e3a4a8011ba531c29128b0e71f95ad5e06d5
1776264347471866,1,0,ANON_5G_CON_IMSI_B0_bf85c6ea9e63d4bcdd07bce4810f501e7db3d7541a53b277b3b7bb5b60b2a00d743c49d487f5608214c3fd78c7
1776264349651884,2,0,ANON_5G_CON_IMSI_B0_bf85c6ea9e63d4bcdd07bce4810f501e7db3d7541a53b277b3b7bb5b60b2a00d743c49d487f5608214c3fd78c7
1776264351831737,3,0,ANON_5G_CON_IMSI_B0_bf85c6ea9e63d4bcdd07bce4810f501e7db3d7541a53b277b3b7bb5b60b2a00d743c49d487f5608214c3fd78c7
1776264354016742,4,0,ANON_5G_CON_IMSI_B0_bf85c6ea9e63d4bcdd07bce4810f501e7db3d7541a53b277b3b7bb5b60b2a00d743c49d487f5608214c3fd78c7
1776264356216796,5,0,ANON_5G_CON_IMSI_B0_bf85c6ea9e63d4bcdd07bce4810f501e7db3d7541a53b277b3b7bb5b60b2a00d743c49d487f5608214c3fd78c7
1776266002579425,1,0,ANON_5G_CON_IMSI_B0_16e78e21fb165bc56561c06f1242fcbf980d594bf52ca29d1914850f2b5c1941dd12ac038e65660322ecaeddf2
1776266012719352,2,0,ANON_5G_CON_IMSI_B0_16e78e21fb165bc56561c06f1242fcbf980d594bf52ca29d1914850f2b5c1941dd12ac038e65660322ecaeddf2
1776266022869301,3,0,ANON_5G_CON_IMSI_B0_16e78e21fb165bc56561c06f1242fcbf980d594bf52ca29d1914850f2b5c1941dd12ac038e65660322ecaeddf2
1776266312920841,1,0,ANON_5G_CON_IMSI_B0_a74c58859c2318ec2b68d343a1c453fe969ca6bebce323a527fa215a4f2ac55ab789689313e20db6fdaf08bdf2
1776266323060840,2,0,ANON_5G_CON_IMSI_B0_a74c58859c2318ec2b68d343a1c453fe969ca6bebce323a527fa215a4f2ac55ab789689313e20db6fdaf08bdf2
1776266333200819,3,0,ANON_5G_CON_IMSI_B0_a74c58859c2318ec2b68d343a1c453fe969ca6bebce323a527fa215a4f2ac55ab789689313e20db6fdaf08bdf2
1776266343345831,4,0,ANON_5G_CON_IMSI_B0_a74c58859c2318ec2b68d343a1c453fe969ca6bebce323a527fa215a4f2ac55ab789689313e20db6fdaf08bdf2
1776266353485834,5,0,ANON_5G_CON_IMSI_B0_a74c58859c2318ec2b68d343a1c453fe969ca6bebce323a527fa215a4f2ac55ab789689313e20db6fdaf08bdf2
1776267627094420,1,0,ANON_5G_CON_IMSI_B0_344328a1964648c31f87b791573a9c2e0f76c873017412141cf08e12e90f794aaf03b840f6814b3c16bb0d75b0
1776267637234335,2,0,ANON_5G_CON_IMSI_B0_344328a1964648c31f87b791573a9c2e0f76c873017412141cf08e12e90f794aaf03b840f6814b3c16bb0d75b0
1776267647354348,3,0,ANON_5G_CON_IMSI_B0_344328a1964648c31f87b791573a9c2e0f76c873017412141cf08e12e90f794aaf03b840f6814b3c16bb0d75b0
1776267657479403,4,0,ANON_5G_CON_IMSI_B0_344328a1964648c31f87b791573a9c2e0f76c873017412141cf08e12e90f794aaf03b840f6814b3c16bb0d75b0
1776267667639284,5,0,ANON_5G_CON_IMSI_B0_344328a1964648c31f87b791573a9c2e0f76c873017412141cf08e12e90f794aaf03b840f6814b3c16bb0d75b0
1776268562756236,1,0,ANON_5G_CON_IMSI_B0_4055e476f0f5499c10b0c99804bb5e849efe087dc778341e292c575920f365675bab70ecc0da5ea96927844e4a
1776268572916151,2,0,ANON_5G_CON_IMSI_B0_4055e476f0f5499c10b0c99804bb5e849efe087dc778341e292c575920f365675bab70ecc0da5ea96927844e4a
1776268583036068,3,0,ANON_5G_CON_IMSI_B0_4055e476f0f5499c10b0c99804bb5e849efe087dc778341e292c575920f365675bab70ecc0da5ea96927844e4a
1776268593161058,4,0,ANON_5G_CON_IMSI_B0_4055e476f0f5499c10b0c99804bb5e849efe087dc778341e292c575920f365675bab70ecc0da5ea96927844e4a
1776269539831407,1,0,ANON_5G_CON_IMSI_B0_bf6a3032a448a955af4af8a931430630ab9029183c2a5149dff1b41fa8627f4a3b17b24ef8b7e6d019928d881f
1776269549951562,2,0,ANON_5G_CON_IMSI_B0_bf6a3032a448a955af4af8a931430630ab9029183c2a5149dff1b41fa8627f4a3b17b24ef8b7e6d019928d881f
1776269560071664,3,0,ANON_5G_CON_IMSI_B0_bf6a3032a448a955af4af8a931430630ab9029183c2a5149dff1b41fa8627f4a3b17b24ef8b7e6d019928d881f
1776269570216699,4,0,ANON_5G_CON_IMSI_B0_bf6a3032a448a955af4af8a931430630ab9029183c2a5149dff1b41fa8627f4a3b17b24ef8b7e6d019928d881f
1776269580356790,5,0,ANON_5G_CON_IMSI_B0_bf6a3032a448a955af4af8a931430630ab9029183c2a5149dff1b41fa8627f4a3b17b24ef8b7e6d019928d881f
1776270867524338,1,0,ANON_5G_CON_IMSI_B0_639c7626c2acec1e44327cfc06a4336792f8c8060458ecceb9e92ac75343b15b8177dc435f1fa255da3718e760
1776270877664387,2,0,ANON_5G_CON_IMSI_B0_639c7626c2acec1e44327cfc06a4336792f8c8060458ecceb9e92ac75343b15b8177dc435f1fa255da3718e760
1776270887804413,3,0,ANON_5G_CON_IMSI_B0_639c7626c2acec1e44327cfc06a4336792f8c8060458ecceb9e92ac75343b15b8177dc435f1fa255da3718e760
1776270897969391,4,0,ANON_5G_CON_IMSI_B0_639c7626c2acec1e44327cfc06a4336792f8c8060458ecceb9e92ac75343b15b8177dc435f1fa255da3718e760
1776271839683388,1,0,ANON_5G_CON_IMSI_B0_4a2268227d4447884f5bc7a8bd284eafa5bf8e53aa8d3495a1b82bf3a082ed7f38204cd5b63e7d68ac8eab584f
1776271849803464,2,0,ANON_5G_CON_IMSI_B0_4a2268227d4447884f5bc7a8bd284eafa5bf8e53aa8d3495a1b82bf3a082ed7f38204cd5b63e7d68ac8eab584f
1776271859943447,3,0,ANON_5G_CON_IMSI_B0_4a2268227d4447884f5bc7a8bd284eafa5bf8e53aa8d3495a1b82bf3a082ed7f38204cd5b63e7d68ac8eab584f
1776271870068435,4,0,ANON_5G_CON_IMSI_B0_4a2268227d4447884f5bc7a8bd284eafa5bf8e53aa8d3495a1b82bf3a082ed7f38204cd5b63e7d68ac8eab584f
1776271880208496,5,0,ANON_5G_CON_IMSI_B0_4a2268227d4447884f5bc7a8bd284eafa5bf8e53aa8d3495a1b82bf3a082ed7f38204cd5b63e7d68ac8eab584f
1776272119329533,1,0,ANON_5G_CON_IMSI_A0_038074aaf6fd66db309d482ca4831f06628e1b97c82bd6d1abe0143a1d348a38d19aafc8ffafa9a18f00c6800a66
1776272129489624,2,0,ANON_5G_CON_IMSI_A0_038074aaf6fd66db309d482ca4831f06628e1b97c82bd6d1abe0143a1d348a38d19aafc8ffafa9a18f00c6800a66
1776272139769641,3,0,ANON_5G_CON_IMSI_A0_038074aaf6fd66db309d482ca4831f06628e1b97c82bd6d1abe0143a1d348a38d19aafc8ffafa9a18f00c6800a66
1776272855275810,1,0,ANON_5G_CON_IMSI_B0_d00f47e31f856268254c62181c8cdf6e41df1d78ba3c8cdb98b028afa8355941b782b98950a1b18b40664c2adf
1776272865415830,2,0,ANON_5G_CON_IMSI_B0_d00f47e31f856268254c62181c8cdf6e41df1d78ba3c8cdb98b028afa8355941b782b98950a1b18b40664c2adf
1776272875555777,3,0,ANON_5G_CON_IMSI_B0_d00f47e31f856268254c62181c8cdf6e41df1d78ba3c8cdb98b028afa8355941b782b98950a1b18b40664c2adf
1776273160973887,1,0,ANON_5G_CON_IMSI_B0_addb3e5b496d77bc1764ac82cf432942a8af2679aad5a09d4e3153dda29c914efb83d69c7e08925e2537f62135
1776273171093829,2,0,ANON_5G_CON_IMSI_B0_addb3e5b496d77bc1764ac82cf432942a8af2679aad5a09d4e3153dda29c914efb83d69c7e08925e2537f62135
1776273181213787,3,0,ANON_5G_CON_IMSI_B0_addb3e5b496d77bc1764ac82cf432942a8af2679aad5a09d4e3153dda29c914efb83d69c7e08925e2537f62135
1776273191338835,4,0,ANON_5G_CON_IMSI_B0_addb3e5b496d77bc1764ac82cf432942a8af2679aad5a09d4e3153dda29c914efb83d69c7e08925e2537f62135
1776273201478911,5,0,ANON_5G_CON_IMSI_B0_addb3e5b496d77bc1764ac82cf432942a8af2679aad5a09d4e3153dda29c914efb83d69c7e08925e2537f62135
1776273485882096,1,0,ANON_5G_CON_IMSI_B0_c8b2baba96d41a5e1ff8b9303e6842724586cdc571963999f5f4fb7d40467002951c7292962051109d166f8bbe
1776273496002098,2,0,ANON_5G_CON_IMSI_B0_c8b2baba96d41a5e1ff8b9303e6842724586cdc571963999f5f4fb7d40467002951c7292962051109d166f8bbe
1776273506122084,3,0,ANON_5G_CON_IMSI_B0_c8b2baba96d41a5e1ff8b9303e6842724586cdc571963999f5f4fb7d40467002951c7292962051109d166f8bbe
1776273516227144,4,0,ANON_5G_CON_IMSI_B0_c8b2baba96d41a5e1ff8b9303e6842724586cdc571963999f5f4fb7d40467002951c7292962051109d166f8bbe
1776273526347106,5,0,ANON_5G_CON_IMSI_B0_c8b2baba96d41a5e1ff8b9303e6842724586cdc571963999f5f4fb7d40467002951c7292962051109d166f8bbe
1776274149057459,1,0,ANON_5G_CON_IMSI_B0_f91fe95d75c1f0729f8d6b77ecbe9de469d412f376f02ffab7bd898b126a3706bd5f459bbec2f71389e2bfb59c
1776274159197375,2,0,ANON_5G_CON_IMSI_B0_f91fe95d75c1f0729f8d6b77ecbe9de469d412f376f02ffab7bd898b126a3706bd5f459bbec2f71389e2bfb59c
1776274169337258,3,0,ANON_5G_CON_IMSI_B0_f91fe95d75c1f0729f8d6b77ecbe9de469d412f376f02ffab7bd898b126a3706bd5f459bbec2f71389e2bfb59c
1776274179482208,4,0,ANON_5G_CON_IMSI_B0_f91fe95d75c1f0729f8d6b77ecbe9de469d412f376f02ffab7bd898b126a3706bd5f459bbec2f71389e2bfb59c
1776274189622121,5,0,ANON_5G_CON_IMSI_B0_f91fe95d75c1f0729f8d6b77ecbe9de469d412f376f02ffab7bd898b126a3706bd5f459bbec2f71389e2bfb59c
1776275143455335,1,0,ANON_5G_CON_IMSI_B0_879c871022fce2b3b9a4e04d3d9cc5166dbfa2ba89ff6505b867d25501db6924d0b935f6600856885b9fdfa494
1776275153575136,2,0,ANON_5G_CON_IMSI_B0_879c871022fce2b3b9a4e04d3d9cc5166dbfa2ba89ff6505b867d25501db6924d0b935f6600856885b9fdfa494
1776275163695166,3,0,ANON_5G_CON_IMSI_B0_879c871022fce2b3b9a4e04d3d9cc5166dbfa2ba89ff6505b867d25501db6924d0b935f6600856885b9fdfa494
1776275173820081,4,0,ANON_5G_CON_IMSI_B0_879c871022fce2b3b9a4e04d3d9cc5166dbfa2ba89ff6505b867d25501db6924d0b935f6600856885b9fdfa494
1776276117581214,1,0,ANON_5G_CON_IMSI_B0_05fcfc1ca5d7eaf97b6722ff0fb0fab03a0fa0d188945c083ed1dbd44d551a0d4557fdc0b80b664b58f1bbe247
1776276127701151,2,0,ANON_5G_CON_IMSI_B0_05fcfc1ca5d7eaf97b6722ff0fb0fab03a0fa0d188945c083ed1dbd44d551a0d4557fdc0b80b664b58f1bbe247
1776276137821162,3,0,ANON_5G_CON_IMSI_B0_05fcfc1ca5d7eaf97b6722ff0fb0fab03a0fa0d188945c083ed1dbd44d551a0d4557fdc0b80b664b58f1bbe247
1776276147946107,4,0,ANON_5G_CON_IMSI_B0_05fcfc1ca5d7eaf97b6722ff0fb0fab03a0fa0d188945c083ed1dbd44d551a0d4557fdc0b80b664b58f1bbe247
1776276158086136,5,0,ANON_5G_CON_IMSI_B0_05fcfc1ca5d7eaf97b6722ff0fb0fab03a0fa0d188945c083ed1dbd44d551a0d4557fdc0b80b664b58f1bbe247
1776277106762076,1,0,ANON_5G_CON_IMSI_B0_0af380c934572672170e6f2fa28710a016b84dae022920c97b05e0b7abbe6262eb82a8ef22698603dfd44d956f
1776277116882165,2,0,ANON_5G_CON_IMSI_B0_0af380c934572672170e6f2fa28710a016b84dae022920c97b05e0b7abbe6262eb82a8ef22698603dfd44d956f
1776277127002015,3,0,ANON_5G_CON_IMSI_B0_0af380c934572672170e6f2fa28710a016b84dae022920c97b05e0b7abbe6262eb82a8ef22698603dfd44d956f
1776277137127098,4,0,ANON_5G_CON_IMSI_B0_0af380c934572672170e6f2fa28710a016b84dae022920c97b05e0b7abbe6262eb82a8ef22698603dfd44d956f
1776277147267144,5,0,ANON_5G_CON_IMSI_B0_0af380c934572672170e6f2fa28710a016b84dae022920c97b05e0b7abbe6262eb82a8ef22698603dfd44d956f
1776278086911815,1,0,ANON_5G_CON_IMSI_B0_c0837900a22b482de8cd73fea7262052aebec3ab81acae6c62f5903699c1ad6fc2a791ac645be584201a18b534
1776278097031910,2,0,ANON_5G_CON_IMSI_B0_c0837900a22b482de8cd73fea7262052aebec3ab81acae6c62f5903699c1ad6fc2a791ac645be584201a18b534
1776278107151995,3,0,ANON_5G_CON_IMSI_B0_c0837900a22b482de8cd73fea7262052aebec3ab81acae6c62f5903699c1ad6fc2a791ac645be584201a18b534
1776278117277009,4,0,ANON_5G_CON_IMSI_B0_c0837900a22b482de8cd73fea7262052aebec3ab81acae6c62f5903699c1ad6fc2a791ac645be584201a18b534
1776278127396944,5,0,ANON_5G_CON_IMSI_B0_c0837900a22b482de8cd73fea7262052aebec3ab81acae6c62f5903699c1ad6fc2a791ac645be584201a18b534
1776279074585139,1,0,ANON_5G_CON_IMSI_B0_4a46e5bd478ae5c7cadbe6fbe97d8b5e238e5cdf32a98580d6fc32d93c5a3160988ca063a0bd3730e171176bac
1776279084705146,2,0,ANON_5G_CON_IMSI_B0_4a46e5bd478ae5c7cadbe6fbe97d8b5e238e5cdf32a98580d6fc32d93c5a3160988ca063a0bd3730e171176bac
1776279094825127,3,0,ANON_5G_CON_IMSI_B0_4a46e5bd478ae5c7cadbe6fbe97d8b5e238e5cdf32a98580d6fc32d93c5a3160988ca063a0bd3730e171176bac
1776279104950131,4,0,ANON_5G_CON_IMSI_B0_4a46e5bd478ae5c7cadbe6fbe97d8b5e238e5cdf32a98580d6fc32d93c5a3160988ca063a0bd3730e171176bac
1776279115090169,5,0,ANON_5G_CON_IMSI_B0_4a46e5bd478ae5c7cadbe6fbe97d8b5e238e5cdf32a98580d6fc32d93c5a3160988ca063a0bd3730e171176bac
1776280074509302,1,0,ANON_5G_CON_IMSI_B0_5e4e28e4a31c0e0329acbd2a6c921287c57d41347086d1b60787ffc5c89fb23c615a72224be0f72409961c57ad
1776280084649275,2,0,ANON_5G_CON_IMSI_B0_5e4e28e4a31c0e0329acbd2a6c921287c57d41347086d1b60787ffc5c89fb23c615a72224be0f72409961c57ad
1776280094769280,3,0,ANON_5G_CON_IMSI_B0_5e4e28e4a31c0e0329acbd2a6c921287c57d41347086d1b60787ffc5c89fb23c615a72224be0f72409961c57ad
1776280104894259,4,0,ANON_5G_CON_IMSI_B0_5e4e28e4a31c0e0329acbd2a6c921287c57d41347086d1b60787ffc5c89fb23c615a72224be0f72409961c57ad
1776281055764712,1,0,ANON_5G_CON_IMSI_B0_f9ff7d2f4c29fb384cf47842f2ad120e3c04e2cd91663ccf33332d4165d32b34bf1371544f2179b38d310cd37c
1776281065884783,2,0,ANON_5G_CON_IMSI_B0_f9ff7d2f4c29fb384cf47842f2ad120e3c04e2cd91663ccf33332d4165d32b34bf1371544f2179b38d310cd37c
1776281076004659,3,0,ANON_5G_CON_IMSI_B0_f9ff7d2f4c29fb384cf47842f2ad120e3c04e2cd91663ccf33332d4165d32b34bf1371544f2179b38d310cd37c
1776281086129746,4,0,ANON_5G_CON_IMSI_B0_f9ff7d2f4c29fb384cf47842f2ad120e3c04e2cd91663ccf33332d4165d32b34bf1371544f2179b38d310cd37c
1776282039565178,1,0,ANON_5G_CON_IMSI_B0_0bd8f0a8b765c335ca4ed9a3e799784367095530c573eefd47bdb843ee9b74184b0629a1f6298011ba8f6a14ce
1776282049685081,2,0,ANON_5G_CON_IMSI_B0_0bd8f0a8b765c335ca4ed9a3e799784367095530c573eefd47bdb843ee9b74184b0629a1f6298011ba8f6a14ce
1776282059805118,3,0,ANON_5G_CON_IMSI_B0_0bd8f0a8b765c335ca4ed9a3e799784367095530c573eefd47bdb843ee9b74184b0629a1f6298011ba8f6a14ce
1776282069930069,4,0,ANON_5G_CON_IMSI_B0_0bd8f0a8b765c335ca4ed9a3e799784367095530c573eefd47bdb843ee9b74184b0629a1f6298011ba8f6a14ce
1776282080070124,5,0,ANON_5G_CON_IMSI_B0_0bd8f0a8b765c335ca4ed9a3e799784367095530c573eefd47bdb843ee9b74184b0629a1f6298011ba8f6a14ce
1776283017201843,1,0,ANON_5G_CON_IMSI_B0_94732401cf31ed93a49d3b036bfd6a276cd2aca7d511abd01dc06f0c37bf3a7b776caf571db075e12673ad2e65
1776283027321881,2,0,ANON_5G_CON_IMSI_B0_94732401cf31ed93a49d3b036bfd6a276cd2aca7d511abd01dc06f0c37bf3a7b776caf571db075e12673ad2e65
1776283037441753,3,0,ANON_5G_CON_IMSI_B0_94732401cf31ed93a49d3b036bfd6a276cd2aca7d511abd01dc06f0c37bf3a7b776caf571db075e12673ad2e65
1776283047566701,4,0,ANON_5G_CON_IMSI_B0_94732401cf31ed93a49d3b036bfd6a276cd2aca7d511abd01dc06f0c37bf3a7b776caf571db075e12673ad2e65
1776283057706739,5,0,ANON_5G_CON_IMSI_B0_94732401cf31ed93a49d3b036bfd6a276cd2aca7d511abd01dc06f0c37bf3a7b776caf571db075e12673ad2e65
1776284003601117,1,0,ANON_5G_CON_IMSI_B0_830306c87b3f6b2e1d9d0478c16028c095273657a80e966f0175c8d8686ddd273c370fc765059603fbb53c8d19
1776284013721146,2,0,ANON_5G_CON_IMSI_B0_830306c87b3f6b2e1d9d0478c16028c095273657a80e966f0175c8d8686ddd273c370fc765059603fbb53c8d19
1776284023841101,3,0,ANON_5G_CON_IMSI_B0_830306c87b3f6b2e1d9d0478c16028c095273657a80e966f0175c8d8686ddd273c370fc765059603fbb53c8d19
1776284034006213,4,0,ANON_5G_CON_IMSI_B0_830306c87b3f6b2e1d9d0478c16028c095273657a80e966f0175c8d8686ddd273c370fc765059603fbb53c8d19
1776284044146269,5,0,ANON_5G_CON_IMSI_B0_830306c87b3f6b2e1d9d0478c16028c095273657a80e966f0175c8d8686ddd273c370fc765059603fbb53c8d19
1776285007956031,1,0,ANON_5G_CON_IMSI_B0_58e5978ad50fa56100e38fcfe1c1d5feb027162c18254e55deac56bfdd5d6a59600851fee4296aeabb71e12ed1
1776285018096035,2,0,ANON_5G_CON_IMSI_B0_58e5978ad50fa56100e38fcfe1c1d5feb027162c18254e55deac56bfdd5d6a59600851fee4296aeabb71e12ed1
1776285028215941,3,0,ANON_5G_CON_IMSI_B0_58e5978ad50fa56100e38fcfe1c1d5feb027162c18254e55deac56bfdd5d6a59600851fee4296aeabb71e12ed1
1776285038341002,4,0,ANON_5G_CON_IMSI_B0_58e5978ad50fa56100e38fcfe1c1d5feb027162c18254e55deac56bfdd5d6a59600851fee4296aeabb71e12ed1
1776285976361079,1,0,ANON_5G_CON_IMSI_B0_8424a3619c49e2a9afa6d4d88342bff172d5158e356f4e871089b29bfb77237b3027adfb2549fcc1b730c52930
1776285986480995,2,0,ANON_5G_CON_IMSI_B0_8424a3619c49e2a9afa6d4d88342bff172d5158e356f4e871089b29bfb77237b3027adfb2549fcc1b730c52930
1776285996601037,3,0,ANON_5G_CON_IMSI_B0_8424a3619c49e2a9afa6d4d88342bff172d5158e356f4e871089b29bfb77237b3027adfb2549fcc1b730c52930
1776286006726076,4,0,ANON_5G_CON_IMSI_B0_8424a3619c49e2a9afa6d4d88342bff172d5158e356f4e871089b29bfb77237b3027adfb2549fcc1b730c52930
1776286016866185,5,0,ANON_5G_CON_IMSI_B0_8424a3619c49e2a9afa6d4d88342bff172d5158e356f4e871089b29bfb77237b3027adfb2549fcc1b730c52930
1776286982067878,1,0,ANON_5G_CON_IMSI_B0_7904851d22605af0ffe1706809d3420ad17702ade5578a310a0639ab48e2706c76d47b99df2fb45c56f9e8f025
1776286992187901,2,0,ANON_5G_CON_IMSI_B0_7904851d22605af0ffe1706809d3420ad17702ade5578a310a0639ab48e2706c76d47b99df2fb45c56f9e8f025
1776287002307877,3,0,ANON_5G_CON_IMSI_B0_7904851d22605af0ffe1706809d3420ad17702ade5578a310a0639ab48e2706c76d47b99df2fb45c56f9e8f025
1776287288997260,1,0,ANON_5G_CON_IMSI_B0_c2f5ac41d524e9400de7e41fabc6c88ebc98b8e56021d6f5fb81c1c4b6bf3f1aed9c3a0a9442556a88c1c2ece4
1776287299117197,2,0,ANON_5G_CON_IMSI_B0_c2f5ac41d524e9400de7e41fabc6c88ebc98b8e56021d6f5fb81c1c4b6bf3f1aed9c3a0a9442556a88c1c2ece4
1776287309237325,3,0,ANON_5G_CON_IMSI_B0_c2f5ac41d524e9400de7e41fabc6c88ebc98b8e56021d6f5fb81c1c4b6bf3f1aed9c3a0a9442556a88c1c2ece4
1776287319362284,4,0,ANON_5G_CON_IMSI_B0_c2f5ac41d524e9400de7e41fabc6c88ebc98b8e56021d6f5fb81c1c4b6bf3f1aed9c3a0a9442556a88c1c2ece4
1776287329502281,5,0,ANON_5G_CON_IMSI_B0_c2f5ac41d524e9400de7e41fabc6c88ebc98b8e56021d6f5fb81c1c4b6bf3f1aed9c3a0a9442556a88c1c2ece4
1776288288819874,1,0,ANON_5G_CON_IMSI_B0_c4d808a8483f85dc9e983cbc2e7c5e97722cf54328eb5ff9a4b87e774fb3e75d90c23b9a17029a920785f23521
1776288298939775,2,0,ANON_5G_CON_IMSI_B0_c4d808a8483f85dc9e983cbc2e7c5e97722cf54328eb5ff9a4b87e774fb3e75d90c23b9a17029a920785f23521
1776288309059677,3,0,ANON_5G_CON_IMSI_B0_c4d808a8483f85dc9e983cbc2e7c5e97722cf54328eb5ff9a4b87e774fb3e75d90c23b9a17029a920785f23521
1776288319184701,4,0,ANON_5G_CON_IMSI_B0_c4d808a8483f85dc9e983cbc2e7c5e97722cf54328eb5ff9a4b87e774fb3e75d90c23b9a17029a920785f23521
1776289262995693,1,0,ANON_5G_CON_IMSI_B0_1d7ca8e2845fba5993d6cfedd01513cb80cd23107d5c30d4bd6dc4d1e3952907afb14f4464c85cd904161590cf
1776289273115661,2,0,ANON_5G_CON_IMSI_B0_1d7ca8e2845fba5993d6cfedd01513cb80cd23107d5c30d4bd6dc4d1e3952907afb14f4464c85cd904161590cf
1776289283255651,3,0,ANON_5G_CON_IMSI_B0_1d7ca8e2845fba5993d6cfedd01513cb80cd23107d5c30d4bd6dc4d1e3952907afb14f4464c85cd904161590cf
1776289293380642,4,0,ANON_5G_CON_IMSI_B0_1d7ca8e2845fba5993d6cfedd01513cb80cd23107d5c30d4bd6dc4d1e3952907afb14f4464c85cd904161590cf
1776289303500636,5,0,ANON_5G_CON_IMSI_B0_1d7ca8e2845fba5993d6cfedd01513cb80cd23107d5c30d4bd6dc4d1e3952907afb14f4464c85cd904161590cf
1776290258230956,1,0,ANON_5G_CON_IMSI_B0_dc09ad15a9e5f16f2da58e100d8e9d4b3eda0367038bc994fd3826af20c5ab2d5a51d576e5beaddbf5ccad82ec
1776290268351103,2,0,ANON_5G_CON_IMSI_B0_dc09ad15a9e5f16f2da58e100d8e9d4b3eda0367038bc994fd3826af20c5ab2d5a51d576e5beaddbf5ccad82ec
1776290278471068,3,0,ANON_5G_CON_IMSI_B0_dc09ad15a9e5f16f2da58e100d8e9d4b3eda0367038bc994fd3826af20c5ab2d5a51d576e5beaddbf5ccad82ec
1776290288616102,4,0,ANON_5G_CON_IMSI_B0_dc09ad15a9e5f16f2da58e100d8e9d4b3eda0367038bc994fd3826af20c5ab2d5a51d576e5beaddbf5ccad82ec
1776291235218989,1,0,ANON_5G_CON_IMSI_B0_83a2497eced69a0f9bbf6629115c3bbf9d8269b807397b56fd42d893e5f6c20df2e4db81a4281e1a6121198415
1776291245338912,2,0,ANON_5G_CON_IMSI_B0_83a2497eced69a0f9bbf6629115c3bbf9d8269b807397b56fd42d893e5f6c20df2e4db81a4281e1a6121198415
1776291255458919,3,0,ANON_5G_CON_IMSI_B0_83a2497eced69a0f9bbf6629115c3bbf9d8269b807397b56fd42d893e5f6c20df2e4db81a4281e1a6121198415
1776291265583958,4,0,ANON_5G_CON_IMSI_B0_83a2497eced69a0f9bbf6629115c3bbf9d8269b807397b56fd42d893e5f6c20df2e4db81a4281e1a6121198415
1776291275703950,5,0,ANON_5G_CON_IMSI_B0_83a2497eced69a0f9bbf6629115c3bbf9d8269b807397b56fd42d893e5f6c20df2e4db81a4281e1a6121198415
1776292226053935,1,0,ANON_5G_CON_IMSI_B0_c9044fc0e225c3ed80fe845e98fb4dc40dbeecd143496a90a21f777bfec67544ba5a6ee92a9a591aab403610e9
1776292236173787,2,0,ANON_5G_CON_IMSI_B0_c9044fc0e225c3ed80fe845e98fb4dc40dbeecd143496a90a21f777bfec67544ba5a6ee92a9a591aab403610e9
1776292246293585,3,0,ANON_5G_CON_IMSI_B0_c9044fc0e225c3ed80fe845e98fb4dc40dbeecd143496a90a21f777bfec67544ba5a6ee92a9a591aab403610e9
1776292256418580,4,0,ANON_5G_CON_IMSI_B0_c9044fc0e225c3ed80fe845e98fb4dc40dbeecd143496a90a21f777bfec67544ba5a6ee92a9a591aab403610e9
1776292266558473,5,0,ANON_5G_CON_IMSI_B0_c9044fc0e225c3ed80fe845e98fb4dc40dbeecd143496a90a21f777bfec67544ba5a6ee92a9a591aab403610e9
1776293208430865,1,0,ANON_5G_CON_IMSI_B0_0aea5bcc6aedf8df7116413160a9e87d441b05000e14538f9b3d964f51f70f6afd23305e148b131135ec3145e4
1776293218550780,2,0,ANON_5G_CON_IMSI_B0_0aea5bcc6aedf8df7116413160a9e87d441b05000e14538f9b3d964f51f70f6afd23305e148b131135ec3145e4
1776293228670892,3,0,ANON_5G_CON_IMSI_B0_0aea5bcc6aedf8df7116413160a9e87d441b05000e14538f9b3d964f51f70f6afd23305e148b131135ec3145e4
1776293238795805,4,0,ANON_5G_CON_IMSI_B0_0aea5bcc6aedf8df7116413160a9e87d441b05000e14538f9b3d964f51f70f6afd23305e148b131135ec3145e4
1776293248935744,5,0,ANON_5G_CON_IMSI_B0_0aea5bcc6aedf8df7116413160a9e87d441b05000e14538f9b3d964f51f70f6afd23305e148b131135ec3145e4
1776294191009072,1,0,ANON_5G_CON_IMSI_B0_9755abcc09900ee8c4e3de6df57738d1f5f5de73e59389c140ec5b8472ba650dd52e3fb723dc9c8606ec3fe051
1776294194369062,2,0,ANON_5G_CON_IMSI_B0_ebf2fcb8a9aa541ed470f5f3f248027fdcd78ce668331b40c6d79f6bfd289217f7553d974d569e86f5bd546f1f
1776294201129087,3,0,ANON_5G_CON_IMSI_B0_9755abcc09900ee8c4e3de6df57738d1f5f5de73e59389c140ec5b8472ba650dd52e3fb723dc9c8606ec3fe051
1776294204493926,4,0,ANON_5G_CON_IMSI_B0_ebf2fcb8a9aa541ed470f5f3f248027fdcd78ce668331b40c6d79f6bfd289217f7553d974d569e86f5bd546f1f
1776294211233959,5,0,ANON_5G_CON_IMSI_B0_9755abcc09900ee8c4e3de6df57738d1f5f5de73e59389c140ec5b8472ba650dd52e3fb723dc9c8606ec3fe051
1776294214614090,6,0,ANON_5G_CON_IMSI_B0_ebf2fcb8a9aa541ed470f5f3f248027fdcd78ce668331b40c6d79f6bfd289217f7553d974d569e86f5bd546f1f
1776294221358999,7,0,ANON_5G_CON_IMSI_B0_9755abcc09900ee8c4e3de6df57738d1f5f5de73e59389c140ec5b8472ba650dd52e3fb723dc9c8606ec3fe051
1776294224738943,8,0,ANON_5G_CON_IMSI_B0_ebf2fcb8a9aa541ed470f5f3f248027fdcd78ce668331b40c6d79f6bfd289217f7553d974d569e86f5bd546f1f
1776294231478991,9,0,ANON_5G_CON_IMSI_B0_9755abcc09900ee8c4e3de6df57738d1f5f5de73e59389c140ec5b8472ba650dd52e3fb723dc9c8606ec3fe051
1776294234863888,10,0,ANON_5G_CON_IMSI_B0_ebf2fcb8a9aa541ed470f5f3f248027fdcd78ce668331b40c6d79f6bfd289217f7553d974d569e86f5bd546f1f
1776295216079613,1,0,ANON_5G_CON_IMSI_B0_34a1fce581b3085160ffc5ce8b9dbe1e5bcb1e59cca650d4508c17973a565671d0d5a6de68061e989f60a38499
1776295226199605,2,0,ANON_5G_CON_IMSI_B0_34a1fce581b3085160ffc5ce8b9dbe1e5bcb1e59cca650d4508c17973a565671d0d5a6de68061e989f60a38499
1776295875653437,1,0,ANON_5G_CON_IMSI_B0_a6ed0fc2ed33a272e41824a7c4c58d039b18f041d1669f595a46d132d1a6d7713e29c3b487ed1420f72433275e
1776295885773312,2,0,ANON_5G_CON_IMSI_B0_a6ed0fc2ed33a272e41824a7c4c58d039b18f041d1669f595a46d132d1a6d7713e29c3b487ed1420f72433275e
1776296542165043,1,0,ANON_5G_CON_IMSI_B0_713c23fcd11378c50e708e93cba90d53c145bb08c529ab95014e77243dd5aa088f34c5b3bbfe11deec1856b48b
1776298152696956,1,0,ANON_5G_CON_IMSI_B0_4ceaeba045cfd258a0c696043069763d30cf485d5ba5c6cb962430c5a252f75786fbf2beb86a5ab2c6f206fc75
1776298162816847,2,0,ANON_5G_CON_IMSI_B0_4ceaeba045cfd258a0c696043069763d30cf485d5ba5c6cb962430c5a252f75786fbf2beb86a5ab2c6f206fc75
1776298172936928,3,0,ANON_5G_CON_IMSI_B0_4ceaeba045cfd258a0c696043069763d30cf485d5ba5c6cb962430c5a252f75786fbf2beb86a5ab2c6f206fc75
1776298183061958,4,0,ANON_5G_CON_IMSI_B0_4ceaeba045cfd258a0c696043069763d30cf485d5ba5c6cb962430c5a252f75786fbf2beb86a5ab2c6f206fc75
1776299123751611,1,0,ANON_5G_CON_IMSI_B0_45a0c7b786927339f74be16a22e9fbfa489e029700d6cbf3d7a4f82929640a1f56d225e314955298e32401eef6
1776299124211655,2,0,ANON_5G_CON_IMSI_B0_43f22ca962413f49c2074b5d0cf934c303da0bac46ac7a2397bc1ab9e6ca6d3f1b9da62c8465c5c20c4d2d16fa
1776299133871679,3,0,ANON_5G_CON_IMSI_B0_45a0c7b786927339f74be16a22e9fbfa489e029700d6cbf3d7a4f82929640a1f56d225e314955298e32401eef6
1776299134316652,4,0,ANON_5G_CON_IMSI_B0_43f22ca962413f49c2074b5d0cf934c303da0bac46ac7a2397bc1ab9e6ca6d3f1b9da62c8465c5c20c4d2d16fa
1776299143996755,5,0,ANON_5G_CON_IMSI_B0_45a0c7b786927339f74be16a22e9fbfa489e029700d6cbf3d7a4f82929640a1f56d225e314955298e32401eef6
1776299144436581,6,0,ANON_5G_CON_IMSI_B0_43f22ca962413f49c2074b5d0cf934c303da0bac46ac7a2397bc1ab9e6ca6d3f1b9da62c8465c5c20c4d2d16fa
1776299154121670,7,0,ANON_5G_CON_IMSI_B0_45a0c7b786927339f74be16a22e9fbfa489e029700d6cbf3d7a4f82929640a1f56d225e314955298e32401eef6
1776299154561649,8,0,ANON_5G_CON_IMSI_B0_43f22ca962413f49c2074b5d0cf934c303da0bac46ac7a2397bc1ab9e6ca6d3f1b9da62c8465c5c20c4d2d16fa
1776299164241581,9,0,ANON_5G_CON_IMSI_B0_45a0c7b786927339f74be16a22e9fbfa489e029700d6cbf3d7a4f82929640a1f56d225e314955298e32401eef6
1776299164666653,10,0,ANON_5G_CON_IMSI_B0_43f22ca962413f49c2074b5d0cf934c303da0bac46ac7a2397bc1ab9e6ca6d3f1b9da62c8465c5c20c4d2d16fa
1776300118507354,1,0,ANON_5G_CON_IMSI_B0_bff3d70510af3d55e63144dbe6b9c58061019c8c388ed89ac461100904492f1ade7e5bb843b8158ef6be7a6ad8
1776300128627267,2,0,ANON_5G_CON_IMSI_B0_bff3d70510af3d55e63144dbe6b9c58061019c8c388ed89ac461100904492f1ade7e5bb843b8158ef6be7a6ad8
1776300138747338,3,0,ANON_5G_CON_IMSI_B0_bff3d70510af3d55e63144dbe6b9c58061019c8c388ed89ac461100904492f1ade7e5bb843b8158ef6be7a6ad8
1776300148872286,4,0,ANON_5G_CON_IMSI_B0_bff3d70510af3d55e63144dbe6b9c58061019c8c388ed89ac461100904492f1ade7e5bb843b8158ef6be7a6ad8
1776300159012372,5,0,ANON_5G_CON_IMSI_B0_bff3d70510af3d55e63144dbe6b9c58061019c8c388ed89ac461100904492f1ade7e5bb843b8158ef6be7a6ad8
1776301424802473,1,0,ANON_5G_CON_IMSI_B0_2f1ee767ac103159673ef4c80c971f1a20ede3b21db6d7610e1b254a3d04e87bd952b16a22a11c1f75b7252a1e
1776301434922395,2,0,ANON_5G_CON_IMSI_B0_2f1ee767ac103159673ef4c80c971f1a20ede3b21db6d7610e1b254a3d04e87bd952b16a22a11c1f75b7252a1e
1776301445042555,3,0,ANON_5G_CON_IMSI_B0_2f1ee767ac103159673ef4c80c971f1a20ede3b21db6d7610e1b254a3d04e87bd952b16a22a11c1f75b7252a1e
1776301455167446,4,0,ANON_5G_CON_IMSI_B0_2f1ee767ac103159673ef4c80c971f1a20ede3b21db6d7610e1b254a3d04e87bd952b16a22a11c1f75b7252a1e
1776301465307495,5,0,ANON_5G_CON_IMSI_B0_2f1ee767ac103159673ef4c80c971f1a20ede3b21db6d7610e1b254a3d04e87bd952b16a22a11c1f75b7252a1e
1776302447170352,1,0,ANON_5G_CON_IMSI_B0_5d67abfe7e9f116dc06d87a77c25d2d781d1ec1a5204f466ac1263295c276609b4cff9271acffd327df8c290d3
1776302457290493,2,0,ANON_5G_CON_IMSI_B0_5d67abfe7e9f116dc06d87a77c25d2d781d1ec1a5204f466ac1263295c276609b4cff9271acffd327df8c290d3
1776303405177239,1,0,ANON_5G_CON_IMSI_B0_5d4fa96f1c2a0ca6fbeafebc85d7130df7b32724136c2945b782535934f20271679a66891dba4f2069561d9544
1776303415297327,2,0,ANON_5G_CON_IMSI_B0_5d4fa96f1c2a0ca6fbeafebc85d7130df7b32724136c2945b782535934f20271679a66891dba4f2069561d9544
1776303425417359,3,0,ANON_5G_CON_IMSI_B0_5d4fa96f1c2a0ca6fbeafebc85d7130df7b32724136c2945b782535934f20271679a66891dba4f2069561d9544
1776303435542314,4,0,ANON_5G_CON_IMSI_B0_5d4fa96f1c2a0ca6fbeafebc85d7130df7b32724136c2945b782535934f20271679a66891dba4f2069561d9544
1776303445682363,5,0,ANON_5G_CON_IMSI_B0_5d4fa96f1c2a0ca6fbeafebc85d7130df7b32724136c2945b782535934f20271679a66891dba4f2069561d9544
1776304383101821,1,0,ANON_5G_CON_IMSI_B0_fc32036c8be79406ff4cefeeb35ff471e2bdc511f46f69fb9783979cc77fae13613fb303af7286c7d3a4c059a7
1776304393221871,2,0,ANON_5G_CON_IMSI_B0_fc32036c8be79406ff4cefeeb35ff471e2bdc511f46f69fb9783979cc77fae13613fb303af7286c7d3a4c059a7
1776304403341763,3,0,ANON_5G_CON_IMSI_B0_fc32036c8be79406ff4cefeeb35ff471e2bdc511f46f69fb9783979cc77fae13613fb303af7286c7d3a4c059a7
1776304413466764,4,0,ANON_5G_CON_IMSI_B0_fc32036c8be79406ff4cefeeb35ff471e2bdc511f46f69fb9783979cc77fae13613fb303af7286c7d3a4c059a7
1776304423586733,5,0,ANON_5G_CON_IMSI_B0_fc32036c8be79406ff4cefeeb35ff471e2bdc511f46f69fb9783979cc77fae13613fb303af7286c7d3a4c059a7
1776306355769950,1,0,ANON_5G_CON_IMSI_B0_83b1c19705f092e4de7cc53c4ea1d79e983a4be035826368251750c14359187a56509e94cbb6b75fba745830cd
1776306360870118,2,0,ANON_5G_CON_IMSI_B0_35149d89538b8b4239a6c379a5d289b2d386135f232569935aafe28971bb91508fbfbc8efe673ac559cb8f615d
1776306365890210,3,0,ANON_5G_CON_IMSI_B0_83b1c19705f092e4de7cc53c4ea1d79e983a4be035826368251750c14359187a56509e94cbb6b75fba745830cd
1776306370995291,4,0,ANON_5G_CON_IMSI_B0_35149d89538b8b4239a6c379a5d289b2d386135f232569935aafe28971bb91508fbfbc8efe673ac559cb8f615d
1776306376015326,5,0,ANON_5G_CON_IMSI_B0_83b1c19705f092e4de7cc53c4ea1d79e983a4be035826368251750c14359187a56509e94cbb6b75fba745830cd
1776306381115468,6,0,ANON_5G_CON_IMSI_B0_35149d89538b8b4239a6c379a5d289b2d386135f232569935aafe28971bb91508fbfbc8efe673ac559cb8f615d
1776306386140544,7,0,ANON_5G_CON_IMSI_B0_83b1c19705f092e4de7cc53c4ea1d79e983a4be035826368251750c14359187a56509e94cbb6b75fba745830cd
1776306391240755,8,0,ANON_5G_CON_IMSI_B0_35149d89538b8b4239a6c379a5d289b2d386135f232569935aafe28971bb91508fbfbc8efe673ac559cb8f615d
1776306396260865,9,0,ANON_5G_CON_IMSI_B0_83b1c19705f092e4de7cc53c4ea1d79e983a4be035826368251750c14359187a56509e94cbb6b75fba745830cd
1776306401365881,10,0,ANON_5G_CON_IMSI_B0_35149d89538b8b4239a6c379a5d289b2d386135f232569935aafe28971bb91508fbfbc8efe673ac559cb8f615d
1776307341742302,1,0,ANON_5G_CON_IMSI_B0_a4f182d23a489f59130ef3444737af8d38af9f5ae19cdb315e702fb7d9648826f6d97ea02614175a9558209c23
1776307351862490,2,0,ANON_5G_CON_IMSI_B0_a4f182d23a489f59130ef3444737af8d38af9f5ae19cdb315e702fb7d9648826f6d97ea02614175a9558209c23
1776307361982467,3,0,ANON_5G_CON_IMSI_B0_a4f182d23a489f59130ef3444737af8d38af9f5ae19cdb315e702fb7d9648826f6d97ea02614175a9558209c23
1776307372107526,4,0,ANON_5G_CON_IMSI_B0_a4f182d23a489f59130ef3444737af8d38af9f5ae19cdb315e702fb7d9648826f6d97ea02614175a9558209c23
1776307382247529,5,0,ANON_5G_CON_IMSI_B0_a4f182d23a489f59130ef3444737af8d38af9f5ae19cdb315e702fb7d9648826f6d97ea02614175a9558209c23
1776308332799544,1,0,ANON_5G_CON_IMSI_B0_d9a1b3967691a13022d1901b01f715b034bbe697a6b6245a0045980cbabdb80a9ddedfa58a68638db6df8578b6
1776308342939558,2,0,ANON_5G_CON_IMSI_B0_d9a1b3967691a13022d1901b01f715b034bbe697a6b6245a0045980cbabdb80a9ddedfa58a68638db6df8578b6
1776308353059533,3,0,ANON_5G_CON_IMSI_B0_d9a1b3967691a13022d1901b01f715b034bbe697a6b6245a0045980cbabdb80a9ddedfa58a68638db6df8578b6
1776308363184507,4,0,ANON_5G_CON_IMSI_B0_d9a1b3967691a13022d1901b01f715b034bbe697a6b6245a0045980cbabdb80a9ddedfa58a68638db6df8578b6
1776308373324558,5,0,ANON_5G_CON_IMSI_B0_d9a1b3967691a13022d1901b01f715b034bbe697a6b6245a0045980cbabdb80a9ddedfa58a68638db6df8578b6
1776309311928238,1,0,ANON_5G_CON_IMSI_B0_5ca17c621069dd698f8aad1af5accbb1deae5e28c07dddb57131cc17d2042346f84397c663374c58c1830a291c
1776309316268252,2,0,ANON_5G_CON_IMSI_B0_da1000809b3bd67e8fb80b5d2caa54dbd6df94b5a7fce7ffedda8a08c5abf9382e26d84a4b320cfc9b6f6e4400
1776309322048228,3,0,ANON_5G_CON_IMSI_B0_5ca17c621069dd698f8aad1af5accbb1deae5e28c07dddb57131cc17d2042346f84397c663374c58c1830a291c
1776309326393155,4,0,ANON_5G_CON_IMSI_B0_da1000809b3bd67e8fb80b5d2caa54dbd6df94b5a7fce7ffedda8a08c5abf9382e26d84a4b320cfc9b6f6e4400
1776309332173114,5,0,ANON_5G_CON_IMSI_B0_5ca17c621069dd698f8aad1af5accbb1deae5e28c07dddb57131cc17d2042346f84397c663374c58c1830a291c
1776309336513143,6,0,ANON_5G_CON_IMSI_B0_da1000809b3bd67e8fb80b5d2caa54dbd6df94b5a7fce7ffedda8a08c5abf9382e26d84a4b320cfc9b6f6e4400
1776309342318162,7,0,ANON_5G_CON_IMSI_B0_5ca17c621069dd698f8aad1af5accbb1deae5e28c07dddb57131cc17d2042346f84397c663374c58c1830a291c
1776309346638112,8,0,ANON_5G_CON_IMSI_B0_da1000809b3bd67e8fb80b5d2caa54dbd6df94b5a7fce7ffedda8a08c5abf9382e26d84a4b320cfc9b6f6e4400
1776309352438109,9,0,ANON_5G_CON_IMSI_B0_5ca17c621069dd698f8aad1af5accbb1deae5e28c07dddb57131cc17d2042346f84397c663374c58c1830a291c
1776309356763158,10,0,ANON_5G_CON_IMSI_B0_da1000809b3bd67e8fb80b5d2caa54dbd6df94b5a7fce7ffedda8a08c5abf9382e26d84a4b320cfc9b6f6e4400
1776310343858907,1,0,ANON_5G_CON_IMSI_B0_a6acfca26048ec1d72387e4ce8f87e52d3af3ff71a62b5d6466af59ee8d9236a204df39f6c2767078d4da5c70d
1776310653390677,1,0,ANON_5G_CON_IMSI_B0_a83987e9af58ff6d8dd3041eea73b41350ee94568d84b66e748163ee1bd8a903778e6a7fefd558bd96908aaf44
1776310663510523,2,0,ANON_5G_CON_IMSI_B0_a83987e9af58ff6d8dd3041eea73b41350ee94568d84b66e748163ee1bd8a903778e6a7fefd558bd96908aaf44
1776310673630481,3,0,ANON_5G_CON_IMSI_B0_a83987e9af58ff6d8dd3041eea73b41350ee94568d84b66e748163ee1bd8a903778e6a7fefd558bd96908aaf44
1776310960115811,1,0,ANON_5G_CON_IMSI_B0_70ee842ba9484cd5462729baee5708aff586557afab829f3d4293f4f308e57747fa83cfe34c0304e26f50dc682
1776310970235812,2,0,ANON_5G_CON_IMSI_B0_70ee842ba9484cd5462729baee5708aff586557afab829f3d4293f4f308e57747fa83cfe34c0304e26f50dc682
1776310980355602,3,0,ANON_5G_CON_IMSI_B0_70ee842ba9484cd5462729baee5708aff586557afab829f3d4293f4f308e57747fa83cfe34c0304e26f50dc682
1776310990480668,4,0,ANON_5G_CON_IMSI_B0_70ee842ba9484cd5462729baee5708aff586557afab829f3d4293f4f308e57747fa83cfe34c0304e26f50dc682
1776311000620506,5,0,ANON_5G_CON_IMSI_B0_70ee842ba9484cd5462729baee5708aff586557afab829f3d4293f4f308e57747fa83cfe34c0304e26f50dc682
1776311962606119,1,0,ANON_5G_CON_IMSI_B0_c4ffe9693a263d409d806447dc50081d727cfe28b09f769bd526a21b1018fd66f3b7325a0783faf870c7031771
1776311972725999,2,0,ANON_5G_CON_IMSI_B0_c4ffe9693a263d409d806447dc50081d727cfe28b09f769bd526a21b1018fd66f3b7325a0783faf870c7031771
1776311982845992,3,0,ANON_5G_CON_IMSI_B0_c4ffe9693a263d409d806447dc50081d727cfe28b09f769bd526a21b1018fd66f3b7325a0783faf870c7031771
1776311992971047,4,0,ANON_5G_CON_IMSI_B0_c4ffe9693a263d409d806447dc50081d727cfe28b09f769bd526a21b1018fd66f3b7325a0783faf870c7031771
1776312941709775,1,0,ANON_5G_CON_IMSI_B0_6822958909ded095a69ab785edf6cbc249eda7983558805e87ceb1c493d40c00c58258f6167d593d8a88529f60
1776312951829931,2,0,ANON_5G_CON_IMSI_B0_6822958909ded095a69ab785edf6cbc249eda7983558805e87ceb1c493d40c00c58258f6167d593d8a88529f60
1776312961949901,3,0,ANON_5G_CON_IMSI_B0_6822958909ded095a69ab785edf6cbc249eda7983558805e87ceb1c493d40c00c58258f6167d593d8a88529f60
1776312972075014,4,0,ANON_5G_CON_IMSI_B0_6822958909ded095a69ab785edf6cbc249eda7983558805e87ceb1c493d40c00c58258f6167d593d8a88529f60
1776313918924231,1,0,ANON_5G_CON_IMSI_B0_fed10e686d9b1cfb02842afd0330c2747496ea892c41735361afbe5d71ad4d3aceb72f1994a59dc8b68c8b14a6
1776313929044196,2,0,ANON_5G_CON_IMSI_B0_fed10e686d9b1cfb02842afd0330c2747496ea892c41735361afbe5d71ad4d3aceb72f1994a59dc8b68c8b14a6
1776313939164126,3,0,ANON_5G_CON_IMSI_B0_fed10e686d9b1cfb02842afd0330c2747496ea892c41735361afbe5d71ad4d3aceb72f1994a59dc8b68c8b14a6
1776313949289202,4,0,ANON_5G_CON_IMSI_B0_fed10e686d9b1cfb02842afd0330c2747496ea892c41735361afbe5d71ad4d3aceb72f1994a59dc8b68c8b14a6
1776313959429214,5,0,ANON_5G_CON_IMSI_B0_fed10e686d9b1cfb02842afd0330c2747496ea892c41735361afbe5d71ad4d3aceb72f1994a59dc8b68c8b14a6
1776314572247809,1,0,ANON_5G_CON_IMSI_B0_542afb85268b9b9006aee96643d4684e7a2091727d6117891db08b838202da7933781ebd821275ee170844e6e1
1776314582387489,2,0,ANON_5G_CON_IMSI_B0_542afb85268b9b9006aee96643d4684e7a2091727d6117891db08b838202da7933781ebd821275ee170844e6e1
1776314592507441,3,0,ANON_5G_CON_IMSI_B0_542afb85268b9b9006aee96643d4684e7a2091727d6117891db08b838202da7933781ebd821275ee170844e6e1
1776314602612215,4,0,ANON_5G_CON_IMSI_B0_542afb85268b9b9006aee96643d4684e7a2091727d6117891db08b838202da7933781ebd821275ee170844e6e1
1776314612732096,5,0,ANON_5G_CON_IMSI_B0_542afb85268b9b9006aee96643d4684e7a2091727d6117891db08b838202da7933781ebd821275ee170844e6e1
1776314907648642,1,0,ANON_5G_CON_IMSI_B0_0fbafb604dd0ee9327e0778264820b6306cfac6250100cb8be4ba3dccf533d04ca938519fdd12ef1513de00085
1776314917768590,2,0,ANON_5G_CON_IMSI_B0_0fbafb604dd0ee9327e0778264820b6306cfac6250100cb8be4ba3dccf533d04ca938519fdd12ef1513de00085
1776314927888470,3,0,ANON_5G_CON_IMSI_B0_0fbafb604dd0ee9327e0778264820b6306cfac6250100cb8be4ba3dccf533d04ca938519fdd12ef1513de00085
1776314938013436,4,0,ANON_5G_CON_IMSI_B0_0fbafb604dd0ee9327e0778264820b6306cfac6250100cb8be4ba3dccf533d04ca938519fdd12ef1513de00085
1776314948153177,5,0,ANON_5G_CON_IMSI_B0_0fbafb604dd0ee9327e0778264820b6306cfac6250100cb8be4ba3dccf533d04ca938519fdd12ef1513de00085
1776315907365386,1,0,ANON_5G_CON_IMSI_B0_9bb5634085c2e0170b06f02e9ff18a98bcd3d4e2ccfe47e0e39c17ae6b04871b7f5dcc74389cd8bff3de56680c
1776315917485344,2,0,ANON_5G_CON_IMSI_B0_9bb5634085c2e0170b06f02e9ff18a98bcd3d4e2ccfe47e0e39c17ae6b04871b7f5dcc74389cd8bff3de56680c
1776315927605309,3,0,ANON_5G_CON_IMSI_B0_9bb5634085c2e0170b06f02e9ff18a98bcd3d4e2ccfe47e0e39c17ae6b04871b7f5dcc74389cd8bff3de56680c
1776315937730318,4,0,ANON_5G_CON_IMSI_B0_9bb5634085c2e0170b06f02e9ff18a98bcd3d4e2ccfe47e0e39c17ae6b04871b7f5dcc74389cd8bff3de56680c
1776317243865725,1,0,ANON_5G_CON_IMSI_B0_349606feee9ef3324bdd4cf084cd76e342d6c4db58412f94d26af488cb214a45135519bae19b606f486d7b1a15
1776317253985647,2,0,ANON_5G_CON_IMSI_B0_349606feee9ef3324bdd4cf084cd76e342d6c4db58412f94d26af488cb214a45135519bae19b606f486d7b1a15
1776317536903229,1,0,ANON_5G_CON_IMSI_B0_f67e1ad3d7f4cc06a3cd197bfb18a2353e5a029c840fcd762e0a394151e93e69eb750739c97d70784b4ebeff4a
1776317547023326,2,0,ANON_5G_CON_IMSI_B0_f67e1ad3d7f4cc06a3cd197bfb18a2353e5a029c840fcd762e0a394151e93e69eb750739c97d70784b4ebeff4a
1776317557143335,3,0,ANON_5G_CON_IMSI_B0_f67e1ad3d7f4cc06a3cd197bfb18a2353e5a029c840fcd762e0a394151e93e69eb750739c97d70784b4ebeff4a
1776317567268369,4,0,ANON_5G_CON_IMSI_B0_f67e1ad3d7f4cc06a3cd197bfb18a2353e5a029c840fcd762e0a394151e93e69eb750739c97d70784b4ebeff4a
1776317577408277,5,0,ANON_5G_CON_IMSI_B0_f67e1ad3d7f4cc06a3cd197bfb18a2353e5a029c840fcd762e0a394151e93e69eb750739c97d70784b4ebeff4a
1776318523342976,1,0,ANON_5G_CON_IMSI_B0_02d4c9d36b160a348f228223f93fc83aa02457aa791b80167123a879d5d1e577f545f7462273659227762440ee
1776318533463010,2,0,ANON_5G_CON_IMSI_B0_02d4c9d36b160a348f228223f93fc83aa02457aa791b80167123a879d5d1e577f545f7462273659227762440ee
1776318543583065,3,0,ANON_5G_CON_IMSI_B0_02d4c9d36b160a348f228223f93fc83aa02457aa791b80167123a879d5d1e577f545f7462273659227762440ee
1776318553707983,4,0,ANON_5G_CON_IMSI_B0_02d4c9d36b160a348f228223f93fc83aa02457aa791b80167123a879d5d1e577f545f7462273659227762440ee
1776318563848071,5,0,ANON_5G_CON_IMSI_B0_02d4c9d36b160a348f228223f93fc83aa02457aa791b80167123a879d5d1e577f545f7462273659227762440ee
1776319521098183,1,0,ANON_5G_CON_IMSI_B0_d60319a33a7a26410fed0024422315df45b35ffe8ee929770e7d35e7d9cba82829a2cb4ec1541234a3b7c3a2d2
1776319531218260,2,0,ANON_5G_CON_IMSI_B0_d60319a33a7a26410fed0024422315df45b35ffe8ee929770e7d35e7d9cba82829a2cb4ec1541234a3b7c3a2d2
1776319541338195,3,0,ANON_5G_CON_IMSI_B0_d60319a33a7a26410fed0024422315df45b35ffe8ee929770e7d35e7d9cba82829a2cb4ec1541234a3b7c3a2d2
1776319551463197,4,0,ANON_5G_CON_IMSI_B0_d60319a33a7a26410fed0024422315df45b35ffe8ee929770e7d35e7d9cba82829a2cb4ec1541234a3b7c3a2d2
1776320537675747,1,0,ANON_5G_CON_IMSI_B0_204941ef6aa40b7b3a0429db69e1d6c04c50aaf80b7806333f6ab1524274f11413631bc38a68bcff45941f9b30
1776321481320425,1,0,ANON_5G_CON_IMSI_B0_6fea75b747d1a47a3070aa86dafc88d6af2a1bac259577dd0809f527ceead063cd80a8782d31525030d7f84c1f
1776321491440355,2,0,ANON_5G_CON_IMSI_B0_6fea75b747d1a47a3070aa86dafc88d6af2a1bac259577dd0809f527ceead063cd80a8782d31525030d7f84c1f
1776321501560378,3,0,ANON_5G_CON_IMSI_B0_6fea75b747d1a47a3070aa86dafc88d6af2a1bac259577dd0809f527ceead063cd80a8782d31525030d7f84c1f
1776321511685468,4,0,ANON_5G_CON_IMSI_B0_6fea75b747d1a47a3070aa86dafc88d6af2a1bac259577dd0809f527ceead063cd80a8782d31525030d7f84c1f
1776321521825453,5,0,ANON_5G_CON_IMSI_B0_6fea75b747d1a47a3070aa86dafc88d6af2a1bac259577dd0809f527ceead063cd80a8782d31525030d7f84c1f
1776322469012937,1,0,ANON_5G_CON_IMSI_B0_0c2056a744f0adc6a57cf1fb477585544600a38b0087c8719797007c9b664457c352dbe39f9fa18de9b3847e99
1776322479153032,2,0,ANON_5G_CON_IMSI_B0_0c2056a744f0adc6a57cf1fb477585544600a38b0087c8719797007c9b664457c352dbe39f9fa18de9b3847e99
1776322489272985,3,0,ANON_5G_CON_IMSI_B0_0c2056a744f0adc6a57cf1fb477585544600a38b0087c8719797007c9b664457c352dbe39f9fa18de9b3847e99
1776322499398103,4,0,ANON_5G_CON_IMSI_B0_0c2056a744f0adc6a57cf1fb477585544600a38b0087c8719797007c9b664457c352dbe39f9fa18de9b3847e99
1776322509538046,5,0,ANON_5G_CON_IMSI_B0_0c2056a744f0adc6a57cf1fb477585544600a38b0087c8719797007c9b664457c352dbe39f9fa18de9b3847e99
1776323452588181,1,0,ANON_5G_CON_IMSI_B0_7aa5a12a7766e5ed0166596306d42fbcb363dac4683236600c65fde1bbbdb83eea6cf0d1e31053e724641f2eb3
1776323462708158,2,0,ANON_5G_CON_IMSI_B0_7aa5a12a7766e5ed0166596306d42fbcb363dac4683236600c65fde1bbbdb83eea6cf0d1e31053e724641f2eb3
1776323472828032,3,0,ANON_5G_CON_IMSI_B0_7aa5a12a7766e5ed0166596306d42fbcb363dac4683236600c65fde1bbbdb83eea6cf0d1e31053e724641f2eb3
1776323482953059,4,0,ANON_5G_CON_IMSI_B0_7aa5a12a7766e5ed0166596306d42fbcb363dac4683236600c65fde1bbbdb83eea6cf0d1e31053e724641f2eb3
1776323493093022,5,0,ANON_5G_CON_IMSI_B0_7aa5a12a7766e5ed0166596306d42fbcb363dac4683236600c65fde1bbbdb83eea6cf0d1e31053e724641f2eb3
1776324461314228,1,0,ANON_5G_CON_IMSI_B0_a781ebc22863087642cb6fca25c7a23e796a63664bfba81a1de1c178a7f54971d52bfad2da9d91f61f3aad1302
1776324471434283,2,0,ANON_5G_CON_IMSI_B0_a781ebc22863087642cb6fca25c7a23e796a63664bfba81a1de1c178a7f54971d52bfad2da9d91f61f3aad1302
1776324481554168,3,0,ANON_5G_CON_IMSI_B0_a781ebc22863087642cb6fca25c7a23e796a63664bfba81a1de1c178a7f54971d52bfad2da9d91f61f3aad1302
1776325125555800,1,0,ANON_5G_CON_IMSI_B0_565a105fe45c333a533cb30a7cef9dd95b1db5caf3b73e227b007a95237c787289ce23792530ac3e344c66f4e7
1776325135675863,2,0,ANON_5G_CON_IMSI_B0_565a105fe45c333a533cb30a7cef9dd95b1db5caf3b73e227b007a95237c787289ce23792530ac3e344c66f4e7
1776327407772127,1,0,ANON_5G_CON_IMSI_B0_f05e4ef7e931b4e960372929c2a34e65750fafcfecf9b7d99933b635e38da50b4fc44840c25fa730cb0b2eb9ad
1776327417891989,2,0,ANON_5G_CON_IMSI_B0_f05e4ef7e931b4e960372929c2a34e65750fafcfecf9b7d99933b635e38da50b4fc44840c25fa730cb0b2eb9ad
1776327428012053,3,0,ANON_5G_CON_IMSI_B0_f05e4ef7e931b4e960372929c2a34e65750fafcfecf9b7d99933b635e38da50b4fc44840c25fa730cb0b2eb9ad
1776327438136948,4,0,ANON_5G_CON_IMSI_B0_f05e4ef7e931b4e960372929c2a34e65750fafcfecf9b7d99933b635e38da50b4fc44840c25fa730cb0b2eb9ad
1776328381233978,1,0,ANON_5G_CON_IMSI_B0_6796f06a4b01520f981cb1a0b4e090bb3c488cf41a901e5de50bbe80be8b784a51e8a9d0984e1e267d1d7c157f
1776328391353993,2,0,ANON_5G_CON_IMSI_B0_6796f06a4b01520f981cb1a0b4e090bb3c488cf41a901e5de50bbe80be8b784a51e8a9d0984e1e267d1d7c157f
1776328401474057,3,0,ANON_5G_CON_IMSI_B0_6796f06a4b01520f981cb1a0b4e090bb3c488cf41a901e5de50bbe80be8b784a51e8a9d0984e1e267d1d7c157f
1776328411599061,4,0,ANON_5G_CON_IMSI_B0_6796f06a4b01520f981cb1a0b4e090bb3c488cf41a901e5de50bbe80be8b784a51e8a9d0984e1e267d1d7c157f
1776328421748914,5,0,ANON_5G_CON_IMSI_B0_6796f06a4b01520f981cb1a0b4e090bb3c488cf41a901e5de50bbe80be8b784a51e8a9d0984e1e267d1d7c157f
1776329365785504,1,0,ANON_5G_CON_IMSI_B0_ab0a4fed9b07c82632bcb1f17d014ca9bf1ed9a43ea18061f6dbb11f44fe6209fc859614dcc06dacaa3b4aaba3
1776329375905336,2,0,ANON_5G_CON_IMSI_B0_ab0a4fed9b07c82632bcb1f17d014ca9bf1ed9a43ea18061f6dbb11f44fe6209fc859614dcc06dacaa3b4aaba3
1776329376105326,3,0,ANON_5G_CON_IMSI_B0_41c80fcbf6262496c4d811ed32ac88adfb64371fabf54962c4bbe029e7eea606f23dc1a8cff20378cfa548b514
1776329386030360,4,0,ANON_5G_CON_IMSI_B0_ab0a4fed9b07c82632bcb1f17d014ca9bf1ed9a43ea18061f6dbb11f44fe6209fc859614dcc06dacaa3b4aaba3
1776329386210395,5,0,ANON_5G_CON_IMSI_B0_41c80fcbf6262496c4d811ed32ac88adfb64371fabf54962c4bbe029e7eea606f23dc1a8cff20378cfa548b514
1776329396150386,6,0,ANON_5G_CON_IMSI_B0_ab0a4fed9b07c82632bcb1f17d014ca9bf1ed9a43ea18061f6dbb11f44fe6209fc859614dcc06dacaa3b4aaba3
1776329396355320,7,0,ANON_5G_CON_IMSI_B0_41c80fcbf6262496c4d811ed32ac88adfb64371fabf54962c4bbe029e7eea606f23dc1a8cff20378cfa548b514
1776329406275341,8,0,ANON_5G_CON_IMSI_B0_ab0a4fed9b07c82632bcb1f17d014ca9bf1ed9a43ea18061f6dbb11f44fe6209fc859614dcc06dacaa3b4aaba3
1776329406555277,9,0,ANON_5G_CON_IMSI_B0_41c80fcbf6262496c4d811ed32ac88adfb64371fabf54962c4bbe029e7eea606f23dc1a8cff20378cfa548b514
1776330366120203,1,0,ANON_5G_CON_IMSI_B0_6771a94dbfe7c0f6bdfe1c870710fca12cf86fe716ae35b8325ec54090bc9c654276acd777ae9eb5838c489c8f
1776330376240228,2,0,ANON_5G_CON_IMSI_B0_6771a94dbfe7c0f6bdfe1c870710fca12cf86fe716ae35b8325ec54090bc9c654276acd777ae9eb5838c489c8f
1776330386360208,3,0,ANON_5G_CON_IMSI_B0_6771a94dbfe7c0f6bdfe1c870710fca12cf86fe716ae35b8325ec54090bc9c654276acd777ae9eb5838c489c8f
1776330396485205,4,0,ANON_5G_CON_IMSI_B0_6771a94dbfe7c0f6bdfe1c870710fca12cf86fe716ae35b8325ec54090bc9c654276acd777ae9eb5838c489c8f
1776331342956363,1,0,ANON_5G_CON_IMSI_B0_b66f3e13dc4ceda2fb3b480d27da16ea44089f177ce2cfa3fd7f0d6bb1fe1b0fada8dd687e95dcee406190f77c
1776331353076320,2,0,ANON_5G_CON_IMSI_B0_b66f3e13dc4ceda2fb3b480d27da16ea44089f177ce2cfa3fd7f0d6bb1fe1b0fada8dd687e95dcee406190f77c
1776331363196412,3,0,ANON_5G_CON_IMSI_B0_b66f3e13dc4ceda2fb3b480d27da16ea44089f177ce2cfa3fd7f0d6bb1fe1b0fada8dd687e95dcee406190f77c
1776331373321299,4,0,ANON_5G_CON_IMSI_B0_b66f3e13dc4ceda2fb3b480d27da16ea44089f177ce2cfa3fd7f0d6bb1fe1b0fada8dd687e95dcee406190f77c
1776331383461298,5,0,ANON_5G_CON_IMSI_B0_b66f3e13dc4ceda2fb3b480d27da16ea44089f177ce2cfa3fd7f0d6bb1fe1b0fada8dd687e95dcee406190f77c
1776331997426727,1,0,ANON_5G_CON_IMSI_B0_2a64e76c078640c91da3ced5c1f8123c13e54d1cd8e594032720a18cf17329490b5441c9306f006956d1a2cd27
1776332007546816,2,0,ANON_5G_CON_IMSI_B0_2a64e76c078640c91da3ced5c1f8123c13e54d1cd8e594032720a18cf17329490b5441c9306f006956d1a2cd27
1776332017666749,3,0,ANON_5G_CON_IMSI_B0_2a64e76c078640c91da3ced5c1f8123c13e54d1cd8e594032720a18cf17329490b5441c9306f006956d1a2cd27
1776332027791841,4,0,ANON_5G_CON_IMSI_B0_2a64e76c078640c91da3ced5c1f8123c13e54d1cd8e594032720a18cf17329490b5441c9306f006956d1a2cd27
1776332037931727,5,0,ANON_5G_CON_IMSI_B0_2a64e76c078640c91da3ced5c1f8123c13e54d1cd8e594032720a18cf17329490b5441c9306f006956d1a2cd27
1776332325002217,1,0,ANON_5G_CON_IMSI_B0_07d938abfbd9ba11f6091864e6a0a3a81f87bc66b629d703661087cc6bddbf14591031488e6f3ef974b98d81f2
1776332335122311,2,0,ANON_5G_CON_IMSI_B0_07d938abfbd9ba11f6091864e6a0a3a81f87bc66b629d703661087cc6bddbf14591031488e6f3ef974b98d81f2
1776332345242204,3,0,ANON_5G_CON_IMSI_B0_07d938abfbd9ba11f6091864e6a0a3a81f87bc66b629d703661087cc6bddbf14591031488e6f3ef974b98d81f2
1776332355367206,4,0,ANON_5G_CON_IMSI_B0_07d938abfbd9ba11f6091864e6a0a3a81f87bc66b629d703661087cc6bddbf14591031488e6f3ef974b98d81f2
1776332365527171,5,0,ANON_5G_CON_IMSI_B0_07d938abfbd9ba11f6091864e6a0a3a81f87bc66b629d703661087cc6bddbf14591031488e6f3ef974b98d81f2
1776333267689123,1,0,ANON_5G_CON_IMSI_B0_bacdbeb1e36b0d688d80fdc2ed0971888ce85672cfecb254387ec31f35798f6cb4b09d9d7f3739130a0f4c8767
1776333277809030,2,0,ANON_5G_CON_IMSI_B0_bacdbeb1e36b0d688d80fdc2ed0971888ce85672cfecb254387ec31f35798f6cb4b09d9d7f3739130a0f4c8767
1776333287929183,3,0,ANON_5G_CON_IMSI_B0_bacdbeb1e36b0d688d80fdc2ed0971888ce85672cfecb254387ec31f35798f6cb4b09d9d7f3739130a0f4c8767
1776333298054056,4,0,ANON_5G_CON_IMSI_B0_bacdbeb1e36b0d688d80fdc2ed0971888ce85672cfecb254387ec31f35798f6cb4b09d9d7f3739130a0f4c8767
1776334246320078,1,0,ANON_5G_CON_IMSI_B0_4497f5a78631ac2f800f3dffaacb66663f15753e608c05160e98a90244d8555ab9b6a6266ae2a303a1b8ebc8fb
1776334256439928,2,0,ANON_5G_CON_IMSI_B0_4497f5a78631ac2f800f3dffaacb66663f15753e608c05160e98a90244d8555ab9b6a6266ae2a303a1b8ebc8fb
1776334266560023,3,0,ANON_5G_CON_IMSI_B0_4497f5a78631ac2f800f3dffaacb66663f15753e608c05160e98a90244d8555ab9b6a6266ae2a303a1b8ebc8fb
1776334276684970,4,0,ANON_5G_CON_IMSI_B0_4497f5a78631ac2f800f3dffaacb66663f15753e608c05160e98a90244d8555ab9b6a6266ae2a303a1b8ebc8fb
1776334892123978,1,0,ANON_5G_CON_IMSI_B0_10591c53c31531a02e05fff4f46d38fdd6542a81f6312c71c4ed2e2ccf43125b6af33511959c922fd049d27f8c
1776334894263114,2,0,ANON_5G_CON_IMSI_B0_10591c53c31531a02e05fff4f46d38fdd6542a81f6312c71c4ed2e2ccf43125b6af33511959c922fd049d27f8c
1776334896503269,3,0,ANON_5G_CON_IMSI_B0_10591c53c31531a02e05fff4f46d38fdd6542a81f6312c71c4ed2e2ccf43125b6af33511959c922fd049d27f8c
1776334898618266,4,0,ANON_5G_CON_IMSI_B0_10591c53c31531a02e05fff4f46d38fdd6542a81f6312c71c4ed2e2ccf43125b6af33511959c922fd049d27f8c
1776334900788198,5,0,ANON_5G_CON_IMSI_B0_10591c53c31531a02e05fff4f46d38fdd6542a81f6312c71c4ed2e2ccf43125b6af33511959c922fd049d27f8c
1776335221861082,1,0,ANON_5G_CON_IMSI_B0_24eab4d3b02d61907d1face224d29b43b584c3be27e73c8e965bf1b9d05dde54ceb67244316c57d2d725b69ce5
1776335231981087,2,0,ANON_5G_CON_IMSI_B0_24eab4d3b02d61907d1face224d29b43b584c3be27e73c8e965bf1b9d05dde54ceb67244316c57d2d725b69ce5
1776335242101012,3,0,ANON_5G_CON_IMSI_B0_24eab4d3b02d61907d1face224d29b43b584c3be27e73c8e965bf1b9d05dde54ceb67244316c57d2d725b69ce5
1776335252225871,4,0,ANON_5G_CON_IMSI_B0_24eab4d3b02d61907d1face224d29b43b584c3be27e73c8e965bf1b9d05dde54ceb67244316c57d2d725b69ce5
1776335262365858,5,0,ANON_5G_CON_IMSI_B0_24eab4d3b02d61907d1face224d29b43b584c3be27e73c8e965bf1b9d05dde54ceb67244316c57d2d725b69ce5
1776336212868881,1,0,ANON_5G_CON_IMSI_B0_45e337af442dda88d9df332a09153988569b418eb984d162902dd19a0464e13b2f84c1a5937b779f235c8b0dc5
1776336222988872,2,0,ANON_5G_CON_IMSI_B0_45e337af442dda88d9df332a09153988569b418eb984d162902dd19a0464e13b2f84c1a5937b779f235c8b0dc5
1776336223628949,3,0,ANON_5G_CON_IMSI_B0_075f00e30cdafe2d53e32450b0fbefc34a36d0e6df0d66451db6f9c71807dd1fea72ed1c6c1086e971eb105f4b
1776336233113812,4,0,ANON_5G_CON_IMSI_B0_45e337af442dda88d9df332a09153988569b418eb984d162902dd19a0464e13b2f84c1a5937b779f235c8b0dc5
1776336233753936,5,0,ANON_5G_CON_IMSI_B0_075f00e30cdafe2d53e32450b0fbefc34a36d0e6df0d66451db6f9c71807dd1fea72ed1c6c1086e971eb105f4b
1776336243233925,6,0,ANON_5G_CON_IMSI_B0_45e337af442dda88d9df332a09153988569b418eb984d162902dd19a0464e13b2f84c1a5937b779f235c8b0dc5
1776336243898909,7,0,ANON_5G_CON_IMSI_B0_075f00e30cdafe2d53e32450b0fbefc34a36d0e6df0d66451db6f9c71807dd1fea72ed1c6c1086e971eb105f4b
1776336253358875,8,0,ANON_5G_CON_IMSI_B0_45e337af442dda88d9df332a09153988569b418eb984d162902dd19a0464e13b2f84c1a5937b779f235c8b0dc5
1776336254058748,9,0,ANON_5G_CON_IMSI_B0_075f00e30cdafe2d53e32450b0fbefc34a36d0e6df0d66451db6f9c71807dd1fea72ed1c6c1086e971eb105f4b
1776337210826097,1,0,ANON_5G_CON_IMSI_B0_bef66476d87902dbdd5cc4c44a17938c56b3b33d2bdb4e4d9bf1a1ca5e21e319acd4e006f5c5c4e81a1da43f59
1776337220946208,2,0,ANON_5G_CON_IMSI_B0_bef66476d87902dbdd5cc4c44a17938c56b3b33d2bdb4e4d9bf1a1ca5e21e319acd4e006f5c5c4e81a1da43f59
1776337231066421,3,0,ANON_5G_CON_IMSI_B0_bef66476d87902dbdd5cc4c44a17938c56b3b33d2bdb4e4d9bf1a1ca5e21e319acd4e006f5c5c4e81a1da43f59
1776337241191535,4,0,ANON_5G_CON_IMSI_B0_bef66476d87902dbdd5cc4c44a17938c56b3b33d2bdb4e4d9bf1a1ca5e21e319acd4e006f5c5c4e81a1da43f59
1776337562954140,1,0,ANON_5G_CON_IMSI_B0_fd24deb5b6d7981e78b1978127d70f40812be9209891208c8b5ff1e53274484511b419e9be19f40a36d190287c
1776337573114172,2,0,ANON_5G_CON_IMSI_B0_fd24deb5b6d7981e78b1978127d70f40812be9209891208c8b5ff1e53274484511b419e9be19f40a36d190287c
1776338182021307,1,0,ANON_5G_CON_IMSI_B0_2f07b8e755df49a46c0aceee31c578d10ea071872a4eca7c8291e1caa97ab1454467426c47eec432a46cc7d946
1776338192141335,2,0,ANON_5G_CON_IMSI_B0_2f07b8e755df49a46c0aceee31c578d10ea071872a4eca7c8291e1caa97ab1454467426c47eec432a46cc7d946
1776338202281361,3,0,ANON_5G_CON_IMSI_B0_2f07b8e755df49a46c0aceee31c578d10ea071872a4eca7c8291e1caa97ab1454467426c47eec432a46cc7d946
1776338212406346,4,0,ANON_5G_CON_IMSI_B0_2f07b8e755df49a46c0aceee31c578d10ea071872a4eca7c8291e1caa97ab1454467426c47eec432a46cc7d946
1776338222546409,5,0,ANON_5G_CON_IMSI_B0_2f07b8e755df49a46c0aceee31c578d10ea071872a4eca7c8291e1caa97ab1454467426c47eec432a46cc7d946
1776339192554097,1,0,ANON_5G_CON_IMSI_B0_937d4ad7ce3f2e8ced6d42bed28168a2581472c4a8e80e8f99396c05eb7cfb1be0f0f2cdc1b3d2da0a79257799
1776339202674026,2,0,ANON_5G_CON_IMSI_B0_937d4ad7ce3f2e8ced6d42bed28168a2581472c4a8e80e8f99396c05eb7cfb1be0f0f2cdc1b3d2da0a79257799
1776339212793923,3,0,ANON_5G_CON_IMSI_B0_937d4ad7ce3f2e8ced6d42bed28168a2581472c4a8e80e8f99396c05eb7cfb1be0f0f2cdc1b3d2da0a79257799
1776339441486496,1,0,ANON_5G_CON_IMSI_B0_b15247116524830872262673821a3c99ba54662f577a188e6d2cafaba2c7e239146a843d852ee0d2d0822a6a07
1776339451616491,2,0,ANON_5G_CON_IMSI_B0_b15247116524830872262673821a3c99ba54662f577a188e6d2cafaba2c7e239146a843d852ee0d2d0822a6a07
1776339461736419,3,0,ANON_5G_CON_IMSI_B0_b15247116524830872262673821a3c99ba54662f577a188e6d2cafaba2c7e239146a843d852ee0d2d0822a6a07
1776339471861328,4,0,ANON_5G_CON_IMSI_B0_b15247116524830872262673821a3c99ba54662f577a188e6d2cafaba2c7e239146a843d852ee0d2d0822a6a07
1776339482001264,5,0,ANON_5G_CON_IMSI_B0_b15247116524830872262673821a3c99ba54662f577a188e6d2cafaba2c7e239146a843d852ee0d2d0822a6a07
1776340466148722,1,0,ANON_5G_CON_IMSI_B0_82074beaa3c515c40708babe94b02cbd8021dbcc22d3a97cb2563fd5b58d4d223b147453d2191215a1eb8d3cd4
1776340746993453,1,0,ANON_5G_CON_IMSI_B0_b12e7b1e63ecc079f771ca5961cb091d785a64bda06f216f85d83a63d9679e0d2f8af9bb7c66675ad6e1abe71e
1776340757113310,2,0,ANON_5G_CON_IMSI_B0_b12e7b1e63ecc079f771ca5961cb091d785a64bda06f216f85d83a63d9679e0d2f8af9bb7c66675ad6e1abe71e
1776340767233260,3,0,ANON_5G_CON_IMSI_B0_b12e7b1e63ecc079f771ca5961cb091d785a64bda06f216f85d83a63d9679e0d2f8af9bb7c66675ad6e1abe71e
1776340777338351,4,0,ANON_5G_CON_IMSI_B0_b12e7b1e63ecc079f771ca5961cb091d785a64bda06f216f85d83a63d9679e0d2f8af9bb7c66675ad6e1abe71e
1776340786998315,5,0,ANON_5G_CON_IMSI_B0_52a0de3c482e8e15962a195d9bed3d55738e20a81635451c73730ab8406bf616fdb71664ed3b3d26d5b452927c
1776340787458336,6,0,ANON_5G_CON_IMSI_B0_b12e7b1e63ecc079f771ca5961cb091d785a64bda06f216f85d83a63d9679e0d2f8af9bb7c66675ad6e1abe71e
1776340797143285,7,0,ANON_5G_CON_IMSI_B0_52a0de3c482e8e15962a195d9bed3d55738e20a81635451c73730ab8406bf616fdb71664ed3b3d26d5b452927c
1776341086375737,1,0,ANON_5G_CON_IMSI_B0_a97c0076516a5e508ea253f09aa7b9790cc0ee3894654576acbd05c3e2c2fb6c162632b554b9020057425f9dc3
1776341096515875,2,0,ANON_5G_CON_IMSI_B0_a97c0076516a5e508ea253f09aa7b9790cc0ee3894654576acbd05c3e2c2fb6c162632b554b9020057425f9dc3
1776341106675761,3,0,ANON_5G_CON_IMSI_B0_a97c0076516a5e508ea253f09aa7b9790cc0ee3894654576acbd05c3e2c2fb6c162632b554b9020057425f9dc3
1776341116820823,4,0,ANON_5G_CON_IMSI_B0_a97c0076516a5e508ea253f09aa7b9790cc0ee3894654576acbd05c3e2c2fb6c162632b554b9020057425f9dc3
1776341126980745,5,0,ANON_5G_CON_IMSI_B0_a97c0076516a5e508ea253f09aa7b9790cc0ee3894654576acbd05c3e2c2fb6c162632b554b9020057425f9dc3
1776342084628661,1,0,ANON_5G_CON_IMSI_B0_0b778d04c37f619a6c2b98a99e000fbe7edb0c495a8e735c7c924d8218392d5cc23b3c1a42766e0f69a6b91ab0
1776342094768647,2,0,ANON_5G_CON_IMSI_B0_0b778d04c37f619a6c2b98a99e000fbe7edb0c495a8e735c7c924d8218392d5cc23b3c1a42766e0f69a6b91ab0
1776342104888597,3,0,ANON_5G_CON_IMSI_B0_0b778d04c37f619a6c2b98a99e000fbe7edb0c495a8e735c7c924d8218392d5cc23b3c1a42766e0f69a6b91ab0
1776342428105851,1,0,ANON_5G_CON_IMSI_B0_971c10e1fb1aa6e11faa9ba18b1d977b0b3c5e820aa723367f001ef27615110255f855e93597013679b4905140
1776342438225835,2,0,ANON_5G_CON_IMSI_B0_971c10e1fb1aa6e11faa9ba18b1d977b0b3c5e820aa723367f001ef27615110255f855e93597013679b4905140
1776342736546354,1,0,ANON_5G_CON_IMSI_B0_c26c72a959a341f5bafbc0e3b0427747c9ca742a2794a4c608ac01cbddbe5e60e984076e22d3e8210a6c11c4cd
1776342746666305,2,0,ANON_5G_CON_IMSI_B0_c26c72a959a341f5bafbc0e3b0427747c9ca742a2794a4c608ac01cbddbe5e60e984076e22d3e8210a6c11c4cd
1776342756786358,3,0,ANON_5G_CON_IMSI_B0_c26c72a959a341f5bafbc0e3b0427747c9ca742a2794a4c608ac01cbddbe5e60e984076e22d3e8210a6c11c4cd
1776342766911249,4,0,ANON_5G_CON_IMSI_B0_c26c72a959a341f5bafbc0e3b0427747c9ca742a2794a4c608ac01cbddbe5e60e984076e22d3e8210a6c11c4cd
1776343724844486,1,0,ANON_5G_CON_IMSI_B0_9de0f4d9b6fb2c53c190c6fcf203417ad340efe8ca95a0b8768320926a71643012b6e435b8bf472e8445867d65
1776343734964499,2,0,ANON_5G_CON_IMSI_B0_9de0f4d9b6fb2c53c190c6fcf203417ad340efe8ca95a0b8768320926a71643012b6e435b8bf472e8445867d65
1776343745084508,3,0,ANON_5G_CON_IMSI_B0_9de0f4d9b6fb2c53c190c6fcf203417ad340efe8ca95a0b8768320926a71643012b6e435b8bf472e8445867d65
1776343755209567,4,0,ANON_5G_CON_IMSI_B0_9de0f4d9b6fb2c53c190c6fcf203417ad340efe8ca95a0b8768320926a71643012b6e435b8bf472e8445867d65
1776344733796357,1,0,ANON_5G_CON_IMSI_B0_4dbacb98ab54765aad03052c402838f9e8ebe1cca30a55452b630d47adccbb770e42c218bef9657259fb745194
1776345058586328,1,0,ANON_5G_CON_IMSI_B0_554328c2f8674551627d8240a5af6f1bc6ed82756919f2bc0ed25f2bb2aadf519bc062996f7db361afef793882
1776345068706478,2,0,ANON_5G_CON_IMSI_B0_554328c2f8674551627d8240a5af6f1bc6ed82756919f2bc0ed25f2bb2aadf519bc062996f7db361afef793882
1776346366906565,1,0,ANON_5G_CON_IMSI_B0_b04e2e98aeaf2d801706afcd6dfaf75a49baab0be1b1a6c8c04a69f3bcc88911f0843a0811a739e1d7f4de8dab
1776346377026479,2,0,ANON_5G_CON_IMSI_B0_b04e2e98aeaf2d801706afcd6dfaf75a49baab0be1b1a6c8c04a69f3bcc88911f0843a0811a739e1d7f4de8dab
1776346668290244,1,0,ANON_5G_CON_IMSI_B0_cd3cf755a47e820452d11e718c67757189fce42b287aa1a07a51df3ec4cf763df618583ba9f6fdfebf1f2671b6
1776346678430161,2,0,ANON_5G_CON_IMSI_B0_cd3cf755a47e820452d11e718c67757189fce42b287aa1a07a51df3ec4cf763df618583ba9f6fdfebf1f2671b6
1776346688570167,3,0,ANON_5G_CON_IMSI_B0_cd3cf755a47e820452d11e718c67757189fce42b287aa1a07a51df3ec4cf763df618583ba9f6fdfebf1f2671b6
1776346698715202,4,0,ANON_5G_CON_IMSI_B0_cd3cf755a47e820452d11e718c67757189fce42b287aa1a07a51df3ec4cf763df618583ba9f6fdfebf1f2671b6
1776346708855070,5,0,ANON_5G_CON_IMSI_B0_cd3cf755a47e820452d11e718c67757189fce42b287aa1a07a51df3ec4cf763df618583ba9f6fdfebf1f2671b6
1776347677247750,1,0,ANON_5G_CON_IMSI_B0_f62e01606d4a9ca7d226a9d6272a405d05790949f99a7b14c475051d47d50952116112cc6ac9bd41a934f63746
1776347687367855,2,0,ANON_5G_CON_IMSI_B0_f62e01606d4a9ca7d226a9d6272a405d05790949f99a7b14c475051d47d50952116112cc6ac9bd41a934f63746
1776347697487998,3,0,ANON_5G_CON_IMSI_B0_f62e01606d4a9ca7d226a9d6272a405d05790949f99a7b14c475051d47d50952116112cc6ac9bd41a934f63746
1776348009504198,1,0,ANON_5G_CON_IMSI_B0_c3866ecfd55f260f8393e32132a047b9c5ea49bec14827d23a56e6f7eb7c277a0014f6ba0ed3454693c100dff9
1776348019644293,2,0,ANON_5G_CON_IMSI_B0_c3866ecfd55f260f8393e32132a047b9c5ea49bec14827d23a56e6f7eb7c277a0014f6ba0ed3454693c100dff9
1776348321758134,1,0,ANON_5G_CON_IMSI_B0_1356cfed6e3ed3cec0198eca773c28986d0942c60a299369c7d282a304800763c7b876f4fbb76be880d9eaa415
1776348331878196,2,0,ANON_5G_CON_IMSI_B0_1356cfed6e3ed3cec0198eca773c28986d0942c60a299369c7d282a304800763c7b876f4fbb76be880d9eaa415
1776348341998160,3,0,ANON_5G_CON_IMSI_B0_1356cfed6e3ed3cec0198eca773c28986d0942c60a299369c7d282a304800763c7b876f4fbb76be880d9eaa415
1776348352123278,4,0,ANON_5G_CON_IMSI_B0_1356cfed6e3ed3cec0198eca773c28986d0942c60a299369c7d282a304800763c7b876f4fbb76be880d9eaa415
1776349296153613,1,0,ANON_5G_CON_IMSI_B0_3715d74906056d2b8b6ccafe43b7b92337cfbaea4cc137b76d6e88767e049355a361a08a2e045c0f4e812c9355
1776349306273583,2,0,ANON_5G_CON_IMSI_B0_3715d74906056d2b8b6ccafe43b7b92337cfbaea4cc137b76d6e88767e049355a361a08a2e045c0f4e812c9355
1776349316393708,3,0,ANON_5G_CON_IMSI_B0_3715d74906056d2b8b6ccafe43b7b92337cfbaea4cc137b76d6e88767e049355a361a08a2e045c0f4e812c9355
1776349326518704,4,0,ANON_5G_CON_IMSI_B0_3715d74906056d2b8b6ccafe43b7b92337cfbaea4cc137b76d6e88767e049355a361a08a2e045c0f4e812c9355
1776349336638729,5,0,ANON_5G_CON_IMSI_B0_3715d74906056d2b8b6ccafe43b7b92337cfbaea4cc137b76d6e88767e049355a361a08a2e045c0f4e812c9355
1776350282357732,1,0,ANON_5G_CON_IMSI_B0_7692a4e6a446108125f114fedfe65b73efaacf00523db6a709dd7c7ac9726b6d71b2e979b3af214f3ae5a8d1e6
1776350292477559,2,0,ANON_5G_CON_IMSI_B0_7692a4e6a446108125f114fedfe65b73efaacf00523db6a709dd7c7ac9726b6d71b2e979b3af214f3ae5a8d1e6
1776350302597521,3,0,ANON_5G_CON_IMSI_B0_7692a4e6a446108125f114fedfe65b73efaacf00523db6a709dd7c7ac9726b6d71b2e979b3af214f3ae5a8d1e6
1776350312722538,4,0,ANON_5G_CON_IMSI_B0_7692a4e6a446108125f114fedfe65b73efaacf00523db6a709dd7c7ac9726b6d71b2e979b3af214f3ae5a8d1e6
1776350322862452,5,0,ANON_5G_CON_IMSI_B0_7692a4e6a446108125f114fedfe65b73efaacf00523db6a709dd7c7ac9726b6d71b2e979b3af214f3ae5a8d1e6
1776351296778637,1,0,ANON_5G_CON_IMSI_B0_811fea4a5f3140687a3626c5c6c78ffa4ad2674c0c3e80efaa03793b16e0bd0b2b9c8dc3ddf3570a1e7eead87d
1776351306918643,2,0,ANON_5G_CON_IMSI_B0_811fea4a5f3140687a3626c5c6c78ffa4ad2674c0c3e80efaa03793b16e0bd0b2b9c8dc3ddf3570a1e7eead87d
1776351596625352,1,0,ANON_5G_CON_IMSI_B0_3664e20e5019014861587206459479fbc1e10078fee1b2ad2abbb57b58b7034f3b8f439a80eb7966e0c181b0d2
1776351606745411,2,0,ANON_5G_CON_IMSI_B0_3664e20e5019014861587206459479fbc1e10078fee1b2ad2abbb57b58b7034f3b8f439a80eb7966e0c181b0d2
1776351616865516,3,0,ANON_5G_CON_IMSI_B0_3664e20e5019014861587206459479fbc1e10078fee1b2ad2abbb57b58b7034f3b8f439a80eb7966e0c181b0d2
1776351626990465,4,0,ANON_5G_CON_IMSI_B0_3664e20e5019014861587206459479fbc1e10078fee1b2ad2abbb57b58b7034f3b8f439a80eb7966e0c181b0d2
1776351637130581,5,0,ANON_5G_CON_IMSI_B0_3664e20e5019014861587206459479fbc1e10078fee1b2ad2abbb57b58b7034f3b8f439a80eb7966e0c181b0d2
1776352591197095,1,0,ANON_5G_CON_IMSI_B0_861a75d631f4bac35d9b76ebaf12e01a9b433dd1ab519d3040faa8f55adf1872e31c9346bead159b27912fc675
1776352601317226,2,0,ANON_5G_CON_IMSI_B0_861a75d631f4bac35d9b76ebaf12e01a9b433dd1ab519d3040faa8f55adf1872e31c9346bead159b27912fc675
1776352611437129,3,0,ANON_5G_CON_IMSI_B0_861a75d631f4bac35d9b76ebaf12e01a9b433dd1ab519d3040faa8f55adf1872e31c9346bead159b27912fc675
1776352621562191,4,0,ANON_5G_CON_IMSI_B0_861a75d631f4bac35d9b76ebaf12e01a9b433dd1ab519d3040faa8f55adf1872e31c9346bead159b27912fc675
1776352631702226,5,0,ANON_5G_CON_IMSI_B0_861a75d631f4bac35d9b76ebaf12e01a9b433dd1ab519d3040faa8f55adf1872e31c9346bead159b27912fc675
1776353569610029,1,0,ANON_5G_CON_IMSI_B0_b0becf4a2354594543e7bcc6d70c1f07ab5661d0eb219cad00195967b28fd935e7210644e18068b6fbb3eda9dd
1776353579629951,2,0,ANON_5G_CON_IMSI_B0_0b5e6bdce7f1564a8f9c5c37b6e4571e2d61ef36436399336e8cb2d818635722192d09edcca693a9fddb76e0ac
1776353579830027,3,0,ANON_5G_CON_IMSI_B0_b0becf4a2354594543e7bcc6d70c1f07ab5661d0eb219cad00195967b28fd935e7210644e18068b6fbb3eda9dd
1776353589815136,4,0,ANON_5G_CON_IMSI_B0_0b5e6bdce7f1564a8f9c5c37b6e4571e2d61ef36436399336e8cb2d818635722192d09edcca693a9fddb76e0ac
1776353590095041,5,0,ANON_5G_CON_IMSI_B0_b0becf4a2354594543e7bcc6d70c1f07ab5661d0eb219cad00195967b28fd935e7210644e18068b6fbb3eda9dd
1776353599955065,6,0,ANON_5G_CON_IMSI_B0_0b5e6bdce7f1564a8f9c5c37b6e4571e2d61ef36436399336e8cb2d818635722192d09edcca693a9fddb76e0ac
1776353600260071,7,0,ANON_5G_CON_IMSI_B0_b0becf4a2354594543e7bcc6d70c1f07ab5661d0eb219cad00195967b28fd935e7210644e18068b6fbb3eda9dd
1776353610080054,8,0,ANON_5G_CON_IMSI_B0_0b5e6bdce7f1564a8f9c5c37b6e4571e2d61ef36436399336e8cb2d818635722192d09edcca693a9fddb76e0ac
1776353610379976,9,0,ANON_5G_CON_IMSI_B0_b0becf4a2354594543e7bcc6d70c1f07ab5661d0eb219cad00195967b28fd935e7210644e18068b6fbb3eda9dd
1776354569521724,1,0,ANON_5G_CON_IMSI_B0_7c7b196e23b2d7ee0afa05747d560b00f7f03d2f9490f3efe7bb77a3c7b2f632d2b7735fecbf4b70acfc850bd2
1776354579651741,2,0,ANON_5G_CON_IMSI_B0_7c7b196e23b2d7ee0afa05747d560b00f7f03d2f9490f3efe7bb77a3c7b2f632d2b7735fecbf4b70acfc850bd2
1776354589771739,3,0,ANON_5G_CON_IMSI_B0_7c7b196e23b2d7ee0afa05747d560b00f7f03d2f9490f3efe7bb77a3c7b2f632d2b7735fecbf4b70acfc850bd2
1776354599896786,4,0,ANON_5G_CON_IMSI_B0_7c7b196e23b2d7ee0afa05747d560b00f7f03d2f9490f3efe7bb77a3c7b2f632d2b7735fecbf4b70acfc850bd2
1776355540756059,1,0,ANON_5G_CON_IMSI_B0_37dc7556e85dc5ffb721d597838315f9b333e5ed13fa61b3cc11769e254b7504926f11a1c9986af2cb320720b4
1776355550876115,2,0,ANON_5G_CON_IMSI_B0_37dc7556e85dc5ffb721d597838315f9b333e5ed13fa61b3cc11769e254b7504926f11a1c9986af2cb320720b4
1776355560996108,3,0,ANON_5G_CON_IMSI_B0_37dc7556e85dc5ffb721d597838315f9b333e5ed13fa61b3cc11769e254b7504926f11a1c9986af2cb320720b4
1776355571121022,4,0,ANON_5G_CON_IMSI_B0_37dc7556e85dc5ffb721d597838315f9b333e5ed13fa61b3cc11769e254b7504926f11a1c9986af2cb320720b4
1776355581260921,5,0,ANON_5G_CON_IMSI_B0_37dc7556e85dc5ffb721d597838315f9b333e5ed13fa61b3cc11769e254b7504926f11a1c9986af2cb320720b4
1776355902491785,1,0,ANON_5G_CON_IMSI_B0_f8d1f91cd1bf3500a93736e2b547ce5af3c5be41f8edb543739dba2327acdc24a62478bd05be48be8a059da194
1776355904671633,2,0,ANON_5G_CON_IMSI_B0_f8d1f91cd1bf3500a93736e2b547ce5af3c5be41f8edb543739dba2327acdc24a62478bd05be48be8a059da194
1776355906811785,3,0,ANON_5G_CON_IMSI_B0_f8d1f91cd1bf3500a93736e2b547ce5af3c5be41f8edb543739dba2327acdc24a62478bd05be48be8a059da194
1776355908996892,4,0,ANON_5G_CON_IMSI_B0_f8d1f91cd1bf3500a93736e2b547ce5af3c5be41f8edb543739dba2327acdc24a62478bd05be48be8a059da194
1776355911196813,5,0,ANON_5G_CON_IMSI_B0_f8d1f91cd1bf3500a93736e2b547ce5af3c5be41f8edb543739dba2327acdc24a62478bd05be48be8a059da194
1776356529466779,1,0,ANON_5G_CON_IMSI_B0_53271277b1e7088fa5c31a391789db0704836607920962cea87eb45a1232557e08ba7e3207c9a1d789fb05f433
1776356539586892,2,0,ANON_5G_CON_IMSI_B0_53271277b1e7088fa5c31a391789db0704836607920962cea87eb45a1232557e08ba7e3207c9a1d789fb05f433
1776356549736792,3,0,ANON_5G_CON_IMSI_B0_53271277b1e7088fa5c31a391789db0704836607920962cea87eb45a1232557e08ba7e3207c9a1d789fb05f433
1776356559891720,4,0,ANON_5G_CON_IMSI_B0_53271277b1e7088fa5c31a391789db0704836607920962cea87eb45a1232557e08ba7e3207c9a1d789fb05f433
1776356570051664,5,0,ANON_5G_CON_IMSI_B0_53271277b1e7088fa5c31a391789db0704836607920962cea87eb45a1232557e08ba7e3207c9a1d789fb05f433
1776357519975268,1,0,ANON_5G_CON_IMSI_B0_2fb77e293105d08e52cd1abcc93a70529de651cf62ee4fee4d03e868b8b1f43b0ba02dc2a89db5913b41780c50
1776357530115294,2,0,ANON_5G_CON_IMSI_B0_2fb77e293105d08e52cd1abcc93a70529de651cf62ee4fee4d03e868b8b1f43b0ba02dc2a89db5913b41780c50
1776357540235325,3,0,ANON_5G_CON_IMSI_B0_2fb77e293105d08e52cd1abcc93a70529de651cf62ee4fee4d03e868b8b1f43b0ba02dc2a89db5913b41780c50
1776357550360223,4,0,ANON_5G_CON_IMSI_B0_2fb77e293105d08e52cd1abcc93a70529de651cf62ee4fee4d03e868b8b1f43b0ba02dc2a89db5913b41780c50
1776357560500289,5,0,ANON_5G_CON_IMSI_B0_2fb77e293105d08e52cd1abcc93a70529de651cf62ee4fee4d03e868b8b1f43b0ba02dc2a89db5913b41780c50
1776358508007003,1,0,ANON_5G_CON_IMSI_B0_1ea8b21b880619fa69d6ac0af58fe398036289c5a2ad68d3950fdfb135cf8533951812632ee4987de587e78f07
1776358518127057,2,0,ANON_5G_CON_IMSI_B0_1ea8b21b880619fa69d6ac0af58fe398036289c5a2ad68d3950fdfb135cf8533951812632ee4987de587e78f07
1776358528247123,3,0,ANON_5G_CON_IMSI_B0_1ea8b21b880619fa69d6ac0af58fe398036289c5a2ad68d3950fdfb135cf8533951812632ee4987de587e78f07
1776358538382105,4,0,ANON_5G_CON_IMSI_B0_1ea8b21b880619fa69d6ac0af58fe398036289c5a2ad68d3950fdfb135cf8533951812632ee4987de587e78f07
1776358548512220,5,0,ANON_5G_CON_IMSI_B0_1ea8b21b880619fa69d6ac0af58fe398036289c5a2ad68d3950fdfb135cf8533951812632ee4987de587e78f07
1776359495759452,1,0,ANON_5G_CON_IMSI_B0_43a3ac672d049f3aab4125fae3b50f22613166b3cd3e59070848bedb06ee9b12ce8ef25e8ce3f772fe96f7392b
1776359505899570,2,0,ANON_5G_CON_IMSI_B0_43a3ac672d049f3aab4125fae3b50f22613166b3cd3e59070848bedb06ee9b12ce8ef25e8ce3f772fe96f7392b
1776359516019406,3,0,ANON_5G_CON_IMSI_B0_43a3ac672d049f3aab4125fae3b50f22613166b3cd3e59070848bedb06ee9b12ce8ef25e8ce3f772fe96f7392b
1776359526144362,4,0,ANON_5G_CON_IMSI_B0_43a3ac672d049f3aab4125fae3b50f22613166b3cd3e59070848bedb06ee9b12ce8ef25e8ce3f772fe96f7392b
1776359862134450,1,0,ANON_5G_CON_IMSI_B0_d0804ce6800a5798b94f076a00721e8c2126f93df7ef8be70d83133c0dfcca2a7cf4713ee0f76f11b0d2a282ff
1776360474797741,1,0,ANON_5G_CON_IMSI_B0_259f50e67542dd2ca23a717d485bc65a64b20bb2af1ec1ada81eaf26200b752d52b249b7d4e87380f7463fce3e
1776360484917808,2,0,ANON_5G_CON_IMSI_B0_259f50e67542dd2ca23a717d485bc65a64b20bb2af1ec1ada81eaf26200b752d52b249b7d4e87380f7463fce3e
1776360495037866,3,0,ANON_5G_CON_IMSI_B0_259f50e67542dd2ca23a717d485bc65a64b20bb2af1ec1ada81eaf26200b752d52b249b7d4e87380f7463fce3e
1776360505162952,4,0,ANON_5G_CON_IMSI_B0_259f50e67542dd2ca23a717d485bc65a64b20bb2af1ec1ada81eaf26200b752d52b249b7d4e87380f7463fce3e
1776360515302927,5,0,ANON_5G_CON_IMSI_B0_259f50e67542dd2ca23a717d485bc65a64b20bb2af1ec1ada81eaf26200b752d52b249b7d4e87380f7463fce3e
1776361458976845,1,0,ANON_5G_CON_IMSI_B0_5b6c72197adf27dfcee3cc210e0ca0b033720355b8fc3c529aca3e69f05d7942e1181e02e71ce43c2d40cf4009
1776361469096971,2,0,ANON_5G_CON_IMSI_B0_5b6c72197adf27dfcee3cc210e0ca0b033720355b8fc3c529aca3e69f05d7942e1181e02e71ce43c2d40cf4009
1776361479216919,3,0,ANON_5G_CON_IMSI_B0_5b6c72197adf27dfcee3cc210e0ca0b033720355b8fc3c529aca3e69f05d7942e1181e02e71ce43c2d40cf4009
1776361489341915,4,0,ANON_5G_CON_IMSI_B0_5b6c72197adf27dfcee3cc210e0ca0b033720355b8fc3c529aca3e69f05d7942e1181e02e71ce43c2d40cf4009
1776361499481851,5,0,ANON_5G_CON_IMSI_B0_5b6c72197adf27dfcee3cc210e0ca0b033720355b8fc3c529aca3e69f05d7942e1181e02e71ce43c2d40cf4009
1776362447046731,1,0,ANON_5G_CON_IMSI_B0_e2f83a08cd94bb3b1e5e9b598de0de67ad463ce52c2f0ed3aba5e4b2e71f1d5812b46c9daffc3e5a58454c0fb1
1776362457166615,2,0,ANON_5G_CON_IMSI_B0_e2f83a08cd94bb3b1e5e9b598de0de67ad463ce52c2f0ed3aba5e4b2e71f1d5812b46c9daffc3e5a58454c0fb1
1776362467286554,3,0,ANON_5G_CON_IMSI_B0_e2f83a08cd94bb3b1e5e9b598de0de67ad463ce52c2f0ed3aba5e4b2e71f1d5812b46c9daffc3e5a58454c0fb1
1776362477411603,4,0,ANON_5G_CON_IMSI_B0_e2f83a08cd94bb3b1e5e9b598de0de67ad463ce52c2f0ed3aba5e4b2e71f1d5812b46c9daffc3e5a58454c0fb1
1776362487551538,5,0,ANON_5G_CON_IMSI_B0_e2f83a08cd94bb3b1e5e9b598de0de67ad463ce52c2f0ed3aba5e4b2e71f1d5812b46c9daffc3e5a58454c0fb1
1776363434153927,1,0,ANON_5G_CON_IMSI_B0_1629c805f1d609d49b4dd44856094ce740b90843cd630086f2fb03fc6eca18454e9e7698e415c915e68b51e390
1776363444273760,2,0,ANON_5G_CON_IMSI_B0_1629c805f1d609d49b4dd44856094ce740b90843cd630086f2fb03fc6eca18454e9e7698e415c915e68b51e390
1776363454393831,3,0,ANON_5G_CON_IMSI_B0_1629c805f1d609d49b4dd44856094ce740b90843cd630086f2fb03fc6eca18454e9e7698e415c915e68b51e390
1776363464538789,4,0,ANON_5G_CON_IMSI_B0_1629c805f1d609d49b4dd44856094ce740b90843cd630086f2fb03fc6eca18454e9e7698e415c915e68b51e390
1776363474678750,5,0,ANON_5G_CON_IMSI_B0_1629c805f1d609d49b4dd44856094ce740b90843cd630086f2fb03fc6eca18454e9e7698e415c915e68b51e390
1776364136472415,1,0,ANON_5G_CON_IMSI_B0_cfc53cd2c002b3664e75e8ff2a97c540c828d2ec178141439c66e231df649310ce1ab90d0a241176b7e5da5929
1776364416575815,1,0,ANON_5G_CON_IMSI_B0_fadf9a89d3a6b8b722735b943437f9937a8556eaa3f33e1661265ea857842a022653177bceaf3f42bf82199d37
1776364426695711,2,0,ANON_5G_CON_IMSI_B0_fadf9a89d3a6b8b722735b943437f9937a8556eaa3f33e1661265ea857842a022653177bceaf3f42bf82199d37
1776364436815749,3,0,ANON_5G_CON_IMSI_B0_fadf9a89d3a6b8b722735b943437f9937a8556eaa3f33e1661265ea857842a022653177bceaf3f42bf82199d37
1776364446960758,4,0,ANON_5G_CON_IMSI_B0_fadf9a89d3a6b8b722735b943437f9937a8556eaa3f33e1661265ea857842a022653177bceaf3f42bf82199d37
1776364457080680,5,0,ANON_5G_CON_IMSI_B0_fadf9a89d3a6b8b722735b943437f9937a8556eaa3f33e1661265ea857842a022653177bceaf3f42bf82199d37
1776365122574826,1,0,ANON_5G_CON_IMSI_B0_3c0fe9faf1c08e938d015cc728fe1d2e87ba5801231877cda83c560585d6e21469b6e6ee7e61208f326b8ce8c2
1776365124794847,2,0,ANON_5G_CON_IMSI_B0_3c0fe9faf1c08e938d015cc728fe1d2e87ba5801231877cda83c560585d6e21469b6e6ee7e61208f326b8ce8c2
1776365403458105,1,0,ANON_5G_CON_IMSI_B0_ce621913bdfee9ada63cff3a7374bbcfbe1c49c13e17792d6393ebf4e6ddb4021e56c019799e8f0b090b4f8859
1776365413598056,2,0,ANON_5G_CON_IMSI_B0_ce621913bdfee9ada63cff3a7374bbcfbe1c49c13e17792d6393ebf4e6ddb4021e56c019799e8f0b090b4f8859
1776365423738073,3,0,ANON_5G_CON_IMSI_B0_ce621913bdfee9ada63cff3a7374bbcfbe1c49c13e17792d6393ebf4e6ddb4021e56c019799e8f0b090b4f8859
1776365433883085,4,0,ANON_5G_CON_IMSI_B0_ce621913bdfee9ada63cff3a7374bbcfbe1c49c13e17792d6393ebf4e6ddb4021e56c019799e8f0b090b4f8859
1776365444023095,5,0,ANON_5G_CON_IMSI_B0_ce621913bdfee9ada63cff3a7374bbcfbe1c49c13e17792d6393ebf4e6ddb4021e56c019799e8f0b090b4f8859
1776366395777298,1,0,ANON_5G_CON_IMSI_B0_a3f25d95ef28e0965bd9d7685c73ae37352b408c5fb6453c1dc3077ad5384d38598d6c4c7e9db90db552d0124a
1776366405917285,2,0,ANON_5G_CON_IMSI_B0_a3f25d95ef28e0965bd9d7685c73ae37352b408c5fb6453c1dc3077ad5384d38598d6c4c7e9db90db552d0124a
1776366416057192,3,0,ANON_5G_CON_IMSI_B0_a3f25d95ef28e0965bd9d7685c73ae37352b408c5fb6453c1dc3077ad5384d38598d6c4c7e9db90db552d0124a
1776366426202253,4,0,ANON_5G_CON_IMSI_B0_a3f25d95ef28e0965bd9d7685c73ae37352b408c5fb6453c1dc3077ad5384d38598d6c4c7e9db90db552d0124a
1776366436342218,5,0,ANON_5G_CON_IMSI_B0_a3f25d95ef28e0965bd9d7685c73ae37352b408c5fb6453c1dc3077ad5384d38598d6c4c7e9db90db552d0124a
1776367379804856,1,0,ANON_5G_CON_IMSI_B0_5afcd01e83be64529a2c39396c061ccade0a453388f677665dd3935db669b11b0ef1f35b06a17b51fe1dd2cf2c
1776367389954854,2,0,ANON_5G_CON_IMSI_B0_5afcd01e83be64529a2c39396c061ccade0a453388f677665dd3935db669b11b0ef1f35b06a17b51fe1dd2cf2c
1776367400084819,3,0,ANON_5G_CON_IMSI_B0_5afcd01e83be64529a2c39396c061ccade0a453388f677665dd3935db669b11b0ef1f35b06a17b51fe1dd2cf2c
1776367410229747,4,0,ANON_5G_CON_IMSI_B0_5afcd01e83be64529a2c39396c061ccade0a453388f677665dd3935db669b11b0ef1f35b06a17b51fe1dd2cf2c
1776367420369816,5,0,ANON_5G_CON_IMSI_B0_5afcd01e83be64529a2c39396c061ccade0a453388f677665dd3935db669b11b0ef1f35b06a17b51fe1dd2cf2c
1776368374146243,1,0,ANON_5G_CON_IMSI_B0_6c4198f7690a3c1ae728aa926e936f6de5ba6970c44b26d7b02df13e8833365a9a68132bd50750704df92c0aab
1776368384266113,2,0,ANON_5G_CON_IMSI_B0_6c4198f7690a3c1ae728aa926e936f6de5ba6970c44b26d7b02df13e8833365a9a68132bd50750704df92c0aab
1776368394386083,3,0,ANON_5G_CON_IMSI_B0_6c4198f7690a3c1ae728aa926e936f6de5ba6970c44b26d7b02df13e8833365a9a68132bd50750704df92c0aab
1776368404511004,4,0,ANON_5G_CON_IMSI_B0_6c4198f7690a3c1ae728aa926e936f6de5ba6970c44b26d7b02df13e8833365a9a68132bd50750704df92c0aab
1776369349396235,1,0,ANON_5G_CON_IMSI_B0_44f3ca2961e77cb0bdde51c89ef67bb463ebdd6f92f9a59ed20e35f9472318686fbf4c28288b0484ac218d04c8
1776369359536299,2,0,ANON_5G_CON_IMSI_B0_44f3ca2961e77cb0bdde51c89ef67bb463ebdd6f92f9a59ed20e35f9472318686fbf4c28288b0484ac218d04c8
1776369369676351,3,0,ANON_5G_CON_IMSI_B0_44f3ca2961e77cb0bdde51c89ef67bb463ebdd6f92f9a59ed20e35f9472318686fbf4c28288b0484ac218d04c8
1776369379801303,4,0,ANON_5G_CON_IMSI_B0_44f3ca2961e77cb0bdde51c89ef67bb463ebdd6f92f9a59ed20e35f9472318686fbf4c28288b0484ac218d04c8
1776369389941198,5,0,ANON_5G_CON_IMSI_B0_44f3ca2961e77cb0bdde51c89ef67bb463ebdd6f92f9a59ed20e35f9472318686fbf4c28288b0484ac218d04c8
1776370345706593,1,0,ANON_5G_CON_IMSI_B0_c84f20b07f0df5d3b8a87176ade8c1ae045daa4c9a9c63ce2a3e73846571c34acf1d7c2d7aeb8abe57731c78b1
1776370355846651,2,0,ANON_5G_CON_IMSI_B0_c84f20b07f0df5d3b8a87176ade8c1ae045daa4c9a9c63ce2a3e73846571c34acf1d7c2d7aeb8abe57731c78b1
1776370365986749,3,0,ANON_5G_CON_IMSI_B0_c84f20b07f0df5d3b8a87176ade8c1ae045daa4c9a9c63ce2a3e73846571c34acf1d7c2d7aeb8abe57731c78b1
1776370376131703,4,0,ANON_5G_CON_IMSI_B0_c84f20b07f0df5d3b8a87176ade8c1ae045daa4c9a9c63ce2a3e73846571c34acf1d7c2d7aeb8abe57731c78b1
1776370672037200,1,0,ANON_5G_CON_IMSI_B0_de93495e4e73c0ae4ae7ec2fb8167a9c30108c2c46d6cf8d533812d3d75fa160ec3f079e52eef0a6bb68bf6fd5
1776370682157290,2,0,ANON_5G_CON_IMSI_B0_de93495e4e73c0ae4ae7ec2fb8167a9c30108c2c46d6cf8d533812d3d75fa160ec3f079e52eef0a6bb68bf6fd5
1776370692277315,3,0,ANON_5G_CON_IMSI_B0_de93495e4e73c0ae4ae7ec2fb8167a9c30108c2c46d6cf8d533812d3d75fa160ec3f079e52eef0a6bb68bf6fd5
1776370702382376,4,0,ANON_5G_CON_IMSI_B0_de93495e4e73c0ae4ae7ec2fb8167a9c30108c2c46d6cf8d533812d3d75fa160ec3f079e52eef0a6bb68bf6fd5
1776370712502433,5,0,ANON_5G_CON_IMSI_B0_de93495e4e73c0ae4ae7ec2fb8167a9c30108c2c46d6cf8d533812d3d75fa160ec3f079e52eef0a6bb68bf6fd5
1776371342423423,1,0,ANON_5G_CON_IMSI_B0_f494f54254e83095d532b799ad2281d822efa600df9bd28912786840bd9c1d54c37397f4b5133a1a32049aeed2
1776371352563375,2,0,ANON_5G_CON_IMSI_B0_f494f54254e83095d532b799ad2281d822efa600df9bd28912786840bd9c1d54c37397f4b5133a1a32049aeed2
1776371362703357,3,0,ANON_5G_CON_IMSI_B0_f494f54254e83095d532b799ad2281d822efa600df9bd28912786840bd9c1d54c37397f4b5133a1a32049aeed2
1776371680289400,1,0,ANON_5G_CON_IMSI_B0_e79fb31ea7cbdea2de3a6e307bb440a0a8a7f26b595d475f1ad98239948c975d61123d84e8d41a1cdbd0c24c92
1776371690429499,2,0,ANON_5G_CON_IMSI_B0_e79fb31ea7cbdea2de3a6e307bb440a0a8a7f26b595d475f1ad98239948c975d61123d84e8d41a1cdbd0c24c92
1776371700569437,3,0,ANON_5G_CON_IMSI_B0_e79fb31ea7cbdea2de3a6e307bb440a0a8a7f26b595d475f1ad98239948c975d61123d84e8d41a1cdbd0c24c92
1776371982110671,1,0,ANON_5G_CON_IMSI_B0_a11124d482697daaa43a772a6370929288cfb358444aa0cda40856ebebfcb7648188e8787b46e88cc5333cc3ba
1776371992270580,2,0,ANON_5G_CON_IMSI_B0_a11124d482697daaa43a772a6370929288cfb358444aa0cda40856ebebfcb7648188e8787b46e88cc5333cc3ba
1776372002410626,3,0,ANON_5G_CON_IMSI_B0_a11124d482697daaa43a772a6370929288cfb358444aa0cda40856ebebfcb7648188e8787b46e88cc5333cc3ba
1776372012555617,4,0,ANON_5G_CON_IMSI_B0_a11124d482697daaa43a772a6370929288cfb358444aa0cda40856ebebfcb7648188e8787b46e88cc5333cc3ba
1776372022695517,5,0,ANON_5G_CON_IMSI_B0_a11124d482697daaa43a772a6370929288cfb358444aa0cda40856ebebfcb7648188e8787b46e88cc5333cc3ba
1776372983755371,1,0,ANON_5G_CON_IMSI_B0_f82017f1d274ed8e60d4a388bebc6fdaa412a5b3490d5ca08f2423db364aaf61fea545359588a86982e83a3694
1776372993895371,2,0,ANON_5G_CON_IMSI_B0_f82017f1d274ed8e60d4a388bebc6fdaa412a5b3490d5ca08f2423db364aaf61fea545359588a86982e83a3694
1776373004035329,3,0,ANON_5G_CON_IMSI_B0_f82017f1d274ed8e60d4a388bebc6fdaa412a5b3490d5ca08f2423db364aaf61fea545359588a86982e83a3694
1776373014180291,4,0,ANON_5G_CON_IMSI_B0_f82017f1d274ed8e60d4a388bebc6fdaa412a5b3490d5ca08f2423db364aaf61fea545359588a86982e83a3694
1776373953201235,1,0,ANON_5G_CON_IMSI_B0_5dfd59dce55d2d1d11ffdb43b2fed52b0da50ca73c133f27e886731cb9e09d6c76e2ed56433ffa636a51862857
1776373963320952,2,0,ANON_5G_CON_IMSI_B0_5dfd59dce55d2d1d11ffdb43b2fed52b0da50ca73c133f27e886731cb9e09d6c76e2ed56433ffa636a51862857
1776373973440910,3,0,ANON_5G_CON_IMSI_B0_5dfd59dce55d2d1d11ffdb43b2fed52b0da50ca73c133f27e886731cb9e09d6c76e2ed56433ffa636a51862857
1776373983565756,4,0,ANON_5G_CON_IMSI_B0_5dfd59dce55d2d1d11ffdb43b2fed52b0da50ca73c133f27e886731cb9e09d6c76e2ed56433ffa636a51862857
1776373993705674,5,0,ANON_5G_CON_IMSI_B0_5dfd59dce55d2d1d11ffdb43b2fed52b0da50ca73c133f27e886731cb9e09d6c76e2ed56433ffa636a51862857
1776374954135235,1,0,ANON_5G_CON_IMSI_B0_f23428105ad94cb05a2b0f8eb4f6f62f24a19a77f5696ba8580bdbaa789601548dfcfd2727ad4c4dd94d5dfa88
1776374964275170,2,0,ANON_5G_CON_IMSI_B0_f23428105ad94cb05a2b0f8eb4f6f62f24a19a77f5696ba8580bdbaa789601548dfcfd2727ad4c4dd94d5dfa88
1776374974415106,3,0,ANON_5G_CON_IMSI_B0_f23428105ad94cb05a2b0f8eb4f6f62f24a19a77f5696ba8580bdbaa789601548dfcfd2727ad4c4dd94d5dfa88
1776374984560163,4,0,ANON_5G_CON_IMSI_B0_f23428105ad94cb05a2b0f8eb4f6f62f24a19a77f5696ba8580bdbaa789601548dfcfd2727ad4c4dd94d5dfa88
1776375928865523,1,0,ANON_5G_CON_IMSI_B0_42da435e1df0c2fd0f78a12c95aa1ad90dcb16ea7568c00b90f906c648f947621305f86a38cdc751b89989a028
1776375938985470,2,0,ANON_5G_CON_IMSI_B0_42da435e1df0c2fd0f78a12c95aa1ad90dcb16ea7568c00b90f906c648f947621305f86a38cdc751b89989a028
1776375949105500,3,0,ANON_5G_CON_IMSI_B0_42da435e1df0c2fd0f78a12c95aa1ad90dcb16ea7568c00b90f906c648f947621305f86a38cdc751b89989a028
1776375959230509,4,0,ANON_5G_CON_IMSI_B0_42da435e1df0c2fd0f78a12c95aa1ad90dcb16ea7568c00b90f906c648f947621305f86a38cdc751b89989a028
1776375969370501,5,0,ANON_5G_CON_IMSI_B0_42da435e1df0c2fd0f78a12c95aa1ad90dcb16ea7568c00b90f906c648f947621305f86a38cdc751b89989a028
1776376918106446,1,0,ANON_5G_CON_IMSI_B0_16d72f2bab21f28f4f3a6e9ffa1a2cd05206c7d2e9069d3f91a8493006b1435fad761005b72f3dacf6aade561e
1776376928226351,2,0,ANON_5G_CON_IMSI_B0_16d72f2bab21f28f4f3a6e9ffa1a2cd05206c7d2e9069d3f91a8493006b1435fad761005b72f3dacf6aade561e
1776376938346360,3,0,ANON_5G_CON_IMSI_B0_16d72f2bab21f28f4f3a6e9ffa1a2cd05206c7d2e9069d3f91a8493006b1435fad761005b72f3dacf6aade561e
1776376948471374,4,0,ANON_5G_CON_IMSI_B0_16d72f2bab21f28f4f3a6e9ffa1a2cd05206c7d2e9069d3f91a8493006b1435fad761005b72f3dacf6aade561e
1776376958611438,5,0,ANON_5G_CON_IMSI_B0_16d72f2bab21f28f4f3a6e9ffa1a2cd05206c7d2e9069d3f91a8493006b1435fad761005b72f3dacf6aade561e
1776377944453820,1,0,ANON_5G_CON_IMSI_B0_84e38a0d414d2b6eef1635e4408935f91878493c01affb82de5740046b385b4f8820af558fa83f1f19ecb489a1
1776378227383672,1,0,ANON_5G_CON_IMSI_B0_c6073f8998dd4fe711c3bf293cd7e00688d7a54ef9773425342fe99640609977fc37e968f20ba81ce3bf7119db
1776378237503815,2,0,ANON_5G_CON_IMSI_B0_c6073f8998dd4fe711c3bf293cd7e00688d7a54ef9773425342fe99640609977fc37e968f20ba81ce3bf7119db
1776378247623862,3,0,ANON_5G_CON_IMSI_B0_c6073f8998dd4fe711c3bf293cd7e00688d7a54ef9773425342fe99640609977fc37e968f20ba81ce3bf7119db
1776378257748990,4,0,ANON_5G_CON_IMSI_B0_c6073f8998dd4fe711c3bf293cd7e00688d7a54ef9773425342fe99640609977fc37e968f20ba81ce3bf7119db
1776378267888956,5,0,ANON_5G_CON_IMSI_B0_c6073f8998dd4fe711c3bf293cd7e00688d7a54ef9773425342fe99640609977fc37e968f20ba81ce3bf7119db
1776379211108595,1,0,ANON_5G_CON_IMSI_B0_9c9827336f4252213b4ec44b587b13af08ee35e806f7e76f2cf98b9faa843b31d07e9078dd5aafda5d6e1f1ccc
1776379221228709,2,0,ANON_5G_CON_IMSI_B0_9c9827336f4252213b4ec44b587b13af08ee35e806f7e76f2cf98b9faa843b31d07e9078dd5aafda5d6e1f1ccc
1776379231348676,3,0,ANON_5G_CON_IMSI_B0_9c9827336f4252213b4ec44b587b13af08ee35e806f7e76f2cf98b9faa843b31d07e9078dd5aafda5d6e1f1ccc
1776379241473699,4,0,ANON_5G_CON_IMSI_B0_9c9827336f4252213b4ec44b587b13af08ee35e806f7e76f2cf98b9faa843b31d07e9078dd5aafda5d6e1f1ccc
1776379251613628,5,0,ANON_5G_CON_IMSI_B0_9c9827336f4252213b4ec44b587b13af08ee35e806f7e76f2cf98b9faa843b31d07e9078dd5aafda5d6e1f1ccc
1776380208865554,1,0,ANON_5G_CON_IMSI_B0_061c6e3a69069739392cfa13a4f620edd707c347a8e46e7cf59447a8bd25913891d48ae31d4d131a68c3b5dc2a
1776380218985513,2,0,ANON_5G_CON_IMSI_B0_061c6e3a69069739392cfa13a4f620edd707c347a8e46e7cf59447a8bd25913891d48ae31d4d131a68c3b5dc2a
1776380229105281,3,0,ANON_5G_CON_IMSI_B0_061c6e3a69069739392cfa13a4f620edd707c347a8e46e7cf59447a8bd25913891d48ae31d4d131a68c3b5dc2a
1776380239230322,4,0,ANON_5G_CON_IMSI_B0_061c6e3a69069739392cfa13a4f620edd707c347a8e46e7cf59447a8bd25913891d48ae31d4d131a68c3b5dc2a
1776381181001786,1,0,ANON_5G_CON_IMSI_B0_6e82e671fb85189b0b05f97ad1f2db46ac34a9a51caeab1d1acde228c489b24b4e11f6793aa1ba99f725bbe688
1776381183261526,2,0,ANON_5G_CON_IMSI_B0_06dbef40d52c84f6085794ac0d3467d4af82ea366b1acb82e647d9ca7279ad7f1f9ea09d98e1bfbf11e955009a
1776381191121554,3,0,ANON_5G_CON_IMSI_B0_6e82e671fb85189b0b05f97ad1f2db46ac34a9a51caeab1d1acde228c489b24b4e11f6793aa1ba99f725bbe688
1776381193386468,4,0,ANON_5G_CON_IMSI_B0_06dbef40d52c84f6085794ac0d3467d4af82ea366b1acb82e647d9ca7279ad7f1f9ea09d98e1bfbf11e955009a
1776381201246455,5,0,ANON_5G_CON_IMSI_B0_6e82e671fb85189b0b05f97ad1f2db46ac34a9a51caeab1d1acde228c489b24b4e11f6793aa1ba99f725bbe688
1776381203506475,6,0,ANON_5G_CON_IMSI_B0_06dbef40d52c84f6085794ac0d3467d4af82ea366b1acb82e647d9ca7279ad7f1f9ea09d98e1bfbf11e955009a
1776381211371371,7,0,ANON_5G_CON_IMSI_B0_6e82e671fb85189b0b05f97ad1f2db46ac34a9a51caeab1d1acde228c489b24b4e11f6793aa1ba99f725bbe688
1776381213631496,8,0,ANON_5G_CON_IMSI_B0_06dbef40d52c84f6085794ac0d3467d4af82ea366b1acb82e647d9ca7279ad7f1f9ea09d98e1bfbf11e955009a
1776381221491489,9,0,ANON_5G_CON_IMSI_B0_6e82e671fb85189b0b05f97ad1f2db46ac34a9a51caeab1d1acde228c489b24b4e11f6793aa1ba99f725bbe688
1776381223756388,10,0,ANON_5G_CON_IMSI_B0_06dbef40d52c84f6085794ac0d3467d4af82ea366b1acb82e647d9ca7279ad7f1f9ea09d98e1bfbf11e955009a
1776382172001197,1,0,ANON_5G_CON_IMSI_B0_23406885c994a5002020d9af8d83f8bfc7129ccbb7e76c20977190ed4f8081170a1a977abcf8fcf18b022b621c
1776382182121393,2,0,ANON_5G_CON_IMSI_B0_23406885c994a5002020d9af8d83f8bfc7129ccbb7e76c20977190ed4f8081170a1a977abcf8fcf18b022b621c
1776382192241420,3,0,ANON_5G_CON_IMSI_B0_23406885c994a5002020d9af8d83f8bfc7129ccbb7e76c20977190ed4f8081170a1a977abcf8fcf18b022b621c
1776382202366576,4,0,ANON_5G_CON_IMSI_B0_23406885c994a5002020d9af8d83f8bfc7129ccbb7e76c20977190ed4f8081170a1a977abcf8fcf18b022b621c
1776382212506711,5,0,ANON_5G_CON_IMSI_B0_23406885c994a5002020d9af8d83f8bfc7129ccbb7e76c20977190ed4f8081170a1a977abcf8fcf18b022b621c
1776383155429242,1,0,ANON_5G_CON_IMSI_B0_65e670bf0d181d31f88aa11bfef79bf0855a3d412d4d8210bd76baa99a2b7730436c3ae3afb18f873037cf11d0
1776383165549262,2,0,ANON_5G_CON_IMSI_B0_65e670bf0d181d31f88aa11bfef79bf0855a3d412d4d8210bd76baa99a2b7730436c3ae3afb18f873037cf11d0
1776383175669294,3,0,ANON_5G_CON_IMSI_B0_65e670bf0d181d31f88aa11bfef79bf0855a3d412d4d8210bd76baa99a2b7730436c3ae3afb18f873037cf11d0
1776383185794354,4,0,ANON_5G_CON_IMSI_B0_65e670bf0d181d31f88aa11bfef79bf0855a3d412d4d8210bd76baa99a2b7730436c3ae3afb18f873037cf11d0
1776383195934326,5,0,ANON_5G_CON_IMSI_B0_65e670bf0d181d31f88aa11bfef79bf0855a3d412d4d8210bd76baa99a2b7730436c3ae3afb18f873037cf11d0
1776384149860418,1,0,ANON_5G_CON_IMSI_B0_a6729f22cd35f0efcf79f767aacd8140612efed80682dc388f1c4db4a219107bee4d4a0e261158a9caf54af45b
1776384159980343,2,0,ANON_5G_CON_IMSI_B0_a6729f22cd35f0efcf79f767aacd8140612efed80682dc388f1c4db4a219107bee4d4a0e261158a9caf54af45b
1776384170100439,3,0,ANON_5G_CON_IMSI_B0_a6729f22cd35f0efcf79f767aacd8140612efed80682dc388f1c4db4a219107bee4d4a0e261158a9caf54af45b
1776384180225392,4,0,ANON_5G_CON_IMSI_B0_a6729f22cd35f0efcf79f767aacd8140612efed80682dc388f1c4db4a219107bee4d4a0e261158a9caf54af45b
1776384190365445,5,0,ANON_5G_CON_IMSI_B0_a6729f22cd35f0efcf79f767aacd8140612efed80682dc388f1c4db4a219107bee4d4a0e261158a9caf54af45b
1776385149779808,1,0,ANON_5G_CON_IMSI_B0_58a661160d526989bb85380234044ca9146f77db967f605d8c9d7ade17eb532fc7403ca60d03595f246658b57b
1776385159899583,2,0,ANON_5G_CON_IMSI_B0_58a661160d526989bb85380234044ca9146f77db967f605d8c9d7ade17eb532fc7403ca60d03595f246658b57b
1776385170019546,3,0,ANON_5G_CON_IMSI_B0_58a661160d526989bb85380234044ca9146f77db967f605d8c9d7ade17eb532fc7403ca60d03595f246658b57b
1776385475161954,1,0,ANON_5G_CON_IMSI_B0_aa93a14079eba4d6f3cfa8d9dd890b7921efef0f495c0a7b75c0656b9bbfd664c1abfe8c29ffebe378618856c9
1776385485281844,2,0,ANON_5G_CON_IMSI_B0_aa93a14079eba4d6f3cfa8d9dd890b7921efef0f495c0a7b75c0656b9bbfd664c1abfe8c29ffebe378618856c9
1776385495401924,3,0,ANON_5G_CON_IMSI_B0_aa93a14079eba4d6f3cfa8d9dd890b7921efef0f495c0a7b75c0656b9bbfd664c1abfe8c29ffebe378618856c9
1776385505526877,4,0,ANON_5G_CON_IMSI_B0_aa93a14079eba4d6f3cfa8d9dd890b7921efef0f495c0a7b75c0656b9bbfd664c1abfe8c29ffebe378618856c9
1776386443406922,1,0,ANON_5G_CON_IMSI_B0_dfe494a51533cd1e1bc9d8550ba855afcd95be9e4d527486bec5c9fb6be7ff0dc440772473446c0748e13e3b5e
1776386453527037,2,0,ANON_5G_CON_IMSI_B0_dfe494a51533cd1e1bc9d8550ba855afcd95be9e4d527486bec5c9fb6be7ff0dc440772473446c0748e13e3b5e
1776386463647097,3,0,ANON_5G_CON_IMSI_B0_dfe494a51533cd1e1bc9d8550ba855afcd95be9e4d527486bec5c9fb6be7ff0dc440772473446c0748e13e3b5e
1776386473792121,4,0,ANON_5G_CON_IMSI_B0_dfe494a51533cd1e1bc9d8550ba855afcd95be9e4d527486bec5c9fb6be7ff0dc440772473446c0748e13e3b5e
1776386483932151,5,0,ANON_5G_CON_IMSI_B0_dfe494a51533cd1e1bc9d8550ba855afcd95be9e4d527486bec5c9fb6be7ff0dc440772473446c0748e13e3b5e
1776387453779292,1,0,ANON_5G_CON_IMSI_B0_fb486781a7f41c033201a80191e12e6f65ebef243ff79066c3a29333e44fc2384f580da4722f62bcf120669a24
1776387463899262,2,0,ANON_5G_CON_IMSI_B0_fb486781a7f41c033201a80191e12e6f65ebef243ff79066c3a29333e44fc2384f580da4722f62bcf120669a24
1776387474019305,3,0,ANON_5G_CON_IMSI_B0_fb486781a7f41c033201a80191e12e6f65ebef243ff79066c3a29333e44fc2384f580da4722f62bcf120669a24
1776387746601736,1,0,ANON_5G_CON_IMSI_B0_ba1b2285518978928278d95c2a67b3f35d1fa681fa20e9617067b11d86b8024f1c211a4c0f0b85dc13087bfc1e
1776388380076325,1,0,ANON_5G_CON_IMSI_B0_9ff971d30f79383bd088bd5e9a7699c49197f3d6ad8a04d372ce0a078f378652c346f2b11e7006c482d17c4e12
1776388390196277,2,0,ANON_5G_CON_IMSI_B0_9ff971d30f79383bd088bd5e9a7699c49197f3d6ad8a04d372ce0a078f378652c346f2b11e7006c482d17c4e12
1776388400316217,3,0,ANON_5G_CON_IMSI_B0_9ff971d30f79383bd088bd5e9a7699c49197f3d6ad8a04d372ce0a078f378652c346f2b11e7006c482d17c4e12
1776388686543503,1,0,ANON_5G_CON_IMSI_B0_9a90ad3f4c205dbe43757237cfbf78530b0bbda92952af1a3bc6f589bedca422ce2c6128e8c68b135a9be034ab
1776388696663557,2,0,ANON_5G_CON_IMSI_B0_9a90ad3f4c205dbe43757237cfbf78530b0bbda92952af1a3bc6f589bedca422ce2c6128e8c68b135a9be034ab
1776388706783567,3,0,ANON_5G_CON_IMSI_B0_9a90ad3f4c205dbe43757237cfbf78530b0bbda92952af1a3bc6f589bedca422ce2c6128e8c68b135a9be034ab
1776388716908503,4,0,ANON_5G_CON_IMSI_B0_9a90ad3f4c205dbe43757237cfbf78530b0bbda92952af1a3bc6f589bedca422ce2c6128e8c68b135a9be034ab
1776388727048534,5,0,ANON_5G_CON_IMSI_B0_9a90ad3f4c205dbe43757237cfbf78530b0bbda92952af1a3bc6f589bedca422ce2c6128e8c68b135a9be034ab
1776389674888504,1,0,ANON_5G_CON_IMSI_B0_0a9fb8a22b947dfee696e8c4751db0605d298cb4ecda0625a0506c5a4cf3dd5e8e030cecb764924bb688d1d982
1776389685008572,2,0,ANON_5G_CON_IMSI_B0_0a9fb8a22b947dfee696e8c4751db0605d298cb4ecda0625a0506c5a4cf3dd5e8e030cecb764924bb688d1d982
1776389695128580,3,0,ANON_5G_CON_IMSI_B0_0a9fb8a22b947dfee696e8c4751db0605d298cb4ecda0625a0506c5a4cf3dd5e8e030cecb764924bb688d1d982
1776389705253533,4,0,ANON_5G_CON_IMSI_B0_0a9fb8a22b947dfee696e8c4751db0605d298cb4ecda0625a0506c5a4cf3dd5e8e030cecb764924bb688d1d982
1776389715393554,5,0,ANON_5G_CON_IMSI_B0_0a9fb8a22b947dfee696e8c4751db0605d298cb4ecda0625a0506c5a4cf3dd5e8e030cecb764924bb688d1d982
1776390000311090,1,0,ANON_5G_CON_IMSI_B0_db9a1e351d3f6915c0e592df23273700b436827a1172f5a0540ce1412298c926d43608e9b85a62afe0002aed04
1776390010431016,2,0,ANON_5G_CON_IMSI_B0_db9a1e351d3f6915c0e592df23273700b436827a1172f5a0540ce1412298c926d43608e9b85a62afe0002aed04
1776390020550950,3,0,ANON_5G_CON_IMSI_B0_db9a1e351d3f6915c0e592df23273700b436827a1172f5a0540ce1412298c926d43608e9b85a62afe0002aed04
1776390030675971,4,0,ANON_5G_CON_IMSI_B0_db9a1e351d3f6915c0e592df23273700b436827a1172f5a0540ce1412298c926d43608e9b85a62afe0002aed04
1776390040795962,5,0,ANON_5G_CON_IMSI_B0_db9a1e351d3f6915c0e592df23273700b436827a1172f5a0540ce1412298c926d43608e9b85a62afe0002aed04
1776390685716524,1,0,ANON_5G_CON_IMSI_B0_0af183105c67b39999b5f5e89ef83c71e182cbaa10548626e24e8e0de38ed345ff4bf31d9fb1c2d43767569243
1776390695836590,2,0,ANON_5G_CON_IMSI_B0_0af183105c67b39999b5f5e89ef83c71e182cbaa10548626e24e8e0de38ed345ff4bf31d9fb1c2d43767569243
1776390705956573,3,0,ANON_5G_CON_IMSI_B0_0af183105c67b39999b5f5e89ef83c71e182cbaa10548626e24e8e0de38ed345ff4bf31d9fb1c2d43767569243
1776391029673020,1,0,ANON_5G_CON_IMSI_B0_3ed6ab5141a97cbcd74e68f8f478829ba5adf933aa523131819f5be781e22b5c6ff7865dba1d5f8911dbe685bf
1776391664142289,1,0,ANON_5G_CON_IMSI_B0_09ec9ead2ca7628dba82085466f58f3b1da8caf4f480a8daa9d98e4ca129ec6f4a4cf43cb3d7ad8e606227d08c
1776391674262266,2,0,ANON_5G_CON_IMSI_B0_09ec9ead2ca7628dba82085466f58f3b1da8caf4f480a8daa9d98e4ca129ec6f4a4cf43cb3d7ad8e606227d08c
1776391684382330,3,0,ANON_5G_CON_IMSI_B0_09ec9ead2ca7628dba82085466f58f3b1da8caf4f480a8daa9d98e4ca129ec6f4a4cf43cb3d7ad8e606227d08c
1776392006904885,1,0,ANON_5G_CON_IMSI_B0_2dcaaa01862965f154456891556cc45f40c3bb749ffcdf73b6f7c4caa388a75c71815690ab68aa6cd056644a20
1776392017025027,2,0,ANON_5G_CON_IMSI_B0_2dcaaa01862965f154456891556cc45f40c3bb749ffcdf73b6f7c4caa388a75c71815690ab68aa6cd056644a20
1776392297534959,1,0,ANON_5G_CON_IMSI_B0_75f512b7808c9ac0c41dfa6a2ba361d020bab2f93b7cf1a6cfe43822ccc0122c79bf46354d11eef11896ba4c7a
1776392307654920,2,0,ANON_5G_CON_IMSI_B0_75f512b7808c9ac0c41dfa6a2ba361d020bab2f93b7cf1a6cfe43822ccc0122c79bf46354d11eef11896ba4c7a
1776392317774964,3,0,ANON_5G_CON_IMSI_B0_75f512b7808c9ac0c41dfa6a2ba361d020bab2f93b7cf1a6cfe43822ccc0122c79bf46354d11eef11896ba4c7a
1776392327899964,4,0,ANON_5G_CON_IMSI_B0_75f512b7808c9ac0c41dfa6a2ba361d020bab2f93b7cf1a6cfe43822ccc0122c79bf46354d11eef11896ba4c7a
1776392338020006,5,0,ANON_5G_CON_IMSI_B0_75f512b7808c9ac0c41dfa6a2ba361d020bab2f93b7cf1a6cfe43822ccc0122c79bf46354d11eef11896ba4c7a
1776392628611701,1,0,ANON_5G_CON_IMSI_B0_2cd622cb8e5e79790da07fcc3a53f5eb5e6f660b228e9d8b47dcb0ab08862e08cd3933a5a1fa3cb16e921c5fcc
1776392638731469,2,0,ANON_5G_CON_IMSI_B0_2cd622cb8e5e79790da07fcc3a53f5eb5e6f660b228e9d8b47dcb0ab08862e08cd3933a5a1fa3cb16e921c5fcc
1776392648851242,3,0,ANON_5G_CON_IMSI_B0_2cd622cb8e5e79790da07fcc3a53f5eb5e6f660b228e9d8b47dcb0ab08862e08cd3933a5a1fa3cb16e921c5fcc
1776392658976160,4,0,ANON_5G_CON_IMSI_B0_2cd622cb8e5e79790da07fcc3a53f5eb5e6f660b228e9d8b47dcb0ab08862e08cd3933a5a1fa3cb16e921c5fcc
1776392669115925,5,0,ANON_5G_CON_IMSI_B0_2cd622cb8e5e79790da07fcc3a53f5eb5e6f660b228e9d8b47dcb0ab08862e08cd3933a5a1fa3cb16e921c5fcc
1776393649416218,1,0,ANON_5G_CON_IMSI_B0_c60349fd704b1500f797dd32dd98df350ce49787ae89e018b63fde920181a03216dd1fc717a61e5107c837e4d5
1776393659536066,2,0,ANON_5G_CON_IMSI_B0_c60349fd704b1500f797dd32dd98df350ce49787ae89e018b63fde920181a03216dd1fc717a61e5107c837e4d5
1776393968170130,1,0,ANON_5G_CON_IMSI_B0_f988b9d6a642aab914e2335fe1e8a4a9a3f3c35351e107253ba9d4fb1bf8e20dae81516713f6909172c418c1f0
1776393978290079,2,0,ANON_5G_CON_IMSI_B0_f988b9d6a642aab914e2335fe1e8a4a9a3f3c35351e107253ba9d4fb1bf8e20dae81516713f6909172c418c1f0
1776393988430044,3,0,ANON_5G_CON_IMSI_B0_f988b9d6a642aab914e2335fe1e8a4a9a3f3c35351e107253ba9d4fb1bf8e20dae81516713f6909172c418c1f0
1776394615873870,1,0,ANON_5G_CON_IMSI_B0_03d08d5ab85b5c750588769f2cbdf0d2bdd72daa69aaffc64f70cc2036d5b641e62ea1fe4bb4c16bd5ed7ef506
1776394625993945,2,0,ANON_5G_CON_IMSI_B0_03d08d5ab85b5c750588769f2cbdf0d2bdd72daa69aaffc64f70cc2036d5b641e62ea1fe4bb4c16bd5ed7ef506
1776394636114213,3,0,ANON_5G_CON_IMSI_B0_03d08d5ab85b5c750588769f2cbdf0d2bdd72daa69aaffc64f70cc2036d5b641e62ea1fe4bb4c16bd5ed7ef506
1776394646239200,4,0,ANON_5G_CON_IMSI_B0_03d08d5ab85b5c750588769f2cbdf0d2bdd72daa69aaffc64f70cc2036d5b641e62ea1fe4bb4c16bd5ed7ef506
1776395615685720,1,0,ANON_5G_CON_IMSI_B0_9131e7fa735c244723c460a8b9b25a318d3660aa6286a29c54ab03d9cec3234913d2d917d0c3fba9695cc64023
1776395625805702,2,0,ANON_5G_CON_IMSI_B0_9131e7fa735c244723c460a8b9b25a318d3660aa6286a29c54ab03d9cec3234913d2d917d0c3fba9695cc64023
1776395635925667,3,0,ANON_5G_CON_IMSI_B0_9131e7fa735c244723c460a8b9b25a318d3660aa6286a29c54ab03d9cec3234913d2d917d0c3fba9695cc64023
1776395931767998,1,0,ANON_5G_CON_IMSI_B0_f3b0ca7099cb69649f5bd0b83f3613a1d711e2223714e4342e35d5c2500cb9128a778abf96eee7cb3a24f6f240
1776395941888060,2,0,ANON_5G_CON_IMSI_B0_f3b0ca7099cb69649f5bd0b83f3613a1d711e2223714e4342e35d5c2500cb9128a778abf96eee7cb3a24f6f240
1776395952008076,3,0,ANON_5G_CON_IMSI_B0_f3b0ca7099cb69649f5bd0b83f3613a1d711e2223714e4342e35d5c2500cb9128a778abf96eee7cb3a24f6f240
1776395962133001,4,0,ANON_5G_CON_IMSI_B0_f3b0ca7099cb69649f5bd0b83f3613a1d711e2223714e4342e35d5c2500cb9128a778abf96eee7cb3a24f6f240
1776396919427582,1,0,ANON_5G_CON_IMSI_B0_8855c2b43778d48f4b173e28121641214622db94be48cb345be10a2d5bd02f471abc18cbb57174ccf5e77f01b5
1776396929547643,2,0,ANON_5G_CON_IMSI_B0_8855c2b43778d48f4b173e28121641214622db94be48cb345be10a2d5bd02f471abc18cbb57174ccf5e77f01b5
1776396939667603,3,0,ANON_5G_CON_IMSI_B0_8855c2b43778d48f4b173e28121641214622db94be48cb345be10a2d5bd02f471abc18cbb57174ccf5e77f01b5
1776396949792567,4,0,ANON_5G_CON_IMSI_B0_8855c2b43778d48f4b173e28121641214622db94be48cb345be10a2d5bd02f471abc18cbb57174ccf5e77f01b5
1776397913522743,1,0,ANON_5G_CON_IMSI_B0_d497a11f42f283d3c0d5b30aa23c25c2fcc499587173143beab73fe29352d332c9c4dfecb0c3503af8618462ea
1776397923642691,2,0,ANON_5G_CON_IMSI_B0_d497a11f42f283d3c0d5b30aa23c25c2fcc499587173143beab73fe29352d332c9c4dfecb0c3503af8618462ea
1776397933762647,3,0,ANON_5G_CON_IMSI_B0_d497a11f42f283d3c0d5b30aa23c25c2fcc499587173143beab73fe29352d332c9c4dfecb0c3503af8618462ea
1776398247588195,1,0,ANON_5G_CON_IMSI_B0_033ce22b19b5bc4a5f46c351c2bbc6cda655c4be7e12fe6dc44a1627586b897c1e7059a965030447a43820a282
1776398257708180,2,0,ANON_5G_CON_IMSI_B0_033ce22b19b5bc4a5f46c351c2bbc6cda655c4be7e12fe6dc44a1627586b897c1e7059a965030447a43820a282
1776398887688075,1,0,ANON_5G_CON_IMSI_B0_4f3b46c75968c5a189e9033a2bf12b03d525a51bac9f7225e7e5c088d2540b471960de97198a12e145d5393cd3
1776398897808127,2,0,ANON_5G_CON_IMSI_B0_4f3b46c75968c5a189e9033a2bf12b03d525a51bac9f7225e7e5c088d2540b471960de97198a12e145d5393cd3
1776398907928116,3,0,ANON_5G_CON_IMSI_B0_4f3b46c75968c5a189e9033a2bf12b03d525a51bac9f7225e7e5c088d2540b471960de97198a12e145d5393cd3
1776398918053116,4,0,ANON_5G_CON_IMSI_B0_4f3b46c75968c5a189e9033a2bf12b03d525a51bac9f7225e7e5c088d2540b471960de97198a12e145d5393cd3
1776399217717417,1,0,ANON_5G_CON_IMSI_B0_fb85925271eff8c49958965d850a06350a2c4f58561a97fbbe63db81933195131bd8aa5d7f5bb12f5a07b4c929
1776399227837439,2,0,ANON_5G_CON_IMSI_B0_fb85925271eff8c49958965d850a06350a2c4f58561a97fbbe63db81933195131bd8aa5d7f5bb12f5a07b4c929
1776399237957410,3,0,ANON_5G_CON_IMSI_B0_fb85925271eff8c49958965d850a06350a2c4f58561a97fbbe63db81933195131bd8aa5d7f5bb12f5a07b4c929
1776399248062299,4,0,ANON_5G_CON_IMSI_B0_fb85925271eff8c49958965d850a06350a2c4f58561a97fbbe63db81933195131bd8aa5d7f5bb12f5a07b4c929
1776399863934955,1,0,ANON_5G_CON_IMSI_B0_a2e96aa90906e9b252b7052052da7b24718e7a00a6f33e620fd4d8bff7a89871fbd7289889a273634b4222b064
1776399874054926,2,0,ANON_5G_CON_IMSI_B0_a2e96aa90906e9b252b7052052da7b24718e7a00a6f33e620fd4d8bff7a89871fbd7289889a273634b4222b064
1776399884174922,3,0,ANON_5G_CON_IMSI_B0_a2e96aa90906e9b252b7052052da7b24718e7a00a6f33e620fd4d8bff7a89871fbd7289889a273634b4222b064
1776399894299927,4,0,ANON_5G_CON_IMSI_B0_a2e96aa90906e9b252b7052052da7b24718e7a00a6f33e620fd4d8bff7a89871fbd7289889a273634b4222b064
1776399904420029,5,0,ANON_5G_CON_IMSI_B0_a2e96aa90906e9b252b7052052da7b24718e7a00a6f33e620fd4d8bff7a89871fbd7289889a273634b4222b064
1776400849679776,1,0,ANON_5G_CON_IMSI_B0_605c7a500e57277f994918600d4c019e820dcef513491019a49b1ba8147ee852695a38b43aaf51c606383c40f3
1776400859799921,2,0,ANON_5G_CON_IMSI_B0_605c7a500e57277f994918600d4c019e820dcef513491019a49b1ba8147ee852695a38b43aaf51c606383c40f3
1776400869919740,3,0,ANON_5G_CON_IMSI_B0_605c7a500e57277f994918600d4c019e820dcef513491019a49b1ba8147ee852695a38b43aaf51c606383c40f3
1776400880044854,4,0,ANON_5G_CON_IMSI_B0_605c7a500e57277f994918600d4c019e820dcef513491019a49b1ba8147ee852695a38b43aaf51c606383c40f3
1776400890184803,5,0,ANON_5G_CON_IMSI_B0_605c7a500e57277f994918600d4c019e820dcef513491019a49b1ba8147ee852695a38b43aaf51c606383c40f3
1776401174908320,1,0,ANON_5G_CON_IMSI_B0_cea6dcad519bfc3ac645945bb3be2fcf4dbe9e9692d437bf14e70203c0e9fc013cbb761534ec898518d16095d6
1776401185028254,2,0,ANON_5G_CON_IMSI_B0_cea6dcad519bfc3ac645945bb3be2fcf4dbe9e9692d437bf14e70203c0e9fc013cbb761534ec898518d16095d6
1776401195148307,3,0,ANON_5G_CON_IMSI_B0_cea6dcad519bfc3ac645945bb3be2fcf4dbe9e9692d437bf14e70203c0e9fc013cbb761534ec898518d16095d6
1776401205273312,4,0,ANON_5G_CON_IMSI_B0_cea6dcad519bfc3ac645945bb3be2fcf4dbe9e9692d437bf14e70203c0e9fc013cbb761534ec898518d16095d6
1776401215393330,5,0,ANON_5G_CON_IMSI_B0_cea6dcad519bfc3ac645945bb3be2fcf4dbe9e9692d437bf14e70203c0e9fc013cbb761534ec898518d16095d6
1776401838793438,1,0,ANON_5G_CON_IMSI_B0_66844d42d79f2637c9267bedaa027182c9ca00018705836bc3365fb4f90f3a6bbd661216824b6bdbe3d27b8ab8
1776401848913429,2,0,ANON_5G_CON_IMSI_B0_66844d42d79f2637c9267bedaa027182c9ca00018705836bc3365fb4f90f3a6bbd661216824b6bdbe3d27b8ab8
1776401859033483,3,0,ANON_5G_CON_IMSI_B0_66844d42d79f2637c9267bedaa027182c9ca00018705836bc3365fb4f90f3a6bbd661216824b6bdbe3d27b8ab8
1776401869158397,4,0,ANON_5G_CON_IMSI_B0_66844d42d79f2637c9267bedaa027182c9ca00018705836bc3365fb4f90f3a6bbd661216824b6bdbe3d27b8ab8
1776401879318489,5,0,ANON_5G_CON_IMSI_B0_66844d42d79f2637c9267bedaa027182c9ca00018705836bc3365fb4f90f3a6bbd661216824b6bdbe3d27b8ab8
1776402159688428,1,0,ANON_5G_CON_IMSI_B0_5e3813608d88511a66f009f78a8c2ca466c36743393fc6c1a7e31e892e1ded6edd4221754799f3ab52bb236856
1776402169808517,2,0,ANON_5G_CON_IMSI_B0_5e3813608d88511a66f009f78a8c2ca466c36743393fc6c1a7e31e892e1ded6edd4221754799f3ab52bb236856
1776402179928491,3,0,ANON_5G_CON_IMSI_B0_5e3813608d88511a66f009f78a8c2ca466c36743393fc6c1a7e31e892e1ded6edd4221754799f3ab52bb236856
1776402190053399,4,0,ANON_5G_CON_IMSI_B0_5e3813608d88511a66f009f78a8c2ca466c36743393fc6c1a7e31e892e1ded6edd4221754799f3ab52bb236856
1776402200173386,5,0,ANON_5G_CON_IMSI_B0_5e3813608d88511a66f009f78a8c2ca466c36743393fc6c1a7e31e892e1ded6edd4221754799f3ab52bb236856
1776402834477009,1,0,ANON_5G_CON_IMSI_B0_c3020615588f8da4698962c208bae996688c1c01b0fba771746477988a1027130041a20aaa1e83c76f25aa146c
1776402844616817,2,0,ANON_5G_CON_IMSI_B0_c3020615588f8da4698962c208bae996688c1c01b0fba771746477988a1027130041a20aaa1e83c76f25aa146c
1776402854756731,3,0,ANON_5G_CON_IMSI_B0_c3020615588f8da4698962c208bae996688c1c01b0fba771746477988a1027130041a20aaa1e83c76f25aa146c
1776402864901688,4,0,ANON_5G_CON_IMSI_B0_c3020615588f8da4698962c208bae996688c1c01b0fba771746477988a1027130041a20aaa1e83c76f25aa146c
1776403192825029,1,0,ANON_5G_CON_IMSI_B0_73e8c5d95b21ec4b913f5336128e622802cb141458a35e9a35f209332f49e47ebfd8c8a6cdad3fad8051ce6299
1776403518510866,1,0,ANON_5G_CON_IMSI_B0_9f5e9f1e04800301c72feb8d44008eea52c36930a7445e8661599bbca0396e782cbdde78ed0063f319f08523d5
1776403815214264,1,0,ANON_5G_CON_IMSI_B0_339d1e4bb9369e5c55ab74d83238835609183f38bab517bcc85d4ce77031cb747bf728db4f7686286350b70d52
1776403825334266,2,0,ANON_5G_CON_IMSI_B0_339d1e4bb9369e5c55ab74d83238835609183f38bab517bcc85d4ce77031cb747bf728db4f7686286350b70d52
1776403835454116,3,0,ANON_5G_CON_IMSI_B0_339d1e4bb9369e5c55ab74d83238835609183f38bab517bcc85d4ce77031cb747bf728db4f7686286350b70d52
1776403845579148,4,0,ANON_5G_CON_IMSI_B0_339d1e4bb9369e5c55ab74d83238835609183f38bab517bcc85d4ce77031cb747bf728db4f7686286350b70d52
1776403855719073,5,0,ANON_5G_CON_IMSI_B0_339d1e4bb9369e5c55ab74d83238835609183f38bab517bcc85d4ce77031cb747bf728db4f7686286350b70d52
1776405131638234,1,0,ANON_5G_CON_IMSI_B0_cf6f29b7a016d5dad98a947e46a6bd6be832950a84cb0b4539c28fb6d304064486fe7f08abe1c8db49b5765d21
1776405141758281,2,0,ANON_5G_CON_IMSI_B0_cf6f29b7a016d5dad98a947e46a6bd6be832950a84cb0b4539c28fb6d304064486fe7f08abe1c8db49b5765d21
1776405151878444,3,0,ANON_5G_CON_IMSI_B0_cf6f29b7a016d5dad98a947e46a6bd6be832950a84cb0b4539c28fb6d304064486fe7f08abe1c8db49b5765d21
1776405162003500,4,0,ANON_5G_CON_IMSI_B0_cf6f29b7a016d5dad98a947e46a6bd6be832950a84cb0b4539c28fb6d304064486fe7f08abe1c8db49b5765d21
1776406462775951,1,0,ANON_5G_CON_IMSI_B0_2361d8f642f5710f9f67b01ae270f3dc757a1eaec8090d966e889c8aebcece0dead0d7512262e0b5a6c3f9206b
1776406472896014,2,0,ANON_5G_CON_IMSI_B0_2361d8f642f5710f9f67b01ae270f3dc757a1eaec8090d966e889c8aebcece0dead0d7512262e0b5a6c3f9206b
1776406483035993,3,0,ANON_5G_CON_IMSI_B0_2361d8f642f5710f9f67b01ae270f3dc757a1eaec8090d966e889c8aebcece0dead0d7512262e0b5a6c3f9206b
1776406792994348,1,0,ANON_5G_CON_IMSI_B0_49c8efc023df6ec76b53eb96252d79b5a4205eb7d2bfa7a272f1a3ae62a1a97b5e6ef098fdd8cf276ab2bb1755
1776406803114211,2,0,ANON_5G_CON_IMSI_B0_49c8efc023df6ec76b53eb96252d79b5a4205eb7d2bfa7a272f1a3ae62a1a97b5e6ef098fdd8cf276ab2bb1755
1776406813234069,3,0,ANON_5G_CON_IMSI_B0_49c8efc023df6ec76b53eb96252d79b5a4205eb7d2bfa7a272f1a3ae62a1a97b5e6ef098fdd8cf276ab2bb1755
1776407440712558,1,0,ANON_5G_CON_IMSI_B0_1290dba5254a375433e6c35b78a37bce986f845e9de05535ed5e0c6caf19fe7720ecb259aaf8b66da3c2f2d8cf
1776407450832556,2,0,ANON_5G_CON_IMSI_B0_1290dba5254a375433e6c35b78a37bce986f845e9de05535ed5e0c6caf19fe7720ecb259aaf8b66da3c2f2d8cf
1776407460952503,3,0,ANON_5G_CON_IMSI_B0_1290dba5254a375433e6c35b78a37bce986f845e9de05535ed5e0c6caf19fe7720ecb259aaf8b66da3c2f2d8cf
1776407778871299,1,0,ANON_5G_CON_IMSI_B0_1c6885bea40de12ef895082e587bf7fb2bb6d9d8d8ec4f1dcd263db4192a2c613762d763bb4a188b8e3ace7fe7
1776407788991195,2,0,ANON_5G_CON_IMSI_B0_1c6885bea40de12ef895082e587bf7fb2bb6d9d8d8ec4f1dcd263db4192a2c613762d763bb4a188b8e3ace7fe7
1776407799111046,3,0,ANON_5G_CON_IMSI_B0_1c6885bea40de12ef895082e587bf7fb2bb6d9d8d8ec4f1dcd263db4192a2c613762d763bb4a188b8e3ace7fe7
1776408411545536,1,0,ANON_5G_CON_IMSI_B0_1bef6031367eacb4f8efa5b190d3d6db0383b3a8140ba96986a52c08ee7d5c0f77d4829110eb003f833162bb44
1776408421665612,2,0,ANON_5G_CON_IMSI_B0_1bef6031367eacb4f8efa5b190d3d6db0383b3a8140ba96986a52c08ee7d5c0f77d4829110eb003f833162bb44
1776408431785633,3,0,ANON_5G_CON_IMSI_B0_1bef6031367eacb4f8efa5b190d3d6db0383b3a8140ba96986a52c08ee7d5c0f77d4829110eb003f833162bb44
1776408441910521,4,0,ANON_5G_CON_IMSI_B0_1bef6031367eacb4f8efa5b190d3d6db0383b3a8140ba96986a52c08ee7d5c0f77d4829110eb003f833162bb44
1776408452050480,5,0,ANON_5G_CON_IMSI_B0_1bef6031367eacb4f8efa5b190d3d6db0383b3a8140ba96986a52c08ee7d5c0f77d4829110eb003f833162bb44
1776409393253794,1,0,ANON_5G_CON_IMSI_B0_ac394b67cb093f36ef97bcd93612fda8546a055d8db48b3f6c07e5b069b635005088d0b2b7456c6916d08722d0
1776409403373797,2,0,ANON_5G_CON_IMSI_B0_ac394b67cb093f36ef97bcd93612fda8546a055d8db48b3f6c07e5b069b635005088d0b2b7456c6916d08722d0
1776409413493747,3,0,ANON_5G_CON_IMSI_B0_ac394b67cb093f36ef97bcd93612fda8546a055d8db48b3f6c07e5b069b635005088d0b2b7456c6916d08722d0
1776409423618755,4,0,ANON_5G_CON_IMSI_B0_ac394b67cb093f36ef97bcd93612fda8546a055d8db48b3f6c07e5b069b635005088d0b2b7456c6916d08722d0
1776409433738770,5,0,ANON_5G_CON_IMSI_B0_ac394b67cb093f36ef97bcd93612fda8546a055d8db48b3f6c07e5b069b635005088d0b2b7456c6916d08722d0
1776410382042522,1,0,ANON_5G_CON_IMSI_B0_4c87823e6fa01526103753c10b04011135308c0ea2ae48f000ce8abc71b9c16a372d37621eee9944d88dd3c6b9
1776410392182484,2,0,ANON_5G_CON_IMSI_B0_4c87823e6fa01526103753c10b04011135308c0ea2ae48f000ce8abc71b9c16a372d37621eee9944d88dd3c6b9
1776410402322442,3,0,ANON_5G_CON_IMSI_B0_4c87823e6fa01526103753c10b04011135308c0ea2ae48f000ce8abc71b9c16a372d37621eee9944d88dd3c6b9
1776410412467361,4,0,ANON_5G_CON_IMSI_B0_4c87823e6fa01526103753c10b04011135308c0ea2ae48f000ce8abc71b9c16a372d37621eee9944d88dd3c6b9
1776410422607394,5,0,ANON_5G_CON_IMSI_B0_4c87823e6fa01526103753c10b04011135308c0ea2ae48f000ce8abc71b9c16a372d37621eee9944d88dd3c6b9
