1775635380460451,0,0,3225619713,3225619713,00001111,00001111
1775635400597345,0,0,3253025719,3253025719,00001111,00001110
1775635405546339,0,0,3225619713,3225619713,00001111,00001111
1775635464690989,0,0,4102484797,4102484797,00001111,00001111
1775635483099012,0,0,4096772167,4096772167,00001111,00001110
1775635508399242,0,0,3546250022,3546250022,00001111,00001111
1775635513141169,0,0,3288574236,3288574236,00001111,00001110
1775635521625232,0,0,3259039875,3259039875,00001111,00001111
1775635524029191,0,0,3685348412,3685348412,00001111,00001111
1775635528173216,0,0,3546250022,3546250022,00001111,00001111
1775635528183110,0,0,3288574236,3288574236,00001111,00001110
1775635543998055,0,0,3974406642,3974406642,00001111,00001111
1775635549319103,0,0,3685348412,3685348412,00001111,00001111
1775635703132680,0,0,3228044550,3228044550,00001111,00001111
1775635728284593,0,0,3228044550,3228044550,00001111,00001111
1775635728647610,0,0,3713245174,3713245174,00001111,00001110
1775635774968658,0,0,4098869448,4098869448,00001111,00001110
1775635792630589,0,0,4098869448,4098869448,00001111,00001110
1775635796180596,0,0,4111266590,4111266590,00001111,00001111
1775635837199572,0,0,3295318257,3295318257,00001111,00001111
1775635843364883,0,0,3909896767,3909896767,00001111,00001110
1775635847129524,0,0,3237687719,3237687719,00001111,00001111
1775635856931498,0,0,3295318257,3295318257,00001111,00001111
1775635868275468,0,0,3909896767,3909896767,00001111,00001110
1775635868501950,0,0,3622776278,3622776278,00001111,00001111
1775635872355359,0,0,3237687719,3237687719,00001111,00001111
1775636052084523,0,0,3808809162,3808809162,00001111,00001110
1775636060755390,0,0,3228241304,3228241304,00001111,00001111
1775636063962369,0,0,3808809162,3808809162,00001111,00001110
1775636106401927,0,0,4111528865,4111528865,00001111,00001111
1775636118181712,0,0,4111528865,4111528865,00001111,00001111
1775636125835067,0,0,4111528865,4111528865,00001111,00001111
1775636136448090,0,0,4111528865,4111528865,00001111,00001111
1775636168927383,0,0,4182027404,4182027404,00001111,00001111
1775636171783413,0,0,4249040107,4249040107,00001111,00001110
1775636172345439,0,0,3856851458,3856851458,00001111,00001111
1775636185537383,0,0,4182027404,4182027404,00001111,00001111
1775636196777504,0,0,4249040107,4249040107,00001111,00001110
1775636197433531,0,0,3856851458,3856851458,00001111,00001111
1775636205535597,0,0,4182027404,4182027404,00001111,00001111
1775636209299804,0,0,3771838689,3771838689,00001111,00001111
1775636430163337,0,0,4099131626,4099131626,00001111,00001110
1775636450443561,0,0,3478208215,3478208215,00001111,00001110
1775636454828951,0,0,4111856400,4111856400,00001111,00001111
1775636455179626,0,0,4099131626,4099131626,00001111,00001110
1775636470095735,0,0,4099131626,4099131626,00001111,00001110
1775636488852268,0,0,3689437052,3689437052,00001111,00001111
1775636491236326,0,0,3850543289,3850543289,00001111,00001111
1775636494578328,0,0,3254863735,3254863735,00001111,00001111
1775636514246570,0,0,3689437052,3689437052,00001111,00001111
1775636514468994,0,0,3302001050,3302001050,00001111,00001111
1775636514469110,0,0,3254863735,3254863735,00001111,00001111
1775636516560585,0,0,3850543289,3850543289,00001111,00001111
1775636521436930,0,0,3236366418,3236366418,00001111,00001111
1775636525184678,0,0,3867606631,3867606631,00001111,00001111
1775636527275662,0,0,3925881596,3925881596,00001111,00001110
1775636534359787,0,0,3254863735,3254863735,00001111,00001111
1775636783084029,0,0,4112118668,4112118668,00001111,00001111
1775636789506000,0,0,4099721291,4099721291,00001111,00001110
1775636816786812,0,0,3890174843,3890174843,00001111,00001111
1775636823304838,0,0,4250364680,4250364680,00001111,00001111
1775636841924883,0,0,3890174843,3890174843,00001111,00001111
1775636844598065,0,0,4250364680,4250364680,00001111,00001111
1775636845620924,0,0,4072852780,4072852780,00001111,00001111
1775636848660927,0,0,3692266909,3692266909,00001111,00001111
1775636856478965,0,0,4250364680,4250364680,00001111,00001111
1775636863378941,0,0,3280940482,3280940482,00001111,00001111
1775636867148901,0,0,3890174843,3890174843,00001111,00001111
1775637107492418,0,0,4099983436,4099983436,00001111,00001110
1775637151851911,0,0,3615007681,3615007681,00001111,00001110
1775637152076881,0,0,4289559832,4289559832,00001111,00001111
1775637159093900,0,0,4185156216,4185156216,00001111,00001111
1775637160503829,0,0,4005866674,4005866674,00001111,00001111
1775637161965886,0,0,3225280117,3225280117,00001111,00001111
1775637171731883,0,0,3615007681,3615007681,00001111,00001110
1775637177186942,0,0,4289559832,4289559832,00001111,00001111
1775637180627745,0,0,4276979903,4276979903,00001111,00001111
1775637183217977,0,0,3819989117,3819989117,00001111,00001111
1775637184485875,0,0,4185156216,4185156216,00001111,00001111
1775637185746096,0,0,4005866674,4005866674,00001111,00001111
1775637187213903,0,0,3225280117,3225280117,00001111,00001111
1775637389342681,0,0,3874885049,3874885049,00001111,00001111
1775637480509470,0,0,3651200005,3651200005,00001111,00001111
1775637483911554,0,0,4013056282,4013056282,00001111,00001111
1775637489315572,0,0,4077849765,4077849765,00001111,00001110
1775637500633563,0,0,4013056282,4013056282,00001111,00001111
1775637505355680,0,0,3939462507,3939462507,00001111,00001111
1775637505721597,0,0,3651200005,3651200005,00001111,00001111
1775637513847570,0,0,4193112871,4193112871,00001111,00001111
1775637514517012,0,0,4077849765,4077849765,00001111,00001110
1775637520632518,0,0,4013056282,4013056282,00001111,00001111
1775637522495575,0,0,3563976076,3563976076,00001111,00001110
1775637742513127,0,0,4100245613,4100245613,00001111,00001110
1775637767555147,0,0,4100245613,4100245613,00001111,00001110
1775637804876367,0,0,3424303053,3424303053,00001111,00001111
1775637810146291,0,0,3977404696,3977404696,00001111,00001111
1775637811684337,0,0,3425883930,3425883930,00001111,00001110
1775637829908365,0,0,3977404696,3977404696,00001111,00001111
1775637830157262,0,0,3296452197,3296452197,00001111,00001110
1775637837514397,0,0,3231552414,3231552414,00001111,00001111
1775637841990395,0,0,3425883930,3425883930,00001111,00001110
1775637849921351,0,0,3977404696,3977404696,00001111,00001111
1775637850156889,0,0,3296452197,3296452197,00001111,00001110
1775637852470382,0,0,3424303053,3424303053,00001111,00001111
1775638030118646,0,0,3254074271,3254074271,00001111,00001110
1775638049982598,0,0,3254074271,3254074271,00001111,00001110
1775638085177591,0,0,4100835538,4100835538,00001111,00001110
1775638111487615,0,0,4100835538,4100835538,00001111,00001110
1775638133379239,0,0,4030667953,4030667953,00001111,00001111
1775638138858253,0,0,3413807358,3413807358,00001111,00001111
1775638149901320,0,0,3413807358,3413807358,00001111,00001111
1775638150247260,0,0,4247150123,4247150123,00001111,00001110
1775638158761258,0,0,3243119193,3243119193,00001111,00001110
1775638168591242,0,0,3413807358,3413807358,00001111,00001111
1775638169413341,0,0,3703427842,3703427842,00001111,00001111
1775638175239304,0,0,4247150123,4247150123,00001111,00001110
1775638403043939,0,0,4101097715,4101097715,00001111,00001110
1775638422905772,0,0,4101097715,4101097715,00001111,00001110
1775638423133901,0,0,4112380860,4112380860,00001111,00001111
1775638462110467,0,0,4001522441,4001522441,00001111,00001111
1775638467512495,0,0,3714261928,3714261928,00001111,00001111
1775638482480402,0,0,3540690885,3540690885,00001111,00001110
1775638484862414,0,0,3928750514,3928750514,00001111,00001110
1775638486565628,0,0,3971008818,3971008818,00001111,00001111
1775638487274325,0,0,3714261928,3714261928,00001111,00001111
1775638487308354,0,0,4001522441,4001522441,00001111,00001111
1775638497270346,0,0,3928750514,3928750514,00001111,00001110
1775638507194277,0,0,4208601083,4208601083,00001111,00001111
1775638507420939,0,0,3714261928,3714261928,00001111,00001111
1775638507692989,0,0,3540690885,3540690885,00001111,00001110
1775638705501657,0,0,3255843727,3255843727,00001111,00001110
1775638753588752,0,0,4113888134,4113888134,00001111,00001111
1775638761122747,0,0,4101425238,4101425238,00001111,00001110
1775638761332870,0,0,3480829504,3480829504,00001111,00001110
1775638771924678,0,0,4101425238,4101425238,00001111,00001110
1775638791099317,0,0,4141263018,4141263018,00001111,00001111
1775638797985234,0,0,4197602860,4197602860,00001111,00001110
1775638805533245,0,0,3998946267,3998946267,00001111,00001111
1775638820821323,0,0,3735981727,3735981727,00001111,00001111
1775638820823168,0,0,3879380247,3879380247,00001111,00001111
1775638823001248,0,0,4197602860,4197602860,00001111,00001110
1775638830607262,0,0,3998946267,3998946267,00001111,00001111
1775638835169229,0,0,3515089039,3515089039,00001111,00001111
1775638839163135,0,0,3404256877,3404256877,00001111,00001111
1775639064812408,0,0,4114150320,4114150320,00001111,00001111
1775639089978429,0,0,4114150320,4114150320,00001111,00001111
1775639131421485,0,0,3776569719,3776569719,00001111,00001110
1775639139771406,0,0,3437726994,3437726994,00001111,00001110
1775639156413403,0,0,3776569719,3776569719,00001111,00001110
1775639160955412,0,0,3232998044,3232998044,00001111,00001111
1775639164816326,0,0,3437726994,3437726994,00001111,00001110
1775639345152950,0,0,3560782730,3560782730,00001111,00001110
1775639365014884,0,0,3560782730,3560782730,00001111,00001110
1775639412256088,0,0,4114543390,4114543390,00001111,00001111
1775639459721008,0,0,4099646946,4099646946,00001111,00001110
1775639460559079,0,0,3768608060,3768608060,00001111,00001111
1775639483851034,0,0,3851081659,3851081659,00001111,00001110
1775639484713030,0,0,4099646946,4099646946,00001111,00001110
1775639497685913,0,0,3958072682,3958072682,00001111,00001111
1775639744788941,0,0,4114871043,4114871043,00001111,00001111
1775639788053340,0,0,3341097105,3341097105,00001111,00001110
1775639788543340,0,0,4233151293,4233151293,00001111,00001111
1775639790013342,0,0,4139622122,4139622122,00001111,00001111
1775639792603327,0,0,4072866860,4072866860,00001111,00001110
1775639812501371,0,0,4072866860,4072866860,00001111,00001110
1775639813063443,0,0,3341097105,3341097105,00001111,00001110
1775639813813381,0,0,4233151293,4233151293,00001111,00001111
1775639815225368,0,0,4139622122,4139622122,00001111,00001111
1775640047722178,0,0,4115198744,4115198744,00001111,00001111
1775640072871950,0,0,4115198744,4115198744,00001111,00001111
1775640111425732,0,0,4265817320,4265817320,00001111,00001110
1775640125169690,0,0,3924274551,3924274551,00001111,00001110
1775640136455766,0,0,4265817320,4265817320,00001111,00001110
1775640150161707,0,0,3924274551,3924274551,00001111,00001110
1775640445337550,0,0,3809331509,3809331509,00001111,00001110
1775640460128264,0,0,3555043661,3555043661,00001111,00001110
1775640468655422,0,0,3714256263,3714256263,00001111,00001111
1775640470369351,0,0,3809331509,3809331509,00001111,00001110
1775640473031353,0,0,4006439279,4006439279,00001111,00001111
1775640479983333,0,0,3555043661,3555043661,00001111,00001110
1775640635759445,0,0,3714228205,3714228205,00001111,00001110
1775640645192490,0,0,3905138829,3905138829,00001111,00001110
1775640670056308,0,0,3905138829,3905138829,00001111,00001110
1775640774923638,0,0,3559993538,3559993538,00001111,00001110
1775640788796583,0,0,3504551673,3504551673,00001111,00001110
1775640799921541,0,0,3559993538,3559993538,00001111,00001110
1775640980356092,0,0,3257416608,3257416608,00001111,00001110
1775640998681926,0,0,3257416608,3257416608,00001111,00001110
1775641061724370,0,0,3260458374,3260458374,00001111,00001111
1775641093204775,0,0,4234661181,4234661181,00001111,00001111
1775641097468778,0,0,3253888735,3253888735,00001111,00001110
1775641097692867,0,0,3733009143,3733009143,00001111,00001110
1775641105312841,0,0,3831995826,3831995826,00001111,00001110
1775641118436794,0,0,4234661181,4234661181,00001111,00001111
1775641122490724,0,0,3253888735,3253888735,00001111,00001110
1775641123980711,0,0,3733009143,3733009143,00001111,00001110
1775641130284653,0,0,3831995826,3831995826,00001111,00001110
1775641132326670,0,0,4041818417,4041818417,00001111,00001111
1775641135101583,0,0,3733009143,3733009143,00001111,00001110
1775641288662870,0,0,3717898217,3717898217,00001111,00001110
1775641302903813,0,0,3257940880,3257940880,00001111,00001110
1775641306525814,0,0,3718422363,3718422363,00001111,00001110
1775641327933844,0,0,3257940880,3257940880,00001111,00001110
1775641329800730,0,0,3908284574,3908284574,00001111,00001110
1775641381689888,0,0,3260785928,3260785928,00001111,00001111
1775641390215830,0,0,4116116264,4116116264,00001111,00001111
1775641426139901,0,0,3471096295,3471096295,00001111,00001110
1775641433486799,0,0,3296561554,3296561554,00001111,00001110
1775641446300829,0,0,3471096295,3471096295,00001111,00001110
1775641456341060,0,0,3738347328,3738347328,00001111,00001110
1775641458084818,0,0,3296561554,3296561554,00001111,00001110
1775641464494723,0,0,4123780212,4123780212,00001111,00001111
1775641466063551,0,0,3471096295,3471096295,00001111,00001110
1775641694672884,0,0,4116706066,4116706066,00001111,00001111
1775641710518783,0,0,3281509475,3281509475,00001111,00001110
1775641710804755,0,0,3261048245,3261048245,00001111,00001111
1775641719938748,0,0,4116706066,4116706066,00001111,00001111
1775641730560837,0,0,3281509475,3281509475,00001111,00001110
1775641759917229,0,0,3782811895,3782811895,00001111,00001110
1775641778639087,0,0,3450364748,3450364748,00001111,00001111
1775641784921106,0,0,3782811895,3782811895,00001111,00001110
1775642039572108,0,0,3261375785,3261375785,00001111,00001111
1775642040154161,0,0,3465183766,3465183766,00001111,00001111
1775642049121849,0,0,4117033739,4117033739,00001111,00001111
1775642087883081,0,0,4009811758,4009811758,00001111,00001111
1775642088485066,0,0,3861640344,3861640344,00001111,00001110
1775642095267029,0,0,3698834890,3698834890,00001111,00001110
1775642103961054,0,0,3861640344,3861640344,00001111,00001110
1775642113050945,0,0,4009811758,4009811758,00001111,00001111
1775642120272982,0,0,3698834890,3698834890,00001111,00001110
1775642123218908,0,0,4273397311,4273397311,00001111,00001111
1775642352707845,0,0,3466035749,3466035749,00001111,00001111
1775642368069054,0,0,4287716610,4287716610,00001111,00001111
1775642377894218,0,0,3466035749,3466035749,00001111,00001111
1775642378100167,0,0,4101687495,4101687495,00001111,00001110
1775642387780378,0,0,4117296022,4117296022,00001111,00001111
1775642390958415,0,0,3466035749,3466035749,00001111,00001111
1775642450917928,0,0,4211816483,4211816483,00001111,00001110
1775642709108685,0,0,3466298036,3466298036,00001111,00001111
1775642735866997,0,0,4249226940,4249226940,00001111,00001111
1775642742921034,0,0,3579016259,3579016259,00001111,00001110
1775642753642118,0,0,4232337529,4232337529,00001111,00001110
1775642767929218,0,0,3579016259,3579016259,00001111,00001110
1775642771679269,0,0,4249226940,4249226940,00001111,00001111
1775642963741379,0,0,3317644072,3317644072,00001111,00001110
1775642972358398,0,0,3221359927,3221359927,00001111,00001111
1775642982409507,0,0,3317644072,3317644072,00001111,00001110
1775643045602564,0,0,3283868752,3283868752,00001111,00001110
1775643062928326,0,0,3639330755,3639330755,00001111,00001111
1775643064470368,0,0,4263361023,4263361023,00001111,00001111
1775643075578296,0,0,3682116557,3682116557,00001111,00001110
1775643088020403,0,0,3639330755,3639330755,00001111,00001111
1775643089704453,0,0,4263361023,4263361023,00001111,00001111
1775643100586449,0,0,3682116557,3682116557,00001111,00001110
1775643113220564,0,0,3639330755,3639330755,00001111,00001111
1775643263454760,0,0,3221360042,3221360042,00001111,00001111
1775643288576826,0,0,3221360042,3221360042,00001111,00001111
1775643391346039,0,0,3552860360,3552860360,00001111,00001111
1775643397505915,0,0,3510615504,3510615504,00001111,00001111
1775643406854003,0,0,3346663057,3346663057,00001111,00001110
1775643422876122,0,0,3510615504,3510615504,00001111,00001111
1775643425820011,0,0,3872434680,3872434680,00001111,00001111
1775643431876047,0,0,3346663057,3346663057,00001111,00001110
1775643617247322,0,0,3317709749,3317709749,00001111,00001110
1775643627860303,0,0,3317709749,3317709749,00001111,00001110
1775643662279935,0,0,3484696145,3484696145,00001111,00001110
1775643682146019,0,0,3484696145,3484696145,00001111,00001110
1775643728327313,0,0,3688211397,3688211397,00001111,00001111
1775643735132185,0,0,3909298225,3909298225,00001111,00001110
1775643755427248,0,0,4095131618,4095131618,00001111,00001110
1775643756402314,0,0,3688211397,3688211397,00001111,00001111
1775643756926326,0,0,3595880528,3595880528,00001111,00001110
1775643766993330,0,0,3688211397,3688211397,00001111,00001111
1775643951081328,0,0,4120948507,4120948507,00001111,00001111
1775644020849310,0,0,3486924523,3486924523,00001111,00001110
1775644055170707,0,0,3798204464,3798204464,00001111,00001110
1775644056072608,0,0,3343137489,3343137489,00001111,00001110
1775644063313282,0,0,4030007473,4030007473,00001111,00001111
1775644075036597,0,0,3798204464,3798204464,00001111,00001110
1775644081100677,0,0,3343137489,3343137489,00001111,00001110
1775644088684866,0,0,4030007473,4030007473,00001111,00001111
1775644089318635,0,0,3798204464,3798204464,00001111,00001110
1775644275372022,0,0,3318233866,3318233866,00001111,00001110
1775644283318951,0,0,3221818625,3221818625,00001111,00001111
1775644384021699,0,0,4150195685,4150195685,00001111,00001110
1775644386563619,0,0,3926434812,3926434812,00001111,00001110
1775644391527570,0,0,3898639273,3898639273,00001111,00001111
1775644394089578,0,0,4000045817,4000045817,00001111,00001111
1775644403919465,0,0,4150195685,4150195685,00001111,00001110
1775644411588347,0,0,3926434812,3926434812,00001111,00001110
1775644423964128,0,0,4150195685,4150195685,00001111,00001110
1775644423966077,0,0,3926434812,3926434812,00001111,00001110
1775644647626349,0,0,3606177585,3606177585,00001111,00001111
1775644672890087,0,0,3606177585,3606177585,00001111,00001111
1775644678149798,0,0,3487252047,3487252047,00001111,00001110
1775644707451064,0,0,4049122288,4049122288,00001111,00001111
1775644712729009,0,0,4218142569,4218142569,00001111,00001110
1775644718006881,0,0,4049122288,4049122288,00001111,00001111
1775644732768858,0,0,4218142569,4218142569,00001111,00001110
1775644743278748,0,0,4049122288,4049122288,00001111,00001111
1775644972077110,0,0,3609782026,3609782026,00001111,00001111
1775644997418922,0,0,3609782026,3609782026,00001111,00001111
1775645037506083,0,0,3561146133,3561146133,00001111,00001111
1775645061471916,0,0,3566877898,3566877898,00001111,00001111
1775645062677922,0,0,3561146133,3561146133,00001111,00001111
1775645075167875,0,0,3561146133,3561146133,00001111,00001111
1775645082087824,0,0,3727349961,3727349961,00001111,00001111
1775645282587099,0,0,3318692637,3318692637,00001111,00001110
1775645340217750,0,0,3487776370,3487776370,00001111,00001110
1775645367640274,0,0,3449659346,3449659346,00001111,00001111
1775645390874244,0,0,3377515742,3377515742,00001111,00001111
1775645394068316,0,0,3650520455,3650520455,00001111,00001111
1775645410618256,0,0,3377515742,3377515742,00001111,00001111
1775645565919707,0,0,3222932918,3222932918,00001111,00001111
1775645591047594,0,0,3222932918,3222932918,00001111,00001111
1775645655912261,0,0,3610568492,3610568492,00001111,00001111
1775645705642856,0,0,3228379350,3228379350,00001111,00001110
1775645710188855,0,0,3479621390,3479621390,00001111,00001111
1775645711130811,0,0,4106772655,4106772655,00001111,00001111
1775645727190848,0,0,3941843829,3941843829,00001111,00001111
1775645730636805,0,0,3228379350,3228379350,00001111,00001110
1775645736286822,0,0,4106772655,4106772655,00001111,00001111
1775645738002793,0,0,3569387914,3569387914,00001111,00001111
1775645901870306,0,0,3223260569,3223260569,00001111,00001111
1775645927202115,0,0,3223260569,3223260569,00001111,00001111
1775646026352367,0,0,4227981693,4227981693,00001111,00001111
1775646051754239,0,0,4227981693,4227981693,00001111,00001111
1775646265100836,0,0,3319348138,3319348138,00001111,00001110
1775646306701907,0,0,3639110134,3639110134,00001111,00001111
1775646317912258,0,0,3610568636,3610568636,00001111,00001111
1775646324809349,0,0,3488366174,3488366174,00001111,00001110
1775646325946342,0,0,3270544774,3270544774,00001111,00001110
1775646388231783,0,0,4040842286,4040842286,00001111,00001111
1775646616397998,0,0,3639437774,3639437774,00001111,00001111
1775646622935064,0,0,3611158453,3611158453,00001111,00001111
1775646635810145,0,0,3560133141,3560133141,00001111,00001110
1775646641480303,0,0,3639437774,3639437774,00001111,00001111
1775646648123348,0,0,3611158453,3611158453,00001111,00001111
1775646650604356,0,0,3560133141,3560133141,00001111,00001110
1775646681521133,0,0,3253495962,3253495962,00001111,00001111
1775646685579132,0,0,3962506426,3962506426,00001111,00001110
1775646710603465,0,0,3962506426,3962506426,00001111,00001110
1775646711725912,0,0,4002507376,4002507376,00001111,00001111
1775646724969620,0,0,3962506426,3962506426,00001111,00001110
1775646966391603,0,0,4104898634,4104898634,00001111,00001110
1775646992621706,0,0,4104898634,4104898634,00001111,00001110
1775647056646409,0,0,3694938634,3694938634,00001111,00001110
1775647236461656,0,0,3722682326,3722682326,00001111,00001110
1775647282924472,0,0,4108896504,4108896504,00001111,00001110
1775647298126484,0,0,4108896504,4108896504,00001111,00001110
1775647338083943,0,0,3672158465,3672158465,00001111,00001111
1775647350090048,0,0,3932462012,3932462012,00001111,00001110
1775647375108179,0,0,3932462012,3932462012,00001111,00001110
1775647379894193,0,0,3907975695,3907975695,00001111,00001111
1775647546860428,0,0,3723075549,3723075549,00001111,00001110
1775647562369645,0,0,3551571970,3551571970,00001111,00001110
1775647582553606,0,0,3551571970,3551571970,00001111,00001110
1775647678267435,0,0,3817452676,3817452676,00001111,00001111
1775647685731431,0,0,4233748842,4233748842,00001111,00001110
1775647703493436,0,0,3817452676,3817452676,00001111,00001111
1775647710757472,0,0,4233748842,4233748842,00001111,00001110
1775647880938694,0,0,3723337581,3723337581,00001111,00001110
1775647891424748,0,0,3269636135,3269636135,00001111,00001110
1775647900886718,0,0,3723337581,3723337581,00001111,00001110
1775647996906203,0,0,4072297301,4072297301,00001111,00001111
1775648005850271,0,0,3679094669,3679094669,00001111,00001110
1775648010538469,0,0,3827636424,3827636424,00001111,00001111
1775648022160248,0,0,4072297301,4072297301,00001111,00001111
1775648030860322,0,0,3679094669,3679094669,00001111,00001110
1775648199189845,0,0,3723599734,3723599734,00001111,00001110
1775648214234270,0,0,3269832736,3269832736,00001111,00001110
1775648224067276,0,0,3723599734,3723599734,00001111,00001110
1775648324076376,0,0,3353591904,3353591904,00001111,00001111
1775648349338324,0,0,3353591904,3353591904,00001111,00001111
1775648558689440,0,0,3723861976,3723861976,00001111,00001110
1775648657201357,0,0,4132257667,4132257667,00001111,00001111
1775648671483277,0,0,4275184537,4275184537,00001111,00001111
1775648676185223,0,0,4184069423,4184069423,00001111,00001110
1775648696775158,0,0,4275184537,4275184537,00001111,00001111
1775648701197267,0,0,4184069423,4184069423,00001111,00001110
1775648994046409,0,0,3399863405,3399863405,00001111,00001111
1775648998948290,0,0,3812560053,3812560053,00001111,00001110
1775649019274304,0,0,3399863405,3399863405,00001111,00001111
1775649023964357,0,0,3812560053,3812560053,00001111,00001110
1775649315696902,0,0,4040336023,4040336023,00001111,00001111
1775649322138925,0,0,4112502051,4112502051,00001111,00001110
1775649340920996,0,0,4040336023,4040336023,00001111,00001111
1775649347164899,0,0,4112502051,4112502051,00001111,00001110
1775649608996114,0,0,3542812641,3542812641,00001111,00001111
1775649639491055,0,0,3989914954,3989914954,00001111,00001111
1775649664631036,0,0,3989914954,3989914954,00001111,00001111
1775649670311016,0,0,3524557380,3524557380,00001111,00001110
1775649984026334,0,0,4107875731,4107875731,00001111,00001111
1775649989762337,0,0,3293646994,3293646994,00001111,00001110
1775649992426298,0,0,3779199854,3779199854,00001111,00001110
1775650009270287,0,0,4107875731,4107875731,00001111,00001111
1775650014754369,0,0,3293646994,3293646994,00001111,00001110
1775650306452004,0,0,3546156677,3546156677,00001111,00001110
1775650585224309,0,0,3906430366,3906430366,00001111,00001110
1775650636167420,0,0,3496410950,3496410950,00001111,00001110
1775650649783299,0,0,3496410950,3496410950,00001111,00001110
1775650964388857,0,0,3456349656,3456349656,00001111,00001110
1775650989392759,0,0,3456349656,3456349656,00001111,00001110
1775651232337717,0,0,3340569511,3340569511,00001111,00001111
1775651299751819,0,0,3462551064,3462551064,00001111,00001110
1775651324759621,0,0,3462551064,3462551064,00001111,00001110
1775651612076601,0,0,4247567356,4247567356,00001111,00001111
1775651637171395,0,0,4247567356,4247567356,00001111,00001111
1775651657228336,0,0,3644751754,3644751754,00001111,00001110
1775651848351584,0,0,3655538393,3655538393,00001111,00001111
1775651980235162,0,0,3564300117,3564300117,00001111,00001111
1775651981361229,0,0,4201507180,4201507180,00001111,00001110
1775652273474813,0,0,4131077612,4131077612,00001111,00001111
1775652313912732,0,0,3772945787,3772945787,00001111,00001111
1775652608540561,0,0,4013078521,4013078521,00001111,00001110
1775652633546572,0,0,4013078521,4013078521,00001111,00001110
1775652926099647,0,0,3359628553,3359628553,00001111,00001111
1775652951447692,0,0,3359628553,3359628553,00001111,00001111
1775653202646618,0,0,3379737297,3379737297,00001111,00001111
1775653220680576,0,0,3379999317,3379999317,00001111,00001111
1775653254625421,0,0,3494029265,3494029265,00001111,00001111
1775653267829439,0,0,3877944305,3877944305,00001111,00001110
1775653279876304,0,0,3494029265,3494029265,00001111,00001111
1775653292843386,0,0,3877944305,3877944305,00001111,00001110
1775653590443519,0,0,3644987023,3644987023,00001111,00001110
1775653615445533,0,0,3644987023,3644987023,00001111,00001110
1775653616675565,0,0,3643082904,3643082904,00001111,00001111
1775653628701484,0,0,3644987023,3644987023,00001111,00001110
1775653851863816,0,0,4127847185,4127847185,00001111,00001111
1775653876959821,0,0,4127847185,4127847185,00001111,00001111
1775653911985150,0,0,4266284607,4266284607,00001111,00001111
1775653919207165,0,0,3813121461,3813121461,00001111,00001110
1775653944211086,0,0,3813121461,3813121461,00001111,00001110
1775653953143158,0,0,3722234396,3722234396,00001111,00001111
1775654212840198,0,0,4128174852,4128174852,00001111,00001111
1775654243077223,0,0,3660892955,3660892955,00001111,00001111
1775654248857101,0,0,4147808161,4147808161,00001111,00001110
1775654257010062,0,0,3221275748,3221275748,00001111,00001110
1775654268319092,0,0,3660892955,3660892955,00001111,00001111
1775654273863161,0,0,4147808161,4147808161,00001111,00001110
1775654274185034,0,0,3317095940,3317095940,00001111,00001111
1775654531392516,0,0,4128437142,4128437142,00001111,00001111
1775654572353204,0,0,4127706423,4127706423,00001111,00001111
1775654577175099,0,0,3742892681,3742892681,00001111,00001110
1775654597597095,0,0,4127706423,4127706423,00001111,00001111
1775654602201115,0,0,3742892681,3742892681,00001111,00001110
1775654898800600,0,0,4179078648,4179078648,00001111,00001111
1775654909288718,0,0,3380157521,3380157521,00001111,00001110
1775654914413834,0,0,3275342077,3275342077,00001111,00001110
1775654924166927,0,0,4179078648,4179078648,00001111,00001111
1775654947877270,0,0,3502653393,3502653393,00001111,00001111
1775655186915446,0,0,3329437651,3329437651,00001111,00001110
1775655255820713,0,0,3734809311,3734809311,00001111,00001111
1775655473221912,0,0,4289560883,4289560883,00001111,00001110
1775655528041486,0,0,3331796985,3331796985,00001111,00001110
1775655556723088,0,0,4095340917,4095340917,00001111,00001111
1775655567989078,0,0,4016025081,4016025081,00001111,00001110
1775655581021151,0,0,3373962447,3373962447,00001111,00001110
1775655581935149,0,0,4095340917,4095340917,00001111,00001111
1775655585591177,0,0,3382660360,3382660360,00001111,00001111
1775655591948193,0,0,3523982996,3523982996,00001111,00001110
1775655593001258,0,0,4016025081,4016025081,00001111,00001110
1775655769907909,0,0,4012415056,4012415056,00001111,00001110
1775655827498584,0,0,4175431513,4175431513,00001111,00001111
1775655846326636,0,0,3332124661,3332124661,00001111,00001110
1775655866212710,0,0,3332124661,3332124661,00001111,00001110
1775655895164869,0,0,3545593925,3545593925,00001111,00001110
1775655900641851,0,0,3426745866,3426745866,00001111,00001110
1775655900654884,0,0,4105193299,4105193299,00001111,00001111
1775655902280844,0,0,3223248641,3223248641,00001111,00001111
1775655910147861,0,0,3330458217,3330458217,00001111,00001110
1775655920302876,0,0,3545593925,3545593925,00001111,00001110
1775655920644881,0,0,3432779922,3432779922,00001111,00001111
1775655920869844,0,0,3330458217,3330458217,00001111,00001110
1775655925921923,0,0,4105193299,4105193299,00001111,00001111
1775655927278932,0,0,3223248641,3223248641,00001111,00001111
1775656106255479,0,0,3573037850,3573037850,00001111,00001110
1775656109772424,0,0,3687255468,3687255468,00001111,00001111
1775656110479452,0,0,3246370519,3246370519,00001111,00001110
1775656120353465,0,0,3573037850,3573037850,00001111,00001110
1775656167555802,0,0,4116302033,4116302033,00001111,00001110
1775656178305888,0,0,4129813272,4129813272,00001111,00001111
1775656184779835,0,0,4116302033,4116302033,00001111,00001110
1775656213796131,0,0,3392745675,3392745675,00001111,00001111
1775656221660251,0,0,3949180413,3949180413,00001111,00001110
1775656231437270,0,0,3454486882,3454486882,00001111,00001110
1775656238994119,0,0,3392745675,3392745675,00001111,00001111
1775656246680250,0,0,3949180413,3949180413,00001111,00001110
1775656250706065,0,0,3454486882,3454486882,00001111,00001110
1775656254494196,0,0,4287614014,4287614014,00001111,00001111
1775656430683174,0,0,3230207375,3230207375,00001111,00001111
1775656442736160,0,0,3523981025,3523981025,00001111,00001110
1775656445147162,0,0,3428806854,3428806854,00001111,00001111
1775656455759141,0,0,3230207375,3230207375,00001111,00001111
1775656489434660,0,0,4116760794,4116760794,00001111,00001110
1775656500564112,0,0,4116760794,4116760794,00001111,00001110
1775656512358170,0,0,4130075520,4130075520,00001111,00001111
1775656512840258,0,0,4116760794,4116760794,00001111,00001110
1775656540663207,0,0,3308711748,3308711748,00001111,00001111
1775656553411156,0,0,4109436379,4109436379,00001111,00001110
1775656556805280,0,0,3665298060,3665298060,00001111,00001110
1775656565715345,0,0,3308711748,3308711748,00001111,00001111
1775656574475262,0,0,3736226816,3736226816,00001111,00001111
1775656578404210,0,0,4109436379,4109436379,00001111,00001110
1775656581835319,0,0,3665298060,3665298060,00001111,00001110
1775656591105371,0,0,3308711748,3308711748,00001111,00001111
1775656753576142,0,0,3524046423,3524046423,00001111,00001110
1775656776132603,0,0,3687648559,3687648559,00001111,00001111
1775656778619554,0,0,3524046423,3524046423,00001111,00001110
1775656812367992,0,0,4117022837,4117022837,00001111,00001110
1775656833013544,0,0,4130403074,4130403074,00001111,00001111
1775656837396973,0,0,4117022837,4117022837,00001111,00001110
1775656839989394,0,0,4130403074,4130403074,00001111,00001111
1775656868706632,0,0,3333660841,3333660841,00001111,00001110
1775656878878465,0,0,3242507223,3242507223,00001111,00001110
1775656893662230,0,0,3333660841,3333660841,00001111,00001110
1775656894154251,0,0,3307250628,3307250628,00001111,00001111
1775656896610104,0,0,3242507223,3242507223,00001111,00001110
1775656897234152,0,0,3448372051,3448372051,00001111,00001111
1775656905635960,0,0,3870083623,3870083623,00001111,00001111
1775656912154867,0,0,3448372051,3448372051,00001111,00001111
1775656919017733,0,0,3333660841,3333660841,00001111,00001110
1775656919445727,0,0,3307250628,3307250628,00001111,00001111
1775657072130069,0,0,3687714055,3687714055,00001111,00001111
1775657097271743,0,0,3687714055,3687714055,00001111,00001111
1775657108877565,0,0,3724123984,3724123984,00001111,00001110
1775657161025852,0,0,4117284949,4117284949,00001111,00001110
1775657200513548,0,0,3894420201,3894420201,00001111,00001111
1775657225759349,0,0,3894420201,3894420201,00001111,00001111
1775657235767222,0,0,4157560361,4157560361,00001111,00001111
1775657241869245,0,0,3856567972,3856567972,00001111,00001111
1775657487525977,0,0,4117547087,4117547087,00001111,00001110
1775657493125736,0,0,4130599870,4130599870,00001111,00001111
1775657509647673,0,0,4117547087,4117547087,00001111,00001110
1775657529052243,0,0,3965244205,3965244205,00001111,00001111
1775657554494138,0,0,3965244205,3965244205,00001111,00001111
1775657561640100,0,0,3252769024,3252769024,00001111,00001111
1775657562702078,0,0,3861859376,3861859376,00001111,00001110
1775657574244995,0,0,4286017337,4286017337,00001111,00001110
1775657574557888,0,0,4109359187,4109359187,00001111,00001111
1775657735554782,0,0,3730480993,3730480993,00001111,00001110
1775657750767752,0,0,3919425680,3919425680,00001111,00001110
1775657761081757,0,0,3687910673,3687910673,00001111,00001111
1775657775801648,0,0,3919425680,3919425680,00001111,00001110
1775657809099334,0,0,4117743851,4117743851,00001111,00001110
1775657828997259,0,0,4117743851,4117743851,00001111,00001110
1775657888047815,0,0,3232489246,3232489246,00001111,00001111
1775658078041661,0,0,3688238523,3688238523,00001111,00001111
1775658103205510,0,0,3688238523,3688238523,00001111,00001111
1775658186481342,0,0,3934876941,3934876941,00001111,00001111
1775658211243377,0,0,3672614852,3672614852,00001111,00001111
1775658211891377,0,0,3934876941,3934876941,00001111,00001111
1775658402981686,0,0,3688435107,3688435107,00001111,00001111
1775658428293583,0,0,3688435107,3688435107,00001111,00001111
1775658456455571,0,0,4118005961,4118005961,00001111,00001110
1775658481477590,0,0,4118005961,4118005961,00001111,00001110
1775658526646734,0,0,3674560525,3674560525,00001111,00001110
1775658550712666,0,0,3674560525,3674560525,00001111,00001110
1775658737049227,0,0,3688631710,3688631710,00001111,00001111
1775658762235171,0,0,3688631710,3688631710,00001111,00001111
1775658815251984,0,0,4118464758,4118464758,00001111,00001110
1775658844236264,0,0,3408310218,3408310218,00001111,00001111
1775658845022238,0,0,4238772955,4238772955,00001111,00001111
1775658860052196,0,0,3309863827,3309863827,00001111,00001110
1775658869552226,0,0,3408310218,3408310218,00001111,00001111
1775658870102172,0,0,4238772955,4238772955,00001111,00001111
1775658874209189,0,0,3317089563,3317089563,00001111,00001111
1775658879470204,0,0,3309863827,3309863827,00001111,00001110
1775658884700177,0,0,3317089563,3317089563,00001111,00001111
1775659048763568,0,0,3688828318,3688828318,00001111,00001111
1775659073909511,0,0,3688828318,3688828318,00001111,00001111
1775659178227893,0,0,3675995721,3675995721,00001111,00001110
1775659198117871,0,0,3675995721,3675995721,00001111,00001110
1775659209908895,0,0,3349447065,3349447065,00001111,00001111
1775659220370785,0,0,3349447065,3349447065,00001111,00001111
1775659398269463,0,0,3246067109,3246067109,00001111,00001111
1775659436959934,0,0,3551070078,3551070078,00001111,00001111
1775659454327871,0,0,3551070078,3551070078,00001111,00001111
1775659471609778,0,0,3551070078,3551070078,00001111,00001111
1775659513638214,0,0,3479682521,3479682521,00001111,00001110
1775659515900102,0,0,4097325158,4097325158,00001111,00001110
1775659536922148,0,0,4097325158,4097325158,00001111,00001110
1775659538648092,0,0,3479682521,3479682521,00001111,00001110
1775659548308095,0,0,4097325158,4097325158,00001111,00001110
1775659774454156,0,0,3440361357,3440361357,00001111,00001110
1775659795274132,0,0,4118726762,4118726762,00001111,00001110
1775659841608099,0,0,4195544552,4195544552,00001111,00001110
1775659850866046,0,0,4005781769,4005781769,00001111,00001111
1775659855636049,0,0,4195544552,4195544552,00001111,00001110
1775659861434076,0,0,3755375748,3755375748,00001111,00001111
1775659867516082,0,0,4195544552,4195544552,00001111,00001110
1775659870552036,0,0,3566700426,3566700426,00001111,00001111
1775659871264030,0,0,3523829828,3523829828,00001111,00001110
1775659876090076,0,0,4005781769,4005781769,00001111,00001111
1775659879348064,0,0,4195544552,4195544552,00001111,00001110
1775660065385607,0,0,3730677628,3730677628,00001111,00001110
1775660158949209,0,0,3963030701,3963030701,00001111,00001111
1775660159851205,0,0,3987057802,3987057802,00001111,00001111
1775660174405148,0,0,3494654018,3494654018,00001111,00001110
1775660184161125,0,0,3963030701,3963030701,00001111,00001111
1775660184923019,0,0,3987057802,3987057802,00001111,00001111
1775660194348873,0,0,3494654018,3494654018,00001111,00001110
1775660199593197,0,0,4012994681,4012994681,00001111,00001110
1775660513623080,0,0,3825981026,3825981026,00001111,00001110
1775660777615542,0,0,4119513194,4119513194,00001111,00001110
1775660797477748,0,0,4119513194,4119513194,00001111,00001110
1775660826913783,0,0,4196355116,4196355116,00001111,00001110
1775660827235738,0,0,4282218622,4282218622,00001111,00001111
1775660829395786,0,0,4258053778,4258053778,00001111,00001110
1775660841894983,0,0,4258053778,4258053778,00001111,00001110
1775660851924107,0,0,4196355116,4196355116,00001111,00001110
1775660852522105,0,0,4282218622,4282218622,00001111,00001111
1775660862070230,0,0,4258053778,4258053778,00001111,00001110
1775660863068300,0,0,4282218622,4282218622,00001111,00001111
1775661047811757,0,0,3232697737,3232697737,00001111,00001111
1775661051955703,0,0,3388941464,3388941464,00001111,00001110
1775661086398925,0,0,4120234238,4120234238,00001111,00001110
1775661098140866,0,0,4189672322,4189672322,00001111,00001111
1775661107678031,0,0,3275400492,3275400492,00001111,00001111
1775661109605997,0,0,3651430739,3651430739,00001111,00001111
1775661111415046,0,0,4120234238,4120234238,00001111,00001110
1775661123033120,0,0,4189672322,4189672322,00001111,00001111
1775661146336679,0,0,3475394062,3475394062,00001111,00001111
1775661160866809,0,0,4217178285,4217178285,00001111,00001110
1775661161312781,0,0,4243991443,4243991443,00001111,00001110
1775661171648897,0,0,3475394062,3475394062,00001111,00001111
1775661176230863,0,0,3522973711,3522973711,00001111,00001111
1775661181114892,0,0,4243991443,4243991443,00001111,00001110
1775661419578529,0,0,4120561737,4120561737,00001111,00001110
1775661434820579,0,0,4120561737,4120561737,00001111,00001110
1775661507696892,0,0,3687286661,3687286661,00001111,00001111
1775661512991002,0,0,3546634245,3546634245,00001111,00001110
1775661516043009,0,0,3900685801,3900685801,00001111,00001111
1775661743582911,0,0,4120823877,4120823877,00001111,00001110
1775661763505014,0,0,4120823877,4120823877,00001111,00001110
1775661763794860,0,0,3277563276,3277563276,00001111,00001111
1775661802493718,0,0,3596921815,3596921815,00001111,00001111
1775661819401633,0,0,4212248877,4212248877,00001111,00001110
1775661827779710,0,0,3596921815,3596921815,00001111,00001111
1775661828141696,0,0,4226349413,4226349413,00001111,00001111
1775661834091677,0,0,3519945718,3519945718,00001111,00001111
1775661844435782,0,0,4212248877,4212248877,00001111,00001110
1775661844942748,0,0,4221642132,4221642132,00001111,00001110
1775662042057585,0,0,3883577032,3883577032,00001111,00001110
1775662072896341,0,0,3278087564,3278087564,00001111,00001111
1775662089970456,0,0,4121086057,4121086057,00001111,00001110
1775662098324896,0,0,3278087564,3278087564,00001111,00001111
1775662115014461,0,0,4121086057,4121086057,00001111,00001110
1775662132988998,0,0,3317384926,3317384926,00001111,00001111
1775662134515044,0,0,3491651089,3491651089,00001111,00001111
1775662138099060,0,0,3554662516,3554662516,00001111,00001111
1775662159747008,0,0,3491651089,3491651089,00001111,00001111
1775662163465033,0,0,3554662516,3554662516,00001111,00001111
1775662350803122,0,0,3577166639,3577166639,00001111,00001110
1775662365596140,0,0,3233942973,3233942973,00001111,00001111
1775662366851141,0,0,3577166639,3577166639,00001111,00001110
1775662401328203,0,0,4121348188,4121348188,00001111,00001110
1775662426334130,0,0,4121348188,4121348188,00001111,00001110
1775662441246239,0,0,4121348188,4121348188,00001111,00001110
1775662459399586,0,0,3851952190,3851952190,00001111,00001111
1775662463263597,0,0,3753546488,3753546488,00001111,00001111
1775662478629647,0,0,3581213507,3581213507,00001111,00001110
1775662484493585,0,0,3851952190,3851952190,00001111,00001111
1775662486295546,0,0,3727638424,3727638424,00001111,00001110
1775662488497656,0,0,3753546488,3753546488,00001111,00001111
1775662490676863,0,0,4138694248,4138694248,00001111,00001111
1775662495661626,0,0,3581213507,3581213507,00001111,00001110
1775662730195833,0,0,4121544951,4121544951,00001111,00001110
1775662750097978,0,0,4121544951,4121544951,00001111,00001110
1775662750379980,0,0,3278349606,3278349606,00001111,00001111
1775662756857922,0,0,4036123957,4036123957,00001111,00001111
1775662770230034,0,0,4121544951,4121544951,00001111,00001110
1775662789455350,0,0,3673679933,3673679933,00001111,00001111
1775662795669378,0,0,3692445386,3692445386,00001111,00001110
1775662804780401,0,0,3339879617,3339879617,00001111,00001110
1775662815981510,0,0,3315797659,3315797659,00001111,00001111
1775662820695503,0,0,3692445386,3692445386,00001111,00001110
1775662992748410,0,0,3234074002,3234074002,00001111,00001111
1775663008753264,0,0,3961010969,3961010969,00001111,00001110
1775663018094247,0,0,3234074002,3234074002,00001111,00001111
1775663038958012,0,0,3961010969,3961010969,00001111,00001110
1775663066920013,0,0,4121807071,4121807071,00001111,00001110
1775663078823916,0,0,4121807071,4121807071,00001111,00001110
1775663094275884,0,0,3278873881,3278873881,00001111,00001111
1775663123322917,0,0,4039626351,4039626351,00001111,00001110
1775663130875955,0,0,4097443490,4097443490,00001111,00001110
1775663143037908,0,0,4254619482,4254619482,00001111,00001111
1775663153151818,0,0,4097443490,4097443490,00001111,00001110
1775663329002887,0,0,3234532663,3234532663,00001111,00001111
1775663354264856,0,0,3234532663,3234532663,00001111,00001111
1775663390360376,0,0,4162640202,4162640202,00001111,00001111
1775663396782319,0,0,4104352885,4104352885,00001111,00001110
1775663407936331,0,0,3279136054,3279136054,00001111,00001111
1775663415562300,0,0,4162640202,4162640202,00001111,00001111
1775663421822231,0,0,4104352885,4104352885,00001111,00001110
1775663485134808,0,0,3313968859,3313968859,00001111,00001111
1775663658376689,0,0,3234729388,3234729388,00001111,00001111
1775663693996600,0,0,3234729388,3234729388,00001111,00001111
1775663716342276,0,0,4122134594,4122134594,00001111,00001110
1775663736228212,0,0,4122134594,4122134594,00001111,00001110
1775663756436928,0,0,4104615119,4104615119,00001111,00001110
1775663757548182,0,0,4122134594,4122134594,00001111,00001110
1775663804051926,0,0,3572690250,3572690250,00001111,00001111
1775663814789831,0,0,4056792214,4056792214,00001111,00001111
1775664053319722,0,0,3570628524,3570628524,00001111,00001111
1775664061177014,0,0,4122658894,4122658894,00001111,00001110
1775664070091691,0,0,3666241863,3666241863,00001111,00001111
1775664076209788,0,0,4122658894,4122658894,00001111,00001110
1775664085549619,0,0,3570628524,3570628524,00001111,00001111
1775664115736773,0,0,3526778372,3526778372,00001111,00001110
1775664139326715,0,0,3526778372,3526778372,00001111,00001110
1775664311080988,0,0,3959519955,3959519955,00001111,00001110
1775664376361238,0,0,4122921165,4122921165,00001111,00001110
1775664402684192,0,0,4122921165,4122921165,00001111,00001110
1775664679313411,0,0,3732643804,3732643804,00001111,00001110
1775664774281484,0,0,3355901790,3355901790,00001111,00001110
1775664799283431,0,0,3355901790,3355901790,00001111,00001110
1775665060554959,0,0,3235872495,3235872495,00001111,00001111
1775665108372800,0,0,3967765562,3967765562,00001111,00001110
1775665133374627,0,0,3967765562,3967765562,00001111,00001110
1775665431104420,0,0,3475314841,3475314841,00001111,00001110
1775665456112329,0,0,3475314841,3475314841,00001111,00001110
1775665751949311,0,0,3856485118,3856485118,00001111,00001111
1775665777053234,0,0,3856485118,3856485118,00001111,00001111
1775666354978949,0,0,3844007648,3844007648,00001111,00001111
1775666380206821,0,0,3844007648,3844007648,00001111,00001111
1775666415985457,0,0,3509793991,3509793991,00001111,00001110
1775666425067469,0,0,4003871797,4003871797,00001111,00001111
1775666440995539,0,0,3509793991,3509793991,00001111,00001110
1775666669398655,0,0,3844531932,3844531932,00001111,00001111
1775666694500640,0,0,3844531932,3844531932,00001111,00001111
1775666719596643,0,0,3844531932,3844531932,00001111,00001111
1775667001691109,0,0,3238297162,3238297162,00001111,00001111
1775667008127132,0,0,4280265430,4280265430,00001111,00001110
1775667016909286,0,0,3844794072,3844794072,00001111,00001111
1775667032659505,0,0,3238297162,3238297162,00001111,00001111
1775667043845625,0,0,4280265430,4280265430,00001111,00001110
1775667073813011,0,0,4266404584,4266404584,00001111,00001110
1775667098499298,0,0,4273942053,4273942053,00001111,00001111
1775667110841512,0,0,4266404584,4266404584,00001111,00001110
1775667363237113,0,0,4285442775,4285442775,00001111,00001110
1775667374367153,0,0,4285442775,4285442775,00001111,00001110
1775667742949821,0,0,3572420047,3572420047,00001111,00001111
1775668075950346,0,0,4251781291,4251781291,00001111,00001110
1775668091892397,0,0,3402996561,3402996561,00001111,00001111
1775668389653447,0,0,3692998602,3692998602,00001111,00001110
1775668414655398,0,0,3692998602,3692998602,00001111,00001110
1775668723736359,0,0,3917442175,3917442175,00001111,00001110
1775668741822380,0,0,3917442175,3917442175,00001111,00001110
1775668742160373,0,0,3971233847,3971233847,00001111,00001111
1775669046949587,0,0,3610540609,3610540609,00001111,00001110
1775669071953044,0,0,3610540609,3610540609,00001111,00001110
1775669712480290,0,0,3228495702,3228495702,00001111,00001110
1775669737484101,0,0,3228495702,3228495702,00001111,00001110
1775671028364551,0,0,3462848280,3462848280,00001111,00001110
1775671053448898,0,0,3462848280,3462848280,00001111,00001110
1775672004939789,0,0,4250881067,4250881067,00001111,00001110
1775672029941836,0,0,4250881067,4250881067,00001111,00001110
1775672337808357,0,0,3760172534,3760172534,00001111,00001110
1775672362814477,0,0,3760172534,3760172534,00001111,00001110
1775672663610772,0,0,3665215436,3665215436,00001111,00001110
1775672688614780,0,0,3665215436,3665215436,00001111,00001110
1775672927251996,0,0,3567242569,3567242569,00001111,00001110
1775672952685030,0,0,3567242569,3567242569,00001111,00001110
1775673255095422,0,0,3497070296,3497070296,00001111,00001110
1775673280097076,0,0,3497070296,3497070296,00001111,00001110
1775673290592929,0,0,3497070296,3497070296,00001111,00001110
1775673315316983,0,0,3792381172,3792381172,00001111,00001110
1775673334900739,0,0,3792381172,3792381172,00001111,00001110
1775673664439499,0,0,3696985482,3696985482,00001111,00001110
1775674000903171,0,0,3314338270,3314338270,00001111,00001111
1775674306495107,0,0,3227322518,3227322518,00001111,00001110
1775674331499032,0,0,3227322518,3227322518,00001111,00001110
1775674635395382,0,0,4031613350,4031613350,00001111,00001110
1775674660397251,0,0,4031613350,4031613350,00001111,00001110
1775674998508759,0,0,3710583947,3710583947,00001111,00001110
1775675293327470,0,0,3927127292,3927127292,00001111,00001110
1775675318329495,0,0,3927127292,3927127292,00001111,00001110
1775676307007789,0,0,4082003557,4082003557,00001111,00001110
1775676563932719,0,0,3651430888,3651430888,00001111,00001111
1775676632943748,0,0,4023117748,4023117748,00001111,00001111
1775677260322364,0,0,3255419156,3255419156,00001111,00001110
1775677285326412,0,0,3255419156,3255419156,00001111,00001110
1775677596878481,0,0,3473506713,3473506713,00001111,00001110
1775677621882437,0,0,3473506713,3473506713,00001111,00001110
1775677852988229,0,0,3663292886,3663292886,00001111,00001111
1775678221984123,0,0,3460571138,3460571138,00001111,00001110
1775678579731797,0,0,4127397024,4127397024,00001111,00001110
1775678604735694,0,0,4127397024,4127397024,00001111,00001110
1775678615449700,0,0,4127397024,4127397024,00001111,00001110
1775678909267762,0,0,4212018733,4212018733,00001111,00001110
1775679234686009,0,0,4118340451,4118340451,00001111,00001110
1775679252568004,0,0,4118340451,4118340451,00001111,00001110
1775679566860894,0,0,3863272240,3863272240,00001111,00001110
1775679591864793,0,0,3863272240,3863272240,00001111,00001110
1775679856004267,0,0,3664013794,3664013794,00001111,00001111
1775679892436406,0,0,3543472261,3543472261,00001111,00001110
1775679917434392,0,0,3543472261,3543472261,00001111,00001110
1775680225943036,0,0,3546485893,3546485893,00001111,00001110
1775680250946955,0,0,3546485893,3546485893,00001111,00001110
1775680261860947,0,0,3546485893,3546485893,00001111,00001110
1775680889375312,0,0,3927300412,3927300412,00001111,00001110
1775680907274921,0,0,3927300412,3927300412,00001111,00001110
1775681535048717,0,0,3361333598,3361333598,00001111,00001110
1775681566904689,0,0,3361333598,3361333598,00001111,00001110
1775681869322353,0,0,3478296473,3478296473,00001111,00001110
1775681894324286,0,0,3478296473,3478296473,00001111,00001110
1775682160436618,0,0,3463454851,3463454851,00001111,00001110
1775682541062371,0,0,3242183959,3242183959,00001111,00001110
1775682855635970,0,0,4282405417,4282405417,00001111,00001110
1775682880102012,0,0,4282405417,4282405417,00001111,00001110
1775683190873124,0,0,4214874477,4214874477,00001111,00001110
1775683215877059,0,0,4214874477,4214874477,00001111,00001110
1775683516335277,0,0,3577242179,3577242179,00001111,00001110
1775683541339253,0,0,3577242179,3577242179,00001111,00001110
1775683843076140,0,0,3623956686,3623956686,00001111,00001110
1775684173962699,0,0,3612678273,3612678273,00001111,00001110
1775684199004640,0,0,3612678273,3612678273,00001111,00001110
1775684499093428,0,0,3782307959,3782307959,00001111,00001110
1775684524095323,0,0,3782307959,3782307959,00001111,00001110
1775684833778062,0,0,3477568601,3477568601,00001111,00001110
1775684858781973,0,0,3477568601,3477568601,00001111,00001110
1775685153318195,0,0,3223872086,3223872086,00001111,00001110
1775685178320271,0,0,3223872086,3223872086,00001111,00001110
1775685486583578,0,0,4114558179,4114558179,00001111,00001110
1775685511587782,0,0,4114558179,4114558179,00001111,00001110
1775685818033829,0,0,4264760488,4264760488,00001111,00001110
1775685843037911,0,0,4264760488,4264760488,00001111,00001110
1775686151139988,0,0,3711549707,3711549707,00001111,00001110
1775686167822004,0,0,3711549707,3711549707,00001111,00001110
1775686468409822,0,0,3326748368,3326748368,00001111,00001110
1775686493411834,0,0,3326748368,3326748368,00001111,00001110
1775686796701316,0,0,3866897136,3866897136,00001111,00001110
1775686821703333,0,0,3866897136,3866897136,00001111,00001110
1775687125585433,0,0,3440563995,3440563995,00001111,00001110
1775687150609436,0,0,3440563995,3440563995,00001111,00001110
1775687474817689,0,0,4094479138,4094479138,00001111,00001110
1775687783134425,0,0,3781706295,3781706295,00001111,00001110
1775687808136187,0,0,3781706295,3781706295,00001111,00001110
1775687821738020,0,0,3781706295,3781706295,00001111,00001110
1775688111920127,0,0,4178281903,4178281903,00001111,00001110
1775688136921965,0,0,4178281903,4178281903,00001111,00001110
1775688150343940,0,0,4178281903,4178281903,00001111,00001110
1775688445404235,0,0,3540302789,3540302789,00001111,00001110
1775688470406098,0,0,3540302789,3540302789,00001111,00001110
1775688774315000,0,0,3244248087,3244248087,00001111,00001110
1775688799319009,0,0,3244248087,3244248087,00001111,00001110
1775689105159962,0,0,4131756448,4131756448,00001111,00001110
1775689130221816,0,0,4131756448,4131756448,00001111,00001110
1775689431544961,0,0,3628523278,3628523278,00001111,00001110
1775689446026894,0,0,3628523278,3628523278,00001111,00001110
1775689767587157,0,0,3256923092,3256923092,00001111,00001110
1775689792591157,0,0,3256923092,3256923092,00001111,00001110
1775690100994050,0,0,3526795140,3526795140,00001111,00001110
1775690113375991,0,0,3526795140,3526795140,00001111,00001110
1775690747422535,0,0,3862983280,3862983280,00001111,00001110
1775690772424529,0,0,3862983280,3862983280,00001111,00001110
1775691093002853,0,0,4232031722,4232031722,00001111,00001110
1775691404041892,0,0,4115210467,4115210467,00001111,00001110
1775691429045760,0,0,4115210467,4115210467,00001111,00001110
1775691733103340,0,0,3627630606,3627630606,00001111,00001110
1775691758105416,0,0,3627630606,3627630606,00001111,00001110
1775692062620757,0,0,3543200581,3543200581,00001111,00001110
1775692085964836,0,0,3543200581,3543200581,00001111,00001110
1775692388276647,0,0,3594019392,3594019392,00001111,00001110
1775692413278729,0,0,3594019392,3594019392,00001111,00001110
1775692719183166,0,0,3674577293,3674577293,00001111,00001110
1775692744179095,0,0,3674577293,3674577293,00001111,00001110
1775693049418858,0,0,3328291280,3328291280,00001111,00001110
1775693074476918,0,0,3328291280,3328291280,00001111,00001110
1775693393378402,0,0,3346480337,3346480337,00001111,00001110
1775693700444424,0,0,3447688603,3447688603,00001111,00001110
1775693725468122,0,0,3447688603,3447688603,00001111,00001110
1775694060617717,0,0,3506697543,3506697543,00001111,00001110
1775694359452686,0,0,3441950043,3441950043,00001111,00001110
1775694384454629,0,0,3441950043,3441950043,00001111,00001110
1775694692284992,0,0,3661358412,3661358412,00001111,00001110
1775694716246861,0,0,3661358412,3661358412,00001111,00001110
1775695019313508,0,0,4044015399,4044015399,00001111,00001110
1775695044317415,0,0,4044015399,4044015399,00001111,00001110
1775695349630810,0,0,4199005676,4199005676,00001111,00001110
1775695374632759,0,0,4199005676,4199005676,00001111,00001110
1775695677952504,0,0,4111471267,4111471267,00001111,00001110
1775695702950657,0,0,4111471267,4111471267,00001111,00001110
1775696014613905,0,0,3993979960,3993979960,00001111,00001110
1775696039638353,0,0,3993979960,3993979960,00001111,00001110
1775696335898653,0,0,4095600994,4095600994,00001111,00001110
1775696360900629,0,0,4095600994,4095600994,00001111,00001110
1775696664187834,0,0,3815260725,3815260725,00001111,00001110
1775696689191986,0,0,3815260725,3815260725,00001111,00001110
1775697004575009,0,0,3814129525,3814129525,00001111,00001110
1775697017776993,0,0,3814129525,3814129525,00001111,00001110
1775697337335214,0,0,3341172433,3341172433,00001111,00001110
1775697647784295,0,0,3994657272,3994657272,00001111,00001110
1775697672782247,0,0,3994657272,3994657272,00001111,00001110
1775698328790106,0,0,3240426327,3240426327,00001111,00001110
1775698636046302,0,0,3730672008,3730672008,00001111,00001110
1775698661050246,0,0,3730672008,3730672008,00001111,00001110
1775698965019912,0,0,3799259828,3799259828,00001111,00001110
1775698990023940,0,0,3799259828,3799259828,00001111,00001110
1775699293875336,0,0,3490730502,3490730502,00001111,00001110
1775699320019223,0,0,3490730502,3490730502,00001111,00001110
1775699622282212,0,0,3272478357,3272478357,00001111,00001110
1775699647326150,0,0,3272478357,3272478357,00001111,00001110
1775699950585818,0,0,3776900983,3776900983,00001111,00001110
1775699975587852,0,0,3776900983,3776900983,00001111,00001110
1775700280193667,0,0,4151679393,4151679393,00001111,00001110
1775700305189612,0,0,4151679393,4151679393,00001111,00001110
1775700609162848,0,0,3343986897,3343986897,00001111,00001110
1775700634166869,0,0,3343986897,3343986897,00001111,00001110
1775700941553727,0,0,3930289276,3930289276,00001111,00001110
1775700961475683,0,0,3930289276,3930289276,00001111,00001110
1775701266018467,0,0,3693699146,3693699146,00001111,00001110
1775701291022415,0,0,3693699146,3693699146,00001111,00001110
1775701602392273,0,0,3780905655,3780905655,00001111,00001110
1775701627396309,0,0,3780905655,3780905655,00001111,00001110
1775701930765296,0,0,3815862389,3815862389,00001111,00001110
1775701947861460,0,0,3815862389,3815862389,00001111,00001110
1775702255825008,0,0,3934171132,3934171132,00001111,00001110
1775702280829041,0,0,3934171132,3934171132,00001111,00001110
1775702585576275,0,0,3730027976,3730027976,00001111,00001110
1775702610592297,0,0,3730027976,3730027976,00001111,00001110
1775702910497481,0,0,3794874612,3794874612,00001111,00001110
1775702935493476,0,0,3794874612,3794874612,00001111,00001110
1775703239573846,0,0,4093678498,4093678498,00001111,00001110
1775703253917971,0,0,4093678498,4093678498,00001111,00001110
1775703565731467,0,0,4200088108,4200088108,00001111,00001110
1775703590729523,0,0,4200088108,4200088108,00001111,00001110
1775703891708796,0,0,3329876304,3329876304,00001111,00001110
1775703916706392,0,0,3329876304,3329876304,00001111,00001110
1775704241683176,0,0,3930438140,3930438140,00001111,00001110
1775704556034430,0,0,3409189533,3409189533,00001111,00001110
1775704581036295,0,0,3409189533,3409189533,00001111,00001110
1775704889596297,0,0,3479708377,3479708377,00001111,00001110
1775704914592253,0,0,3479708377,3479708377,00001111,00001110
1775705215179645,0,0,3290477522,3290477522,00001111,00001110
1775705248817522,0,0,3290477522,3290477522,00001111,00001110
1775705541651006,0,0,3241383319,3241383319,00001111,00001110
1775705566655038,0,0,3241383319,3241383319,00001111,00001110
1775705880804557,0,0,4100341474,4100341474,00001111,00001110
1775705905806579,0,0,4100341474,4100341474,00001111,00001110
1775706200829340,0,0,3999430264,3999430264,00001111,00001110
1775706225825324,0,0,3999430264,3999430264,00001111,00001110
1775706534868331,0,0,3526075844,3526075844,00001111,00001110
1775706559932354,0,0,3526075844,3526075844,00001111,00001110
1775707181962736,0,0,4067264932,4067264932,00001111,00001110
1775707513569963,0,0,3713061643,3713061643,00001111,00001110
1775707538571919,0,0,3713061643,3713061643,00001111,00001110
1775707842383271,0,0,3428029850,3428029850,00001111,00001110
1775707867379186,0,0,3428029850,3428029850,00001111,00001110
1775708172261150,0,0,3492852678,3492852678,00001111,00001110
1775708197265152,0,0,3492852678,3492852678,00001111,00001110
1775708836897135,0,0,4197024172,4197024172,00001111,00001110
1775708861901193,0,0,4197024172,4197024172,00001111,00001110
1775709174491724,0,0,3307254739,3307254739,00001111,00001110
1775709498758407,0,0,4013126777,4013126777,00001111,00001110
1775709523762475,0,0,4013126777,4013126777,00001111,00001110
1775709819333864,0,0,3846049459,3846049459,00001111,00001110
1775709844337962,0,0,3846049459,3846049459,00001111,00001110
1775710148315043,0,0,4250906091,4250906091,00001111,00001110
1775710173319099,0,0,4250906091,4250906091,00001111,00001110
1775710476605308,0,0,4281165929,4281165929,00001111,00001110
1775710501609284,0,0,4281165929,4281165929,00001111,00001110
1775710834278369,0,0,3774894647,3774894647,00001111,00001110
1775711132621339,0,0,3442264859,3442264859,00001111,00001110
1775711169659223,0,0,3442264859,3442264859,00001111,00001110
1775711462266799,0,0,3311680211,3311680211,00001111,00001110
1775711487270744,0,0,3311680211,3311680211,00001111,00001110
1775711784985636,0,0,3708230795,3708230795,00001111,00001110
1775711810007609,0,0,3708230795,3708230795,00001111,00001110
1775712119501802,0,0,4165782318,4165782318,00001111,00001110
1775712144506073,0,0,4165782318,4165782318,00001111,00001110
1775712448470905,0,0,4012061945,4012061945,00001111,00001110
1775712473467152,0,0,4012061945,4012061945,00001111,00001110
1775712775565733,0,0,3982364347,3982364347,00001111,00001110
1775712800569930,0,0,3982364347,3982364347,00001111,00001110
1775713106378986,0,0,3412764637,3412764637,00001111,00001110
1775713433003564,0,0,3357651422,3357651422,00001111,00001110
1775713457999656,0,0,3357651422,3357651422,00001111,00001110
1775713658892011,0,0,4170602229,4170602229,00001111,00001110
1775713761166997,0,0,3728096968,3728096968,00001111,00001110
1775713788004925,0,0,3728096968,3728096968,00001111,00001110
1775713956208104,0,0,4170798687,4170798687,00001111,00001110
1775713981232152,0,0,4170798687,4170798687,00001111,00001110
1775714090759496,0,0,3497384198,3497384198,00001111,00001110
1775714115762880,0,0,3497384198,3497384198,00001111,00001110
1775714285019265,0,0,4170995300,4170995300,00001111,00001110
1775714304880871,0,0,4170995300,4170995300,00001111,00001110
1775714324936579,0,0,4170995300,4170995300,00001111,00001110
1775714449956187,0,0,3844249523,3844249523,00001111,00001110
1775714693690194,0,0,3676235542,3676235542,00001111,00001111
1775714718919017,0,0,3676235542,3676235542,00001111,00001111
1775714748682212,0,0,3546799365,3546799365,00001111,00001110
1775714773686003,0,0,3546799365,3546799365,00001111,00001110
1775714939798134,0,0,3843074387,3843074387,00001111,00001111
1775714965027980,0,0,3843074387,3843074387,00001111,00001111
1775715001545290,0,0,3677546294,3677546294,00001111,00001111
1775715026623137,0,0,3677546294,3677546294,00001111,00001111
1775715051913047,0,0,3677546294,3677546294,00001111,00001111
1775715078923179,0,0,3929572284,3929572284,00001111,00001110
1775715103925123,0,0,3929572284,3929572284,00001111,00001110
1775715348251175,0,0,3677808389,3677808389,00001111,00001111
1775715373631144,0,0,3677808389,3677808389,00001111,00001111
1775715405962669,0,0,3573806403,3573806403,00001111,00001110
1775715430964575,0,0,3573806403,3573806403,00001111,00001110
1775715729518898,0,0,3612414081,3612414081,00001111,00001110
1775715749540882,0,0,3612414081,3612414081,00001111,00001110
1775716011304568,0,0,3738542962,3738542962,00001111,00001111
1775716059963427,0,0,3473407321,3473407321,00001111,00001110
1775716084961652,0,0,3473407321,3473407321,00001111,00001110
1775716388335653,0,0,4234739882,4234739882,00001111,00001110
1775716413337864,0,0,4234739882,4234739882,00001111,00001110
1775716717544005,0,0,3307386835,3307386835,00001111,00001110
1775716742542150,0,0,3307386835,3307386835,00001111,00001110
1775717000130701,0,0,4143071206,4143071206,00001111,00001110
1775717045713603,0,0,3896034110,3896034110,00001111,00001110
1775717070715640,0,0,3896034110,3896034110,00001111,00001110
1775717266867955,0,0,3252151581,3252151581,00001111,00001111
1775717308311198,0,0,4147724283,4147724283,00001111,00001110
1775717333333293,0,0,4147724283,4147724283,00001111,00001110
1775717380926029,0,0,3590947200,3590947200,00001111,00001110
1775717710818461,0,0,3391553372,3391553372,00001111,00001110
1775717735826563,0,0,3391553372,3391553372,00001111,00001110
1775718025044368,0,0,3762879439,3762879439,00001111,00001111
1775718050348457,0,0,3762879439,3762879439,00001111,00001111
1775718262032457,0,0,3377521920,3377521920,00001111,00001111
1775718358940238,0,0,3424158618,3424158618,00001111,00001110
1775718360462167,0,0,3526560829,3526560829,00001111,00001111
1775718383946096,0,0,3424158618,3424158618,00001111,00001110
1775718385610089,0,0,3526560829,3526560829,00001111,00001111
1775718398857974,0,0,3424158618,3424158618,00001111,00001110
1775718593128550,0,0,3533289827,3533289827,00001111,00001110
1775718633347400,0,0,4148772806,4148772806,00001111,00001110
1775718633361342,0,0,4249913167,4249913167,00001111,00001110
1775718653227301,0,0,4148772806,4148772806,00001111,00001110
1775718653249285,0,0,4249913167,4249913167,00001111,00001110
1775718663756857,0,0,4148772806,4148772806,00001111,00001110
1775718692941604,0,0,4179487087,4179487087,00001111,00001110
1775718695865523,0,0,3741679920,3741679920,00001111,00001111
1775718721183475,0,0,3741679920,3741679920,00001111,00001111
1775718729977493,0,0,4179487087,4179487087,00001111,00001110
1775718992254429,0,0,4144547923,4144547923,00001111,00001110
1775719012804289,0,0,3459501473,3459501473,00001111,00001111
1775719021403267,0,0,3362853022,3362853022,00001111,00001110
1775719036605253,0,0,3459501473,3459501473,00001111,00001111
1775719046753265,0,0,3362853022,3362853022,00001111,00001110
1775719056035189,0,0,3763978462,3763978462,00001111,00001110
1775719306703155,0,0,3379366663,3379366663,00001111,00001111
1775719311043200,0,0,4144679149,4144679149,00001111,00001110
1775719339268278,0,0,3893587143,3893587143,00001111,00001111
1775719350936299,0,0,4094676258,4094676258,00001111,00001110
1775719364466276,0,0,3893587143,3893587143,00001111,00001111
1775719365480248,0,0,4132912403,4132912403,00001111,00001111
1775719376068882,0,0,4094676258,4094676258,00001111,00001110
1775719389738222,0,0,3893587143,3893587143,00001111,00001111
1775719629815065,0,0,4149624662,4149624662,00001111,00001110
1775719629825967,0,0,4144810185,4144810185,00001111,00001110
1775719649656971,0,0,4149624662,4149624662,00001111,00001110
1775719651024007,0,0,4144810185,4144810185,00001111,00001110
1775719679309525,0,0,3816746869,3816746869,00001111,00001110
1775719704325422,0,0,3816746869,3816746869,00001111,00001110
1775719946932315,0,0,4149886962,4149886962,00001111,00001110
1775719954986235,0,0,4144941126,4144941126,00001111,00001110
1775719966584205,0,0,3287771116,3287771116,00001111,00001111
1775719980000279,0,0,4144941126,4144941126,00001111,00001110
1775720021676505,0,0,3424150106,3424150106,00001111,00001110
1775720046684510,0,0,3424150106,3424150106,00001111,00001110
1775720361368676,0,0,3428196201,3428196201,00001111,00001111
1775720361921617,0,0,3882848211,3882848211,00001111,00001110
1775720526187739,0,0,4151260333,4151260333,00001111,00001111
1775720551289459,0,0,4151260333,4151260333,00001111,00001111
1775720607878715,0,0,4150214504,4150214504,00001111,00001110
1775720626096541,0,0,4150214504,4150214504,00001111,00001110
1775720656238792,0,0,3642763894,3642763894,00001111,00001111
1775720668826652,0,0,3446516187,3446516187,00001111,00001110
1775720680528592,0,0,3446516187,3446516187,00001111,00001110
1775720681550545,0,0,3642763894,3642763894,00001111,00001111
1775720686444891,0,0,3765969669,3765969669,00001111,00001111
1775720687942562,0,0,3427357704,3427357704,00001111,00001111
1775720931625111,0,0,4145006814,4145006814,00001111,00001110
1775720944309168,0,0,4145006814,4145006814,00001111,00001110
1775720952211012,0,0,4150804323,4150804323,00001111,00001110
1775720964275887,0,0,4150804323,4150804323,00001111,00001110
1775720964508882,0,0,4145006814,4145006814,00001111,00001110
1775720989090347,0,0,3363503825,3363503825,00001111,00001110
1775720999570228,0,0,3812741429,3812741429,00001111,00001110
1775721020946032,0,0,3363503825,3363503825,00001111,00001110
1775721024596017,0,0,3812741429,3812741429,00001111,00001110
1775721026168104,0,0,3674319959,3674319959,00001111,00001110
1775721028954093,0,0,3865934000,3865934000,00001111,00001110
1775721224159660,0,0,4161118444,4161118444,00001111,00001111
1775721228873633,0,0,3999382786,3999382786,00001111,00001111
1775721264688806,0,0,4151066618,4151066618,00001111,00001110
1775721286831703,0,0,4145334498,4145334498,00001111,00001110
1775721292483716,0,0,4134892655,4134892655,00001111,00001110
1775721325399129,0,0,3547691077,3547691077,00001111,00001110
1775721350435068,0,0,3547691077,3547691077,00001111,00001110
1775721528584660,0,0,3999382968,3999382968,00001111,00001111
1775721540095702,0,0,3379357102,3379357102,00001111,00001111
1775721551327725,0,0,3999579566,3999579566,00001111,00001111
1775721591431931,0,0,4145465546,4145465546,00001111,00001110
1775721592892783,0,0,4151394119,4151394119,00001111,00001110
1775721614403694,0,0,4151394119,4151394119,00001111,00001110
1775721616477797,0,0,4145465546,4145465546,00001111,00001110
1775721657508109,0,0,4262935784,4262935784,00001111,00001110
1775721667670093,0,0,3708327833,3708327833,00001111,00001111
1775721670794016,0,0,3328201699,3328201699,00001111,00001111
1775721682532963,0,0,4262935784,4262935784,00001111,00001110
1775721840697167,0,0,3648926735,3648926735,00001111,00001111
1775721861793097,0,0,3999644947,3999644947,00001111,00001111
1775721865789055,0,0,3648926735,3648926735,00001111,00001111
1775721910738874,0,0,4151721815,4151721815,00001111,00001110
1775721910964870,0,0,4134892779,4134892779,00001111,00001110
1775721930618789,0,0,4151721815,4151721815,00001111,00001110
1775721930868909,0,0,4134892779,4134892779,00001111,00001110
1775721950594751,0,0,4151721815,4151721815,00001111,00001110
1775721950829909,0,0,4134892779,4134892779,00001111,00001110
1775721969842559,0,0,3491957823,3491957823,00001111,00001111
1775721995010425,0,0,3491957823,3491957823,00001111,00001111
1775721995237904,0,0,3540913797,3540913797,00001111,00001110
1775722170614080,0,0,3594793998,3594793998,00001111,00001111
1775722195047980,0,0,4175910604,4175910604,00001111,00001110
1775722195742030,0,0,3594793998,3594793998,00001111,00001111
1775722197946122,0,0,3379815732,3379815732,00001111,00001111
1775722214978019,0,0,4175910604,4175910604,00001111,00001110
1775722259440819,0,0,4135416956,4135416956,00001111,00001110
1775722272506876,0,0,4145596508,4145596508,00001111,00001110
1775722309644317,0,0,3982354811,3982354811,00001111,00001110
1775722334656321,0,0,3982354811,3982354811,00001111,00001110
1775722338180344,0,0,4043746293,4043746293,00001111,00001111
1775722504552929,0,0,3926237495,3926237495,00001111,00001111
1775722523896960,0,0,3380077835,3380077835,00001111,00001111
1775722529620848,0,0,3926237495,3926237495,00001111,00001111
1775722578215244,0,0,4151983997,4151983997,00001111,00001110
1775722584402648,0,0,4145858639,4145858639,00001111,00001110
1775722589047204,0,0,4151983997,4151983997,00001111,00001110
1775722599418981,0,0,4145858639,4145858639,00001111,00001110
1775722599668973,0,0,4151983997,4151983997,00001111,00001110
1775722610495236,0,0,4145858639,4145858639,00001111,00001110
1775722641831626,0,0,3743033033,3743033033,00001111,00001110
1775722666841658,0,0,3743033033,3743033033,00001111,00001110
1775722672596915,0,0,3778829861,3778829861,00001111,00001111
1775722897006000,0,0,4145924321,4145924321,00001111,00001110
1775722906970081,0,0,4152639327,4152639327,00001111,00001110
1775722916874089,0,0,4145924321,4145924321,00001111,00001110
1775722926838052,0,0,4152639327,4152639327,00001111,00001110
1775722928680053,0,0,4145924321,4145924321,00001111,00001110
1775722969503685,0,0,4151052961,4151052961,00001111,00001110
1775722983583653,0,0,3509443861,3509443861,00001111,00001111
1775722994537617,0,0,4151052961,4151052961,00001111,00001110
1775723001339675,0,0,4181332854,4181332854,00001111,00001110
1775723225729756,0,0,4135679180,4135679180,00001111,00001110
1775723235571840,0,0,4152901600,4152901600,00001111,00001110
1775723245673857,0,0,4135679180,4135679180,00001111,00001110
1775723260585858,0,0,4152901600,4152901600,00001111,00001110
1775723287697306,0,0,3910380870,3910380870,00001111,00001111
1775723300341281,0,0,3830418866,3830418866,00001111,00001110
1775723313013201,0,0,3910380870,3910380870,00001111,00001111
1775723325351242,0,0,3830418866,3830418866,00001111,00001110
1775723576744094,0,0,4146186366,4146186366,00001111,00001110
1775723624197777,0,0,3491827846,3491827846,00001111,00001110
1775723649195699,0,0,3491827846,3491827846,00001111,00001110
1775723812771522,0,0,4043667598,4043667598,00001111,00001111
1775723822335485,0,0,3675862077,3675862077,00001111,00001111
1775723847423392,0,0,3675862077,3675862077,00001111,00001111
1775723892500820,0,0,4146710623,4146710623,00001111,00001110
1775723917504784,0,0,4146710623,4146710623,00001111,00001110
1775723919394798,0,0,3863671565,3863671565,00001111,00001111
1775723967786288,0,0,3726477704,3726477704,00001111,00001110
1775724142271343,0,0,3676124181,3676124181,00001111,00001111
1775724167407361,0,0,3676124181,3676124181,00001111,00001111
1775724217010964,0,0,4146841849,4146841849,00001111,00001110
1775724228335045,0,0,4136465532,4136465532,00001111,00001110
1775724241896969,0,0,4136465532,4136465532,00001111,00001110
1775724242124903,0,0,4146841849,4146841849,00001111,00001110
1775724295687746,0,0,3708198795,3708198795,00001111,00001110
1775724320553885,0,0,3708198795,3708198795,00001111,00001110
1775724502496354,0,0,3676320931,3676320931,00001111,00001111
1775724545170374,0,0,4146972901,4146972901,00001111,00001110
1775724560692370,0,0,4146972901,4146972901,00001111,00001110
1775724566134348,0,0,3864261388,3864261388,00001111,00001111
1775724580646473,0,0,4137252074,4137252074,00001111,00001110
1775724581997447,0,0,4146972901,4146972901,00001111,00001110
1775724611118224,0,0,3678326541,3678326541,00001111,00001110
1775724636120366,0,0,3678326541,3678326541,00001111,00001110
1775724637164349,0,0,3692222201,3692222201,00001111,00001111
1775724800983301,0,0,3676582967,3676582967,00001111,00001111
1775724827700359,0,0,3676582967,3676582967,00001111,00001111
1775724838641401,0,0,3676582967,3676582967,00001111,00001111
1775724874471097,0,0,4147103855,4147103855,00001111,00001110
1775724900773098,0,0,4147103855,4147103855,00001111,00001110
1775724911869091,0,0,4147103855,4147103855,00001111,00001110
1775724947116863,0,0,3394789980,3394789980,00001111,00001110
1775724954742873,0,0,4186139051,4186139051,00001111,00001111
1775724972114941,0,0,3394789980,3394789980,00001111,00001110
1775725142069004,0,0,3676779659,3676779659,00001111,00001111
1775725167180931,0,0,3676779659,3676779659,00001111,00001111
1775725274137773,0,0,3897527742,3897527742,00001111,00001110
1775725292119808,0,0,3882232547,3882232547,00001111,00001111
1775725299147748,0,0,3897527742,3897527742,00001111,00001110
1775725478662889,0,0,3677041700,3677041700,00001111,00001111
1775725527310437,0,0,4147234913,4147234913,00001111,00001110
1775725534594349,0,0,3864720316,3864720316,00001111,00001111
1775725552352395,0,0,4147234913,4147234913,00001111,00001110
1775725559856406,0,0,3864720316,3864720316,00001111,00001111
1775725567308406,0,0,4147234913,4147234913,00001111,00001110
1775725597331637,0,0,4245689003,4245689003,00001111,00001110
1775725611319568,0,0,4284284795,4284284795,00001111,00001111
1775725613629592,0,0,3560885994,3560885994,00001111,00001110
1775725622327486,0,0,4245689003,4245689003,00001111,00001110
1775725632398557,0,0,3472396752,3472396752,00001111,00001110
1775725633873621,0,0,3729062587,3729062587,00001111,00001111
1775725789107080,0,0,3677303813,3677303813,00001111,00001111
1775725824564982,0,0,3677303813,3677303813,00001111,00001111
1775725854415919,0,0,4147497026,4147497026,00001111,00001110
1775725866739883,0,0,4147497026,4147497026,00001111,00001110
1775725867090848,0,0,4220584578,4220584578,00001111,00001111
1775725886813889,0,0,4147497026,4147497026,00001111,00001110
1775725926286134,0,0,4145272097,4145272097,00001111,00001110
1775725931250130,0,0,3464263065,3464263065,00001111,00001111
1775725932667204,0,0,3357774966,3357774966,00001111,00001110
1775725950931148,0,0,3335520024,3335520024,00001111,00001110
1775725951164964,0,0,3464263065,3464263065,00001111,00001111
1775725951405008,0,0,4145272097,4145272097,00001111,00001110
1775726119001163,0,0,3677500457,3677500457,00001111,00001111
1775726151671148,0,0,3677500457,3677500457,00001111,00001111
1775726190152683,0,0,4147562727,4147562727,00001111,00001110
1775726205454678,0,0,4147562727,4147562727,00001111,00001110
1775726210802701,0,0,3438715385,3438715385,00001111,00001110
1775726247580558,0,0,3257139757,3257139757,00001111,00001111
1775726250050581,0,0,3581777474,3581777474,00001111,00001111
1775726251344460,0,0,3828760306,3828760306,00001111,00001110
1775726269802464,0,0,3581777474,3581777474,00001111,00001111
1775726272788443,0,0,3257139757,3257139757,00001111,00001111
1775726276412433,0,0,3828760306,3828760306,00001111,00001110
1775726289854491,0,0,3828760306,3828760306,00001111,00001110
1775726459836650,0,0,3677762598,3677762598,00001111,00001111
1775726551299971,0,0,4147693774,4147693774,00001111,00001110
1775726573323169,0,0,3915434477,3915434477,00001111,00001111
1775726592563374,0,0,3475034905,3475034905,00001111,00001110
1775726598487355,0,0,3915434477,3915434477,00001111,00001111
1775726617575475,0,0,3475034905,3475034905,00001111,00001110
1775726772999415,0,0,3678024717,3678024717,00001111,00001111
1775726798111522,0,0,3678024717,3678024717,00001111,00001111
1775726802307416,0,0,3382764848,3382764848,00001111,00001111
1775726902300991,0,0,3859909474,3859909474,00001111,00001111
1775726913729124,0,0,4217755949,4217755949,00001111,00001110
1775726938191227,0,0,3859909474,3859909474,00001111,00001111
1775726938735083,0,0,4217755949,4217755949,00001111,00001110
1775727138481248,0,0,3678286850,3678286850,00001111,00001111
1775727195259080,0,0,3664478565,3664478565,00001111,00001111
1775727199853104,0,0,3312690449,3312690449,00001111,00001111
1775727210445055,0,0,3312690449,3312690449,00001111,00001111
1775727230743363,0,0,4048880245,4048880245,00001111,00001111
1775727236280309,0,0,3261344543,3261344543,00001111,00001110
1775727256037330,0,0,4048880245,4048880245,00001111,00001111
1775727256268921,0,0,3261344543,3261344543,00001111,00001110
1775727276545406,0,0,3261344543,3261344543,00001111,00001110
1775727431086946,0,0,3678549012,3678549012,00001111,00001111
1775727441638946,0,0,3678549012,3678549012,00001111,00001111
1775727466684953,0,0,3678549012,3678549012,00001111,00001111
1775727495721414,0,0,3584150012,3584150012,00001111,00001111
1775727497513419,0,0,4057597793,4057597793,00001111,00001111
1775727515117440,0,0,4231201328,4231201328,00001111,00001111
1775727516710026,0,0,4057597793,4057597793,00001111,00001111
1775727516956847,0,0,3223528531,3223528531,00001111,00001111
1775727521675468,0,0,3247211069,3247211069,00001111,00001111
1775727525315495,0,0,3315705122,3315705122,00001111,00001111
1775727531841394,0,0,4057597793,4057597793,00001111,00001111
1775727532121392,0,0,3584150012,3584150012,00001111,00001111
1775727539803471,0,0,4231201328,4231201328,00001111,00001111
1775727544837487,0,0,4069940500,4069940500,00001111,00001111
1775727560421749,0,0,4231584248,4231584248,00001111,00001111
1775727567763979,0,0,4112977256,4112977256,00001111,00001110
1775727573707712,0,0,3980092539,3980092539,00001111,00001110
1775727585659763,0,0,4231584248,4231584248,00001111,00001111
1775727592780721,0,0,4112977256,4112977256,00001111,00001110
1775727598703867,0,0,3980092539,3980092539,00001111,00001110
1775727787230361,0,0,3678745773,3678745773,00001111,00001111
1775727823376644,0,0,3223921900,3223921900,00001111,00001111
1775727831284699,0,0,4148217949,4148217949,00001111,00001110
1775727840046726,0,0,3223921900,3223921900,00001111,00001111
1775727850528785,0,0,3315705239,3315705239,00001111,00001111
1775727852058744,0,0,3249046063,3249046063,00001111,00001111
1775727855640745,0,0,4077346077,4077346077,00001111,00001111
1775727857642629,0,0,4148217949,4148217949,00001111,00001110
1775727859446739,0,0,3584870910,3584870910,00001111,00001111
1775727861484921,0,0,3315705239,3315705239,00001111,00001111
1775727917830743,0,0,3693110145,3693110145,00001111,00001110
1775727929172955,0,0,3693110145,3693110145,00001111,00001110
1775727930298748,0,0,3933206446,3933206446,00001111,00001111
1775728131751268,0,0,3679270022,3679270022,00001111,00001111
1775728162189826,0,0,3506211066,3506211066,00001111,00001111
1775728163453795,0,0,3944743798,3944743798,00001111,00001110
1775728169575788,0,0,3743525659,3743525659,00001111,00001111
1775728172697967,0,0,4083092645,4083092645,00001111,00001110
1775728181951828,0,0,3506211066,3506211066,00001111,00001111
1775728182324893,0,0,3478414744,3478414744,00001111,00001111
1775728187189870,0,0,3944743798,3944743798,00001111,00001110
1775728194900876,0,0,3743525659,3743525659,00001111,00001111
1775728202139851,0,0,3944743798,3944743798,00001111,00001110
1775728356518679,0,0,3679335424,3679335424,00001111,00001111
1775728381586718,0,0,3679335424,3679335424,00001111,00001111
1775728434237120,0,0,3224249468,3224249468,00001111,00001111
1775728436723077,0,0,4148349042,4148349042,00001111,00001110
1775728447935092,0,0,4077673728,4077673728,00001111,00001111
1775728452217048,0,0,3865637671,3865637671,00001111,00001111
1775728461738916,0,0,4148349042,4148349042,00001111,00001110
1775728516181760,0,0,3658283655,3658283655,00001111,00001110
1775728517957893,0,0,3647998720,3647998720,00001111,00001110
1775728528695667,0,0,3647998720,3647998720,00001111,00001110
1775728531148893,0,0,3658283655,3658283655,00001111,00001110
1775728531744602,0,0,3564616746,3564616746,00001111,00001110
1775728687971060,0,0,3679466685,3679466685,00001111,00001111
1775728701149998,0,0,3468413181,3468413181,00001111,00001110
1775728711649972,0,0,3679466685,3679466685,00001111,00001111
1775728782987192,0,0,3868259116,3868259116,00001111,00001111
1775728787349172,0,0,4148611141,4148611141,00001111,00001110
1775728849888031,0,0,4260498056,4260498056,00001111,00001110
1775728863661021,0,0,3779974117,3779974117,00001111,00001111
1775729016300215,0,0,3679794195,3679794195,00001111,00001111
1775729026362150,0,0,3771039073,3771039073,00001111,00001111
1775729041398132,0,0,3679794195,3679794195,00001111,00001111
1775729051870129,0,0,3771039073,3771039073,00001111,00001111
1775729088267037,0,0,3334462552,3334462552,00001111,00001110
1775729094406086,0,0,4148742210,4148742210,00001111,00001110
1775729104310007,0,0,4158013277,4158013277,00001111,00001110
1775729105199926,0,0,4148742210,4148742210,00001111,00001110
1775729125554854,0,0,4148742210,4148742210,00001111,00001110
1775729150006524,0,0,3226595518,3226595518,00001111,00001110
1775729152527555,0,0,4216105965,4216105965,00001111,00001110
1775729158729545,0,0,4049719014,4049719014,00001111,00001111
1775729168618507,0,0,3226595518,3226595518,00001111,00001110
1775729174293470,0,0,3907271297,3907271297,00001111,00001111
1775729177535426,0,0,4216105965,4216105965,00001111,00001110
1775729178477543,0,0,4049719014,4049719014,00001111,00001111
1775729368693229,0,0,4081113550,4081113550,00001111,00001110
1775729413121607,0,0,3678070529,3678070529,00001111,00001111
1775729423080607,0,0,4148807919,4148807919,00001111,00001110
1775729423846566,0,0,3294848883,3294848883,00001111,00001111
1775729432788487,0,0,4078460301,4078460301,00001111,00001111
1775729438217509,0,0,3678070529,3678070529,00001111,00001111
1775729443092551,0,0,4158472157,4158472157,00001111,00001110
1775729448096523,0,0,4148807919,4148807919,00001111,00001110
1775729471872517,0,0,4199470590,4199470590,00001111,00001111
1775729482902610,0,0,4195207468,4195207468,00001111,00001110
1775729497206655,0,0,4199470590,4199470590,00001111,00001111
1775729500450574,0,0,4252169880,4252169880,00001111,00001111
1775729507448470,0,0,4195207468,4195207468,00001111,00001110
1775729683628816,0,0,4081965513,4081965513,00001111,00001110
1775729719343808,0,0,3667538845,3667538845,00001111,00001110
1775729719581863,0,0,4081965513,4081965513,00001111,00001110
1775729747434270,0,0,3689932571,3689932571,00001111,00001111
1775729751989246,0,0,4148938986,4148938986,00001111,00001110
1775729751991171,0,0,4158799704,4158799704,00001111,00001110
1775729761881292,0,0,4079050153,4079050153,00001111,00001111
1775729772576312,0,0,3689932571,3689932571,00001111,00001111
1775729776977218,0,0,4148938986,4148938986,00001111,00001110
1775729801150083,0,0,3480485963,3480485963,00001111,00001111
1775729806482018,0,0,4082305892,4082305892,00001111,00001111
1775729826304050,0,0,3480485963,3480485963,00001111,00001111
1775729826524888,0,0,4082305892,4082305892,00001111,00001111
1775729834484025,0,0,4044699924,4044699924,00001111,00001111
1775730010019226,0,0,3353461407,3353461407,00001111,00001110
1775730027857152,0,0,3353461407,3353461407,00001111,00001110
1775730046350288,0,0,3353461407,3353461407,00001111,00001110
1775730065521173,0,0,3690194845,3690194845,00001111,00001111
1775730066043155,0,0,3669721427,3669721427,00001111,00001111
1775730090824210,0,0,4159061987,4159061987,00001111,00001110
1775730090851023,0,0,3690194845,3690194845,00001111,00001111
1775730110678118,0,0,4159061987,4159061987,00001111,00001110
1775730110916970,0,0,3629081506,3629081506,00001111,00001111
1775730129648429,0,0,3292621440,3292621440,00001111,00001111
1775730135280368,0,0,3288882643,3288882643,00001111,00001111
1775730154916396,0,0,3292621440,3292621440,00001111,00001111
1775730162300365,0,0,3228660133,3228660133,00001111,00001111
1775730376660860,0,0,3655152667,3655152667,00001111,00001111
1775730394889829,0,0,3690522526,3690522526,00001111,00001111
1775730420063716,0,0,3690522526,3690522526,00001111,00001111
1775730430768739,0,0,4159389676,4159389676,00001111,00001110
1775730472473340,0,0,3275233351,3275233351,00001111,00001111
1775730474055352,0,0,4013344189,4013344189,00001111,00001110
1775730474276934,0,0,4020071173,4020071173,00001111,00001111
1775730474277032,0,0,3576355010,3576355010,00001111,00001111
1775730474277077,0,0,3458562396,3458562396,00001111,00001110
1775730492037096,0,0,3346723651,3346723651,00001111,00001111
1775730492671227,0,0,3498936825,3498936825,00001111,00001111
1775730493955121,0,0,4013344189,4013344189,00001111,00001110
1775730497338036,0,0,3631116221,3631116221,00001111,00001111
1775730497777083,0,0,3275233351,3275233351,00001111,00001111
1775730505967060,0,0,3576355010,3576355010,00001111,00001111
1775730792738507,0,0,3676862665,3676862665,00001111,00001110
1775730812610342,0,0,3676862665,3676862665,00001111,00001110
1775730822940897,0,0,3343202594,3343202594,00001111,00001111
1775730824294156,0,0,4237564629,4237564629,00001111,00001111
1775730832646222,0,0,3676862665,3676862665,00001111,00001110
1775730833558171,0,0,3492965524,3492965524,00001111,00001111
1775731063324331,0,0,4231528976,4231528976,00001111,00001111
1775731077169265,0,0,4160044917,4160044917,00001111,00001110
1775731081663269,0,0,4149070059,4149070059,00001111,00001110
1775731088430271,0,0,4231528976,4231528976,00001111,00001111
1775731097043259,0,0,4160044917,4160044917,00001111,00001110
1775731097049175,0,0,4149070059,4149070059,00001111,00001110
1775731114986744,0,0,3634839043,3634839043,00001111,00001111
1775731117070621,0,0,3796751334,3796751334,00001111,00001111
1775731126996658,0,0,3476387929,3476387929,00001111,00001110
1775731140082693,0,0,3634839043,3634839043,00001111,00001111
1775731141149902,0,0,3296620474,3296620474,00001111,00001110
1775731142266644,0,0,3796751334,3796751334,00001111,00001111
1775731146548589,0,0,3997778379,3997778379,00001111,00001111
1775731150632615,0,0,3769379465,3769379465,00001111,00001111
1775731151994617,0,0,3476387929,3476387929,00001111,00001110
1775731165396920,0,0,3634839043,3634839043,00001111,00001111
1775731317831433,0,0,4233215273,4233215273,00001111,00001111
1775731342367280,0,0,3681629229,3681629229,00001111,00001111
1775731353121270,0,0,3681629229,3681629229,00001111,00001111
1775731389633635,0,0,4160372551,4160372551,00001111,00001110
1775731414643499,0,0,4160372551,4160372551,00001111,00001110
1775731428911445,0,0,4149594361,4149594361,00001111,00001110
1775731443776293,0,0,4106425967,4106425967,00001111,00001111
1775731454904172,0,0,3342115075,3342115075,00001111,00001111
1775731455886225,0,0,4135208480,4135208480,00001111,00001110
1775731468876162,0,0,4106425967,4106425967,00001111,00001111
1775731474590137,0,0,3664768191,3664768191,00001111,00001111
1775731480084139,0,0,3342115075,3342115075,00001111,00001111
1775731480900137,0,0,4135208480,4135208480,00001111,00001110
1775731493982143,0,0,4106425967,4106425967,00001111,00001111
1775731649981169,0,0,3681825925,3681825925,00001111,00001111
1775731652765155,0,0,3806641571,3806641571,00001111,00001111
1775731675081075,0,0,3681825925,3681825925,00001111,00001111
1775731678020868,0,0,3806641571,3806641571,00001111,00001111
1775731718794090,0,0,4149790788,4149790788,00001111,00001110
1775731735544133,0,0,3870683925,3870683925,00001111,00001111
1775731745144957,0,0,4149790788,4149790788,00001111,00001110
1775731745412924,0,0,4160634860,4160634860,00001111,00001110
1775731751160010,0,0,3243859752,3243859752,00001111,00001111
1775731783129200,0,0,3813872821,3813872821,00001111,00001110
1775731800595116,0,0,3813872821,3813872821,00001111,00001110
1775731802407176,0,0,4250749400,4250749400,00001111,00001111
1775731974511071,0,0,3806772516,3806772516,00001111,00001111
1775731977856869,0,0,3682088113,3682088113,00001111,00001111
1775731979464878,0,0,3273399730,3273399730,00001111,00001110
1775731997040844,0,0,3682350137,3682350137,00001111,00001111
1775731999364765,0,0,3273399730,3273399730,00001111,00001110
1775731999838846,0,0,3806772516,3806772516,00001111,00001111
1775732022194726,0,0,3682350137,3682350137,00001111,00001111
1775732046883795,0,0,3257163578,3257163578,00001111,00001111
1775732049845813,0,0,4149921867,4149921867,00001111,00001110
1775732072165798,0,0,3257163578,3257163578,00001111,00001111
1775732073771843,0,0,4149921867,4149921867,00001111,00001110
1775732083863789,0,0,4160962431,4160962431,00001111,00001110
1775732084108917,0,0,4141904981,4141904981,00001111,00001110
1775732112536473,0,0,3662405598,3662405598,00001111,00001111
1775732113018434,0,0,4013984310,4013984310,00001111,00001110
1775732114582492,0,0,4146824609,4146824609,00001111,00001110
1775732129636495,0,0,3544499396,3544499396,00001111,00001111
1775732129790483,0,0,3851489484,3851489484,00001111,00001111
1775732137337359,0,0,3762533381,3762533381,00001111,00001111
1775732137978378,0,0,3662405598,3662405598,00001111,00001111
1775732139602471,0,0,4146824609,4146824609,00001111,00001110
1775732148860355,0,0,4013984310,4013984310,00001111,00001110
1775732304462841,0,0,4007247149,4007247149,00001111,00001111
1775732329526713,0,0,4007247149,4007247149,00001111,00001111
1775732329908718,0,0,3682350263,3682350263,00001111,00001111
1775732380981716,0,0,3257491249,3257491249,00001111,00001111
1775732383429743,0,0,4149987571,4149987571,00001111,00001110
1775732384555671,0,0,3871601421,3871601421,00001111,00001111
1775732406071660,0,0,3257491249,3257491249,00001111,00001111
1775732408499626,0,0,4149987571,4149987571,00001111,00001110
1775732410152689,0,0,4184743736,4184743736,00001111,00001111
1775732431523464,0,0,3692112408,3692112408,00001111,00001111
1775732477261386,0,0,3560425424,3560425424,00001111,00001111
1775732631950743,0,0,4007443727,4007443727,00001111,00001111
1775732657040742,0,0,4007443727,4007443727,00001111,00001111
1775732668024701,0,0,3682612408,3682612408,00001111,00001111
1775732701692879,0,0,4161224671,4161224671,00001111,00001110
1775732712554875,0,0,4161224671,4161224671,00001111,00001110
1775732713500920,0,0,3257753520,3257753520,00001111,00001111
1775732737094936,0,0,4161224671,4161224671,00001111,00001110
1775732769968302,0,0,3873963965,3873963965,00001111,00001111
1775732771230213,0,0,3308351571,3308351571,00001111,00001110
1775732785974233,0,0,3308351571,3308351571,00001111,00001110
1775732795056296,0,0,3873963965,3873963965,00001111,00001111
1775733066543043,0,0,3255709684,3255709684,00001111,00001110
1775733107187698,0,0,3373347039,3373347039,00001111,00001110
1775733132193661,0,0,3373347039,3373347039,00001111,00001110
1775733428328947,0,0,3508812487,3508812487,00001111,00001110
1775733453332922,0,0,3508812487,3508812487,00001111,00001110
1775733783370837,0,0,3808738293,3808738293,00001111,00001110
1775734011705286,0,0,3258081174,3258081174,00001111,00001111
1775734036999222,0,0,3258081174,3258081174,00001111,00001111
1775734087573348,0,0,3325344720,3325344720,00001111,00001110
1775734110689296,0,0,3325344720,3325344720,00001111,00001110
1775734418481672,0,0,4219094573,4219094573,00001111,00001110
1775734443497597,0,0,4219094573,4219094573,00001111,00001110
1775734449187537,0,0,3243402903,3243402903,00001111,00001110
1775734767949475,0,0,3996498424,3996498424,00001111,00001110
1775735035816612,0,0,3256954712,3256954712,00001111,00001110
1775735080203210,0,0,3646299791,3646299791,00001111,00001110
1775735089909227,0,0,3806628348,3806628348,00001111,00001110
1775735090271111,0,0,3545639639,3545639639,00001111,00001111
1775735104958418,0,0,4248436283,4248436283,00001111,00001111
1775735105221922,0,0,3646299791,3646299791,00001111,00001110
1775735304957531,0,0,3604100275,3604100275,00001111,00001111
1775735331831213,0,0,4150118621,4150118621,00001111,00001110
1775735353013147,0,0,4150118621,4150118621,00001111,00001110
1775735372115221,0,0,3322883769,3322883769,00001111,00001110
1775735407094900,0,0,3895812593,3895812593,00001111,00001110
1775735418778868,0,0,3394367836,3394367836,00001111,00001110
1775735426200892,0,0,3895812593,3895812593,00001111,00001110
1775735665381848,0,0,3259260854,3259260854,00001111,00001111
1775735667415789,0,0,3394636585,3394636585,00001111,00001111
1775735690527858,0,0,3259260854,3259260854,00001111,00001111
1775735691657858,0,0,3302778705,3302778705,00001111,00001111
1775735702049780,0,0,3302778705,3302778705,00001111,00001111
1775735731734044,0,0,3662193612,3662193612,00001111,00001110
1775735755019988,0,0,3662193612,3662193612,00001111,00001110
1775735992371007,0,0,4151232577,4151232577,00001111,00001110
1775735994180977,0,0,3260768042,3260768042,00001111,00001111
1775736017355024,0,0,4151232577,4151232577,00001111,00001110
1775736019357063,0,0,3260768042,3260768042,00001111,00001111
1775736324608881,0,0,4151429319,4151429319,00001111,00001110
1775736332038909,0,0,3325505195,3325505195,00001111,00001110
1775736338456871,0,0,4151429319,4151429319,00001111,00001110
1775736340388868,0,0,3325505195,3325505195,00001111,00001110
1775736358506904,0,0,4151429319,4151429319,00001111,00001110
1775736391728307,0,0,3240210862,3240210862,00001111,00001110
1775736393030176,0,0,3782249016,3782249016,00001111,00001110
1775736412766280,0,0,3782249016,3782249016,00001111,00001110
1775736416699268,0,0,3240210862,3240210862,00001111,00001110
1775736422903262,0,0,3632061010,3632061010,00001111,00001110
1775736577393914,0,0,4119313671,4119313671,00001111,00001111
1775736602675946,0,0,4119313671,4119313671,00001111,00001111
1775736663058399,0,0,4134975672,4134975672,00001111,00001110
1775736673011456,0,0,3326488111,3326488111,00001111,00001110
1775736673426355,0,0,4151560313,4151560313,00001111,00001110
1775736687897456,0,0,4134975672,4134975672,00001111,00001110
1775736728726824,0,0,3274821996,3274821996,00001111,00001110
1775736731020816,0,0,3710679831,3710679831,00001111,00001110
1775736733354765,0,0,4217188706,4217188706,00001111,00001110
1775736751668838,0,0,3710679831,3710679831,00001111,00001110
1775736751908890,0,0,4217188706,4217188706,00001111,00001110
1775736753803764,0,0,3274821996,3274821996,00001111,00001110
1775736754224852,0,0,3771843199,3771843199,00001111,00001110
1775736943492912,0,0,4119444784,4119444784,00001111,00001111
1775736985037563,0,0,4151691352,4151691352,00001111,00001110
1775736996079500,0,0,4151691352,4151691352,00001111,00001110
1775737066363537,0,0,3973352976,3973352976,00001111,00001111
1775737235149200,0,0,3660330038,3660330038,00001111,00001111
1775737238557172,0,0,4119641497,4119641497,00001111,00001111
1775737260359124,0,0,3660330038,3660330038,00001111,00001111
1775737263603262,0,0,4119641497,4119641497,00001111,00001111
1775737310577650,0,0,4151757049,4151757049,00001111,00001110
1775737335599577,0,0,4151757049,4151757049,00001111,00001110
1775737380640961,0,0,3399702225,3399702225,00001111,00001111
1775737381022918,0,0,4029796646,4029796646,00001111,00001110
1775737391332962,0,0,3423854920,3423854920,00001111,00001111
1775737406012929,0,0,4029796646,4029796646,00001111,00001110
1775737564750476,0,0,4119903530,4119903530,00001111,00001111
1775737577184424,0,0,3660526647,3660526647,00001111,00001111
1775737590072455,0,0,4119903530,4119903530,00001111,00001111
1775737602290508,0,0,3660526647,3660526647,00001111,00001111
1775737639204870,0,0,4151888081,4151888081,00001111,00001110
1775737664148763,0,0,4151888081,4151888081,00001111,00001110
1775737901553948,0,0,4120100238,4120100238,00001111,00001111
1775737926631984,0,0,4120100238,4120100238,00001111,00001111
1775737932957997,0,0,3390236035,3390236035,00001111,00001111
1775737939023993,0,0,4120100238,4120100238,00001111,00001111
1775737962503790,0,0,4152019049,4152019049,00001111,00001110
1775737982441786,0,0,4152019049,4152019049,00001111,00001110
1775738003785784,0,0,4152019049,4152019049,00001111,00001110
1775738069567998,0,0,3815693095,3815693095,00001111,00001111
1775738221555586,0,0,4120296894,4120296894,00001111,00001111
1775738222097629,0,0,4066915492,4066915492,00001111,00001111
1775738247187618,0,0,4066915492,4066915492,00001111,00001111
1775738258093618,0,0,4120558863,4120558863,00001111,00001111
1775738298617345,0,0,4152150093,4152150093,00001111,00001110
1775738311299269,0,0,4152150093,4152150093,00001111,00001110
1775738331303299,0,0,4152150093,4152150093,00001111,00001110
1775738350122295,0,0,3930675950,3930675950,00001111,00001111
1775738365988309,0,0,4213628717,4213628717,00001111,00001110
1775738375533005,0,0,3930675950,3930675950,00001111,00001111
1775738382091283,0,0,3461042186,3461042186,00001111,00001111
1775738391000323,0,0,4213628717,4213628717,00001111,00001110
1775738549753569,0,0,4120558904,4120558904,00001111,00001111
1775738549755414,0,0,4067046583,4067046583,00001111,00001111
1775738574817581,0,0,4120558904,4120558904,00001111,00001111
1775738575052863,0,0,4067046583,4067046583,00001111,00001111
1775738599969459,0,0,4067046583,4067046583,00001111,00001111
1775738600205902,0,0,4120558904,4120558904,00001111,00001111
1775738620028646,0,0,4152215746,4152215746,00001111,00001110
1775738639894594,0,0,4152215746,4152215746,00001111,00001110
1775738690592200,0,0,4215013311,4215013311,00001111,00001111
1775738695674205,0,0,4048018727,4048018727,00001111,00001110
1775738715898091,0,0,4215013311,4215013311,00001111,00001111
1775738720796878,0,0,4048018727,4048018727,00001111,00001110
1775738888488854,0,0,4120755615,4120755615,00001111,00001111
1775738913828828,0,0,4120755615,4120755615,00001111,00001111
1775738924866826,0,0,4120755615,4120755615,00001111,00001111
1775739008005414,0,0,4245306425,4245306425,00001111,00001111
1775739019491381,0,0,3933535100,3933535100,00001111,00001110
1775739024035385,0,0,3330319531,3330319531,00001111,00001110
1775739033177440,0,0,4245306425,4245306425,00001111,00001111
1775739042441350,0,0,3245819909,3245819909,00001111,00001111
1775739043763409,0,0,3933535100,3933535100,00001111,00001110
1775739053856441,0,0,4148881033,4148881033,00001111,00001110
1775739222637349,0,0,4121017632,4121017632,00001111,00001111
1775739284012847,0,0,4149572853,4149572853,00001111,00001110
1775739295096866,0,0,3914762308,3914762308,00001111,00001110
1775739296560912,0,0,4112568826,4112568826,00001111,00001111
1775739309046864,0,0,4149572853,4149572853,00001111,00001110
1775739311168817,0,0,4152346710,4152346710,00001111,00001110
1775739318370962,0,0,4112568826,4112568826,00001111,00001111
1775739320108824,0,0,3914762308,3914762308,00001111,00001110
1775739336979568,0,0,3257320902,3257320902,00001111,00001111
1775739362348520,0,0,3964509608,3964509608,00001111,00001111
1775739362363526,0,0,3257320902,3257320902,00001111,00001111
1775739539778511,0,0,4121214362,4121214362,00001111,00001111
1775739564912611,0,0,4121214362,4121214362,00001111,00001111
1775739607005625,0,0,3916138749,3916138749,00001111,00001110
1775739607228858,0,0,4019949942,4019949942,00001111,00001111
1775739611349620,0,0,4150162498,4150162498,00001111,00001110
1775739626899595,0,0,4019949942,4019949942,00001111,00001111
1775739626919525,0,0,3916138749,3916138749,00001111,00001110
1775739627141044,0,0,4150162498,4150162498,00001111,00001110
1775739627388876,0,0,4152543471,4152543471,00001111,00001110
1775739632133578,0,0,4113682754,4113682754,00001111,00001111
1775739642870558,0,0,3877106577,3877106577,00001111,00001111
1775739646876584,0,0,4019949942,4019949942,00001111,00001111
1775739647108929,0,0,4150162498,4150162498,00001111,00001110
1775739647109038,0,0,4152543471,4152543471,00001111,00001110
1775739647109092,0,0,3916138749,3916138749,00001111,00001110
1775739665053764,0,0,4054987818,4054987818,00001111,00001111
1775739679339741,0,0,4178296637,4178296637,00001111,00001111
1775739690657712,0,0,4054987818,4054987818,00001111,00001111
1775739691351718,0,0,4131977074,4131977074,00001111,00001111
1775739704469749,0,0,4178296637,4178296637,00001111,00001111
1775739715255707,0,0,4054987818,4054987818,00001111,00001111
1775739871507720,0,0,4121476362,4121476362,00001111,00001111
1775739896685706,0,0,4121476362,4121476362,00001111,00001111
1775739938208664,0,0,3916400889,3916400889,00001111,00001110
1775739940150592,0,0,4163321813,4163321813,00001111,00001110
1775739942932590,0,0,4150359282,4150359282,00001111,00001110
1775739954286648,0,0,4152674430,4152674430,00001111,00001110
1775739955938694,0,0,4026241366,4026241366,00001111,00001111
1775739960708605,0,0,4113748348,4113748348,00001111,00001111
1775739962410616,0,0,3878286211,3878286211,00001111,00001111
1775739963349923,0,0,3916400889,3916400889,00001111,00001110
1775739965586578,0,0,4163321813,4163321813,00001111,00001110
1775739965813899,0,0,4150359282,4150359282,00001111,00001110
1775739975789668,0,0,3916400889,3916400889,00001111,00001110
1775739977102613,0,0,4152674430,4152674430,00001111,00001110
1775739994911697,0,0,3946495279,3946495279,00001111,00001111
1775740018659540,0,0,3850225971,3850225971,00001111,00001110
1775740020269689,0,0,3946495279,3946495279,00001111,00001111
1775740024725593,0,0,3929841582,3929841582,00001111,00001111
1775740043693595,0,0,3850225971,3850225971,00001111,00001110
1775740267250208,0,0,4152805501,4152805501,00001111,00001110
1775740274736224,0,0,3916662997,3916662997,00001111,00001110
1775740274956920,0,0,4150621412,4150621412,00001111,00001110
1775740284842210,0,0,4152805501,4152805501,00001111,00001110
1775740285069009,0,0,4113879388,4113879388,00001111,00001111
1775740294770228,0,0,3758330206,3758330206,00001111,00001111
1775740303594349,0,0,4113879388,4113879388,00001111,00001111
1775740323221100,0,0,3506956181,3506956181,00001111,00001111
1775740348427048,0,0,3506956181,3506956181,00001111,00001111
1775740349349049,0,0,3820817016,3820817016,00001111,00001111
1775740356412952,0,0,3993621802,3993621802,00001111,00001111
1775740523467268,0,0,4068422682,4068422682,00001111,00001111
1775740559209224,0,0,4068422682,4068422682,00001111,00001111
1775740588978161,0,0,4168630108,4168630108,00001111,00001110
1775740598102115,0,0,3261095681,3261095681,00001111,00001111
1775740601060029,0,0,3878810405,3878810405,00001111,00001111
1775740603334235,0,0,4153002081,4153002081,00001111,00001110
1775740603496157,0,0,4150883402,4150883402,00001111,00001110
1775740604876974,0,0,4168630108,4168630108,00001111,00001110
1775740613162319,0,0,3878810405,3878810405,00001111,00001111
1775740613524054,0,0,3293155949,3293155949,00001111,00001111
1775740615126172,0,0,4153002081,4153002081,00001111,00001110
1775740620340196,0,0,4114010446,4114010446,00001111,00001111
1775740623324192,0,0,3261095681,3261095681,00001111,00001111
1775740623328177,0,0,4150883402,4150883402,00001111,00001110
1775740633354073,0,0,4153002081,4153002081,00001111,00001110
1775740634258107,0,0,4150883402,4150883402,00001111,00001110
1775740662303675,0,0,3628383182,3628383182,00001111,00001110
1775740668667809,0,0,3530850646,3530850646,00001111,00001111
1775740685094008,0,0,3362996236,3362996236,00001111,00001111
1775740687295990,0,0,3628383182,3628383182,00001111,00001110
1775740688861928,0,0,4099845649,4099845649,00001111,00001111
1775740693761985,0,0,3530850646,3530850646,00001111,00001111
1775740697884049,0,0,3628383182,3628383182,00001111,00001110
1775740941962499,0,0,4153002239,4153002239,00001111,00001110
1775740942188866,0,0,3758330309,3758330309,00001111,00001111
1775740943546501,0,0,4151145554,4151145554,00001111,00001110
1775740945806526,0,0,4114076103,4114076103,00001111,00001111
1775740955614571,0,0,3916925159,3916925159,00001111,00001110
1775740966111672,0,0,4114076103,4114076103,00001111,00001111
1775740982864584,0,0,3474025099,3474025099,00001111,00001111
1775741008028695,0,0,3474025099,3474025099,00001111,00001111
1775741250326918,0,0,3917449414,3917449414,00001111,00001110
1775741250548870,0,0,4153133295,4153133295,00001111,00001110
1775741250548948,0,0,4151342321,4151342321,00001111,00001110
1775741270215047,0,0,4151342321,4151342321,00001111,00001110
1775741270216894,0,0,3917449414,3917449414,00001111,00001110
1775741270437971,0,0,4153133295,4153133295,00001111,00001110
1775741274916076,0,0,3879334809,3879334809,00001111,00001111
1775741290221098,0,0,4151342321,4151342321,00001111,00001110
1775741290240004,0,0,3917449414,3917449414,00001111,00001110
1775741290453058,0,0,4153133295,4153133295,00001111,00001110
1775741309528801,0,0,3547937303,3547937303,00001111,00001111
1775741324864815,0,0,3549557640,3549557640,00001111,00001111
1775741324902764,0,0,3961092912,3961092912,00001111,00001110
1775741334706842,0,0,3547937303,3547937303,00001111,00001111
1775741334957944,0,0,3261196805,3261196805,00001111,00001110
1775741344592849,0,0,3961092912,3961092912,00001111,00001110
1775741344820927,0,0,3243914953,3243914953,00001111,00001111
1775741512181912,0,0,3688772740,3688772740,00001111,00001111
1775741542790962,0,0,3688772740,3688772740,00001111,00001111
1775741578199771,0,0,4151604441,4151604441,00001111,00001110
1775741581481692,0,0,4153264252,4153264252,00001111,00001110
1775741588185837,0,0,3602399054,3602399054,00001111,00001110
1775741598129804,0,0,4151604441,4151604441,00001111,00001110
1775741598356923,0,0,3917646077,3917646077,00001111,00001110
1775741599741819,0,0,3879596947,3879596947,00001111,00001111
1775741606495940,0,0,4153264252,4153264252,00001111,00001110
1775741608037823,0,0,3602399054,3602399054,00001111,00001110
1775741618062810,0,0,3917646077,3917646077,00001111,00001110
1775741618107558,0,0,4153264252,4153264252,00001111,00001110
1775741647600069,0,0,3514122965,3514122965,00001111,00001111
1775741663166158,0,0,3576601489,3576601489,00001111,00001111
1775741664927994,0,0,4161768541,4161768541,00001111,00001111
1775741672736009,0,0,3395871580,3395871580,00001111,00001110
1775741672957901,0,0,3514122965,3514122965,00001111,00001111
1775741682686046,0,0,3576601489,3576601489,00001111,00001111
1775741907353141,0,0,3264962309,3264962309,00001111,00001111
1775741910345093,0,0,3602530288,3602530288,00001111,00001110
1775741913159058,0,0,4151866478,4151866478,00001111,00001110
1775741913380950,0,0,4153395293,4153395293,00001111,00001110
1775741926883192,0,0,3602530288,3602530288,00001111,00001110
1775741926905068,0,0,4153395293,4153395293,00001111,00001110
1775741927125007,0,0,4151866478,4151866478,00001111,00001110
1775741928029095,0,0,4114272635,4114272635,00001111,00001111
1775741931761133,0,0,3879858998,3879858998,00001111,00001111
1775741932423140,0,0,3264962309,3264962309,00001111,00001111
1775741946911126,0,0,3602530288,3602530288,00001111,00001110
1775741947132920,0,0,4151866478,4151866478,00001111,00001110
1775741947133012,0,0,4114272635,4114272635,00001111,00001111
1775741971421477,0,0,3528477006,3528477006,00001111,00001110
1775741972623435,0,0,3481072011,3481072011,00001111,00001111
1775741991295486,0,0,3528477006,3528477006,00001111,00001110
1775741994479508,0,0,3919808503,3919808503,00001111,00001110
1775741997757527,0,0,3481072011,3481072011,00001111,00001111
1775742001401434,0,0,3528776452,3528776452,00001111,00001110
1775742233570316,0,0,3265945375,3265945375,00001111,00001111
1775742238136290,0,0,4153460986,4153460986,00001111,00001110
1775742239055322,0,0,3680338273,3680338273,00001111,00001111
1775742242424325,0,0,4152128632,4152128632,00001111,00001110
1775742245999357,0,0,3917908211,3917908211,00001111,00001110
1775742258669365,0,0,3265945375,3265945375,00001111,00001111
1775742263146336,0,0,4153460986,4153460986,00001111,00001110
1775742265690378,0,0,4152128632,4152128632,00001111,00001110
1775742267173162,0,0,3917908211,3917908211,00001111,00001110
1775742267272317,0,0,3880121228,3880121228,00001111,00001111
1775742275778389,0,0,4153460986,4153460986,00001111,00001110
1775742278458383,0,0,3917908211,3917908211,00001111,00001110
1775742299554172,0,0,3749127707,3749127707,00001111,00001111
1775742310164878,0,0,3747597537,3747597537,00001111,00001110
1775742310924141,0,0,4034850662,4034850662,00001111,00001110
1775742324890232,0,0,3749127707,3749127707,00001111,00001111
1775742335110267,0,0,3810738215,3810738215,00001111,00001111
1775742335932236,0,0,4034850662,4034850662,00001111,00001110
1775742341130218,0,0,3747597537,3747597537,00001111,00001110
1775742516406374,0,0,4069471294,4069471294,00001111,00001111
1775742541506443,0,0,4069471294,4069471294,00001111,00001111
1775742567090947,0,0,4153592051,4153592051,00001111,00001110
1775742574586935,0,0,3602857792,3602857792,00001111,00001110
1775742583429005,0,0,4114534904,4114534904,00001111,00001111
1775742592090989,0,0,4153592051,4153592051,00001111,00001110
1775742594452946,0,0,3602857792,3602857792,00001111,00001110
1775742608078944,0,0,4114534904,4114534904,00001111,00001111
1775742623388437,0,0,4213457151,4213457151,00001111,00001111
1775742648712467,0,0,4213457151,4213457151,00001111,00001111
1775742654208343,0,0,4099905968,4099905968,00001111,00001111
1775742664691081,0,0,3775059679,3775059679,00001111,00001110
1775742847621902,0,0,4069799077,4069799077,00001111,00001111
1775742862809755,0,0,3393447353,3393447353,00001111,00001111
1775742867355663,0,0,3393447353,3393447353,00001111,00001111
1775742872709614,0,0,4069799077,4069799077,00001111,00001111
1775742893279540,0,0,4152390761,4152390761,00001111,00001110
1775742893281494,0,0,4153723093,4153723093,00001111,00001110
1775742893301497,0,0,3603382261,3603382261,00001111,00001110
1775742893303437,0,0,3918432505,3918432505,00001111,00001110
1775742913171379,0,0,3918432505,3918432505,00001111,00001110
1775742913195012,0,0,4153723093,4153723093,00001111,00001110
1775742913405853,0,0,4152390761,4152390761,00001111,00001110
1775742913628887,0,0,3603382261,3603382261,00001111,00001110
1775742916620892,0,0,4114665952,4114665952,00001111,00001111
1775742921093258,0,0,4114665952,4114665952,00001111,00001111
1775742921532871,0,0,3533657616,3533657616,00001111,00001111
1775742930276087,0,0,3603382261,3603382261,00001111,00001110
1775742930277070,0,0,4152390761,4152390761,00001111,00001110
1775742930297991,0,0,3918432505,3918432505,00001111,00001110
1775742933021069,0,0,3533657616,3533657616,00001111,00001111
1775742934527157,0,0,4153723093,4153723093,00001111,00001110
1775742954749574,0,0,3356415436,3356415436,00001111,00001111
1775742967452075,0,0,3581175600,3581175600,00001111,00001110
1775742979935245,0,0,3356415436,3356415436,00001111,00001111
1775742986629197,0,0,3495836372,3495836372,00001111,00001111
1775742992976020,0,0,4078213709,4078213709,00001111,00001110
1775743152193926,0,0,4069864467,4069864467,00001111,00001111
1775743152919793,0,0,3814374787,3814374787,00001111,00001111
1775743177491678,0,0,4069864467,4069864467,00001111,00001111
1775743177979653,0,0,3814374787,3814374787,00001111,00001111
1775743222113178,0,0,4152849639,4152849639,00001111,00001110
1775743225077188,0,0,4153854028,4153854028,00001111,00001110
1775743232119104,0,0,3918956791,3918956791,00001111,00001110
1775743242047039,0,0,4153854028,4153854028,00001111,00001110
1775743242269946,0,0,4152849639,4152849639,00001111,00001110
1775743256963879,0,0,4081868049,4081868049,00001111,00001111
1775743257196878,0,0,3918956791,3918956791,00001111,00001110
1775743281601161,0,0,4103354415,4103354415,00001111,00001111
1775743286561071,0,0,3677035778,3677035778,00001111,00001110
1775743296251057,0,0,4144560563,4144560563,00001111,00001111
1775743297771021,0,0,4235877487,4235877487,00001111,00001111
1775743311265933,0,0,3895149630,3895149630,00001111,00001110
1775743321911873,0,0,4144560563,4144560563,00001111,00001111
1775743327424822,0,0,3512791732,3512791732,00001111,00001111
1775743551489262,0,0,4153177178,4153177178,00001111,00001110
1775743558321279,0,0,4234871435,4234871435,00001111,00001111
1775743559075264,0,0,4153919696,4153919696,00001111,00001110
1775743563419159,0,0,4153177178,4153177178,00001111,00001110
1775743571231167,0,0,4090977683,4090977683,00001111,00001111
1775743571453842,0,0,4153919696,4153919696,00001111,00001110
1775743578798178,0,0,4153177178,4153177178,00001111,00001110
1775743583472073,0,0,4234871435,4234871435,00001111,00001111
1775743590347092,0,0,4114862550,4114862550,00001111,00001111
1775743591345187,0,0,4153177178,4153177178,00001111,00001110
1775743591581905,0,0,4153919696,4153919696,00001111,00001110
1775743628056865,0,0,3530560132,3530560132,00001111,00001110
1775743635998877,0,0,3576430342,3576430342,00001111,00001111
1775743653060868,0,0,3530560132,3530560132,00001111,00001110
1775743659854730,0,0,4150262131,4150262131,00001111,00001111
1775743880190596,0,0,4153439328,4153439328,00001111,00001110
1775743881306554,0,0,3396930455,3396930455,00001111,00001111
1775743883088613,0,0,4246143516,4246143516,00001111,00001111
1775743885850513,0,0,4154050680,4154050680,00001111,00001110
1775743890186567,0,0,4265707480,4265707480,00001111,00001110
1775743899952518,0,0,4091239814,4091239814,00001111,00001111
1775743900173921,0,0,4153439328,4153439328,00001111,00001110
1775743900174048,0,0,4154050680,4154050680,00001111,00001110
1775743906394547,0,0,3396930455,3396930455,00001111,00001111
1775743907685485,0,0,4246143516,4246143516,00001111,00001111
1775743920074531,0,0,4153439328,4153439328,00001111,00001110
1775743920309906,0,0,4154050680,4154050680,00001111,00001110
1775743966610479,0,0,3714051403,3714051403,00001111,00001110
1775743985095429,0,0,3859935384,3859935384,00001111,00001110
1775744139075496,0,0,4013260237,4013260237,00001111,00001111
1775744151284443,0,0,4013260237,4013260237,00001111,00001111
1775744162315407,0,0,4013260237,4013260237,00001111,00001111
1775744187611406,0,0,4013260237,4013260237,00001111,00001111
1775744204930786,0,0,3403942842,3403942842,00001111,00001111
1775744208972782,0,0,4153701465,4153701465,00001111,00001110
1775744228274636,0,0,4091502001,4091502001,00001111,00001111
1775744228828653,0,0,4153701465,4153701465,00001111,00001110
1775744248850557,0,0,4153701465,4153701465,00001111,00001110
1775744268470745,0,0,3228146643,3228146643,00001111,00001111
1775744293262819,0,0,3228146643,3228146643,00001111,00001111
1775744297190754,0,0,3384212882,3384212882,00001111,00001111
1775744540381882,0,0,3684991330,3684991330,00001111,00001111
1775744557079825,0,0,4091764148,4091764148,00001111,00001111
1775744567932896,0,0,4153963600,4153963600,00001111,00001110
1775744622143545,0,0,4016861491,4016861491,00001111,00001110
1775744860897963,0,0,3685253571,3685253571,00001111,00001111
1775744866679035,0,0,4154225747,4154225747,00001111,00001110
1775744874942167,0,0,3231909877,3231909877,00001111,00001111
1775744886432369,0,0,4092091661,4092091661,00001111,00001111
1775744886652884,0,0,4154225747,4154225747,00001111,00001110
1775744892144479,0,0,3231909877,3231909877,00001111,00001111
1775744906681669,0,0,4154225747,4154225747,00001111,00001110
1775744909428791,0,0,3231909877,3231909877,00001111,00001111
1775745189286599,0,0,3232106345,3232106345,00001111,00001111
1775745195387661,0,0,4154422478,4154422478,00001111,00001110
1775745206444864,0,0,3232106345,3232106345,00001111,00001111
1775745212869888,0,0,4154247406,4154247406,00001111,00001110
1775745215317834,0,0,4154422478,4154422478,00001111,00001110
1775745223731863,0,0,3232106345,3232106345,00001111,00001111
1775745228735036,0,0,3685777760,3685777760,00001111,00001111
1775745235279055,0,0,4154422478,4154422478,00001111,00001110
1775745237928090,0,0,4154247406,4154247406,00001111,00001110
1775745256804249,0,0,3328549781,3328549781,00001111,00001111
1775745266448394,0,0,3511618695,3511618695,00001111,00001110
1775745279932616,0,0,3708014145,3708014145,00001111,00001110
1775745289720534,0,0,3511618695,3511618695,00001111,00001110
1775745299553726,0,0,4222524901,4222524901,00001111,00001110
1775745299804889,0,0,3708014145,3708014145,00001111,00001110
1775745534094728,0,0,4154684626,4154684626,00001111,00001110
1775745553944828,0,0,4154684626,4154684626,00001111,00001110
1775745559366921,0,0,3714869739,3714869739,00001111,00001111
1775745585025345,0,0,3337712285,3337712285,00001111,00001111
1775745592451445,0,0,3775496631,3775496631,00001111,00001110
1775745617455622,0,0,3775496631,3775496631,00001111,00001110
1775745917144850,0,0,4112881739,4112881739,00001111,00001110
1775745949144907,0,0,4112881739,4112881739,00001111,00001110
1775745957635986,0,0,3997225784,3997225784,00001111,00001110
1775746203660734,0,0,4092550459,4092550459,00001111,00001111
1775746245948440,0,0,4264098284,4264098284,00001111,00001110
1775746466000905,0,0,4121999054,4121999054,00001111,00001110
1775746485720975,0,0,4121999054,4121999054,00001111,00001110
1775746510140321,0,0,4154575046,4154575046,00001111,00001110
1775746530042406,0,0,4154575046,4154575046,00001111,00001110
1775746550018411,0,0,4154575046,4154575046,00001111,00001110
1775746572356514,0,0,3884722236,3884722236,00001111,00001111
1775746582464565,0,0,3344118993,3344118993,00001111,00001110
1775746594628589,0,0,3344118993,3344118993,00001111,00001110
1775746604609566,0,0,3427428274,3427428274,00001111,00001110
1775746833145390,0,0,4074248622,4074248622,00001111,00001111
1775746842792175,0,0,4154968305,4154968305,00001111,00001110
1775746853860960,0,0,4154968305,4154968305,00001111,00001110
1775746858742802,0,0,4074248622,4074248622,00001111,00001111
1775746878442286,0,0,3751378883,3751378883,00001111,00001110
1775746878856259,0,0,4154968305,4154968305,00001111,00001110
1775746903410636,0,0,3577203912,3577203912,00001111,00001110
1775746933374026,0,0,3598047464,3598047464,00001111,00001110
1775747161752994,0,0,3714935119,3714935119,00001111,00001111
1775747162334992,0,0,4074314160,4074314160,00001111,00001111
1775747177563428,0,0,3753672542,3753672542,00001111,00001110
1775747186282677,0,0,4155099346,4155099346,00001111,00001110
1775747186824567,0,0,3714935119,3714935119,00001111,00001111
1775747187566653,0,0,4074314160,4074314160,00001111,00001111
1775747211290304,0,0,4155099346,4155099346,00001111,00001110
1775747211948320,0,0,3714935119,3714935119,00001111,00001111
1775747227348885,0,0,3436146327,3436146327,00001111,00001111
1775747235930280,0,0,3511206663,3511206663,00001111,00001110
1775747260966013,0,0,3511206663,3511206663,00001111,00001110
1775747491886860,0,0,3716180338,3716180338,00001111,00001111
1775747493478845,0,0,4074641809,4074641809,00001111,00001111
1775747495751837,0,0,4155230328,4155230328,00001111,00001110
1775747508396705,0,0,3753869298,3753869298,00001111,00001110
1775747516998670,0,0,3716180338,3716180338,00001111,00001111
1775747518568659,0,0,4074641809,4074641809,00001111,00001111
1775747519462662,0,0,4155230328,4155230328,00001111,00001110
1775747526596643,0,0,3753869298,3753869298,00001111,00001110
1775747537949553,0,0,4155230328,4155230328,00001111,00001110
1775747556224593,0,0,3300970975,3300970975,00001111,00001111
1775747566808507,0,0,4081846949,4081846949,00001111,00001110
1775747591812347,0,0,4081846949,4081846949,00001111,00001110
1775747825220818,0,0,4155361402,4155361402,00001111,00001110
1775747845420878,0,0,4155361402,4155361402,00001111,00001110
1775747866728771,0,0,4155361402,4155361402,00001111,00001110
1775747883250419,0,0,3515210698,3515210698,00001111,00001111
1775747900694351,0,0,4079155045,4079155045,00001111,00001110
1775747908356272,0,0,3515210698,3515210698,00001111,00001111
1775748178636066,0,0,3716966735,3716966735,00001111,00001111
1775748226117508,0,0,3375320095,3375320095,00001111,00001110
1775748228708563,0,0,3799259996,3799259996,00001111,00001110
1775748251123397,0,0,3375320095,3375320095,00001111,00001110
1775748489420269,0,0,3754131446,3754131446,00001111,00001110
1775748548110353,0,0,3998101264,3998101264,00001111,00001110
1775748548333160,0,0,3744776589,3744776589,00001111,00001110
1775748568137342,0,0,3744776589,3744776589,00001111,00001110
1775748569818323,0,0,3998101264,3998101264,00001111,00001110
1775748581143323,0,0,3998101264,3998101264,00001111,00001110
1775748589341206,0,0,3744776589,3744776589,00001111,00001110
1775748822527219,0,0,4155864276,4155864276,00001111,00001110
1775748840204129,0,0,3892897352,3892897352,00001111,00001111
1775748842380181,0,0,4155864276,4155864276,00001111,00001110
1775748871671473,0,0,3723522182,3723522182,00001111,00001111
1775748896773384,0,0,3723522182,3723522182,00001111,00001111
1775748908677428,0,0,4099598178,4099598178,00001111,00001110
1775749161281370,0,0,4155492468,4155492468,00001111,00001110
1775749207103659,0,0,3948058557,3948058557,00001111,00001110
1775749211981662,0,0,3896396978,3896396978,00001111,00001110
1775749227209646,0,0,3314247326,3314247326,00001111,00001111
1775749232111687,0,0,3948058557,3948058557,00001111,00001110
1775749490693942,0,0,3573647845,3573647845,00001111,00001110
1775749510559923,0,0,3573647845,3573647845,00001111,00001110
1775749529376697,0,0,3924171890,3924171890,00001111,00001111
1775749534998776,0,0,3897066430,3897066430,00001111,00001110
1775749554720773,0,0,3924171890,3924171890,00001111,00001111
1775749560002759,0,0,3897066430,3897066430,00001111,00001110
1775749857040399,0,0,4055516394,4055516394,00001111,00001111
1775749863985419,0,0,4112144360,4112144360,00001111,00001110
1775749869398370,0,0,3339380561,3339380561,00001111,00001110
1775749877410487,0,0,4112144360,4112144360,00001111,00001110
1775749882142399,0,0,4055516394,4055516394,00001111,00001111
1775749886204327,0,0,3339380561,3339380561,00001111,00001110
1775749893895382,0,0,4112144360,4112144360,00001111,00001110
1775749907238395,0,0,4055516394,4055516394,00001111,00001111
1775750186689153,0,0,3434156631,3434156631,00001111,00001111
1775750199185153,0,0,3343157850,3343157850,00001111,00001110
1775750211769110,0,0,3434156631,3434156631,00001111,00001111
1775750212372070,0,0,3343157850,3343157850,00001111,00001110
1775750212604921,0,0,3912843327,3912843327,00001111,00001110
1775750232508952,0,0,3343157850,3343157850,00001111,00001110
1775750476751327,0,0,3573975497,3573975497,00001111,00001110
1775750496605292,0,0,3573975497,3573975497,00001111,00001110
1775750521102995,0,0,4063602735,4063602735,00001111,00001110
1775750527235969,0,0,3979895419,3979895419,00001111,00001110
1775750540986955,0,0,4063602735,4063602735,00001111,00001110
1775750551039961,0,0,3979895419,3979895419,00001111,00001110
1775750560980982,0,0,4063602735,4063602735,00001111,00001110
1775750794550115,0,0,4232214426,4232214426,00001111,00001111
1775750821862108,0,0,3719784927,3719784927,00001111,00001111
1775750850592747,0,0,3692986241,3692986241,00001111,00001110
1775750863307736,0,0,3344126993,3344126993,00001111,00001110
1775750875618787,0,0,3692986241,3692986241,00001111,00001110
1775750888331679,0,0,3344126993,3344126993,00001111,00001110
1775751125063534,0,0,3574958444,3574958444,00001111,00001110
1775751135160538,0,0,3326815787,3326815787,00001111,00001110
1775751137413581,0,0,3268117183,3268117183,00001111,00001111
1775751145015476,0,0,3603644402,3603644402,00001111,00001110
1775751146301555,0,0,3574958444,3574958444,00001111,00001110
1775751146986568,0,0,3326815787,3326815787,00001111,00001110
1775751156968605,0,0,3326815787,3326815787,00001111,00001110
1775751157401556,0,0,3574958444,3574958444,00001111,00001110
1775751171780821,0,0,3876108900,3876108900,00001111,00001110
1775751174932861,0,0,3651404835,3651404835,00001111,00001111
1775751179397813,0,0,3915877492,3915877492,00001111,00001110
1775751189370826,0,0,3876108900,3876108900,00001111,00001110
1775751199281844,0,0,3915877492,3915877492,00001111,00001110
1775751214472861,0,0,3876108900,3876108900,00001111,00001110
1775751219287858,0,0,3915877492,3915877492,00001111,00001110
1775751399828060,0,0,4077224487,4077224487,00001111,00001111
1775751470226802,0,0,3268444703,3268444703,00001111,00001111
1775751508091888,0,0,3295839833,3295839833,00001111,00001110
1775751533107938,0,0,3295839833,3295839833,00001111,00001110
1775751535506842,0,0,3836443358,3836443358,00001111,00001111
1775751548116923,0,0,3295839833,3295839833,00001111,00001110
1775751549406860,0,0,3721015460,3721015460,00001111,00001111
1775751728157059,0,0,3424265347,3424265347,00001111,00001110
1775751767085003,0,0,3893946057,3893946057,00001111,00001111
1775751792245015,0,0,3893946057,3893946057,00001111,00001111
1775751802841092,0,0,3575613760,3575613760,00001111,00001110
1775751836832129,0,0,3355769694,3355769694,00001111,00001110
1775751837052992,0,0,3424146385,3424146385,00001111,00001110
1775751856721174,0,0,3424146385,3424146385,00001111,00001110
1775751861838174,0,0,3355769694,3355769694,00001111,00001110
1775752165680204,0,0,3425203089,3425203089,00001111,00001110
1775752175437134,0,0,3765870518,3765870518,00001111,00001110
1775752185528177,0,0,3425203089,3425203089,00001111,00001110
1775752200469164,0,0,3765870518,3765870518,00001111,00001110
1775752205644885,0,0,3425203089,3425203089,00001111,00001110
1775752495072484,0,0,3912723892,3912723892,00001111,00001110
1775752503545516,0,0,3529519812,3529519812,00001111,00001110
1775752514918435,0,0,3912723892,3912723892,00001111,00001110
1775752528577437,0,0,3529519812,3529519812,00001111,00001110
1775752534928523,0,0,3912723892,3912723892,00001111,00001110
1775752753374314,0,0,3896633067,3896633067,00001111,00001111
1775752773798340,0,0,3256581873,3256581873,00001111,00001111
1775752789160391,0,0,3896633067,3896633067,00001111,00001111
1775752828110133,0,0,3732836232,3732836232,00001111,00001110
1775752853116064,0,0,3732836232,3732836232,00001111,00001110
1775753081099148,0,0,3897157370,3897157370,00001111,00001111
1775753101531342,0,0,3259924198,3259924198,00001111,00001111
1775753116607499,0,0,3897157370,3897157370,00001111,00001111
1775753128881515,0,0,4109628417,4109628417,00001111,00001111
1775753131732867,0,0,3259924198,3259924198,00001111,00001111
1775753770886387,0,0,3260055244,3260055244,00001111,00001111
1775753811712844,0,0,4201690092,4201690092,00001111,00001110
1775753829563876,0,0,3551526365,3551526365,00001111,00001110
1775753836724863,0,0,4201690092,4201690092,00001111,00001110
1775754473928009,0,0,3304228618,3304228618,00001111,00001110
1775754487778092,0,0,3304228618,3304228618,00001111,00001110
1775754507772021,0,0,3304228618,3304228618,00001111,00001110
1775754746064632,0,0,3756425161,3756425161,00001111,00001110
1775754802033794,0,0,3542639173,3542639173,00001111,00001110
1775754816735791,0,0,3542639173,3542639173,00001111,00001110
1775755100876841,0,0,3231785010,3231785010,00001111,00001110
1775755162609056,0,0,3706237778,3706237778,00001111,00001110
1775755793419673,0,0,3485384513,3485384513,00001111,00001110
1775756068826385,0,0,3770191681,3770191681,00001111,00001111
1775756087096340,0,0,3770191681,3770191681,00001111,00001111
1775756118521901,0,0,3684473621,3684473621,00001111,00001110
1775756142640760,0,0,3993575672,3993575672,00001111,00001110
1775756143519720,0,0,3684473621,3684473621,00001111,00001110
1775756774910215,0,0,3693774730,3693774730,00001111,00001110
1775756799908112,0,0,3693774730,3693774730,00001111,00001110
1775757107989090,0,0,3600363608,3600363608,00001111,00001110
1775757123242264,0,0,3916856959,3916856959,00001111,00001110
1775757127733329,0,0,3600363608,3600363608,00001111,00001110
1775757402274389,0,0,3777335285,3777335285,00001111,00001111
1775757432996675,0,0,3897626814,3897626814,00001111,00001110
1775757457992867,0,0,3897626814,3897626814,00001111,00001110
1775757761187444,0,0,3543159301,3543159301,00001111,00001110
1775757786191534,0,0,3543159301,3543159301,00001111,00001110
1775758031500801,0,0,3777859578,3777859578,00001111,00001111
1775758056582762,0,0,3777859578,3777859578,00001111,00001111
1775758126618383,0,0,4265280680,4265280680,00001111,00001110
1775758358407314,0,0,3778383846,3778383846,00001111,00001111
1775758719814043,0,0,3778645997,3778645997,00001111,00001111
1775758747417331,0,0,3592467392,3592467392,00001111,00001110
1775758772419261,0,0,3592467392,3592467392,00001111,00001110
1775759418292790,0,0,3288560722,3288560722,00001111,00001110
1775759682203774,0,0,3826755309,3826755309,00001111,00001111
1775759732550471,0,0,4130378656,4130378656,00001111,00001110
1775759757554301,0,0,4130378656,4130378656,00001111,00001110
1775759991061279,0,0,3366074759,3366074759,00001111,00001110
1775760011116927,0,0,3366074759,3366074759,00001111,00001110
1775760085438145,0,0,4114104867,4114104867,00001111,00001110
1775760390282948,0,0,3847344435,3847344435,00001111,00001110
1775760977449346,0,0,3717201529,3717201529,00001111,00001110
1775761046486656,0,0,3859403742,3859403742,00001111,00001110
1775761393885806,0,0,3747680393,3747680393,00001111,00001110
1775761699384188,0,0,3293295704,3293295704,00001111,00001110
1775761719110165,0,0,3293295704,3293295704,00001111,00001110
1775762034333070,0,0,3375527519,3375527519,00001111,00001110
1775762059339057,0,0,3375527519,3375527519,00001111,00001110
1775762068044978,0,0,3273704095,3273704095,00001111,00001110
1775762294679706,0,0,3829573368,3829573368,00001111,00001111
1775762310553210,0,0,3829573368,3829573368,00001111,00001111
1775762640915209,0,0,3831211720,3831211720,00001111,00001111
1775762964232260,0,0,3494281029,3494281029,00001111,00001110
1775762979802244,0,0,3494281029,3494281029,00001111,00001110
1775763032898399,0,0,4178984687,4178984687,00001111,00001110
1775763057902295,0,0,4178984687,4178984687,00001111,00001110
1775763318487308,0,0,3497885515,3497885515,00001111,00001110
1775763360021016,0,0,3776496439,3776496439,00001111,00001110
1775763385075175,0,0,3776496439,3776496439,00001111,00001110
1775763619713779,0,0,3778312135,3778312135,00001111,00001111
1775763677315047,0,0,4265734504,4265734504,00001111,00001110
1775763691303001,0,0,4215736253,4215736253,00001111,00001110
1775763702320938,0,0,4265734504,4265734504,00001111,00001110
1775763710907101,0,0,4215736253,4215736253,00001111,00001110
1775764331399670,0,0,3262810004,3262810004,00001111,00001110
1775764356401622,0,0,3262810004,3262810004,00001111,00001110
1775764666138015,0,0,3607915073,3607915073,00001111,00001110
1775764691162032,0,0,3607915073,3607915073,00001111,00001110
1775764941960757,0,0,3498409976,3498409976,00001111,00001110
1775764962192763,0,0,3498409976,3498409976,00001111,00001110
1775765320868976,0,0,3881073265,3881073265,00001111,00001110
1775765345131171,0,0,3881073265,3881073265,00001111,00001110
1775765619597103,0,0,3779229529,3779229529,00001111,00001111
1775765978792044,0,0,3743470345,3743470345,00001111,00001110
1775766003794138,0,0,3743470345,3743470345,00001111,00001110
1775766635708284,0,0,3850353720,3850353720,00001111,00001110
1775766641793114,0,0,3796971764,3796971764,00001111,00001110
1775766666803303,0,0,3796971764,3796971764,00001111,00001110
1775766670989262,0,0,4252840092,4252840092,00001111,00001110
1775766670997143,0,0,4245884859,4245884859,00001111,00001110
1775766965659258,0,0,3392633948,3392633948,00001111,00001110
1775766990701201,0,0,3392633948,3392633948,00001111,00001110
1775767626763263,0,0,3474349593,3474349593,00001111,00001110
1775767651767209,0,0,3474349593,3474349593,00001111,00001110
1775767950168332,0,0,3948478653,3948478653,00001111,00001110
1775767975170285,0,0,3948478653,3948478653,00001111,00001110
1775769263221284,0,0,3915271743,3915271743,00001111,00001110
1775769288223240,0,0,3915271743,3915271743,00001111,00001110
1775769935481948,0,0,3478625689,3478625689,00001111,00001110
1775769960497745,0,0,3478625689,3478625689,00001111,00001110
1775770253314313,0,0,3428302298,3428302298,00001111,00001110
1775770278316082,0,0,3428302298,3428302298,00001111,00001110
1775770577785033,0,0,4097079906,4097079906,00001111,00001110
1775770602787029,0,0,4097079906,4097079906,00001111,00001110
1775770910595199,0,0,4279853161,4279853161,00001111,00001110
1775771236424385,0,0,3628473998,3628473998,00001111,00001110
1775771261428341,0,0,3628473998,3628473998,00001111,00001110
1775771564632507,0,0,4264933864,4264933864,00001111,00001110
1775771589634572,0,0,4264933864,4264933864,00001111,00001110
1775771893760426,0,0,4063674340,4063674340,00001111,00001110
1775771918764375,0,0,4063674340,4063674340,00001111,00001110
1775772221914421,0,0,3376352415,3376352415,00001111,00001110
1775772246916374,0,0,3376352415,3376352415,00001111,00001110
1775772550957332,0,0,3747721673,3747721673,00001111,00001110
1775772575980903,0,0,3747721673,3747721673,00001111,00001110
1775772879843569,0,0,4280877225,4280877225,00001111,00001110
1775772904867593,0,0,4280877225,4280877225,00001111,00001110
1775773208158993,0,0,3373123871,3373123871,00001111,00001110
1775773233220976,0,0,3373123871,3373123871,00001111,00001110
1775773536111101,0,0,3558764098,3558764098,00001111,00001110
1775773561115359,0,0,3558764098,3558764098,00001111,00001110
1775773877022813,0,0,3596297408,3596297408,00001111,00001110
1775773902026932,0,0,3596297408,3596297408,00001111,00001110
1775774202134870,0,0,3408082141,3408082141,00001111,00001110
1775774225690868,0,0,3408082141,3408082141,00001111,00001110
1775774870740374,0,0,4247447403,4247447403,00001111,00001110
1775775184533444,0,0,4067051044,4067051044,00001111,00001110
1775775209535425,0,0,4067051044,4067051044,00001111,00001110
1775775512849315,0,0,3747325385,3747325385,00001111,00001110
1775775537486685,0,0,3747325385,3747325385,00001111,00001110
1775775837989167,0,0,3724992264,3724992264,00001111,00001110
1775775862992869,0,0,3724992264,3724992264,00001111,00001110
1775776167085013,0,0,3245388759,3245388759,00001111,00001110
1775776192088965,0,0,3245388759,3245388759,00001111,00001110
1775776503586007,0,0,3524754500,3524754500,00001111,00001110
1775776822247506,0,0,4127809632,4127809632,00001111,00001110
1775776847263438,0,0,4127809632,4127809632,00001111,00001110
1775777151078122,0,0,3783241207,3783241207,00001111,00001110
1775777170962114,0,0,3783241207,3783241207,00001111,00001110
1775777486010804,0,0,3544067781,3544067781,00001111,00001110
1775777511026710,0,0,3544067781,3544067781,00001111,00001110
1775777822683544,0,0,3322932560,3322932560,00001111,00001110
1775777847687745,0,0,3322932560,3322932560,00001111,00001110
1775778138725193,0,0,4033273638,4033273638,00001111,00001110
1775778163723242,0,0,4033273638,4033273638,00001111,00001110
1775778467679442,0,0,3710419851,3710419851,00001111,00001110
1775778492683399,0,0,3710419851,3710419851,00001111,00001110
1775778796724099,0,0,3511305735,3511305735,00001111,00001110
1775778821728130,0,0,3511305735,3511305735,00001111,00001110
1775779125020116,0,0,3761493302,3761493302,00001111,00001110
1775779150016122,0,0,3761493302,3761493302,00001111,00001110
1775779459078138,0,0,3309028627,3309028627,00001111,00001110
1775779484074158,0,0,3309028627,3309028627,00001111,00001110
1775779781864543,0,0,3292903890,3292903890,00001111,00001110
1775779806880803,0,0,3292903890,3292903890,00001111,00001110
1775780115919847,0,0,3226034262,3226034262,00001111,00001110
1775780152958179,0,0,3226034262,3226034262,00001111,00001110
1775780440300959,0,0,3994508344,3994508344,00001111,00001110
1775780465317045,0,0,3994508344,3994508344,00001111,00001110
1775780774323182,0,0,3863032048,3863032048,00001111,00001110
1775780797605231,0,0,3863032048,3863032048,00001111,00001110
1775781116809324,0,0,4116185763,4116185763,00001111,00001110
1775781432853129,0,0,3573683843,3573683843,00001111,00001110
1775781775143978,0,0,4017717689,4017717689,00001111,00001110
1775782099086653,0,0,3675056973,3675056973,00001111,00001110
1775782124102637,0,0,3675056973,3675056973,00001111,00001110
1775782415243231,0,0,3777056823,3777056823,00001111,00001110
1775782440247211,0,0,3777056823,3777056823,00001111,00001110
1775782745512453,0,0,3981521147,3981521147,00001111,00001110
1775782770528435,0,0,3981521147,3981521147,00001111,00001110
1775783074986240,0,0,3380026527,3380026527,00001111,00001110
1775783089950215,0,0,3380026527,3380026527,00001111,00001110
1775783403975949,0,0,3238733015,3238733015,00001111,00001110
1775783428971961,0,0,3238733015,3238733015,00001111,00001110
1775784061270079,0,0,3761633654,3761633654,00001111,00001110
1775784086267975,0,0,3761633654,3761633654,00001111,00001110
1775784398601126,0,0,3542399941,3542399941,00001111,00001110
1775784719194738,0,0,3916765375,3916765375,00001111,00001110
1775784742610696,0,0,3916765375,3916765375,00001111,00001110
1775785048214710,0,0,3313001043,3313001043,00001111,00001110
1775785085250639,0,0,3313001043,3313001043,00001111,00001110
1775785371371889,0,0,4231082218,4231082218,00001111,00001110
1775785402689836,0,0,4231082218,4231082218,00001111,00001110
1775785708061686,0,0,3447407643,3447407643,00001111,00001110
1775785733065734,0,0,3447407643,3447407643,00001111,00001110
1775786040835792,0,0,3967444602,3967444602,00001111,00001110
1775786065839483,0,0,3967444602,3967444602,00001111,00001110
1775786699962860,0,0,3424670234,3424670234,00001111,00001110
1775786724986660,0,0,3424670234,3424670234,00001111,00001110
1775787361162925,0,0,3709131531,3709131531,00001111,00001110
1775787386160807,0,0,3709131531,3709131531,00001111,00001110
1775787690116426,0,0,4050074855,4050074855,00001111,00001110
1775787715114490,0,0,4050074855,4050074855,00001111,00001110
1775788025385142,0,0,3259588692,3259588692,00001111,00001110
1775788337157565,0,0,3563651202,3563651202,00001111,00001110
1775788362161669,0,0,3563651202,3563651202,00001111,00001110
1775788666016348,0,0,3530633412,3530633412,00001111,00001110
1775788703060525,0,0,3530633412,3530633412,00001111,00001110
1775788996284106,0,0,3928151868,3928151868,00001111,00001110
1775789021280149,0,0,3928151868,3928151868,00001111,00001110
1775789324053190,0,0,3444022683,3444022683,00001111,00001110
1775789349069236,0,0,3444022683,3444022683,00001111,00001110
1775789651806969,0,0,3847575603,3847575603,00001111,00001110
1775789676868898,0,0,3847575603,3847575603,00001111,00001110
1775789975084829,0,0,4149385121,4149385121,00001111,00001110
1775790000108550,0,0,4149385121,4149385121,00001111,00001110
1775790309123978,0,0,3375420191,3375420191,00001111,00001110
1775790334125834,0,0,3375420191,3375420191,00001111,00001110
1775790636115078,0,0,3358783326,3358783326,00001111,00001110
1775790661118915,0,0,3358783326,3358783326,00001111,00001110
1775790966926921,0,0,3830047090,3830047090,00001111,00001110
1775790991922857,0,0,3830047090,3830047090,00001111,00001110
1775791302279780,0,0,3641543055,3641543055,00001111,00001110
1775791327301716,0,0,3641543055,3641543055,00001111,00001110
1775791628193160,0,0,3849961779,3849961779,00001111,00001110
1775791653197116,0,0,3849961779,3849961779,00001111,00001110
1775792275853998,0,0,4015488121,4015488121,00001111,00001110
1775792300858037,0,0,4015488121,4015488121,00001111,00001110
1775792610443189,0,0,3729598664,3729598664,00001111,00001110
1775792634259200,0,0,3729598664,3729598664,00001111,00001110
1775792938114358,0,0,3560538498,3560538498,00001111,00001110
1775792963112260,0,0,3560538498,3560538498,00001111,00001110
1775793267068283,0,0,4115994787,4115994787,00001111,00001110
1775793292072169,0,0,4115994787,4115994787,00001111,00001110
1775793596036522,0,0,3810059125,3810059125,00001111,00001110
1775793633074394,0,0,3810059125,3810059125,00001111,00001110
1775793924367040,0,0,4148179681,4148179681,00001111,00001110
1775793949389106,0,0,4148179681,4148179681,00001111,00001110
1775794280193894,0,0,4067851876,4067851876,00001111,00001110
1775794594207929,0,0,3924174992,3924174992,00001111,00001111
1775794617217953,0,0,3924174992,3924174992,00001111,00001111
1775794618799914,0,0,4045872295,4045872295,00001111,00001110
1775794913153055,0,0,3678021325,3678021325,00001111,00001110
1775794938155031,0,0,3678021325,3678021325,00001111,00001110
1775795607579296,0,0,3613975361,3613975361,00001111,00001110
1775795906445174,0,0,4114153635,4114153635,00001111,00001110
1775795931449026,0,0,4114153635,4114153635,00001111,00001110
1775796230281659,0,0,3476190809,3476190809,00001111,00001110
1775796255285534,0,0,3476190809,3476190809,00001111,00001110
1775796558611182,0,0,4112784035,4112784035,00001111,00001110
1775796885634210,0,0,3764945846,3764945846,00001111,00001110
1775796910658225,0,0,3764945846,3764945846,00001111,00001110
1775797219155851,0,0,4163750190,4163750190,00001111,00001110
1775797244157809,0,0,4163750190,4163750190,00001111,00001110
1775797541636299,0,0,3447300571,3447300571,00001111,00001110
1775797566640247,0,0,3447300571,3447300571,00001111,00001110
1775797873800753,0,0,3358030942,3358030942,00001111,00001110
1775797898804648,0,0,3358030942,3358030942,00001111,00001110
1775798234956840,0,0,4265099816,4265099816,00001111,00001110
1775798528526156,0,0,4078535077,4078535077,00001111,00001110
1775798553530118,0,0,4078535077,4078535077,00001111,00001110
1775799185246134,0,0,3797839476,3797839476,00001111,00001110
1775799210250198,0,0,3797839476,3797839476,00001111,00001110
1775799521134829,0,0,4000999032,4000999032,00001111,00001110
1775799546130823,0,0,4000999032,4000999032,00001111,00001110
1775799849575929,0,0,3794767284,3794767284,00001111,00001110
1775799867657950,0,0,3794767284,3794767284,00001111,00001110
1775800171400007,0,0,3305793107,3305793107,00001111,00001110
1775800196404108,0,0,3305793107,3305793107,00001111,00001110
1775800500459283,0,0,3730491144,3730491144,00001111,00001110
1775800525463152,0,0,3730491144,3730491144,00001111,00001110
1775800826349629,0,0,3809258485,3809258485,00001111,00001110
1775800851347627,0,0,3809258485,3809258485,00001111,00001110
1775801083287977,0,0,3619547061,3619547061,00001111,00001111
1775801108755010,0,0,3812958025,3812958025,00001111,00001111
1775801116112028,0,0,3620464399,3620464399,00001111,00001111
1775801412516577,0,0,3620464514,3620464514,00001111,00001111
1775801437722629,0,0,3620464514,3620464514,00001111,00001111
1775801487976911,0,0,3308467411,3308467411,00001111,00001110
1775801513020761,0,0,3308467411,3308467411,00001111,00001110
1775801744314959,0,0,3620726546,3620726546,00001111,00001111
1775801769428936,0,0,3620726546,3620726546,00001111,00001111
1775801812941374,0,0,3843274227,3843274227,00001111,00001110
1775801837965390,0,0,3843274227,3843274227,00001111,00001110
1775802143235581,0,0,3977078907,3977078907,00001111,00001110
1775802168237586,0,0,3977078907,3977078907,00001111,00001110
1775802179939541,0,0,3977078907,3977078907,00001111,00001110
1775802473592903,0,0,3309920339,3309920339,00001111,00001110
1775802485720530,0,0,3915172313,3915172313,00001111,00001111
1775802498777860,0,0,3309920339,3309920339,00001111,00001110
1775802510806877,0,0,3915172313,3915172313,00001111,00001111
1775802803726449,0,0,3494354310,3494354310,00001111,00001110
1775802828742477,0,0,3494354310,3494354310,00001111,00001110
1775803127688572,0,0,3897313854,3897313854,00001111,00001110
1775803152746659,0,0,3897313854,3897313854,00001111,00001110
1775803468074870,0,0,3999627384,3999627384,00001111,00001110
1775803493076918,0,0,3999627384,3999627384,00001111,00001110
1775803793805067,0,0,3646985103,3646985103,00001111,00001110
1775803818809000,0,0,3646985103,3646985103,00001111,00001110
1775804118306735,0,0,3848896947,3848896947,00001111,00001110
1775804143310663,0,0,3848896947,3848896947,00001111,00001110
1775804387616878,0,0,3435137964,3435137964,00001111,00001111
1775804447816975,0,0,4282223017,4282223017,00001111,00001110
1775804472833309,0,0,4282223017,4282223017,00001111,00001110
1775804777532406,0,0,4282734633,4282734633,00001111,00001110
1775805103349547,0,0,3326697552,3326697552,00001111,00001110
1775805128353584,0,0,3326697552,3326697552,00001111,00001110
